ISO-10303-21;
HEADER;
FILE_DESCRIPTION(('Open CASCADE Model'),'2;1');
FILE_NAME('Open CASCADE Shape Model','2026-10-09T11:16:42',('Author'),(
    'Open CASCADE'),'Open CASCADE STEP processor 8.0','build123d',
  'Unknown');
FILE_SCHEMA(('AUTOMOTIVE_DESIGN { 1 0 10303 214 1 1 1 1 }'));
ENDSEC;
DATA;
#1 = APPLICATION_PROTOCOL_DEFINITION('international standard',
  'automotive_design',2000,#2);
#2 = APPLICATION_CONTEXT(
  'core data for automotive mechanical design processes');
#3 = SHAPE_DEFINITION_REPRESENTATION(#4,#10);
#4 = PRODUCT_DEFINITION_SHAPE('','',#5);
#5 = PRODUCT_DEFINITION('design','',#6,#9);
#6 = PRODUCT_DEFINITION_FORMATION('','',#7);
#7 = PRODUCT('COMPOUND','COMPOUND','',(#8));
#8 = PRODUCT_CONTEXT('',#2,'mechanical');
#9 = PRODUCT_DEFINITION_CONTEXT('part definition',#2,'design');
#10 = ADVANCED_BREP_SHAPE_REPRESENTATION('',(#11,#15),#6333);
#11 = AXIS2_PLACEMENT_3D('',#12,#13,#14);
#12 = CARTESIAN_POINT('',(0.,0.,0.));
#13 = DIRECTION('',(0.,0.,1.));
#14 = DIRECTION('',(1.,0.,-0.));
#15 = MANIFOLD_SOLID_BREP('',#16);
#16 = CLOSED_SHELL('',(#17,#249,#323,#496,#570,#857,#1540,#1830,#2517,
    #2831,#3518,#3851,#5777,#5836,#5957,#5985,#6074,#6124,#6174,#6201,
    #6238,#6265,#6293,#6326));
#17 = ADVANCED_FACE('',(#18),#32,.F.);
#18 = FACE_BOUND('',#19,.F.);
#19 = EDGE_LOOP('',(#20,#55,#83,#111,#139,#167,#195,#223));
#20 = ORIENTED_EDGE('',*,*,#21,.F.);
#21 = EDGE_CURVE('',#22,#24,#26,.T.);
#22 = VERTEX_POINT('',#23);
#23 = CARTESIAN_POINT('',(-12.,-14.,-29.99));
#24 = VERTEX_POINT('',#25);
#25 = CARTESIAN_POINT('',(-12.,-8.,-29.99));
#26 = SURFACE_CURVE('',#27,(#31,#43),.PCURVE_S1.);
#27 = LINE('',#28,#29);
#28 = CARTESIAN_POINT('',(-12.,-14.,-29.99));
#29 = VECTOR('',#30,1.);
#30 = DIRECTION('',(-0.,1.,0.));
#31 = PCURVE('',#32,#37);
#32 = PLANE('',#33);
#33 = AXIS2_PLACEMENT_3D('',#34,#35,#36);
#34 = CARTESIAN_POINT('',(-12.,-8.,-30.));
#35 = DIRECTION('',(1.,0.,-0.));
#36 = DIRECTION('',(0.,0.,1.));
#37 = DEFINITIONAL_REPRESENTATION('',(#38),#42);
#38 = LINE('',#39,#40);
#39 = CARTESIAN_POINT('',(1.E-02,6.));
#40 = VECTOR('',#41,1.);
#41 = DIRECTION('',(0.,-1.));
#42 = ( GEOMETRIC_REPRESENTATION_CONTEXT(2) 
PARAMETRIC_REPRESENTATION_CONTEXT() REPRESENTATION_CONTEXT('2D SPACE',''
  ) );
#43 = PCURVE('',#44,#49);
#44 = PLANE('',#45);
#45 = AXIS2_PLACEMENT_3D('',#46,#47,#48);
#46 = CARTESIAN_POINT('',(-12.,-14.,-29.99));
#47 = DIRECTION('',(0.,0.,1.));
#48 = DIRECTION('',(1.,0.,-0.));
#49 = DEFINITIONAL_REPRESENTATION('',(#50),#54);
#50 = LINE('',#51,#52);
#51 = CARTESIAN_POINT('',(0.,0.));
#52 = VECTOR('',#53,1.);
#53 = DIRECTION('',(0.,1.));
#54 = ( GEOMETRIC_REPRESENTATION_CONTEXT(2) 
PARAMETRIC_REPRESENTATION_CONTEXT() REPRESENTATION_CONTEXT('2D SPACE',''
  ) );
#55 = ORIENTED_EDGE('',*,*,#56,.F.);
#56 = EDGE_CURVE('',#57,#22,#59,.T.);
#57 = VERTEX_POINT('',#58);
#58 = CARTESIAN_POINT('',(-12.,-14.,-35.));
#59 = SURFACE_CURVE('',#60,(#64,#71),.PCURVE_S1.);
#60 = LINE('',#61,#62);
#61 = CARTESIAN_POINT('',(-12.,-14.,-35.));
#62 = VECTOR('',#63,1.);
#63 = DIRECTION('',(0.,0.,1.));
#64 = PCURVE('',#32,#65);
#65 = DEFINITIONAL_REPRESENTATION('',(#66),#70);
#66 = LINE('',#67,#68);
#67 = CARTESIAN_POINT('',(-5.,6.));
#68 = VECTOR('',#69,1.);
#69 = DIRECTION('',(1.,0.));
#70 = ( GEOMETRIC_REPRESENTATION_CONTEXT(2) 
PARAMETRIC_REPRESENTATION_CONTEXT() REPRESENTATION_CONTEXT('2D SPACE',''
  ) );
#71 = PCURVE('',#72,#77);
#72 = PLANE('',#73);
#73 = AXIS2_PLACEMENT_3D('',#74,#75,#76);
#74 = CARTESIAN_POINT('',(-12.,-14.,-35.));
#75 = DIRECTION('',(-0.,1.,0.));
#76 = DIRECTION('',(0.,0.,1.));
#77 = DEFINITIONAL_REPRESENTATION('',(#78),#82);
#78 = LINE('',#79,#80);
#79 = CARTESIAN_POINT('',(0.,0.));
#80 = VECTOR('',#81,1.);
#81 = DIRECTION('',(1.,0.));
#82 = ( GEOMETRIC_REPRESENTATION_CONTEXT(2) 
PARAMETRIC_REPRESENTATION_CONTEXT() REPRESENTATION_CONTEXT('2D SPACE',''
  ) );
#83 = ORIENTED_EDGE('',*,*,#84,.T.);
#84 = EDGE_CURVE('',#57,#85,#87,.T.);
#85 = VERTEX_POINT('',#86);
#86 = CARTESIAN_POINT('',(-12.,0.,-35.));
#87 = SURFACE_CURVE('',#88,(#92,#99),.PCURVE_S1.);
#88 = LINE('',#89,#90);
#89 = CARTESIAN_POINT('',(-12.,-14.,-35.));
#90 = VECTOR('',#91,1.);
#91 = DIRECTION('',(-0.,1.,0.));
#92 = PCURVE('',#32,#93);
#93 = DEFINITIONAL_REPRESENTATION('',(#94),#98);
#94 = LINE('',#95,#96);
#95 = CARTESIAN_POINT('',(-5.,6.));
#96 = VECTOR('',#97,1.);
#97 = DIRECTION('',(0.,-1.));
#98 = ( GEOMETRIC_REPRESENTATION_CONTEXT(2) 
PARAMETRIC_REPRESENTATION_CONTEXT() REPRESENTATION_CONTEXT('2D SPACE',''
  ) );
#99 = PCURVE('',#100,#105);
#100 = PLANE('',#101);
#101 = AXIS2_PLACEMENT_3D('',#102,#103,#104);
#102 = CARTESIAN_POINT('',(-12.,-14.,-35.));
#103 = DIRECTION('',(0.,0.,1.));
#104 = DIRECTION('',(1.,0.,-0.));
#105 = DEFINITIONAL_REPRESENTATION('',(#106),#110);
#106 = LINE('',#107,#108);
#107 = CARTESIAN_POINT('',(0.,0.));
#108 = VECTOR('',#109,1.);
#109 = DIRECTION('',(0.,1.));
#110 = ( GEOMETRIC_REPRESENTATION_CONTEXT(2) 
PARAMETRIC_REPRESENTATION_CONTEXT() REPRESENTATION_CONTEXT('2D SPACE',''
  ) );
#111 = ORIENTED_EDGE('',*,*,#112,.T.);
#112 = EDGE_CURVE('',#85,#113,#115,.T.);
#113 = VERTEX_POINT('',#114);
#114 = CARTESIAN_POINT('',(-12.,0.,-30.));
#115 = SURFACE_CURVE('',#116,(#120,#127),.PCURVE_S1.);
#116 = LINE('',#117,#118);
#117 = CARTESIAN_POINT('',(-12.,0.,-35.));
#118 = VECTOR('',#119,1.);
#119 = DIRECTION('',(0.,0.,1.));
#120 = PCURVE('',#32,#121);
#121 = DEFINITIONAL_REPRESENTATION('',(#122),#126);
#122 = LINE('',#123,#124);
#123 = CARTESIAN_POINT('',(-5.,-8.));
#124 = VECTOR('',#125,1.);
#125 = DIRECTION('',(1.,0.));
#126 = ( GEOMETRIC_REPRESENTATION_CONTEXT(2) 
PARAMETRIC_REPRESENTATION_CONTEXT() REPRESENTATION_CONTEXT('2D SPACE',''
  ) );
#127 = PCURVE('',#128,#133);
#128 = PLANE('',#129);
#129 = AXIS2_PLACEMENT_3D('',#130,#131,#132);
#130 = CARTESIAN_POINT('',(-12.,0.,-35.));
#131 = DIRECTION('',(-0.,1.,0.));
#132 = DIRECTION('',(0.,0.,1.));
#133 = DEFINITIONAL_REPRESENTATION('',(#134),#138);
#134 = LINE('',#135,#136);
#135 = CARTESIAN_POINT('',(0.,0.));
#136 = VECTOR('',#137,1.);
#137 = DIRECTION('',(1.,0.));
#138 = ( GEOMETRIC_REPRESENTATION_CONTEXT(2) 
PARAMETRIC_REPRESENTATION_CONTEXT() REPRESENTATION_CONTEXT('2D SPACE',''
  ) );
#139 = ORIENTED_EDGE('',*,*,#140,.T.);
#140 = EDGE_CURVE('',#113,#141,#143,.T.);
#141 = VERTEX_POINT('',#142);
#142 = CARTESIAN_POINT('',(-12.,10.,-30.));
#143 = SURFACE_CURVE('',#144,(#148,#155),.PCURVE_S1.);
#144 = LINE('',#145,#146);
#145 = CARTESIAN_POINT('',(-12.,-8.,-30.));
#146 = VECTOR('',#147,1.);
#147 = DIRECTION('',(-0.,1.,0.));
#148 = PCURVE('',#32,#149);
#149 = DEFINITIONAL_REPRESENTATION('',(#150),#154);
#150 = LINE('',#151,#152);
#151 = CARTESIAN_POINT('',(0.,0.));
#152 = VECTOR('',#153,1.);
#153 = DIRECTION('',(0.,-1.));
#154 = ( GEOMETRIC_REPRESENTATION_CONTEXT(2) 
PARAMETRIC_REPRESENTATION_CONTEXT() REPRESENTATION_CONTEXT('2D SPACE',''
  ) );
#155 = PCURVE('',#156,#161);
#156 = PLANE('',#157);
#157 = AXIS2_PLACEMENT_3D('',#158,#159,#160);
#158 = CARTESIAN_POINT('',(-12.,-8.,-30.));
#159 = DIRECTION('',(0.,0.,1.));
#160 = DIRECTION('',(1.,0.,-0.));
#161 = DEFINITIONAL_REPRESENTATION('',(#162),#166);
#162 = LINE('',#163,#164);
#163 = CARTESIAN_POINT('',(0.,0.));
#164 = VECTOR('',#165,1.);
#165 = DIRECTION('',(0.,1.));
#166 = ( GEOMETRIC_REPRESENTATION_CONTEXT(2) 
PARAMETRIC_REPRESENTATION_CONTEXT() REPRESENTATION_CONTEXT('2D SPACE',''
  ) );
#167 = ORIENTED_EDGE('',*,*,#168,.T.);
#168 = EDGE_CURVE('',#141,#169,#171,.T.);
#169 = VERTEX_POINT('',#170);
#170 = CARTESIAN_POINT('',(-12.,10.,-26.));
#171 = SURFACE_CURVE('',#172,(#176,#183),.PCURVE_S1.);
#172 = LINE('',#173,#174);
#173 = CARTESIAN_POINT('',(-12.,10.,-30.));
#174 = VECTOR('',#175,1.);
#175 = DIRECTION('',(0.,0.,1.));
#176 = PCURVE('',#32,#177);
#177 = DEFINITIONAL_REPRESENTATION('',(#178),#182);
#178 = LINE('',#179,#180);
#179 = CARTESIAN_POINT('',(0.,-18.));
#180 = VECTOR('',#181,1.);
#181 = DIRECTION('',(1.,0.));
#182 = ( GEOMETRIC_REPRESENTATION_CONTEXT(2) 
PARAMETRIC_REPRESENTATION_CONTEXT() REPRESENTATION_CONTEXT('2D SPACE',''
  ) );
#183 = PCURVE('',#184,#189);
#184 = PLANE('',#185);
#185 = AXIS2_PLACEMENT_3D('',#186,#187,#188);
#186 = CARTESIAN_POINT('',(-12.,10.,-30.));
#187 = DIRECTION('',(-0.,1.,0.));
#188 = DIRECTION('',(0.,0.,1.));
#189 = DEFINITIONAL_REPRESENTATION('',(#190),#194);
#190 = LINE('',#191,#192);
#191 = CARTESIAN_POINT('',(0.,0.));
#192 = VECTOR('',#193,1.);
#193 = DIRECTION('',(1.,0.));
#194 = ( GEOMETRIC_REPRESENTATION_CONTEXT(2) 
PARAMETRIC_REPRESENTATION_CONTEXT() REPRESENTATION_CONTEXT('2D SPACE',''
  ) );
#195 = ORIENTED_EDGE('',*,*,#196,.F.);
#196 = EDGE_CURVE('',#197,#169,#199,.T.);
#197 = VERTEX_POINT('',#198);
#198 = CARTESIAN_POINT('',(-12.,-8.,-26.));
#199 = SURFACE_CURVE('',#200,(#204,#211),.PCURVE_S1.);
#200 = LINE('',#201,#202);
#201 = CARTESIAN_POINT('',(-12.,-8.,-26.));
#202 = VECTOR('',#203,1.);
#203 = DIRECTION('',(-0.,1.,0.));
#204 = PCURVE('',#32,#205);
#205 = DEFINITIONAL_REPRESENTATION('',(#206),#210);
#206 = LINE('',#207,#208);
#207 = CARTESIAN_POINT('',(4.,0.));
#208 = VECTOR('',#209,1.);
#209 = DIRECTION('',(0.,-1.));
#210 = ( GEOMETRIC_REPRESENTATION_CONTEXT(2) 
PARAMETRIC_REPRESENTATION_CONTEXT() REPRESENTATION_CONTEXT('2D SPACE',''
  ) );
#211 = PCURVE('',#212,#217);
#212 = PLANE('',#213);
#213 = AXIS2_PLACEMENT_3D('',#214,#215,#216);
#214 = CARTESIAN_POINT('',(-12.,-8.,-26.));
#215 = DIRECTION('',(0.,0.,1.));
#216 = DIRECTION('',(1.,0.,-0.));
#217 = DEFINITIONAL_REPRESENTATION('',(#218),#222);
#218 = LINE('',#219,#220);
#219 = CARTESIAN_POINT('',(0.,0.));
#220 = VECTOR('',#221,1.);
#221 = DIRECTION('',(0.,1.));
#222 = ( GEOMETRIC_REPRESENTATION_CONTEXT(2) 
PARAMETRIC_REPRESENTATION_CONTEXT() REPRESENTATION_CONTEXT('2D SPACE',''
  ) );
#223 = ORIENTED_EDGE('',*,*,#224,.F.);
#224 = EDGE_CURVE('',#24,#197,#225,.T.);
#225 = SURFACE_CURVE('',#226,(#230,#237),.PCURVE_S1.);
#226 = LINE('',#227,#228);
#227 = CARTESIAN_POINT('',(-12.,-8.,-30.));
#228 = VECTOR('',#229,1.);
#229 = DIRECTION('',(0.,0.,1.));
#230 = PCURVE('',#32,#231);
#231 = DEFINITIONAL_REPRESENTATION('',(#232),#236);
#232 = LINE('',#233,#234);
#233 = CARTESIAN_POINT('',(0.,0.));
#234 = VECTOR('',#235,1.);
#235 = DIRECTION('',(1.,0.));
#236 = ( GEOMETRIC_REPRESENTATION_CONTEXT(2) 
PARAMETRIC_REPRESENTATION_CONTEXT() REPRESENTATION_CONTEXT('2D SPACE',''
  ) );
#237 = PCURVE('',#238,#243);
#238 = PLANE('',#239);
#239 = AXIS2_PLACEMENT_3D('',#240,#241,#242);
#240 = CARTESIAN_POINT('',(-12.,-8.,-30.));
#241 = DIRECTION('',(-0.,1.,0.));
#242 = DIRECTION('',(0.,0.,1.));
#243 = DEFINITIONAL_REPRESENTATION('',(#244),#248);
#244 = LINE('',#245,#246);
#245 = CARTESIAN_POINT('',(0.,0.));
#246 = VECTOR('',#247,1.);
#247 = DIRECTION('',(1.,0.));
#248 = ( GEOMETRIC_REPRESENTATION_CONTEXT(2) 
PARAMETRIC_REPRESENTATION_CONTEXT() REPRESENTATION_CONTEXT('2D SPACE',''
  ) );
#249 = ADVANCED_FACE('',(#250),#238,.F.);
#250 = FACE_BOUND('',#251,.F.);
#251 = EDGE_LOOP('',(#252,#282,#301,#302));
#252 = ORIENTED_EDGE('',*,*,#253,.F.);
#253 = EDGE_CURVE('',#254,#256,#258,.T.);
#254 = VERTEX_POINT('',#255);
#255 = CARTESIAN_POINT('',(12.,-8.,-29.99));
#256 = VERTEX_POINT('',#257);
#257 = CARTESIAN_POINT('',(12.,-8.,-26.));
#258 = SURFACE_CURVE('',#259,(#263,#270),.PCURVE_S1.);
#259 = LINE('',#260,#261);
#260 = CARTESIAN_POINT('',(12.,-8.,-30.));
#261 = VECTOR('',#262,1.);
#262 = DIRECTION('',(0.,0.,1.));
#263 = PCURVE('',#238,#264);
#264 = DEFINITIONAL_REPRESENTATION('',(#265),#269);
#265 = LINE('',#266,#267);
#266 = CARTESIAN_POINT('',(0.,24.));
#267 = VECTOR('',#268,1.);
#268 = DIRECTION('',(1.,0.));
#269 = ( GEOMETRIC_REPRESENTATION_CONTEXT(2) 
PARAMETRIC_REPRESENTATION_CONTEXT() REPRESENTATION_CONTEXT('2D SPACE',''
  ) );
#270 = PCURVE('',#271,#276);
#271 = PLANE('',#272);
#272 = AXIS2_PLACEMENT_3D('',#273,#274,#275);
#273 = CARTESIAN_POINT('',(12.,-14.,-35.));
#274 = DIRECTION('',(1.,0.,-0.));
#275 = DIRECTION('',(0.,0.,1.));
#276 = DEFINITIONAL_REPRESENTATION('',(#277),#281);
#277 = LINE('',#278,#279);
#278 = CARTESIAN_POINT('',(5.,-6.));
#279 = VECTOR('',#280,1.);
#280 = DIRECTION('',(1.,0.));
#281 = ( GEOMETRIC_REPRESENTATION_CONTEXT(2) 
PARAMETRIC_REPRESENTATION_CONTEXT() REPRESENTATION_CONTEXT('2D SPACE',''
  ) );
#282 = ORIENTED_EDGE('',*,*,#283,.F.);
#283 = EDGE_CURVE('',#24,#254,#284,.T.);
#284 = SURFACE_CURVE('',#285,(#289,#295),.PCURVE_S1.);
#285 = LINE('',#286,#287);
#286 = CARTESIAN_POINT('',(-12.,-8.,-29.99));
#287 = VECTOR('',#288,1.);
#288 = DIRECTION('',(1.,0.,-0.));
#289 = PCURVE('',#238,#290);
#290 = DEFINITIONAL_REPRESENTATION('',(#291),#294);
#291 = B_SPLINE_CURVE_WITH_KNOTS('',1,(#292,#293),.UNSPECIFIED.,.F.,.F.,
  (2,2),(0.,24.),.PIECEWISE_BEZIER_KNOTS.);
#292 = CARTESIAN_POINT('',(1.E-02,0.));
#293 = CARTESIAN_POINT('',(1.E-02,24.));
#294 = ( GEOMETRIC_REPRESENTATION_CONTEXT(2) 
PARAMETRIC_REPRESENTATION_CONTEXT() REPRESENTATION_CONTEXT('2D SPACE',''
  ) );
#295 = PCURVE('',#44,#296);
#296 = DEFINITIONAL_REPRESENTATION('',(#297),#300);
#297 = B_SPLINE_CURVE_WITH_KNOTS('',1,(#298,#299),.UNSPECIFIED.,.F.,.F.,
  (2,2),(0.,24.),.PIECEWISE_BEZIER_KNOTS.);
#298 = CARTESIAN_POINT('',(0.,6.));
#299 = CARTESIAN_POINT('',(24.,6.));
#300 = ( GEOMETRIC_REPRESENTATION_CONTEXT(2) 
PARAMETRIC_REPRESENTATION_CONTEXT() REPRESENTATION_CONTEXT('2D SPACE',''
  ) );
#301 = ORIENTED_EDGE('',*,*,#224,.T.);
#302 = ORIENTED_EDGE('',*,*,#303,.T.);
#303 = EDGE_CURVE('',#197,#256,#304,.T.);
#304 = SURFACE_CURVE('',#305,(#309,#316),.PCURVE_S1.);
#305 = LINE('',#306,#307);
#306 = CARTESIAN_POINT('',(-12.,-8.,-26.));
#307 = VECTOR('',#308,1.);
#308 = DIRECTION('',(1.,0.,-0.));
#309 = PCURVE('',#238,#310);
#310 = DEFINITIONAL_REPRESENTATION('',(#311),#315);
#311 = LINE('',#312,#313);
#312 = CARTESIAN_POINT('',(4.,0.));
#313 = VECTOR('',#314,1.);
#314 = DIRECTION('',(0.,1.));
#315 = ( GEOMETRIC_REPRESENTATION_CONTEXT(2) 
PARAMETRIC_REPRESENTATION_CONTEXT() REPRESENTATION_CONTEXT('2D SPACE',''
  ) );
#316 = PCURVE('',#212,#317);
#317 = DEFINITIONAL_REPRESENTATION('',(#318),#322);
#318 = LINE('',#319,#320);
#319 = CARTESIAN_POINT('',(0.,0.));
#320 = VECTOR('',#321,1.);
#321 = DIRECTION('',(1.,0.));
#322 = ( GEOMETRIC_REPRESENTATION_CONTEXT(2) 
PARAMETRIC_REPRESENTATION_CONTEXT() REPRESENTATION_CONTEXT('2D SPACE',''
  ) );
#323 = ADVANCED_FACE('',(#324),#271,.T.);
#324 = FACE_BOUND('',#325,.T.);
#325 = EDGE_LOOP('',(#326,#349,#372,#400,#428,#451,#474,#495));
#326 = ORIENTED_EDGE('',*,*,#327,.F.);
#327 = EDGE_CURVE('',#328,#254,#330,.T.);
#328 = VERTEX_POINT('',#329);
#329 = CARTESIAN_POINT('',(12.,-14.,-29.99));
#330 = SURFACE_CURVE('',#331,(#335,#342),.PCURVE_S1.);
#331 = LINE('',#332,#333);
#332 = CARTESIAN_POINT('',(12.,-14.,-29.99));
#333 = VECTOR('',#334,1.);
#334 = DIRECTION('',(-0.,1.,0.));
#335 = PCURVE('',#271,#336);
#336 = DEFINITIONAL_REPRESENTATION('',(#337),#341);
#337 = LINE('',#338,#339);
#338 = CARTESIAN_POINT('',(5.01,0.));
#339 = VECTOR('',#340,1.);
#340 = DIRECTION('',(0.,-1.));
#341 = ( GEOMETRIC_REPRESENTATION_CONTEXT(2) 
PARAMETRIC_REPRESENTATION_CONTEXT() REPRESENTATION_CONTEXT('2D SPACE',''
  ) );
#342 = PCURVE('',#44,#343);
#343 = DEFINITIONAL_REPRESENTATION('',(#344),#348);
#344 = LINE('',#345,#346);
#345 = CARTESIAN_POINT('',(24.,0.));
#346 = VECTOR('',#347,1.);
#347 = DIRECTION('',(0.,1.));
#348 = ( GEOMETRIC_REPRESENTATION_CONTEXT(2) 
PARAMETRIC_REPRESENTATION_CONTEXT() REPRESENTATION_CONTEXT('2D SPACE',''
  ) );
#349 = ORIENTED_EDGE('',*,*,#350,.F.);
#350 = EDGE_CURVE('',#351,#328,#353,.T.);
#351 = VERTEX_POINT('',#352);
#352 = CARTESIAN_POINT('',(12.,-14.,-35.));
#353 = SURFACE_CURVE('',#354,(#358,#365),.PCURVE_S1.);
#354 = LINE('',#355,#356);
#355 = CARTESIAN_POINT('',(12.,-14.,-35.));
#356 = VECTOR('',#357,1.);
#357 = DIRECTION('',(0.,0.,1.));
#358 = PCURVE('',#271,#359);
#359 = DEFINITIONAL_REPRESENTATION('',(#360),#364);
#360 = LINE('',#361,#362);
#361 = CARTESIAN_POINT('',(0.,0.));
#362 = VECTOR('',#363,1.);
#363 = DIRECTION('',(1.,0.));
#364 = ( GEOMETRIC_REPRESENTATION_CONTEXT(2) 
PARAMETRIC_REPRESENTATION_CONTEXT() REPRESENTATION_CONTEXT('2D SPACE',''
  ) );
#365 = PCURVE('',#72,#366);
#366 = DEFINITIONAL_REPRESENTATION('',(#367),#371);
#367 = LINE('',#368,#369);
#368 = CARTESIAN_POINT('',(0.,24.));
#369 = VECTOR('',#370,1.);
#370 = DIRECTION('',(1.,0.));
#371 = ( GEOMETRIC_REPRESENTATION_CONTEXT(2) 
PARAMETRIC_REPRESENTATION_CONTEXT() REPRESENTATION_CONTEXT('2D SPACE',''
  ) );
#372 = ORIENTED_EDGE('',*,*,#373,.T.);
#373 = EDGE_CURVE('',#351,#374,#376,.T.);
#374 = VERTEX_POINT('',#375);
#375 = CARTESIAN_POINT('',(12.,0.,-35.));
#376 = SURFACE_CURVE('',#377,(#381,#388),.PCURVE_S1.);
#377 = LINE('',#378,#379);
#378 = CARTESIAN_POINT('',(12.,-14.,-35.));
#379 = VECTOR('',#380,1.);
#380 = DIRECTION('',(-0.,1.,0.));
#381 = PCURVE('',#271,#382);
#382 = DEFINITIONAL_REPRESENTATION('',(#383),#387);
#383 = LINE('',#384,#385);
#384 = CARTESIAN_POINT('',(0.,0.));
#385 = VECTOR('',#386,1.);
#386 = DIRECTION('',(0.,-1.));
#387 = ( GEOMETRIC_REPRESENTATION_CONTEXT(2) 
PARAMETRIC_REPRESENTATION_CONTEXT() REPRESENTATION_CONTEXT('2D SPACE',''
  ) );
#388 = PCURVE('',#389,#394);
#389 = PLANE('',#390);
#390 = AXIS2_PLACEMENT_3D('',#391,#392,#393);
#391 = CARTESIAN_POINT('',(-12.,-14.,-35.));
#392 = DIRECTION('',(0.,0.,1.));
#393 = DIRECTION('',(1.,0.,-0.));
#394 = DEFINITIONAL_REPRESENTATION('',(#395),#399);
#395 = LINE('',#396,#397);
#396 = CARTESIAN_POINT('',(24.,0.));
#397 = VECTOR('',#398,1.);
#398 = DIRECTION('',(0.,1.));
#399 = ( GEOMETRIC_REPRESENTATION_CONTEXT(2) 
PARAMETRIC_REPRESENTATION_CONTEXT() REPRESENTATION_CONTEXT('2D SPACE',''
  ) );
#400 = ORIENTED_EDGE('',*,*,#401,.T.);
#401 = EDGE_CURVE('',#374,#402,#404,.T.);
#402 = VERTEX_POINT('',#403);
#403 = CARTESIAN_POINT('',(12.,0.,-30.));
#404 = SURFACE_CURVE('',#405,(#409,#416),.PCURVE_S1.);
#405 = LINE('',#406,#407);
#406 = CARTESIAN_POINT('',(12.,0.,-35.));
#407 = VECTOR('',#408,1.);
#408 = DIRECTION('',(0.,0.,1.));
#409 = PCURVE('',#271,#410);
#410 = DEFINITIONAL_REPRESENTATION('',(#411),#415);
#411 = LINE('',#412,#413);
#412 = CARTESIAN_POINT('',(0.,-14.));
#413 = VECTOR('',#414,1.);
#414 = DIRECTION('',(1.,0.));
#415 = ( GEOMETRIC_REPRESENTATION_CONTEXT(2) 
PARAMETRIC_REPRESENTATION_CONTEXT() REPRESENTATION_CONTEXT('2D SPACE',''
  ) );
#416 = PCURVE('',#417,#422);
#417 = PLANE('',#418);
#418 = AXIS2_PLACEMENT_3D('',#419,#420,#421);
#419 = CARTESIAN_POINT('',(-12.,0.,-35.));
#420 = DIRECTION('',(-0.,1.,0.));
#421 = DIRECTION('',(0.,0.,1.));
#422 = DEFINITIONAL_REPRESENTATION('',(#423),#427);
#423 = LINE('',#424,#425);
#424 = CARTESIAN_POINT('',(0.,24.));
#425 = VECTOR('',#426,1.);
#426 = DIRECTION('',(1.,0.));
#427 = ( GEOMETRIC_REPRESENTATION_CONTEXT(2) 
PARAMETRIC_REPRESENTATION_CONTEXT() REPRESENTATION_CONTEXT('2D SPACE',''
  ) );
#428 = ORIENTED_EDGE('',*,*,#429,.T.);
#429 = EDGE_CURVE('',#402,#430,#432,.T.);
#430 = VERTEX_POINT('',#431);
#431 = CARTESIAN_POINT('',(12.,10.,-30.));
#432 = SURFACE_CURVE('',#433,(#437,#444),.PCURVE_S1.);
#433 = LINE('',#434,#435);
#434 = CARTESIAN_POINT('',(12.,-8.,-30.));
#435 = VECTOR('',#436,1.);
#436 = DIRECTION('',(-0.,1.,0.));
#437 = PCURVE('',#271,#438);
#438 = DEFINITIONAL_REPRESENTATION('',(#439),#443);
#439 = LINE('',#440,#441);
#440 = CARTESIAN_POINT('',(5.,-6.));
#441 = VECTOR('',#442,1.);
#442 = DIRECTION('',(0.,-1.));
#443 = ( GEOMETRIC_REPRESENTATION_CONTEXT(2) 
PARAMETRIC_REPRESENTATION_CONTEXT() REPRESENTATION_CONTEXT('2D SPACE',''
  ) );
#444 = PCURVE('',#156,#445);
#445 = DEFINITIONAL_REPRESENTATION('',(#446),#450);
#446 = LINE('',#447,#448);
#447 = CARTESIAN_POINT('',(24.,0.));
#448 = VECTOR('',#449,1.);
#449 = DIRECTION('',(0.,1.));
#450 = ( GEOMETRIC_REPRESENTATION_CONTEXT(2) 
PARAMETRIC_REPRESENTATION_CONTEXT() REPRESENTATION_CONTEXT('2D SPACE',''
  ) );
#451 = ORIENTED_EDGE('',*,*,#452,.T.);
#452 = EDGE_CURVE('',#430,#453,#455,.T.);
#453 = VERTEX_POINT('',#454);
#454 = CARTESIAN_POINT('',(12.,10.,-26.));
#455 = SURFACE_CURVE('',#456,(#460,#467),.PCURVE_S1.);
#456 = LINE('',#457,#458);
#457 = CARTESIAN_POINT('',(12.,10.,-30.));
#458 = VECTOR('',#459,1.);
#459 = DIRECTION('',(0.,0.,1.));
#460 = PCURVE('',#271,#461);
#461 = DEFINITIONAL_REPRESENTATION('',(#462),#466);
#462 = LINE('',#463,#464);
#463 = CARTESIAN_POINT('',(5.,-24.));
#464 = VECTOR('',#465,1.);
#465 = DIRECTION('',(1.,0.));
#466 = ( GEOMETRIC_REPRESENTATION_CONTEXT(2) 
PARAMETRIC_REPRESENTATION_CONTEXT() REPRESENTATION_CONTEXT('2D SPACE',''
  ) );
#467 = PCURVE('',#184,#468);
#468 = DEFINITIONAL_REPRESENTATION('',(#469),#473);
#469 = LINE('',#470,#471);
#470 = CARTESIAN_POINT('',(0.,24.));
#471 = VECTOR('',#472,1.);
#472 = DIRECTION('',(1.,0.));
#473 = ( GEOMETRIC_REPRESENTATION_CONTEXT(2) 
PARAMETRIC_REPRESENTATION_CONTEXT() REPRESENTATION_CONTEXT('2D SPACE',''
  ) );
#474 = ORIENTED_EDGE('',*,*,#475,.F.);
#475 = EDGE_CURVE('',#256,#453,#476,.T.);
#476 = SURFACE_CURVE('',#477,(#481,#488),.PCURVE_S1.);
#477 = LINE('',#478,#479);
#478 = CARTESIAN_POINT('',(12.,-8.,-26.));
#479 = VECTOR('',#480,1.);
#480 = DIRECTION('',(-0.,1.,0.));
#481 = PCURVE('',#271,#482);
#482 = DEFINITIONAL_REPRESENTATION('',(#483),#487);
#483 = LINE('',#484,#485);
#484 = CARTESIAN_POINT('',(9.,-6.));
#485 = VECTOR('',#486,1.);
#486 = DIRECTION('',(0.,-1.));
#487 = ( GEOMETRIC_REPRESENTATION_CONTEXT(2) 
PARAMETRIC_REPRESENTATION_CONTEXT() REPRESENTATION_CONTEXT('2D SPACE',''
  ) );
#488 = PCURVE('',#212,#489);
#489 = DEFINITIONAL_REPRESENTATION('',(#490),#494);
#490 = LINE('',#491,#492);
#491 = CARTESIAN_POINT('',(24.,0.));
#492 = VECTOR('',#493,1.);
#493 = DIRECTION('',(0.,1.));
#494 = ( GEOMETRIC_REPRESENTATION_CONTEXT(2) 
PARAMETRIC_REPRESENTATION_CONTEXT() REPRESENTATION_CONTEXT('2D SPACE',''
  ) );
#495 = ORIENTED_EDGE('',*,*,#253,.F.);
#496 = ADVANCED_FACE('',(#497),#417,.T.);
#497 = FACE_BOUND('',#498,.T.);
#498 = EDGE_LOOP('',(#499,#500,#523,#549));
#499 = ORIENTED_EDGE('',*,*,#401,.F.);
#500 = ORIENTED_EDGE('',*,*,#501,.F.);
#501 = EDGE_CURVE('',#502,#374,#504,.T.);
#502 = VERTEX_POINT('',#503);
#503 = CARTESIAN_POINT('',(9.092329219213,0.,-35.));
#504 = SURFACE_CURVE('',#505,(#509,#516),.PCURVE_S1.);
#505 = LINE('',#506,#507);
#506 = CARTESIAN_POINT('',(-12.,0.,-35.));
#507 = VECTOR('',#508,1.);
#508 = DIRECTION('',(1.,0.,-0.));
#509 = PCURVE('',#417,#510);
#510 = DEFINITIONAL_REPRESENTATION('',(#511),#515);
#511 = LINE('',#512,#513);
#512 = CARTESIAN_POINT('',(0.,0.));
#513 = VECTOR('',#514,1.);
#514 = DIRECTION('',(0.,1.));
#515 = ( GEOMETRIC_REPRESENTATION_CONTEXT(2) 
PARAMETRIC_REPRESENTATION_CONTEXT() REPRESENTATION_CONTEXT('2D SPACE',''
  ) );
#516 = PCURVE('',#389,#517);
#517 = DEFINITIONAL_REPRESENTATION('',(#518),#522);
#518 = LINE('',#519,#520);
#519 = CARTESIAN_POINT('',(0.,14.));
#520 = VECTOR('',#521,1.);
#521 = DIRECTION('',(1.,0.));
#522 = ( GEOMETRIC_REPRESENTATION_CONTEXT(2) 
PARAMETRIC_REPRESENTATION_CONTEXT() REPRESENTATION_CONTEXT('2D SPACE',''
  ) );
#523 = ORIENTED_EDGE('',*,*,#524,.T.);
#524 = EDGE_CURVE('',#502,#525,#527,.T.);
#525 = VERTEX_POINT('',#526);
#526 = CARTESIAN_POINT('',(9.092329219213,-3.153033389935E-14,-30.));
#527 = SURFACE_CURVE('',#528,(#532,#538),.PCURVE_S1.);
#528 = LINE('',#529,#530);
#529 = CARTESIAN_POINT('',(9.092329219213,0.,-63.));
#530 = VECTOR('',#531,1.);
#531 = DIRECTION('',(0.,0.,1.));
#532 = PCURVE('',#417,#533);
#533 = DEFINITIONAL_REPRESENTATION('',(#534),#537);
#534 = B_SPLINE_CURVE_WITH_KNOTS('',1,(#535,#536),.UNSPECIFIED.,.F.,.F.,
  (2,2),(-5.999999999062E-07,33.0000006),.PIECEWISE_BEZIER_KNOTS.);
#535 = CARTESIAN_POINT('',(-28.0000006,21.092329219213));
#536 = CARTESIAN_POINT('',(5.0000006,21.092329219213));
#537 = ( GEOMETRIC_REPRESENTATION_CONTEXT(2) 
PARAMETRIC_REPRESENTATION_CONTEXT() REPRESENTATION_CONTEXT('2D SPACE',''
  ) );
#538 = PCURVE('',#539,#544);
#539 = CYLINDRICAL_SURFACE('',#540,3.25);
#540 = AXIS2_PLACEMENT_3D('',#541,#542,#543);
#541 = CARTESIAN_POINT('',(6.,1.,-63.));
#542 = DIRECTION('',(0.,0.,1.));
#543 = DIRECTION('',(1.,0.,-0.));
#544 = DEFINITIONAL_REPRESENTATION('',(#545),#548);
#545 = B_SPLINE_CURVE_WITH_KNOTS('',1,(#546,#547),.UNSPECIFIED.,.F.,.F.,
  (2,2),(-5.999999999062E-07,33.0000006),.PIECEWISE_BEZIER_KNOTS.);
#546 = CARTESIAN_POINT('',(5.970418585238,-5.999999999062E-07));
#547 = CARTESIAN_POINT('',(5.970418585238,33.0000006));
#548 = ( GEOMETRIC_REPRESENTATION_CONTEXT(2) 
PARAMETRIC_REPRESENTATION_CONTEXT() REPRESENTATION_CONTEXT('2D SPACE',''
  ) );
#549 = ORIENTED_EDGE('',*,*,#550,.F.);
#550 = EDGE_CURVE('',#402,#525,#551,.T.);
#551 = SURFACE_CURVE('',#552,(#556,#563),.PCURVE_S1.);
#552 = LINE('',#553,#554);
#553 = CARTESIAN_POINT('',(-12.,0.,-30.));
#554 = VECTOR('',#555,1.);
#555 = DIRECTION('',(-1.,-0.,0.));
#556 = PCURVE('',#417,#557);
#557 = DEFINITIONAL_REPRESENTATION('',(#558),#562);
#558 = LINE('',#559,#560);
#559 = CARTESIAN_POINT('',(5.,0.));
#560 = VECTOR('',#561,1.);
#561 = DIRECTION('',(0.,-1.));
#562 = ( GEOMETRIC_REPRESENTATION_CONTEXT(2) 
PARAMETRIC_REPRESENTATION_CONTEXT() REPRESENTATION_CONTEXT('2D SPACE',''
  ) );
#563 = PCURVE('',#156,#564);
#564 = DEFINITIONAL_REPRESENTATION('',(#565),#569);
#565 = LINE('',#566,#567);
#566 = CARTESIAN_POINT('',(0.,8.));
#567 = VECTOR('',#568,1.);
#568 = DIRECTION('',(-1.,0.));
#569 = ( GEOMETRIC_REPRESENTATION_CONTEXT(2) 
PARAMETRIC_REPRESENTATION_CONTEXT() REPRESENTATION_CONTEXT('2D SPACE',''
  ) );
#570 = ADVANCED_FACE('',(#571),#539,.F.);
#571 = FACE_BOUND('',#572,.F.);
#572 = EDGE_LOOP('',(#573,#597,#623,#771,#797,#834,#856));
#573 = ORIENTED_EDGE('',*,*,#574,.F.);
#574 = EDGE_CURVE('',#575,#525,#577,.T.);
#575 = VERTEX_POINT('',#576);
#576 = CARTESIAN_POINT('',(2.907670780787,-6.883382752676E-15,-30.));
#577 = SURFACE_CURVE('',#578,(#583,#590),.PCURVE_S1.);
#578 = CIRCLE('',#579,3.25);
#579 = AXIS2_PLACEMENT_3D('',#580,#581,#582);
#580 = CARTESIAN_POINT('',(6.,1.,-30.));
#581 = DIRECTION('',(0.,0.,1.));
#582 = DIRECTION('',(1.,0.,-0.));
#583 = PCURVE('',#539,#584);
#584 = DEFINITIONAL_REPRESENTATION('',(#585),#589);
#585 = LINE('',#586,#587);
#586 = CARTESIAN_POINT('',(0.,33.));
#587 = VECTOR('',#588,1.);
#588 = DIRECTION('',(1.,0.));
#589 = ( GEOMETRIC_REPRESENTATION_CONTEXT(2) 
PARAMETRIC_REPRESENTATION_CONTEXT() REPRESENTATION_CONTEXT('2D SPACE',''
  ) );
#590 = PCURVE('',#156,#591);
#591 = DEFINITIONAL_REPRESENTATION('',(#592),#596);
#592 = CIRCLE('',#593,3.25);
#593 = AXIS2_PLACEMENT_2D('',#594,#595);
#594 = CARTESIAN_POINT('',(18.,9.));
#595 = DIRECTION('',(1.,0.));
#596 = ( GEOMETRIC_REPRESENTATION_CONTEXT(2) 
PARAMETRIC_REPRESENTATION_CONTEXT() REPRESENTATION_CONTEXT('2D SPACE',''
  ) );
#597 = ORIENTED_EDGE('',*,*,#598,.F.);
#598 = EDGE_CURVE('',#599,#575,#601,.T.);
#599 = VERTEX_POINT('',#600);
#600 = CARTESIAN_POINT('',(2.907670780787,0.,-35.35760116511));
#601 = SURFACE_CURVE('',#602,(#606,#612),.PCURVE_S1.);
#602 = LINE('',#603,#604);
#603 = CARTESIAN_POINT('',(2.907670780787,0.,-63.));
#604 = VECTOR('',#605,1.);
#605 = DIRECTION('',(0.,0.,1.));
#606 = PCURVE('',#539,#607);
#607 = DEFINITIONAL_REPRESENTATION('',(#608),#611);
#608 = B_SPLINE_CURVE_WITH_KNOTS('',1,(#609,#610),.UNSPECIFIED.,.F.,.F.,
  (2,2),(-5.999999999062E-07,33.0000006),.PIECEWISE_BEZIER_KNOTS.);
#609 = CARTESIAN_POINT('',(3.454359375531,-5.999999999062E-07));
#610 = CARTESIAN_POINT('',(3.454359375531,33.0000006));
#611 = ( GEOMETRIC_REPRESENTATION_CONTEXT(2) 
PARAMETRIC_REPRESENTATION_CONTEXT() REPRESENTATION_CONTEXT('2D SPACE',''
  ) );
#612 = PCURVE('',#613,#618);
#613 = PLANE('',#614);
#614 = AXIS2_PLACEMENT_3D('',#615,#616,#617);
#615 = CARTESIAN_POINT('',(-12.,0.,-35.));
#616 = DIRECTION('',(-0.,1.,0.));
#617 = DIRECTION('',(0.,0.,1.));
#618 = DEFINITIONAL_REPRESENTATION('',(#619),#622);
#619 = B_SPLINE_CURVE_WITH_KNOTS('',1,(#620,#621),.UNSPECIFIED.,.F.,.F.,
  (2,2),(-5.999999999062E-07,33.0000006),.PIECEWISE_BEZIER_KNOTS.);
#620 = CARTESIAN_POINT('',(-28.0000006,14.907670780787));
#621 = CARTESIAN_POINT('',(5.0000006,14.907670780787));
#622 = ( GEOMETRIC_REPRESENTATION_CONTEXT(2) 
PARAMETRIC_REPRESENTATION_CONTEXT() REPRESENTATION_CONTEXT('2D SPACE',''
  ) );
#623 = ORIENTED_EDGE('',*,*,#624,.T.);
#624 = EDGE_CURVE('',#599,#625,#627,.T.);
#625 = VERTEX_POINT('',#626);
#626 = CARTESIAN_POINT('',(9.092329219213,0.,-39.16868150752));
#627 = SURFACE_CURVE('',#628,(#671,#717),.PCURVE_S1.);
#628 = B_SPLINE_CURVE_WITH_KNOTS('',6,(#629,#630,#631,#632,#633,#634,
    #635,#636,#637,#638,#639,#640,#641,#642,#643,#644,#645,#646,#647,
    #648,#649,#650,#651,#652,#653,#654,#655,#656,#657,#658,#659,#660,
    #661,#662,#663,#664,#665,#666,#667,#668,#669,#670),.UNSPECIFIED.,.F.
  ,.F.,(7,5,5,5,5,5,5,5,7),(0.,0.171450352329,0.232754419585,
    0.343690597671,0.453160373023,0.595824851469,0.760743179182,
    0.927781965808,1.),.UNSPECIFIED.);
#629 = CARTESIAN_POINT('',(2.90767039273,1.200000005142E-06,
    -35.35760106819));
#630 = CARTESIAN_POINT('',(2.979095960942,-0.220870464344,
    -35.37543948888));
#631 = CARTESIAN_POINT('',(3.07018868672,-0.437898485702,-35.3987479708)
  );
#632 = CARTESIAN_POINT('',(3.181335171461,-0.649762780661,
    -35.42820654644));
#633 = CARTESIAN_POINT('',(3.312981537255,-0.854492095644,
    -35.46479338232));
#634 = CARTESIAN_POINT('',(3.465268574613,-1.049543496768,
    -35.50980288628));
#635 = CARTESIAN_POINT('',(3.699264643939,-1.297209255046,
    -35.58423792093));
#636 = CARTESIAN_POINT('',(3.763448341523,-1.360812512691,
    -35.60509396609));
#637 = CARTESIAN_POINT('',(3.830146396187,-1.422644248782,
    -35.62726017233));
#638 = CARTESIAN_POINT('',(3.899300896295,-1.482550864068,
    -35.65079450935));
#639 = CARTESIAN_POINT('',(3.970828781956,-1.540373576733,
    -35.67574897876));
#640 = CARTESIAN_POINT('',(4.17814278852,-1.696531384261,-35.74996723519
    ));
#641 = CARTESIAN_POINT('',(4.319115508257,-1.789800253615,
    -35.80257181381));
#642 = CARTESIAN_POINT('',(4.466783043287,-1.87474447208,-35.86019702295
    ));
#643 = CARTESIAN_POINT('',(4.620138265038,-1.950467045646,
    -35.92295828085));
#644 = CARTESIAN_POINT('',(4.777903425771,-2.01626496135,-35.99079056075
    ));
#645 = CARTESIAN_POINT('',(5.096991673489,-2.126530347464,
    -36.13487625616));
#646 = CARTESIAN_POINT('',(5.258319241836,-2.171295600444,
    -36.21104217494));
#647 = CARTESIAN_POINT('',(5.420998001442,-2.205686311397,
    -36.29145735061));
#648 = CARTESIAN_POINT('',(5.583655703755,-2.229774444201,
    -36.37565040562));
#649 = CARTESIAN_POINT('',(5.745100921199,-2.24390182177,-36.46305246188
    ));
#650 = CARTESIAN_POINT('',(6.11181836023,-2.254702713184,-36.67031051438
    ));
#651 = CARTESIAN_POINT('',(6.315576870371,-2.244785141405,
    -36.79199425991));
#652 = CARTESIAN_POINT('',(6.513663959533,-2.219997411982,
    -36.91688671146));
#653 = CARTESIAN_POINT('',(6.704931562938,-2.181841194957,
    -37.04383601313));
#654 = CARTESIAN_POINT('',(6.888773428902,-2.131671710945,
    -37.17186059864));
#655 = CARTESIAN_POINT('',(7.268684006704,-1.999904254979,
    -37.44857399596));
#656 = CARTESIAN_POINT('',(7.46208181224,-1.914659910862,-37.59729454324
    ));
#657 = CARTESIAN_POINT('',(7.644992023851,-1.816450356488,
    -37.74528449894));
#658 = CARTESIAN_POINT('',(7.817340031604,-1.7064866209,-37.89145546022)
  );
#659 = CARTESIAN_POINT('',(7.979154097761,-1.585650469435,
    -38.03476622021));
#660 = CARTESIAN_POINT('',(8.283694789137,-1.32129623939,-38.31531159644
    ));
#661 = CARTESIAN_POINT('',(8.426022699657,-1.177616694124,
    -38.45232765034));
#662 = CARTESIAN_POINT('',(8.557520277726,-1.023669120702,
    -38.58411787926));
#663 = CARTESIAN_POINT('',(8.677808627443,-0.859679724177,
    -38.70916978232));
#664 = CARTESIAN_POINT('',(8.786269343753,-0.68583984678,-38.82554461871
    ));
#665 = CARTESIAN_POINT('',(8.923326705686,-0.422909358389,
    -38.97640818605));
#666 = CARTESIAN_POINT('',(8.96229825969,-0.341747961729,-39.019868263)
  );
#667 = CARTESIAN_POINT('',(8.998789547754,-0.258816577093,
    -39.06105343443));
#668 = CARTESIAN_POINT('',(9.032700251323,-0.174161516885,-39.0997412937
    ));
#669 = CARTESIAN_POINT('',(9.063918827019,-8.78544023639E-02,
    -39.13569642531));
#670 = CARTESIAN_POINT('',(9.09232960727,1.200000004253E-06,
    -39.16868195558));
#671 = PCURVE('',#539,#672);
#672 = DEFINITIONAL_REPRESENTATION('',(#673),#716);
#673 = B_SPLINE_CURVE_WITH_KNOTS('',6,(#674,#675,#676,#677,#678,#679,
    #680,#681,#682,#683,#684,#685,#686,#687,#688,#689,#690,#691,#692,
    #693,#694,#695,#696,#697,#698,#699,#700,#701,#702,#703,#704,#705,
    #706,#707,#708,#709,#710,#711,#712,#713,#714,#715),.UNSPECIFIED.,.F.
  ,.F.,(7,5,5,5,5,5,5,5,7),(0.,0.171450352329,0.232754419585,
    0.343690597671,0.453160373023,0.595824851469,0.760743179182,
    0.927781965808,1.),.UNSPECIFIED.);
#674 = CARTESIAN_POINT('',(3.454358987474,27.642398931803));
#675 = CARTESIAN_POINT('',(3.525784641397,27.624560511114));
#676 = CARTESIAN_POINT('',(3.597946947807,27.6012520292));
#677 = CARTESIAN_POINT('',(3.671152155511,27.571793453551));
#678 = CARTESIAN_POINT('',(3.745588533117,27.535206617679));
#679 = CARTESIAN_POINT('',(3.821392952344,27.490197113711));
#680 = CARTESIAN_POINT('',(3.926230945495,27.415762079069));
#681 = CARTESIAN_POINT('',(3.954018966141,27.394906033901));
#682 = CARTESIAN_POINT('',(3.981979920689,27.372739827661));
#683 = CARTESIAN_POINT('',(4.010107674486,27.349205490649));
#684 = CARTESIAN_POINT('',(4.038391554188,27.324251021232));
#685 = CARTESIAN_POINT('',(4.118251999431,27.250032764808));
#686 = CARTESIAN_POINT('',(4.170165354637,27.197428186189));
#687 = CARTESIAN_POINT('',(4.222428084858,27.139802977044));
#688 = CARTESIAN_POINT('',(4.274893743547,27.077041719147));
#689 = CARTESIAN_POINT('',(4.327387099511,27.009209439247));
#690 = CARTESIAN_POINT('',(4.431264936368,26.865123743835));
#691 = CARTESIAN_POINT('',(4.4826805905,26.788957825054));
#692 = CARTESIAN_POINT('',(4.533694003949,26.708542649381));
#693 = CARTESIAN_POINT('',(4.58415114334,26.624349594371));
#694 = CARTESIAN_POINT('',(4.633932995905,26.536947538113));
#695 = CARTESIAN_POINT('',(4.746818061544,26.32968948562));
#696 = CARTESIAN_POINT('',(4.809395865016,26.208005740084));
#697 = CARTESIAN_POINT('',(4.870564485047,26.08311328854));
#698 = CARTESIAN_POINT('',(4.930354823357,25.95616398687));
#699 = CARTESIAN_POINT('',(4.988856536516,25.828139401353));
#700 = CARTESIAN_POINT('',(5.112583554064,25.551426004032));
#701 = CARTESIAN_POINT('',(5.177400060354,25.402705456757));
#702 = CARTESIAN_POINT('',(5.240999544809,25.254715501059));
#703 = CARTESIAN_POINT('',(5.303647163255,25.108544539778));
#704 = CARTESIAN_POINT('',(5.365619257227,24.965233779782));
#705 = CARTESIAN_POINT('',(5.489702905915,24.684688403551));
#706 = CARTESIAN_POINT('',(5.551754698104,24.547672349655));
#707 = CARTESIAN_POINT('',(5.613798126028,24.415882120735));
#708 = CARTESIAN_POINT('',(5.676114835288,24.290830217678));
#709 = CARTESIAN_POINT('',(5.738972921924,24.174455381287));
#710 = CARTESIAN_POINT('',(5.830206239924,24.02359181395));
#711 = CARTESIAN_POINT('',(5.857893792809,23.980131736999));
#712 = CARTESIAN_POINT('',(5.885749037657,23.93894656557));
#713 = CARTESIAN_POINT('',(5.913784879586,23.900258706294));
#714 = CARTESIAN_POINT('',(5.942008158951,23.864303574689));
#715 = CARTESIAN_POINT('',(5.970418973295,23.831318044414));
#716 = ( GEOMETRIC_REPRESENTATION_CONTEXT(2) 
PARAMETRIC_REPRESENTATION_CONTEXT() REPRESENTATION_CONTEXT('2D SPACE',''
  ) );
#717 = PCURVE('',#718,#726);
#718 = SURFACE_OF_LINEAR_EXTRUSION('',#719,#724);
#719 = ELLIPSE('',#720,12.,12.);
#720 = AXIS2_PLACEMENT_3D('',#721,#722,#723);
#721 = CARTESIAN_POINT('',(0.,1.,-47.));
#722 = DIRECTION('',(0.,-1.,2.22044604925E-16));
#723 = DIRECTION('',(1.,0.,0.));
#724 = VECTOR('',#725,1.);
#725 = DIRECTION('',(0.,1.,-2.22044604925E-16));
#726 = DEFINITIONAL_REPRESENTATION('',(#727),#770);
#727 = B_SPLINE_CURVE_WITH_KNOTS('',6,(#728,#729,#730,#731,#732,#733,
    #734,#735,#736,#737,#738,#739,#740,#741,#742,#743,#744,#745,#746,
    #747,#748,#749,#750,#751,#752,#753,#754,#755,#756,#757,#758,#759,
    #760,#761,#762,#763,#764,#765,#766,#767,#768,#769),.UNSPECIFIED.,.F.
  ,.F.,(7,5,5,5,5,5,5,5,7),(0.,0.171450352329,0.232754419585,
    0.343690597671,0.453160373023,0.595824851469,0.760743179182,
    0.927781965808,1.),.UNSPECIFIED.);
#728 = CARTESIAN_POINT('',(1.326054486791,-0.9999988));
#729 = CARTESIAN_POINT('',(1.319919533966,-1.220870464344));
#730 = CARTESIAN_POINT('',(1.3120840422,-1.437898485702));
#731 = CARTESIAN_POINT('',(1.302502589581,-1.649762780661));
#732 = CARTESIAN_POINT('',(1.291117838765,-1.854492095644));
#733 = CARTESIAN_POINT('',(1.2778873815,-2.049543496768));
#734 = CARTESIAN_POINT('',(1.257424892981,-2.297209255046));
#735 = CARTESIAN_POINT('',(1.251801067646,-2.360812512691));
#736 = CARTESIAN_POINT('',(1.245944194556,-2.422644248782));
#737 = CARTESIAN_POINT('',(1.23985700111,-2.482550864068));
#738 = CARTESIAN_POINT('',(1.233544213138,-2.540373576733));
#739 = CARTESIAN_POINT('',(1.215194325365,-2.696531384261));
#740 = CARTESIAN_POINT('',(1.202656466973,-2.789800253615));
#741 = CARTESIAN_POINT('',(1.189449351511,-2.87474447208));
#742 = CARTESIAN_POINT('',(1.175644022251,-2.950467045646));
#743 = CARTESIAN_POINT('',(1.161335562188,-3.01626496135));
#744 = CARTESIAN_POINT('',(1.132159611587,-3.126530347464));
#745 = CARTESIAN_POINT('',(1.117294781906,-3.171295600444));
#746 = CARTESIAN_POINT('',(1.102176133929,-3.205686311397));
#747 = CARTESIAN_POINT('',(1.086917121827,-3.229774444201));
#748 = CARTESIAN_POINT('',(1.071620858126,-3.24390182177));
#749 = CARTESIAN_POINT('',(1.036518074482,-3.254702713184));
#750 = CARTESIAN_POINT('',(1.016746431331,-3.244785141405));
#751 = CARTESIAN_POINT('',(0.997240551342,-3.219997411982));
#752 = CARTESIAN_POINT('',(0.978117577258,-3.181841194957));
#753 = CARTESIAN_POINT('',(0.959452860624,-3.131671710945));
#754 = CARTESIAN_POINT('',(0.920285985502,-2.999904254979));
#755 = CARTESIAN_POINT('',(0.899962187612,-2.914659910862));
#756 = CARTESIAN_POINT('',(0.880363995041,-2.816450356488));
#757 = CARTESIAN_POINT('',(0.861538569059,-2.7064866209));
#758 = CARTESIAN_POINT('',(0.843529340512,-2.585650469435));
#759 = CARTESIAN_POINT('',(0.80902383161,-2.32129623939));
#760 = CARTESIAN_POINT('',(0.792564322572,-2.177616694124));
#761 = CARTESIAN_POINT('',(0.777054291998,-2.023669120702));
#762 = CARTESIAN_POINT('',(0.762597657645,-1.859679724177));
#763 = CARTESIAN_POINT('',(0.749341957977,-1.68583984678));
#764 = CARTESIAN_POINT('',(0.732356560571,-1.422909358389));
#765 = CARTESIAN_POINT('',(0.727492137204,-1.341747961729));
#766 = CARTESIAN_POINT('',(0.722906769748,-1.258816577093));
#767 = CARTESIAN_POINT('',(0.718619682792,-1.174161516885));
#768 = CARTESIAN_POINT('',(0.714651637331,-1.087854402364));
#769 = CARTESIAN_POINT('',(0.711023795876,-0.9999988));
#770 = ( GEOMETRIC_REPRESENTATION_CONTEXT(2) 
PARAMETRIC_REPRESENTATION_CONTEXT() REPRESENTATION_CONTEXT('2D SPACE',''
  ) );
#771 = ORIENTED_EDGE('',*,*,#772,.T.);
#772 = EDGE_CURVE('',#625,#773,#775,.T.);
#773 = VERTEX_POINT('',#774);
#774 = CARTESIAN_POINT('',(9.092329219213,2.649035404106E-15,
    -35.06980514117));
#775 = SURFACE_CURVE('',#776,(#780,#786),.PCURVE_S1.);
#776 = LINE('',#777,#778);
#777 = CARTESIAN_POINT('',(9.092329219213,0.,-63.));
#778 = VECTOR('',#779,1.);
#779 = DIRECTION('',(0.,0.,1.));
#780 = PCURVE('',#539,#781);
#781 = DEFINITIONAL_REPRESENTATION('',(#782),#785);
#782 = B_SPLINE_CURVE_WITH_KNOTS('',1,(#783,#784),.UNSPECIFIED.,.F.,.F.,
  (2,2),(-5.999999999062E-07,33.0000006),.PIECEWISE_BEZIER_KNOTS.);
#783 = CARTESIAN_POINT('',(5.970418585238,-5.999999999062E-07));
#784 = CARTESIAN_POINT('',(5.970418585238,33.0000006));
#785 = ( GEOMETRIC_REPRESENTATION_CONTEXT(2) 
PARAMETRIC_REPRESENTATION_CONTEXT() REPRESENTATION_CONTEXT('2D SPACE',''
  ) );
#786 = PCURVE('',#787,#792);
#787 = PLANE('',#788);
#788 = AXIS2_PLACEMENT_3D('',#789,#790,#791);
#789 = CARTESIAN_POINT('',(-12.,0.,-35.));
#790 = DIRECTION('',(-0.,1.,0.));
#791 = DIRECTION('',(0.,0.,1.));
#792 = DEFINITIONAL_REPRESENTATION('',(#793),#796);
#793 = B_SPLINE_CURVE_WITH_KNOTS('',1,(#794,#795),.UNSPECIFIED.,.F.,.F.,
  (2,2),(-5.999999999062E-07,33.0000006),.PIECEWISE_BEZIER_KNOTS.);
#794 = CARTESIAN_POINT('',(-28.0000006,21.092329219213));
#795 = CARTESIAN_POINT('',(5.0000006,21.092329219213));
#796 = ( GEOMETRIC_REPRESENTATION_CONTEXT(2) 
PARAMETRIC_REPRESENTATION_CONTEXT() REPRESENTATION_CONTEXT('2D SPACE',''
  ) );
#797 = ORIENTED_EDGE('',*,*,#798,.F.);
#798 = EDGE_CURVE('',#799,#773,#801,.T.);
#799 = VERTEX_POINT('',#800);
#800 = CARTESIAN_POINT('',(9.,-0.25,-35.));
#801 = SURFACE_CURVE('',#802,(#808,#817),.PCURVE_S1.);
#802 = B_SPLINE_CURVE_WITH_KNOTS('',4,(#803,#804,#805,#806,#807),
  .UNSPECIFIED.,.F.,.F.,(5,5),(0.,1.),.PIECEWISE_BEZIER_KNOTS.);
#803 = CARTESIAN_POINT('',(9.,-0.25,-35.));
#804 = CARTESIAN_POINT('',(9.02562355408,-0.188503470208,-35.01921766556
    ));
#805 = CARTESIAN_POINT('',(9.049569867118,-0.12629814563,-35.03729140776
    ));
#806 = CARTESIAN_POINT('',(9.071813367991,-6.344180823746E-02,
    -35.05416944687));
#807 = CARTESIAN_POINT('',(9.092329413242,6.000000029038E-07,
    -35.06980528905));
#808 = PCURVE('',#539,#809);
#809 = DEFINITIONAL_REPRESENTATION('',(#810),#816);
#810 = B_SPLINE_CURVE_WITH_KNOTS('',4,(#811,#812,#813,#814,#815),
  .UNSPECIFIED.,.F.,.F.,(5,5),(0.,1.),.PIECEWISE_BEZIER_KNOTS.);
#811 = CARTESIAN_POINT('',(5.88839418748,28.));
#812 = CARTESIAN_POINT('',(5.908893030744,27.98078233444));
#813 = CARTESIAN_POINT('',(5.929394698494,27.962708592232));
#814 = CARTESIAN_POINT('',(5.949902721706,27.945830553127));
#815 = CARTESIAN_POINT('',(5.970418779267,27.930194710947));
#816 = ( GEOMETRIC_REPRESENTATION_CONTEXT(2) 
PARAMETRIC_REPRESENTATION_CONTEXT() REPRESENTATION_CONTEXT('2D SPACE',''
  ) );
#817 = PCURVE('',#818,#826);
#818 = SURFACE_OF_LINEAR_EXTRUSION('',#819,#824);
#819 = ELLIPSE('',#820,15.,15.);
#820 = AXIS2_PLACEMENT_3D('',#821,#822,#823);
#821 = CARTESIAN_POINT('',(0.,0.,-47.));
#822 = DIRECTION('',(0.,-1.,2.22044604925E-16));
#823 = DIRECTION('',(1.,0.,0.));
#824 = VECTOR('',#825,1.);
#825 = DIRECTION('',(0.,1.,-2.22044604925E-16));
#826 = DEFINITIONAL_REPRESENTATION('',(#827),#833);
#827 = B_SPLINE_CURVE_WITH_KNOTS('',4,(#828,#829,#830,#831,#832),
  .UNSPECIFIED.,.F.,.F.,(5,5),(0.,1.),.PIECEWISE_BEZIER_KNOTS.);
#828 = CARTESIAN_POINT('',(7.210480525181,-0.25));
#829 = CARTESIAN_POINT('',(7.208345229008,-0.188503470208));
#830 = CARTESIAN_POINT('',(7.20634514243,-0.12629814563));
#831 = CARTESIAN_POINT('',(7.204483675632,-6.344180823746E-02));
#832 = CARTESIAN_POINT('',(7.202764001667,6.000000002393E-07));
#833 = ( GEOMETRIC_REPRESENTATION_CONTEXT(2) 
PARAMETRIC_REPRESENTATION_CONTEXT() REPRESENTATION_CONTEXT('2D SPACE',''
  ) );
#834 = ORIENTED_EDGE('',*,*,#835,.T.);
#835 = EDGE_CURVE('',#799,#502,#836,.T.);
#836 = SURFACE_CURVE('',#837,(#842,#849),.PCURVE_S1.);
#837 = CIRCLE('',#838,3.25);
#838 = AXIS2_PLACEMENT_3D('',#839,#840,#841);
#839 = CARTESIAN_POINT('',(6.,1.,-35.));
#840 = DIRECTION('',(0.,0.,1.));
#841 = DIRECTION('',(1.,0.,-0.));
#842 = PCURVE('',#539,#843);
#843 = DEFINITIONAL_REPRESENTATION('',(#844),#848);
#844 = LINE('',#845,#846);
#845 = CARTESIAN_POINT('',(0.,28.));
#846 = VECTOR('',#847,1.);
#847 = DIRECTION('',(1.,0.));
#848 = ( GEOMETRIC_REPRESENTATION_CONTEXT(2) 
PARAMETRIC_REPRESENTATION_CONTEXT() REPRESENTATION_CONTEXT('2D SPACE',''
  ) );
#849 = PCURVE('',#389,#850);
#850 = DEFINITIONAL_REPRESENTATION('',(#851),#855);
#851 = CIRCLE('',#852,3.25);
#852 = AXIS2_PLACEMENT_2D('',#853,#854);
#853 = CARTESIAN_POINT('',(18.,15.));
#854 = DIRECTION('',(1.,0.));
#855 = ( GEOMETRIC_REPRESENTATION_CONTEXT(2) 
PARAMETRIC_REPRESENTATION_CONTEXT() REPRESENTATION_CONTEXT('2D SPACE',''
  ) );
#856 = ORIENTED_EDGE('',*,*,#524,.T.);
#857 = ADVANCED_FACE('',(#858),#613,.T.);
#858 = FACE_BOUND('',#859,.T.);
#859 = EDGE_LOOP('',(#860,#861,#1493,#1519));
#860 = ORIENTED_EDGE('',*,*,#598,.F.);
#861 = ORIENTED_EDGE('',*,*,#862,.F.);
#862 = EDGE_CURVE('',#863,#599,#865,.T.);
#863 = VERTEX_POINT('',#864);
#864 = CARTESIAN_POINT('',(-2.907670780787,0.,-35.35760116955));
#865 = SURFACE_CURVE('',#866,(#1073,#1283),.PCURVE_S1.);
#866 = B_SPLINE_CURVE_WITH_KNOTS('',7,(#867,#868,#869,#870,#871,#872,
    #873,#874,#875,#876,#877,#878,#879,#880,#881,#882,#883,#884,#885,
    #886,#887,#888,#889,#890,#891,#892,#893,#894,#895,#896,#897,#898,
    #899,#900,#901,#902,#903,#904,#905,#906,#907,#908,#909,#910,#911,
    #912,#913,#914,#915,#916,#917,#918,#919,#920,#921,#922,#923,#924,
    #925,#926,#927,#928,#929,#930,#931,#932,#933,#934,#935,#936,#937,
    #938,#939,#940,#941,#942,#943,#944,#945,#946,#947,#948,#949,#950,
    #951,#952,#953,#954,#955,#956,#957,#958,#959,#960,#961,#962,#963,
    #964,#965,#966,#967,#968,#969,#970,#971,#972,#973,#974,#975,#976,
    #977,#978,#979,#980,#981,#982,#983,#984,#985,#986,#987,#988,#989,
    #990,#991,#992,#993,#994,#995,#996,#997,#998,#999,#1000,#1001,#1002,
    #1003,#1004,#1005,#1006,#1007,#1008,#1009,#1010,#1011,#1012,#1013,
    #1014,#1015,#1016,#1017,#1018,#1019,#1020,#1021,#1022,#1023,#1024,
    #1025,#1026,#1027,#1028,#1029,#1030,#1031,#1032,#1033,#1034,#1035,
    #1036,#1037,#1038,#1039,#1040,#1041,#1042,#1043,#1044,#1045,#1046,
    #1047,#1048,#1049,#1050,#1051,#1052,#1053,#1054,#1055,#1056,#1057,
    #1058,#1059,#1060,#1061,#1062,#1063,#1064,#1065,#1066,#1067,#1068,
    #1069,#1070,#1071,#1072),.UNSPECIFIED.,.T.,.F.,(8,6,6,6,6,6,6,6,6,6,
    6,6,6,6,6,6,6,6,6,6,6,6,6,6,6,6,6,6,6,6,6,6,6,6,8),(0.,
    2.100026928079E-02,5.000062512473E-02,7.800097149344E-02,
    0.103001286786,0.128001602078,0.152001906279,0.175002199092,
    0.204002554936,0.232002901305,0.260003247674,0.289003603517,
    0.318003959361,0.347004315205,0.367004572406,0.393004898451,
    0.418005213743,0.445005550163,0.460005744828,0.481006014109,
    0.523006426899,0.566006836224,0.591007151516,0.622007524674,
    0.651007880518,0.680008236361,0.706008562407,0.734008908776,
    0.760009234821,0.789009590665,0.809009847865,0.838010203709,
    0.867010559553,0.896010915397,1.),.UNSPECIFIED.);
#867 = CARTESIAN_POINT('',(12.,0.,-47.));
#868 = CARTESIAN_POINT('',(12.,0.,-47.22619462371));
#869 = CARTESIAN_POINT('',(11.995025716698,0.,-47.45238939));
#870 = CARTESIAN_POINT('',(11.985077157092,0.,-47.67845278326));
#871 = CARTESIAN_POINT('',(11.970158650386,0.,-47.90425357347));
#872 = CARTESIAN_POINT('',(11.950278847993,0.,-48.12966081619));
#873 = CARTESIAN_POINT('',(11.925450723534,0.,-48.3545438525));
#874 = CARTESIAN_POINT('',(11.854595625522,0.,-48.88842095907));
#875 = CARTESIAN_POINT('',(11.804095922436,0.,-49.19682228389));
#876 = CARTESIAN_POINT('',(11.744238156538,0.,-49.50363236635));
#877 = CARTESIAN_POINT('',(11.675083388549,0.,-49.80851077509));
#878 = CARTESIAN_POINT('',(11.596708046941,0.,-50.11112056453));
#879 = CARTESIAN_POINT('',(11.509203927944,0.,-50.41112827497));
#880 = CARTESIAN_POINT('',(11.319480927367,0.,-50.99503563047));
#881 = CARTESIAN_POINT('',(11.217873108946,0.,-51.27913520682));
#882 = CARTESIAN_POINT('',(11.107951251744,0.,-51.56020575705));
#883 = CARTESIAN_POINT('',(10.989824468735,0.,-51.83795573607));
#884 = CARTESIAN_POINT('',(10.8636144744,0.,-52.11209895818));
#885 = CARTESIAN_POINT('',(10.72945558473,0.,-52.38235459711));
#886 = CARTESIAN_POINT('',(10.460743912063,0.,-52.88602991196));
#887 = CARTESIAN_POINT('',(10.327773035853,0.,-53.12029460542));
#888 = CARTESIAN_POINT('',(10.188686633014,0.,-53.35104534978));
#889 = CARTESIAN_POINT('',(10.043596580276,0.,-53.57809091404));
#890 = CARTESIAN_POINT('',(9.892622086667,0.,-53.80124475281));
#891 = CARTESIAN_POINT('',(9.735889693519,0.,-54.02032500628));
#892 = CARTESIAN_POINT('',(9.411176855408,0.,-54.44998399424));
#893 = CARTESIAN_POINT('',(9.243195999336,0.,-54.6605632727));
#894 = CARTESIAN_POINT('',(9.069724611666,0.,-54.86671518547));
#895 = CARTESIAN_POINT('',(8.890903106855,0.,-55.06826835729));
#896 = CARTESIAN_POINT('',(8.706878408401,0.,-55.26505718786));
#897 = CARTESIAN_POINT('',(8.517803948841,0.,-55.45692185179));
#898 = CARTESIAN_POINT('',(8.137633950028,0.,-55.823023299));
#899 = CARTESIAN_POINT('',(7.946921346815,0.,-55.99765862602));
#900 = CARTESIAN_POINT('',(7.751843359678,0.,-56.16747803811));
#901 = CARTESIAN_POINT('',(7.552546198979,0.,-56.33235098807));
#902 = CARTESIAN_POINT('',(7.349180785875,0.,-56.49215262305));
#903 = CARTESIAN_POINT('',(7.141902752321,0.,-56.64676378459));
#904 = CARTESIAN_POINT('',(6.72863504814,0.,-56.93915710628));
#905 = CARTESIAN_POINT('',(6.522951161624,0.,-57.07737233092));
#906 = CARTESIAN_POINT('',(6.313961891577,0.,-57.21061685976));
#907 = CARTESIAN_POINT('',(6.101811571476,0.,-57.33879620513));
#908 = CARTESIAN_POINT('',(5.886647758214,0.,-57.46182121447));
#909 = CARTESIAN_POINT('',(5.668621232104,0.,-57.57960807031));
#910 = CARTESIAN_POINT('',(5.169567784972,0.,-57.83388850228));
#911 = CARTESIAN_POINT('',(4.886942327331,0.,-57.96724684606));
#912 = CARTESIAN_POINT('',(4.600318771181,0.,-58.09199585768));
#913 = CARTESIAN_POINT('',(4.310012110712,0.,-58.20799270649));
#914 = CARTESIAN_POINT('',(4.01634318707,0.,-58.31510919508));
#915 = CARTESIAN_POINT('',(3.719638688359,0.,-58.41323175929));
#916 = CARTESIAN_POINT('',(3.13114797995,0.,-58.58822119574));
#917 = CARTESIAN_POINT('',(2.839543757471,0.,-58.66570471322));
#918 = CARTESIAN_POINT('',(2.545717740698,0.,-58.73462307628));
#919 = CARTESIAN_POINT('',(2.249971922926,0.,-58.79490075854));
#920 = CARTESIAN_POINT('',(1.952611032243,0.,-58.84647565157));
#921 = CARTESIAN_POINT('',(1.653942531534,0.,-58.88929906496));
#922 = CARTESIAN_POINT('',(1.054610705431,0.,-58.95737238751));
#923 = CARTESIAN_POINT('',(0.75394618593,0.,-58.98262243231));
#924 = CARTESIAN_POINT('',(0.452593266536,0.,-58.99905066632));
#925 = CARTESIAN_POINT('',(0.150862497935,0.,-59.00663558473));
#926 = CARTESIAN_POINT('',(-0.150935225061,0.,-59.00536937226));
#927 = CARTESIAN_POINT('',(-0.452488663512,0.,-58.99525790315));
#928 = CARTESIAN_POINT('',(-1.065233687312,0.,-58.95670725386));
#929 = CARTESIAN_POINT('',(-1.376386216724,0.,-58.92762632192));
#930 = CARTESIAN_POINT('',(-1.686597570922,0.,-58.88909977824));
#931 = CARTESIAN_POINT('',(-1.995523914448,0.,-58.84116502757));
#932 = CARTESIAN_POINT('',(-2.302823828054,0.,-58.78387504643));
#933 = CARTESIAN_POINT('',(-2.608158308698,0.,-58.71729838316));
#934 = CARTESIAN_POINT('',(-3.21422323039,0.,-58.5657399326));
#935 = CARTESIAN_POINT('',(-3.514955060982,0.,-58.48075779782));
#936 = CARTESIAN_POINT('',(-3.813049698036,0.,-58.38665696785));
#937 = CARTESIAN_POINT('',(-4.108175776174,0.,-58.28353653317));
#938 = CARTESIAN_POINT('',(-4.400007127925,0.,-58.17151046042));
#939 = CARTESIAN_POINT('',(-4.688222783725,0.,-58.05070759243));
#940 = CARTESIAN_POINT('',(-5.256791160111,0.,-57.791835704));
#941 = CARTESIAN_POINT('',(-5.53714518427,0.,-57.65376609004));
#942 = CARTESIAN_POINT('',(-5.813253312963,0.,-57.50720661368));
#943 = CARTESIAN_POINT('',(-6.084807622264,0.,-57.3523147703));
#944 = CARTESIAN_POINT('',(-6.351507995752,0.,-57.18926174327));
#945 = CARTESIAN_POINT('',(-6.613062124512,0.,-57.018232404));
#946 = CARTESIAN_POINT('',(-7.045822426867,0.,-56.71611000327));
#947 = CARTESIAN_POINT('',(-7.219876726814,0.,-56.58909515343));
#948 = CARTESIAN_POINT('',(-7.391255273045,0.,-56.45844578821));
#949 = CARTESIAN_POINT('',(-7.559867150952,0.,-56.32422972153));
#950 = CARTESIAN_POINT('',(-7.725623665244,0.,-56.18651755536));
#951 = CARTESIAN_POINT('',(-7.888438339956,0.,-56.04538267976));
#952 = CARTESIAN_POINT('',(-8.255952004039,0.,-55.71307550395));
#953 = CARTESIAN_POINT('',(-8.458563430497,0.,-55.51959368766));
#954 = CARTESIAN_POINT('',(-8.655875892642,0.,-55.32062341158));
#955 = CARTESIAN_POINT('',(-8.847711506222,0.,-55.11633923199));
#956 = CARTESIAN_POINT('',(-9.033899807911,0.,-54.90692267391));
#957 = CARTESIAN_POINT('',(-9.214277755304,0.,-54.69256223106));
#958 = CARTESIAN_POINT('',(-9.556393557764,0.,-54.26277174964));
#959 = CARTESIAN_POINT('',(-9.718581960823,0.,-54.04769938406));
#960 = CARTESIAN_POINT('',(-9.875116652336,0.,-53.8284100231));
#961 = CARTESIAN_POINT('',(-10.02586656078,0.,-53.60508228913));
#962 = CARTESIAN_POINT('',(-10.17070782687,0.,-53.37789967291));
#963 = CARTESIAN_POINT('',(-10.30952380356,0.,-53.14705053355));
#964 = CARTESIAN_POINT('',(-10.58550078696,0.,-52.65965990719));
#965 = CARTESIAN_POINT('',(-10.72164141555,0.,-52.40253968024));
#966 = CARTESIAN_POINT('',(-10.85048907371,0.,-52.14161096454));
#967 = CARTESIAN_POINT('',(-10.97191665299,0.,-51.87712224669));
#968 = CARTESIAN_POINT('',(-11.08580780457,0.,-51.60932695308));
#969 = CARTESIAN_POINT('',(-11.19205693924,0.,-51.33848344985));
#970 = CARTESIAN_POINT('',(-11.34529830478,0.,-50.91283918262));
#971 = CARTESIAN_POINT('',(-11.39763953108,0.,-50.75996361486));
#972 = CARTESIAN_POINT('',(-11.447576687,0.,-50.60627339335));
#973 = CARTESIAN_POINT('',(-11.49509463073,0.,-50.45181390328));
#974 = CARTESIAN_POINT('',(-11.54017929799,0.,-50.29663086134));
#975 = CARTESIAN_POINT('',(-11.582817702,0.,-50.14077031568));
#976 = CARTESIAN_POINT('',(-11.67925024899,0.,-49.7651903423));
#977 = CARTESIAN_POINT('',(-11.73068459285,0.,-49.54486484659));
#978 = CARTESIAN_POINT('',(-11.7772682653,0.,-49.32342954437));
#979 = CARTESIAN_POINT('',(-11.81897282395,0.,-49.10101261945));
#980 = CARTESIAN_POINT('',(-11.85577408387,0.,-48.87774305395));
#981 = CARTESIAN_POINT('',(-11.88765211752,0.,-48.65375062827));
#982 = CARTESIAN_POINT('',(-11.96846936812,0.,-47.97999785191));
#983 = CARTESIAN_POINT('',(-12.00259233375,0.,-47.52845576692));
#984 = CARTESIAN_POINT('',(-12.01683459609,0.,-47.07558983569));
#985 = CARTESIAN_POINT('',(-12.01113997116,0.,-46.62244983606));
#986 = CARTESIAN_POINT('',(-11.98552164261,0.,-46.17008483416));
#987 = CARTESIAN_POINT('',(-11.94006215768,0.,-45.71954286438));
#988 = CARTESIAN_POINT('',(-11.80821354905,0.,-44.81353963284));
#989 = CARTESIAN_POINT('',(-11.72087430892,0.,-44.35820733734));
#990 = CARTESIAN_POINT('',(-11.61305967524,0.,-43.90699719705));
#991 = CARTESIAN_POINT('',(-11.48500703719,0.,-43.46101219056));
#992 = CARTESIAN_POINT('',(-11.33702709746,0.,-43.02133444111));
#993 = CARTESIAN_POINT('',(-11.16950376893,0.,-42.5890248569));
#994 = CARTESIAN_POINT('',(-10.87439972577,0.,-41.91866730842));
#995 = CARTESIAN_POINT('',(-10.75945304408,0.,-41.67505191299));
#996 = CARTESIAN_POINT('',(-10.63814351604,0.,-41.43447982009));
#997 = CARTESIAN_POINT('',(-10.51056829567,0.,-41.19715014473));
#998 = CARTESIAN_POINT('',(-10.37683220147,0.,-40.96325788196));
#999 = CARTESIAN_POINT('',(-10.23704771634,0.,-40.73299390684));
#1000 = CARTESIAN_POINT('',(-9.910651307687,0.,-40.22574845961));
#1001 = CARTESIAN_POINT('',(-9.720851522298,0.,-39.95081668165));
#1002 = CARTESIAN_POINT('',(-9.522165127997,0.,-39.68210616233));
#1003 = CARTESIAN_POINT('',(-9.31483776152,0.,-39.41996065836));
#1004 = CARTESIAN_POINT('',(-9.099131199754,0.,-39.16471116142));
#1005 = CARTESIAN_POINT('',(-8.875323359737,0.,-38.91667589818));
#1006 = CARTESIAN_POINT('',(-8.427036094229,0.,-38.45116184327));
#1007 = CARTESIAN_POINT('',(-8.203530456342,0.,-38.23274291782));
#1008 = CARTESIAN_POINT('',(-7.97343207556,0.,-38.02115342375));
#1009 = CARTESIAN_POINT('',(-7.736991951626,0.,-37.81663131286));
#1010 = CARTESIAN_POINT('',(-7.494471393463,0.,-37.61940261893));
#1011 = CARTESIAN_POINT('',(-7.24614201917,0.,-37.42968145768));
#1012 = CARTESIAN_POINT('',(-6.738429492878,0.,-37.06565859592));
#1013 = CARTESIAN_POINT('',(-6.479045176832,0.,-36.89135606079));
#1014 = CARTESIAN_POINT('',(-6.214414791725,0.,-36.72496454021));
#1015 = CARTESIAN_POINT('',(-5.944828300292,0.,-36.56667256416));
#1016 = CARTESIAN_POINT('',(-5.670583644161,0.,-36.41665507376));
#1017 = CARTESIAN_POINT('',(-5.391986743853,0.,-36.27507342135));
#1018 = CARTESIAN_POINT('',(-4.855954314164,0.,-36.02283570636));
#1019 = CARTESIAN_POINT('',(-4.599310193917,0.,-35.91049515754));
#1020 = CARTESIAN_POINT('',(-4.339645217249,0.,-35.80516008088));
#1021 = CARTESIAN_POINT('',(-4.077189031813,0.,-35.70692729922));
#1022 = CARTESIAN_POINT('',(-3.812174853716,0.,-35.61588410128));
#1023 = CARTESIAN_POINT('',(-3.544839467513,0.,-35.53210824169));
#1024 = CARTESIAN_POINT('',(-2.985282707946,0.,-35.37334763109));
#1025 = CARTESIAN_POINT('',(-2.692727848339,0.,-35.29953454167));
#1026 = CARTESIAN_POINT('',(-2.398058999935,0.,-35.23431384956));
#1027 = CARTESIAN_POINT('',(-2.10157908125,0.,-35.17775728031));
#1028 = CARTESIAN_POINT('',(-1.80359357677,0.,-35.12992310823));
#1029 = CARTESIAN_POINT('',(-1.50441053695,0.,-35.09085615629));
#1030 = CARTESIAN_POINT('',(-0.925704140623,0.,-35.03248145709));
#1031 = CARTESIAN_POINT('',(-0.646302033848,0.,-35.01196156196));
#1032 = CARTESIAN_POINT('',(-0.366382846111,0.,-34.99905316084));
#1033 = CARTESIAN_POINT('',(-8.619535750818E-02,0.,-34.99377112551));
#1034 = CARTESIAN_POINT('',(0.194011459984,0.,-34.99612014954));
#1035 = CARTESIAN_POINT('',(0.473988442514,0.,-35.00609474828));
#1036 = CARTESIAN_POINT('',(1.065233687312,0.,-35.04329274613));
#1037 = CARTESIAN_POINT('',(1.376386216724,0.,-35.07237367807));
#1038 = CARTESIAN_POINT('',(1.686597570921,0.,-35.11090022175));
#1039 = CARTESIAN_POINT('',(1.995523914448,0.,-35.15883497242));
#1040 = CARTESIAN_POINT('',(2.302823828054,0.,-35.21612495356));
#1041 = CARTESIAN_POINT('',(2.608158308697,0.,-35.28270161683));
#1042 = CARTESIAN_POINT('',(3.120178796778,0.,-35.4107424076));
#1043 = CARTESIAN_POINT('',(3.328072368035,0.,-35.46738103789));
#1044 = CARTESIAN_POINT('',(3.534761289606,0.,-35.52836917149));
#1045 = CARTESIAN_POINT('',(3.740136447656,0.,-35.59367585096));
#1046 = CARTESIAN_POINT('',(3.944089808226,0.,-35.66326672287));
#1047 = CARTESIAN_POINT('',(4.146514417229,0.,-35.73710403783));
#1048 = CARTESIAN_POINT('',(4.638449704493,0.,-35.92830837215));
#1049 = CARTESIAN_POINT('',(4.92615908903,0.,-36.05031209017));
#1050 = CARTESIAN_POINT('',(5.210109199533,0.,-36.18103207175));
#1051 = CARTESIAN_POINT('',(5.48998370287,0.,-36.3203284767));
#1052 = CARTESIAN_POINT('',(5.765473287305,0.,-36.46804735737));
#1053 = CARTESIAN_POINT('',(6.036275662505,0.,-36.62402065877));
#1054 = CARTESIAN_POINT('',(6.567915456564,0.,-36.95211177815));
#1055 = CARTESIAN_POINT('',(6.82875409433,0.,-37.12423034836));
#1056 = CARTESIAN_POINT('',(7.084316254878,0.,-37.30423968405));
#1057 = CARTESIAN_POINT('',(7.334316181756,0.,-37.49194493866));
#1058 = CARTESIAN_POINT('',(7.57847758002,0.,-37.68713866407));
#1059 = CARTESIAN_POINT('',(7.816533616227,0.,-37.88960081062));
#1060 = CARTESIAN_POINT('',(8.279920220653,0.,-38.30859664364));
#1061 = CARTESIAN_POINT('',(8.505251851292,0.,-38.52513129074));
#1062 = CARTESIAN_POINT('',(8.723964503526,0.,-38.74846994524));
#1063 = CARTESIAN_POINT('',(8.935812458866,0.,-38.97836920549));
#1064 = CARTESIAN_POINT('',(9.140561587165,0.,-39.21457499141));
#1065 = CARTESIAN_POINT('',(9.337989346621,0.,-39.45682254446));
#1066 = CARTESIAN_POINT('',(10.208809279526,0.,-40.59416126289));
#1067 = CARTESIAN_POINT('',(10.793135825454,0.,-41.55795904992));
#1068 = CARTESIAN_POINT('',(11.270608353943,0.,-42.58307944464));
#1069 = CARTESIAN_POINT('',(11.633934648065,0.,-43.65524822072));
#1070 = CARTESIAN_POINT('',(11.878027791554,0.,-44.75945398798));
#1071 = CARTESIAN_POINT('',(12.,0.,-45.87992998813));
#1072 = CARTESIAN_POINT('',(12.,0.,-47.));
#1073 = PCURVE('',#613,#1074);
#1074 = DEFINITIONAL_REPRESENTATION('',(#1075),#1282);
#1075 = B_SPLINE_CURVE_WITH_KNOTS('',7,(#1076,#1077,#1078,#1079,#1080,
    #1081,#1082,#1083,#1084,#1085,#1086,#1087,#1088,#1089,#1090,#1091,
    #1092,#1093,#1094,#1095,#1096,#1097,#1098,#1099,#1100,#1101,#1102,
    #1103,#1104,#1105,#1106,#1107,#1108,#1109,#1110,#1111,#1112,#1113,
    #1114,#1115,#1116,#1117,#1118,#1119,#1120,#1121,#1122,#1123,#1124,
    #1125,#1126,#1127,#1128,#1129,#1130,#1131,#1132,#1133,#1134,#1135,
    #1136,#1137,#1138,#1139,#1140,#1141,#1142,#1143,#1144,#1145,#1146,
    #1147,#1148,#1149,#1150,#1151,#1152,#1153,#1154,#1155,#1156,#1157,
    #1158,#1159,#1160,#1161,#1162,#1163,#1164,#1165,#1166,#1167,#1168,
    #1169,#1170,#1171,#1172,#1173,#1174,#1175,#1176,#1177,#1178,#1179,
    #1180,#1181,#1182,#1183,#1184,#1185,#1186,#1187,#1188,#1189,#1190,
    #1191,#1192,#1193,#1194,#1195,#1196,#1197,#1198,#1199,#1200,#1201,
    #1202,#1203,#1204,#1205,#1206,#1207,#1208,#1209,#1210,#1211,#1212,
    #1213,#1214,#1215,#1216,#1217,#1218,#1219,#1220,#1221,#1222,#1223,
    #1224,#1225,#1226,#1227,#1228,#1229,#1230,#1231,#1232,#1233,#1234,
    #1235,#1236,#1237,#1238,#1239,#1240,#1241,#1242,#1243,#1244,#1245,
    #1246,#1247,#1248,#1249,#1250,#1251,#1252,#1253,#1254,#1255,#1256,
    #1257,#1258,#1259,#1260,#1261,#1262,#1263,#1264,#1265,#1266,#1267,
    #1268,#1269,#1270,#1271,#1272,#1273,#1274,#1275,#1276,#1277,#1278,
    #1279,#1280,#1281),.UNSPECIFIED.,.T.,.F.,(8,6,6,6,6,6,6,6,6,6,6,6,6,
    6,6,6,6,6,6,6,6,6,6,6,6,6,6,6,6,6,6,6,6,6,8),(0.,2.100026928079E-02,
    5.000062512473E-02,7.800097149344E-02,0.103001286786,0.128001602078,
    0.152001906279,0.175002199092,0.204002554936,0.232002901305,
    0.260003247674,0.289003603517,0.318003959361,0.347004315205,
    0.367004572406,0.393004898451,0.418005213743,0.445005550163,
    0.460005744828,0.481006014109,0.523006426899,0.566006836224,
    0.591007151516,0.622007524674,0.651007880518,0.680008236361,
    0.706008562407,0.734008908776,0.760009234821,0.789009590665,
    0.809009847865,0.838010203709,0.867010559553,0.896010915397,1.),
  .UNSPECIFIED.);
#1076 = CARTESIAN_POINT('',(-12.,24.));
#1077 = CARTESIAN_POINT('',(-12.22619462371,24.));
#1078 = CARTESIAN_POINT('',(-12.45238939,23.995025716698));
#1079 = CARTESIAN_POINT('',(-12.67845278326,23.985077157092));
#1080 = CARTESIAN_POINT('',(-12.90425357347,23.970158650386));
#1081 = CARTESIAN_POINT('',(-13.12966081619,23.950278847993));
#1082 = CARTESIAN_POINT('',(-13.3545438525,23.925450723534));
#1083 = CARTESIAN_POINT('',(-13.88842095907,23.854595625522));
#1084 = CARTESIAN_POINT('',(-14.19682228389,23.804095922436));
#1085 = CARTESIAN_POINT('',(-14.50363236635,23.744238156538));
#1086 = CARTESIAN_POINT('',(-14.80851077509,23.675083388549));
#1087 = CARTESIAN_POINT('',(-15.11112056453,23.596708046941));
#1088 = CARTESIAN_POINT('',(-15.41112827497,23.509203927944));
#1089 = CARTESIAN_POINT('',(-15.99503563047,23.319480927367));
#1090 = CARTESIAN_POINT('',(-16.27913520682,23.217873108946));
#1091 = CARTESIAN_POINT('',(-16.56020575705,23.107951251744));
#1092 = CARTESIAN_POINT('',(-16.83795573607,22.989824468735));
#1093 = CARTESIAN_POINT('',(-17.11209895818,22.8636144744));
#1094 = CARTESIAN_POINT('',(-17.38235459711,22.72945558473));
#1095 = CARTESIAN_POINT('',(-17.88602991196,22.460743912063));
#1096 = CARTESIAN_POINT('',(-18.12029460542,22.327773035853));
#1097 = CARTESIAN_POINT('',(-18.35104534978,22.188686633014));
#1098 = CARTESIAN_POINT('',(-18.57809091404,22.043596580276));
#1099 = CARTESIAN_POINT('',(-18.80124475281,21.892622086667));
#1100 = CARTESIAN_POINT('',(-19.02032500628,21.735889693519));
#1101 = CARTESIAN_POINT('',(-19.44998399424,21.411176855408));
#1102 = CARTESIAN_POINT('',(-19.6605632727,21.243195999336));
#1103 = CARTESIAN_POINT('',(-19.86671518547,21.069724611666));
#1104 = CARTESIAN_POINT('',(-20.06826835729,20.890903106855));
#1105 = CARTESIAN_POINT('',(-20.26505718786,20.706878408401));
#1106 = CARTESIAN_POINT('',(-20.45692185179,20.517803948841));
#1107 = CARTESIAN_POINT('',(-20.823023299,20.137633950028));
#1108 = CARTESIAN_POINT('',(-20.99765862602,19.946921346815));
#1109 = CARTESIAN_POINT('',(-21.16747803811,19.751843359678));
#1110 = CARTESIAN_POINT('',(-21.33235098807,19.552546198979));
#1111 = CARTESIAN_POINT('',(-21.49215262305,19.349180785875));
#1112 = CARTESIAN_POINT('',(-21.64676378459,19.141902752321));
#1113 = CARTESIAN_POINT('',(-21.93915710628,18.72863504814));
#1114 = CARTESIAN_POINT('',(-22.07737233092,18.522951161624));
#1115 = CARTESIAN_POINT('',(-22.21061685976,18.313961891577));
#1116 = CARTESIAN_POINT('',(-22.33879620513,18.101811571476));
#1117 = CARTESIAN_POINT('',(-22.46182121447,17.886647758214));
#1118 = CARTESIAN_POINT('',(-22.57960807031,17.668621232104));
#1119 = CARTESIAN_POINT('',(-22.83388850228,17.169567784972));
#1120 = CARTESIAN_POINT('',(-22.96724684606,16.886942327331));
#1121 = CARTESIAN_POINT('',(-23.09199585768,16.600318771181));
#1122 = CARTESIAN_POINT('',(-23.20799270649,16.310012110712));
#1123 = CARTESIAN_POINT('',(-23.31510919508,16.01634318707));
#1124 = CARTESIAN_POINT('',(-23.41323175929,15.719638688359));
#1125 = CARTESIAN_POINT('',(-23.58822119574,15.13114797995));
#1126 = CARTESIAN_POINT('',(-23.66570471322,14.839543757471));
#1127 = CARTESIAN_POINT('',(-23.73462307628,14.545717740698));
#1128 = CARTESIAN_POINT('',(-23.79490075854,14.249971922926));
#1129 = CARTESIAN_POINT('',(-23.84647565157,13.952611032243));
#1130 = CARTESIAN_POINT('',(-23.88929906496,13.653942531534));
#1131 = CARTESIAN_POINT('',(-23.95737238751,13.054610705431));
#1132 = CARTESIAN_POINT('',(-23.98262243231,12.75394618593));
#1133 = CARTESIAN_POINT('',(-23.99905066632,12.452593266536));
#1134 = CARTESIAN_POINT('',(-24.00663558473,12.150862497935));
#1135 = CARTESIAN_POINT('',(-24.00536937226,11.849064774939));
#1136 = CARTESIAN_POINT('',(-23.99525790315,11.547511336488));
#1137 = CARTESIAN_POINT('',(-23.95670725386,10.934766312688));
#1138 = CARTESIAN_POINT('',(-23.92762632192,10.623613783276));
#1139 = CARTESIAN_POINT('',(-23.88909977824,10.313402429078));
#1140 = CARTESIAN_POINT('',(-23.84116502757,10.004476085552));
#1141 = CARTESIAN_POINT('',(-23.78387504643,9.697176171946));
#1142 = CARTESIAN_POINT('',(-23.71729838316,9.391841691302));
#1143 = CARTESIAN_POINT('',(-23.5657399326,8.78577676961));
#1144 = CARTESIAN_POINT('',(-23.48075779782,8.485044939018));
#1145 = CARTESIAN_POINT('',(-23.38665696785,8.186950301964));
#1146 = CARTESIAN_POINT('',(-23.28353653317,7.891824223826));
#1147 = CARTESIAN_POINT('',(-23.17151046042,7.599992872075));
#1148 = CARTESIAN_POINT('',(-23.05070759243,7.311777216275));
#1149 = CARTESIAN_POINT('',(-22.791835704,6.743208839889));
#1150 = CARTESIAN_POINT('',(-22.65376609004,6.46285481573));
#1151 = CARTESIAN_POINT('',(-22.50720661368,6.186746687037));
#1152 = CARTESIAN_POINT('',(-22.3523147703,5.915192377736));
#1153 = CARTESIAN_POINT('',(-22.18926174327,5.648492004248));
#1154 = CARTESIAN_POINT('',(-22.018232404,5.386937875488));
#1155 = CARTESIAN_POINT('',(-21.71611000327,4.954177573133));
#1156 = CARTESIAN_POINT('',(-21.58909515343,4.780123273186));
#1157 = CARTESIAN_POINT('',(-21.45844578821,4.608744726955));
#1158 = CARTESIAN_POINT('',(-21.32422972153,4.440132849048));
#1159 = CARTESIAN_POINT('',(-21.18651755536,4.274376334756));
#1160 = CARTESIAN_POINT('',(-21.04538267976,4.111561660044));
#1161 = CARTESIAN_POINT('',(-20.71307550395,3.744047995961));
#1162 = CARTESIAN_POINT('',(-20.51959368766,3.541436569503));
#1163 = CARTESIAN_POINT('',(-20.32062341158,3.344124107358));
#1164 = CARTESIAN_POINT('',(-20.11633923199,3.152288493778));
#1165 = CARTESIAN_POINT('',(-19.90692267391,2.966100192089));
#1166 = CARTESIAN_POINT('',(-19.69256223106,2.785722244696));
#1167 = CARTESIAN_POINT('',(-19.26277174964,2.443606442236));
#1168 = CARTESIAN_POINT('',(-19.04769938406,2.281418039177));
#1169 = CARTESIAN_POINT('',(-18.8284100231,2.124883347664));
#1170 = CARTESIAN_POINT('',(-18.60508228913,1.97413343922));
#1171 = CARTESIAN_POINT('',(-18.37789967291,1.829292173129));
#1172 = CARTESIAN_POINT('',(-18.14705053355,1.69047619644));
#1173 = CARTESIAN_POINT('',(-17.65965990719,1.414499213033));
#1174 = CARTESIAN_POINT('',(-17.40253968024,1.278358584445));
#1175 = CARTESIAN_POINT('',(-17.14161096454,1.149510926283));
#1176 = CARTESIAN_POINT('',(-16.87712224669,1.028083347002));
#1177 = CARTESIAN_POINT('',(-16.60932695308,0.914192195427));
#1178 = CARTESIAN_POINT('',(-16.33848344985,0.807943060753));
#1179 = CARTESIAN_POINT('',(-15.91283918262,0.654701695214));
#1180 = CARTESIAN_POINT('',(-15.75996361486,0.602360468914));
#1181 = CARTESIAN_POINT('',(-15.60627339335,0.552423312992));
#1182 = CARTESIAN_POINT('',(-15.45181390328,0.504905369261));
#1183 = CARTESIAN_POINT('',(-15.29663086134,0.45982070201));
#1184 = CARTESIAN_POINT('',(-15.14077031568,0.417182297998));
#1185 = CARTESIAN_POINT('',(-14.7651903423,0.320749751007));
#1186 = CARTESIAN_POINT('',(-14.54486484659,0.269315407148));
#1187 = CARTESIAN_POINT('',(-14.32342954437,0.222731734698));
#1188 = CARTESIAN_POINT('',(-14.10101261945,0.181027176042));
#1189 = CARTESIAN_POINT('',(-13.87774305395,0.144225916129));
#1190 = CARTESIAN_POINT('',(-13.65375062827,0.112347882476));
#1191 = CARTESIAN_POINT('',(-12.97999785191,3.153063187512E-02));
#1192 = CARTESIAN_POINT('',(-12.52845576692,-2.592333757356E-03));
#1193 = CARTESIAN_POINT('',(-12.07558983569,-1.683459609933E-02));
#1194 = CARTESIAN_POINT('',(-11.62244983606,-1.113997116766E-02));
#1195 = CARTESIAN_POINT('',(-11.17008483416,1.447835738996E-02));
#1196 = CARTESIAN_POINT('',(-10.71954286438,5.993784231663E-02));
#1197 = CARTESIAN_POINT('',(-9.813539632846,0.191786450943));
#1198 = CARTESIAN_POINT('',(-9.358207337342,0.279125691074));
#1199 = CARTESIAN_POINT('',(-8.906997197059,0.386940324755));
#1200 = CARTESIAN_POINT('',(-8.461012190566,0.514992962802));
#1201 = CARTESIAN_POINT('',(-8.021334441111,0.662972902537));
#1202 = CARTESIAN_POINT('',(-7.589024856907,0.830496231064));
#1203 = CARTESIAN_POINT('',(-6.918667308428,1.125600274229));
#1204 = CARTESIAN_POINT('',(-6.67505191299,1.240546955911));
#1205 = CARTESIAN_POINT('',(-6.434479820092,1.36185648396));
#1206 = CARTESIAN_POINT('',(-6.197150144738,1.489431704323));
#1207 = CARTESIAN_POINT('',(-5.963257881964,1.623167798521));
#1208 = CARTESIAN_POINT('',(-5.732993906843,1.76295228366));
#1209 = CARTESIAN_POINT('',(-5.225748459617,2.089348692313));
#1210 = CARTESIAN_POINT('',(-4.950816681655,2.279148477702));
#1211 = CARTESIAN_POINT('',(-4.682106162333,2.477834872003));
#1212 = CARTESIAN_POINT('',(-4.419960658363,2.68516223848));
#1213 = CARTESIAN_POINT('',(-4.164711161428,2.900868800246));
#1214 = CARTESIAN_POINT('',(-3.916675898181,3.124676640263));
#1215 = CARTESIAN_POINT('',(-3.451161843276,3.572963905771));
#1216 = CARTESIAN_POINT('',(-3.232742917826,3.796469543658));
#1217 = CARTESIAN_POINT('',(-3.021153423752,4.02656792444));
#1218 = CARTESIAN_POINT('',(-2.816631312866,4.263008048374));
#1219 = CARTESIAN_POINT('',(-2.619402618936,4.505528606537));
#1220 = CARTESIAN_POINT('',(-2.429681457688,4.75385798083));
#1221 = CARTESIAN_POINT('',(-2.06565859592,5.261570507122));
#1222 = CARTESIAN_POINT('',(-1.891356060794,5.520954823168));
#1223 = CARTESIAN_POINT('',(-1.724964540219,5.785585208275));
#1224 = CARTESIAN_POINT('',(-1.566672564162,6.055171699708));
#1225 = CARTESIAN_POINT('',(-1.416655073766,6.329416355839));
#1226 = CARTESIAN_POINT('',(-1.275073421351,6.608013256147));
#1227 = CARTESIAN_POINT('',(-1.022835706367,7.144045685836));
#1228 = CARTESIAN_POINT('',(-0.910495157546,7.400689806083));
#1229 = CARTESIAN_POINT('',(-0.805160080886,7.660354782751));
#1230 = CARTESIAN_POINT('',(-0.706927299223,7.922810968187));
#1231 = CARTESIAN_POINT('',(-0.615884101285,8.187825146284));
#1232 = CARTESIAN_POINT('',(-0.532108241694,8.455160532487));
#1233 = CARTESIAN_POINT('',(-0.373347631094,9.014717292054));
#1234 = CARTESIAN_POINT('',(-0.299534541674,9.307272151661));
#1235 = CARTESIAN_POINT('',(-0.23431384956,9.601941000065));
#1236 = CARTESIAN_POINT('',(-0.177757280318,9.89842091875));
#1237 = CARTESIAN_POINT('',(-0.12992310823,10.19640642323));
#1238 = CARTESIAN_POINT('',(-9.085615629444E-02,10.49558946305));
#1239 = CARTESIAN_POINT('',(-3.248145709872E-02,11.074295859377));
#1240 = CARTESIAN_POINT('',(-1.19615619683E-02,11.353697966152));
#1241 = CARTESIAN_POINT('',(9.468391558727E-04,11.633617153889));
#1242 = CARTESIAN_POINT('',(6.228874484846E-03,11.913804642492));
#1243 = CARTESIAN_POINT('',(3.879850451553E-03,12.194011459984));
#1244 = CARTESIAN_POINT('',(-6.094748289184E-03,12.473988442514));
#1245 = CARTESIAN_POINT('',(-4.329274613085E-02,13.065233687312));
#1246 = CARTESIAN_POINT('',(-7.237367807499E-02,13.376386216724));
#1247 = CARTESIAN_POINT('',(-0.110900221752,13.686597570921));
#1248 = CARTESIAN_POINT('',(-0.158834972427,13.995523914448));
#1249 = CARTESIAN_POINT('',(-0.216124953564,14.302823828054));
#1250 = CARTESIAN_POINT('',(-0.282701616837,14.608158308697));
#1251 = CARTESIAN_POINT('',(-0.410742407605,15.120178796778));
#1252 = CARTESIAN_POINT('',(-0.467381037893,15.328072368035));
#1253 = CARTESIAN_POINT('',(-0.528369171498,15.534761289606));
#1254 = CARTESIAN_POINT('',(-0.593675850965,15.740136447656));
#1255 = CARTESIAN_POINT('',(-0.663266722875,15.944089808226));
#1256 = CARTESIAN_POINT('',(-0.737104037839,16.146514417229));
#1257 = CARTESIAN_POINT('',(-0.92830837215,16.638449704493));
#1258 = CARTESIAN_POINT('',(-1.050312090172,16.92615908903));
#1259 = CARTESIAN_POINT('',(-1.181032071759,17.210109199533));
#1260 = CARTESIAN_POINT('',(-1.3203284767,17.48998370287));
#1261 = CARTESIAN_POINT('',(-1.468047357378,17.765473287305));
#1262 = CARTESIAN_POINT('',(-1.624020658773,18.036275662505));
#1263 = CARTESIAN_POINT('',(-1.952111778153,18.567915456564));
#1264 = CARTESIAN_POINT('',(-2.124230348361,18.82875409433));
#1265 = CARTESIAN_POINT('',(-2.304239684056,19.084316254878));
#1266 = CARTESIAN_POINT('',(-2.491944938664,19.334316181756));
#1267 = CARTESIAN_POINT('',(-2.687138664073,19.57847758002));
#1268 = CARTESIAN_POINT('',(-2.889600810628,19.816533616227));
#1269 = CARTESIAN_POINT('',(-3.30859664364,20.279920220653));
#1270 = CARTESIAN_POINT('',(-3.525131290742,20.505251851292));
#1271 = CARTESIAN_POINT('',(-3.748469945242,20.723964503526));
#1272 = CARTESIAN_POINT('',(-3.978369205496,20.935812458866));
#1273 = CARTESIAN_POINT('',(-4.214574991415,21.140561587165));
#1274 = CARTESIAN_POINT('',(-4.456822544464,21.337989346621));
#1275 = CARTESIAN_POINT('',(-5.594161262899,22.208809279526));
#1276 = CARTESIAN_POINT('',(-6.557959049926,22.793135825454));
#1277 = CARTESIAN_POINT('',(-7.583079444647,23.270608353943));
#1278 = CARTESIAN_POINT('',(-8.655248220725,23.633934648065));
#1279 = CARTESIAN_POINT('',(-9.75945398798,23.878027791554));
#1280 = CARTESIAN_POINT('',(-10.87992998813,24.));
#1281 = CARTESIAN_POINT('',(-12.,24.));
#1282 = ( GEOMETRIC_REPRESENTATION_CONTEXT(2) 
PARAMETRIC_REPRESENTATION_CONTEXT() REPRESENTATION_CONTEXT('2D SPACE',''
  ) );
#1283 = PCURVE('',#718,#1284);
#1284 = DEFINITIONAL_REPRESENTATION('',(#1285),#1492);
#1285 = B_SPLINE_CURVE_WITH_KNOTS('',7,(#1286,#1287,#1288,#1289,#1290,
    #1291,#1292,#1293,#1294,#1295,#1296,#1297,#1298,#1299,#1300,#1301,
    #1302,#1303,#1304,#1305,#1306,#1307,#1308,#1309,#1310,#1311,#1312,
    #1313,#1314,#1315,#1316,#1317,#1318,#1319,#1320,#1321,#1322,#1323,
    #1324,#1325,#1326,#1327,#1328,#1329,#1330,#1331,#1332,#1333,#1334,
    #1335,#1336,#1337,#1338,#1339,#1340,#1341,#1342,#1343,#1344,#1345,
    #1346,#1347,#1348,#1349,#1350,#1351,#1352,#1353,#1354,#1355,#1356,
    #1357,#1358,#1359,#1360,#1361,#1362,#1363,#1364,#1365,#1366,#1367,
    #1368,#1369,#1370,#1371,#1372,#1373,#1374,#1375,#1376,#1377,#1378,
    #1379,#1380,#1381,#1382,#1383,#1384,#1385,#1386,#1387,#1388,#1389,
    #1390,#1391,#1392,#1393,#1394,#1395,#1396,#1397,#1398,#1399,#1400,
    #1401,#1402,#1403,#1404,#1405,#1406,#1407,#1408,#1409,#1410,#1411,
    #1412,#1413,#1414,#1415,#1416,#1417,#1418,#1419,#1420,#1421,#1422,
    #1423,#1424,#1425,#1426,#1427,#1428,#1429,#1430,#1431,#1432,#1433,
    #1434,#1435,#1436,#1437,#1438,#1439,#1440,#1441,#1442,#1443,#1444,
    #1445,#1446,#1447,#1448,#1449,#1450,#1451,#1452,#1453,#1454,#1455,
    #1456,#1457,#1458,#1459,#1460,#1461,#1462,#1463,#1464,#1465,#1466,
    #1467,#1468,#1469,#1470,#1471,#1472,#1473,#1474,#1475,#1476,#1477,
    #1478,#1479,#1480,#1481,#1482,#1483,#1484,#1485,#1486,#1487,#1488,
    #1489,#1490,#1491),.UNSPECIFIED.,.F.,.F.,(8,6,6,6,6,6,6,6,6,6,6,6,6,
    6,6,6,6,6,6,6,6,6,6,6,6,6,6,6,6,6,6,6,6,6,8),(0.,2.100026928079E-02,
    5.000062512473E-02,7.800097149344E-02,0.103001286786,0.128001602078,
    0.152001906279,0.175002199092,0.204002554936,0.232002901305,
    0.260003247674,0.289003603517,0.318003959361,0.347004315205,
    0.367004572406,0.393004898451,0.418005213743,0.445005550163,
    0.460005744828,0.481006014109,0.523006426899,0.566006836224,
    0.591007151516,0.622007524674,0.651007880518,0.680008236361,
    0.706008562407,0.734008908776,0.760009234821,0.789009590665,
    0.809009847865,0.838010203709,0.867010559553,0.896010915397,1.),
  .UNSPECIFIED.);
#1286 = CARTESIAN_POINT('',(6.28318530718,-1.));
#1287 = CARTESIAN_POINT('',(6.264335755203,-1.));
#1288 = CARTESIAN_POINT('',(6.245486199282,-1.));
#1289 = CARTESIAN_POINT('',(6.226636640993,-1.));
#1290 = CARTESIAN_POINT('',(6.207787081915,-1.));
#1291 = CARTESIAN_POINT('',(6.188937523627,-1.));
#1292 = CARTESIAN_POINT('',(6.170087967705,-1.));
#1293 = CARTESIAN_POINT('',(6.125208096426,-1.));
#1294 = CARTESIAN_POINT('',(6.099177757297,-1.));
#1295 = CARTESIAN_POINT('',(6.07314740627,-1.));
#1296 = CARTESIAN_POINT('',(6.047117051279,-1.));
#1297 = CARTESIAN_POINT('',(6.021086700253,-1.));
#1298 = CARTESIAN_POINT('',(5.995056361123,-1.));
#1299 = CARTESIAN_POINT('',(5.943893317226,-1.));
#1300 = CARTESIAN_POINT('',(5.918760575998,-1.));
#1301 = CARTESIAN_POINT('',(5.893627824788,-1.));
#1302 = CARTESIAN_POINT('',(5.868495070252,-1.));
#1303 = CARTESIAN_POINT('',(5.843362319042,-1.));
#1304 = CARTESIAN_POINT('',(5.818229577814,-1.));
#1305 = CARTESIAN_POINT('',(5.77065691513,-1.));
#1306 = CARTESIAN_POINT('',(5.748216967604,-1.));
#1307 = CARTESIAN_POINT('',(5.725777014417,-1.));
#1308 = CARTESIAN_POINT('',(5.703337059343,-1.));
#1309 = CARTESIAN_POINT('',(5.680897106155,-1.));
#1310 = CARTESIAN_POINT('',(5.65845715863,-1.));
#1311 = CARTESIAN_POINT('',(5.61357728245,-1.));
#1312 = CARTESIAN_POINT('',(5.591137334925,-1.));
#1313 = CARTESIAN_POINT('',(5.568697381738,-1.));
#1314 = CARTESIAN_POINT('',(5.546257426663,-1.));
#1315 = CARTESIAN_POINT('',(5.523817473476,-1.));
#1316 = CARTESIAN_POINT('',(5.50137752595,-1.));
#1317 = CARTESIAN_POINT('',(5.457395245929,-1.));
#1318 = CARTESIAN_POINT('',(5.435852896305,-1.));
#1319 = CARTESIAN_POINT('',(5.414310542064,-1.));
#1320 = CARTESIAN_POINT('',(5.392768186285,-1.));
#1321 = CARTESIAN_POINT('',(5.371225832044,-1.));
#1322 = CARTESIAN_POINT('',(5.34968348242,-1.));
#1323 = CARTESIAN_POINT('',(5.307496394983,-1.));
#1324 = CARTESIAN_POINT('',(5.286851643259,-1.));
#1325 = CARTESIAN_POINT('',(5.266206887805,-1.));
#1326 = CARTESIAN_POINT('',(5.245562131107,-1.));
#1327 = CARTESIAN_POINT('',(5.224917375652,-1.));
#1328 = CARTESIAN_POINT('',(5.204272623929,-1.));
#1329 = CARTESIAN_POINT('',(5.157597559121,-1.));
#1330 = CARTESIAN_POINT('',(5.131567219991,-1.));
#1331 = CARTESIAN_POINT('',(5.105536868965,-1.));
#1332 = CARTESIAN_POINT('',(5.079506513973,-1.));
#1333 = CARTESIAN_POINT('',(5.053476162947,-1.));
#1334 = CARTESIAN_POINT('',(5.027445823818,-1.));
#1335 = CARTESIAN_POINT('',(4.976282779921,-1.));
#1336 = CARTESIAN_POINT('',(4.951150038692,-1.));
#1337 = CARTESIAN_POINT('',(4.926017287483,-1.));
#1338 = CARTESIAN_POINT('',(4.900884532946,-1.));
#1339 = CARTESIAN_POINT('',(4.875751781737,-1.));
#1340 = CARTESIAN_POINT('',(4.850619040508,-1.));
#1341 = CARTESIAN_POINT('',(4.80035359132,-1.));
#1342 = CARTESIAN_POINT('',(4.775220850091,-1.));
#1343 = CARTESIAN_POINT('',(4.750088098882,-1.));
#1344 = CARTESIAN_POINT('',(4.724955344345,-1.));
#1345 = CARTESIAN_POINT('',(4.699822593136,-1.));
#1346 = CARTESIAN_POINT('',(4.674689851907,-1.));
#1347 = CARTESIAN_POINT('',(4.62352680801,-1.));
#1348 = CARTESIAN_POINT('',(4.597496468881,-1.));
#1349 = CARTESIAN_POINT('',(4.571466117855,-1.));
#1350 = CARTESIAN_POINT('',(4.545435762863,-1.));
#1351 = CARTESIAN_POINT('',(4.519405411837,-1.));
#1352 = CARTESIAN_POINT('',(4.493375072707,-1.));
#1353 = CARTESIAN_POINT('',(4.441314434102,-1.));
#1354 = CARTESIAN_POINT('',(4.415284094973,-1.));
#1355 = CARTESIAN_POINT('',(4.389253743946,-1.));
#1356 = CARTESIAN_POINT('',(4.363223388955,-1.));
#1357 = CARTESIAN_POINT('',(4.337193037929,-1.));
#1358 = CARTESIAN_POINT('',(4.311162698799,-1.));
#1359 = CARTESIAN_POINT('',(4.259102060194,-1.));
#1360 = CARTESIAN_POINT('',(4.233071721064,-1.));
#1361 = CARTESIAN_POINT('',(4.207041370038,-1.));
#1362 = CARTESIAN_POINT('',(4.181011015047,-1.));
#1363 = CARTESIAN_POINT('',(4.154980664021,-1.));
#1364 = CARTESIAN_POINT('',(4.128950324891,-1.));
#1365 = CARTESIAN_POINT('',(4.084968050659,-1.));
#1366 = CARTESIAN_POINT('',(4.067016092638,-1.));
#1367 = CARTESIAN_POINT('',(4.049064132763,-1.));
#1368 = CARTESIAN_POINT('',(4.03111217227,-1.));
#1369 = CARTESIAN_POINT('',(4.013160212395,-1.));
#1370 = CARTESIAN_POINT('',(3.995208254374,-1.));
#1371 = CARTESIAN_POINT('',(3.9539187655,-1.));
#1372 = CARTESIAN_POINT('',(3.930581220073,-1.));
#1373 = CARTESIAN_POINT('',(3.907243667757,-1.));
#1374 = CARTESIAN_POINT('',(3.883906113146,-1.));
#1375 = CARTESIAN_POINT('',(3.86056856083,-1.));
#1376 = CARTESIAN_POINT('',(3.837231015403,-1.));
#1377 = CARTESIAN_POINT('',(3.791453543368,-1.));
#1378 = CARTESIAN_POINT('',(3.769013595843,-1.));
#1379 = CARTESIAN_POINT('',(3.746573642656,-1.));
#1380 = CARTESIAN_POINT('',(3.724133687581,-1.));
#1381 = CARTESIAN_POINT('',(3.701693734394,-1.));
#1382 = CARTESIAN_POINT('',(3.679253786868,-1.));
#1383 = CARTESIAN_POINT('',(3.632578719318,-1.));
#1384 = CARTESIAN_POINT('',(3.608343575991,-1.));
#1385 = CARTESIAN_POINT('',(3.584108424342,-1.));
#1386 = CARTESIAN_POINT('',(3.559873269921,-1.));
#1387 = CARTESIAN_POINT('',(3.535638118273,-1.));
#1388 = CARTESIAN_POINT('',(3.511402974945,-1.));
#1389 = CARTESIAN_POINT('',(3.473703877703,-1.));
#1390 = CARTESIAN_POINT('',(3.460239909188,-1.));
#1391 = CARTESIAN_POINT('',(3.446775940232,-1.));
#1392 = CARTESIAN_POINT('',(3.43331197113,-1.));
#1393 = CARTESIAN_POINT('',(3.419848002174,-1.));
#1394 = CARTESIAN_POINT('',(3.406384033659,-1.));
#1395 = CARTESIAN_POINT('',(3.374070513901,-1.));
#1396 = CARTESIAN_POINT('',(3.355220957979,-1.));
#1397 = CARTESIAN_POINT('',(3.336371399691,-1.));
#1398 = CARTESIAN_POINT('',(3.317521840613,-1.));
#1399 = CARTESIAN_POINT('',(3.298672282324,-1.));
#1400 = CARTESIAN_POINT('',(3.279822726403,-1.));
#1401 = CARTESIAN_POINT('',(3.223274183364,-1.));
#1402 = CARTESIAN_POINT('',(3.185574829277,-1.));
#1403 = CARTESIAN_POINT('',(3.147875741863,-1.));
#1404 = CARTESIAN_POINT('',(3.110176824088,-1.));
#1405 = CARTESIAN_POINT('',(3.072477736674,-1.));
#1406 = CARTESIAN_POINT('',(3.034778382587,-1.));
#1407 = CARTESIAN_POINT('',(2.958482817369,-1.));
#1408 = CARTESIAN_POINT('',(2.919885835644,-1.));
#1409 = CARTESIAN_POINT('',(2.881289153339,-1.));
#1410 = CARTESIAN_POINT('',(2.842692661501,-1.));
#1411 = CARTESIAN_POINT('',(2.804095979197,-1.));
#1412 = CARTESIAN_POINT('',(2.765498997471,-1.));
#1413 = CARTESIAN_POINT('',(2.704462485226,-1.));
#1414 = CARTESIAN_POINT('',(2.682022537701,-1.));
#1415 = CARTESIAN_POINT('',(2.659582584514,-1.));
#1416 = CARTESIAN_POINT('',(2.637142629439,-1.));
#1417 = CARTESIAN_POINT('',(2.614702676252,-1.));
#1418 = CARTESIAN_POINT('',(2.592262728726,-1.));
#1419 = CARTESIAN_POINT('',(2.541997283386,-1.));
#1420 = CARTESIAN_POINT('',(2.514171748455,-1.));
#1421 = CARTESIAN_POINT('',(2.486346196914,-1.));
#1422 = CARTESIAN_POINT('',(2.458520639837,-1.));
#1423 = CARTESIAN_POINT('',(2.430695088296,-1.));
#1424 = CARTESIAN_POINT('',(2.402869553364,-1.));
#1425 = CARTESIAN_POINT('',(2.349013726811,-1.));
#1426 = CARTESIAN_POINT('',(2.322983387682,-1.));
#1427 = CARTESIAN_POINT('',(2.296953036656,-1.));
#1428 = CARTESIAN_POINT('',(2.270922681664,-1.));
#1429 = CARTESIAN_POINT('',(2.244892330638,-1.));
#1430 = CARTESIAN_POINT('',(2.218861991508,-1.));
#1431 = CARTESIAN_POINT('',(2.166801352903,-1.));
#1432 = CARTESIAN_POINT('',(2.140771013774,-1.));
#1433 = CARTESIAN_POINT('',(2.114740662747,-1.));
#1434 = CARTESIAN_POINT('',(2.088710307756,-1.));
#1435 = CARTESIAN_POINT('',(2.06267995673,-1.));
#1436 = CARTESIAN_POINT('',(2.0366496176,-1.));
#1437 = CARTESIAN_POINT('',(1.987281764352,-1.));
#1438 = CARTESIAN_POINT('',(1.963944218926,-1.));
#1439 = CARTESIAN_POINT('',(1.94060666661,-1.));
#1440 = CARTESIAN_POINT('',(1.917269111998,-1.));
#1441 = CARTESIAN_POINT('',(1.893931559683,-1.));
#1442 = CARTESIAN_POINT('',(1.870594014256,-1.));
#1443 = CARTESIAN_POINT('',(1.822123755717,-1.));
#1444 = CARTESIAN_POINT('',(1.796991014488,-1.));
#1445 = CARTESIAN_POINT('',(1.771858263279,-1.));
#1446 = CARTESIAN_POINT('',(1.746725508742,-1.));
#1447 = CARTESIAN_POINT('',(1.721592757533,-1.));
#1448 = CARTESIAN_POINT('',(1.696460016304,-1.));
#1449 = CARTESIAN_POINT('',(1.647989757765,-1.));
#1450 = CARTESIAN_POINT('',(1.624652212338,-1.));
#1451 = CARTESIAN_POINT('',(1.601314660022,-1.));
#1452 = CARTESIAN_POINT('',(1.577977105411,-1.));
#1453 = CARTESIAN_POINT('',(1.554639553095,-1.));
#1454 = CARTESIAN_POINT('',(1.531302007669,-1.));
#1455 = CARTESIAN_POINT('',(1.481934154421,-1.));
#1456 = CARTESIAN_POINT('',(1.455903815291,-1.));
#1457 = CARTESIAN_POINT('',(1.429873464265,-1.));
#1458 = CARTESIAN_POINT('',(1.403843109273,-1.));
#1459 = CARTESIAN_POINT('',(1.377812758247,-1.));
#1460 = CARTESIAN_POINT('',(1.351782419118,-1.));
#1461 = CARTESIAN_POINT('',(1.307800144885,-1.));
#1462 = CARTESIAN_POINT('',(1.289848186865,-1.));
#1463 = CARTESIAN_POINT('',(1.27189622699,-1.));
#1464 = CARTESIAN_POINT('',(1.253944266497,-1.));
#1465 = CARTESIAN_POINT('',(1.235992306622,-1.));
#1466 = CARTESIAN_POINT('',(1.218040348601,-1.));
#1467 = CARTESIAN_POINT('',(1.174058074369,-1.));
#1468 = CARTESIAN_POINT('',(1.148027735239,-1.));
#1469 = CARTESIAN_POINT('',(1.121997384213,-1.));
#1470 = CARTESIAN_POINT('',(1.095967029222,-1.));
#1471 = CARTESIAN_POINT('',(1.069936678195,-1.));
#1472 = CARTESIAN_POINT('',(1.043906339066,-1.));
#1473 = CARTESIAN_POINT('',(0.991845700461,-1.));
#1474 = CARTESIAN_POINT('',(0.965815361331,-1.));
#1475 = CARTESIAN_POINT('',(0.939785010305,-1.));
#1476 = CARTESIAN_POINT('',(0.913754655313,-1.));
#1477 = CARTESIAN_POINT('',(0.887724304287,-1.));
#1478 = CARTESIAN_POINT('',(0.861693965158,-1.));
#1479 = CARTESIAN_POINT('',(0.809633326552,-1.));
#1480 = CARTESIAN_POINT('',(0.783602987423,-1.));
#1481 = CARTESIAN_POINT('',(0.757572636397,-1.));
#1482 = CARTESIAN_POINT('',(0.731542281405,-1.));
#1483 = CARTESIAN_POINT('',(0.705511930379,-1.));
#1484 = CARTESIAN_POINT('',(0.679481591249,-1.));
#1485 = CARTESIAN_POINT('',(0.560112104291,-1.));
#1486 = CARTESIAN_POINT('',(0.466739085405,-1.));
#1487 = CARTESIAN_POINT('',(0.373393789651,-1.));
#1488 = CARTESIAN_POINT('',(0.280057482295,-1.));
#1489 = CARTESIAN_POINT('',(0.186712186541,-1.));
#1490 = CARTESIAN_POINT('',(9.333916765561E-02,-1.));
#1491 = CARTESIAN_POINT('',(0.,-1.));
#1492 = ( GEOMETRIC_REPRESENTATION_CONTEXT(2) 
PARAMETRIC_REPRESENTATION_CONTEXT() REPRESENTATION_CONTEXT('2D SPACE',''
  ) );
#1493 = ORIENTED_EDGE('',*,*,#1494,.T.);
#1494 = EDGE_CURVE('',#863,#1495,#1497,.T.);
#1495 = VERTEX_POINT('',#1496);
#1496 = CARTESIAN_POINT('',(-2.907670780787,-3.153033389935E-14,-30.));
#1497 = SURFACE_CURVE('',#1498,(#1502,#1508),.PCURVE_S1.);
#1498 = LINE('',#1499,#1500);
#1499 = CARTESIAN_POINT('',(-2.907670780787,0.,-63.));
#1500 = VECTOR('',#1501,1.);
#1501 = DIRECTION('',(0.,0.,1.));
#1502 = PCURVE('',#613,#1503);
#1503 = DEFINITIONAL_REPRESENTATION('',(#1504),#1507);
#1504 = B_SPLINE_CURVE_WITH_KNOTS('',1,(#1505,#1506),.UNSPECIFIED.,.F.,
  .F.,(2,2),(-5.999999999062E-07,33.0000006),.PIECEWISE_BEZIER_KNOTS.);
#1505 = CARTESIAN_POINT('',(-28.0000006,9.092329219213));
#1506 = CARTESIAN_POINT('',(5.0000006,9.092329219213));
#1507 = ( GEOMETRIC_REPRESENTATION_CONTEXT(2) 
PARAMETRIC_REPRESENTATION_CONTEXT() REPRESENTATION_CONTEXT('2D SPACE',''
  ) );
#1508 = PCURVE('',#1509,#1514);
#1509 = CYLINDRICAL_SURFACE('',#1510,3.25);
#1510 = AXIS2_PLACEMENT_3D('',#1511,#1512,#1513);
#1511 = CARTESIAN_POINT('',(-6.,1.,-63.));
#1512 = DIRECTION('',(0.,0.,1.));
#1513 = DIRECTION('',(1.,0.,-0.));
#1514 = DEFINITIONAL_REPRESENTATION('',(#1515),#1518);
#1515 = B_SPLINE_CURVE_WITH_KNOTS('',1,(#1516,#1517),.UNSPECIFIED.,.F.,
  .F.,(2,2),(-5.999999999062E-07,33.0000006),.PIECEWISE_BEZIER_KNOTS.);
#1516 = CARTESIAN_POINT('',(5.970418585238,-5.999999999062E-07));
#1517 = CARTESIAN_POINT('',(5.970418585238,33.0000006));
#1518 = ( GEOMETRIC_REPRESENTATION_CONTEXT(2) 
PARAMETRIC_REPRESENTATION_CONTEXT() REPRESENTATION_CONTEXT('2D SPACE',''
  ) );
#1519 = ORIENTED_EDGE('',*,*,#1520,.F.);
#1520 = EDGE_CURVE('',#575,#1495,#1521,.T.);
#1521 = SURFACE_CURVE('',#1522,(#1526,#1533),.PCURVE_S1.);
#1522 = LINE('',#1523,#1524);
#1523 = CARTESIAN_POINT('',(-12.,0.,-30.));
#1524 = VECTOR('',#1525,1.);
#1525 = DIRECTION('',(-1.,-0.,0.));
#1526 = PCURVE('',#613,#1527);
#1527 = DEFINITIONAL_REPRESENTATION('',(#1528),#1532);
#1528 = LINE('',#1529,#1530);
#1529 = CARTESIAN_POINT('',(5.,0.));
#1530 = VECTOR('',#1531,1.);
#1531 = DIRECTION('',(0.,-1.));
#1532 = ( GEOMETRIC_REPRESENTATION_CONTEXT(2) 
PARAMETRIC_REPRESENTATION_CONTEXT() REPRESENTATION_CONTEXT('2D SPACE',''
  ) );
#1533 = PCURVE('',#156,#1534);
#1534 = DEFINITIONAL_REPRESENTATION('',(#1535),#1539);
#1535 = LINE('',#1536,#1537);
#1536 = CARTESIAN_POINT('',(0.,8.));
#1537 = VECTOR('',#1538,1.);
#1538 = DIRECTION('',(-1.,0.));
#1539 = ( GEOMETRIC_REPRESENTATION_CONTEXT(2) 
PARAMETRIC_REPRESENTATION_CONTEXT() REPRESENTATION_CONTEXT('2D SPACE',''
  ) );
#1540 = ADVANCED_FACE('',(#1541),#1509,.F.);
#1541 = FACE_BOUND('',#1542,.F.);
#1542 = EDGE_LOOP('',(#1543,#1567,#1588,#1612,#1641,#1667,#1829));
#1543 = ORIENTED_EDGE('',*,*,#1544,.F.);
#1544 = EDGE_CURVE('',#1545,#1495,#1547,.T.);
#1545 = VERTEX_POINT('',#1546);
#1546 = CARTESIAN_POINT('',(-9.092329219213,-6.883382752676E-15,-30.));
#1547 = SURFACE_CURVE('',#1548,(#1553,#1560),.PCURVE_S1.);
#1548 = CIRCLE('',#1549,3.25);
#1549 = AXIS2_PLACEMENT_3D('',#1550,#1551,#1552);
#1550 = CARTESIAN_POINT('',(-6.,1.,-30.));
#1551 = DIRECTION('',(0.,0.,1.));
#1552 = DIRECTION('',(1.,0.,-0.));
#1553 = PCURVE('',#1509,#1554);
#1554 = DEFINITIONAL_REPRESENTATION('',(#1555),#1559);
#1555 = LINE('',#1556,#1557);
#1556 = CARTESIAN_POINT('',(0.,33.));
#1557 = VECTOR('',#1558,1.);
#1558 = DIRECTION('',(1.,0.));
#1559 = ( GEOMETRIC_REPRESENTATION_CONTEXT(2) 
PARAMETRIC_REPRESENTATION_CONTEXT() REPRESENTATION_CONTEXT('2D SPACE',''
  ) );
#1560 = PCURVE('',#156,#1561);
#1561 = DEFINITIONAL_REPRESENTATION('',(#1562),#1566);
#1562 = CIRCLE('',#1563,3.25);
#1563 = AXIS2_PLACEMENT_2D('',#1564,#1565);
#1564 = CARTESIAN_POINT('',(6.,9.));
#1565 = DIRECTION('',(1.,0.));
#1566 = ( GEOMETRIC_REPRESENTATION_CONTEXT(2) 
PARAMETRIC_REPRESENTATION_CONTEXT() REPRESENTATION_CONTEXT('2D SPACE',''
  ) );
#1567 = ORIENTED_EDGE('',*,*,#1568,.F.);
#1568 = EDGE_CURVE('',#1569,#1545,#1571,.T.);
#1569 = VERTEX_POINT('',#1570);
#1570 = CARTESIAN_POINT('',(-9.092329219213,0.,-35.));
#1571 = SURFACE_CURVE('',#1572,(#1576,#1582),.PCURVE_S1.);
#1572 = LINE('',#1573,#1574);
#1573 = CARTESIAN_POINT('',(-9.092329219213,0.,-63.));
#1574 = VECTOR('',#1575,1.);
#1575 = DIRECTION('',(0.,0.,1.));
#1576 = PCURVE('',#1509,#1577);
#1577 = DEFINITIONAL_REPRESENTATION('',(#1578),#1581);
#1578 = B_SPLINE_CURVE_WITH_KNOTS('',1,(#1579,#1580),.UNSPECIFIED.,.F.,
  .F.,(2,2),(-5.999999999062E-07,33.0000006),.PIECEWISE_BEZIER_KNOTS.);
#1579 = CARTESIAN_POINT('',(3.454359375531,-5.999999999062E-07));
#1580 = CARTESIAN_POINT('',(3.454359375531,33.0000006));
#1581 = ( GEOMETRIC_REPRESENTATION_CONTEXT(2) 
PARAMETRIC_REPRESENTATION_CONTEXT() REPRESENTATION_CONTEXT('2D SPACE',''
  ) );
#1582 = PCURVE('',#128,#1583);
#1583 = DEFINITIONAL_REPRESENTATION('',(#1584),#1587);
#1584 = B_SPLINE_CURVE_WITH_KNOTS('',1,(#1585,#1586),.UNSPECIFIED.,.F.,
  .F.,(2,2),(-5.999999999062E-07,33.0000006),.PIECEWISE_BEZIER_KNOTS.);
#1585 = CARTESIAN_POINT('',(-28.0000006,2.907670780787));
#1586 = CARTESIAN_POINT('',(5.0000006,2.907670780787));
#1587 = ( GEOMETRIC_REPRESENTATION_CONTEXT(2) 
PARAMETRIC_REPRESENTATION_CONTEXT() REPRESENTATION_CONTEXT('2D SPACE',''
  ) );
#1588 = ORIENTED_EDGE('',*,*,#1589,.T.);
#1589 = EDGE_CURVE('',#1569,#1590,#1592,.T.);
#1590 = VERTEX_POINT('',#1591);
#1591 = CARTESIAN_POINT('',(-9.,-0.25,-35.));
#1592 = SURFACE_CURVE('',#1593,(#1598,#1605),.PCURVE_S1.);
#1593 = CIRCLE('',#1594,3.25);
#1594 = AXIS2_PLACEMENT_3D('',#1595,#1596,#1597);
#1595 = CARTESIAN_POINT('',(-6.,1.,-35.));
#1596 = DIRECTION('',(0.,0.,1.));
#1597 = DIRECTION('',(1.,0.,-0.));
#1598 = PCURVE('',#1509,#1599);
#1599 = DEFINITIONAL_REPRESENTATION('',(#1600),#1604);
#1600 = LINE('',#1601,#1602);
#1601 = CARTESIAN_POINT('',(0.,28.));
#1602 = VECTOR('',#1603,1.);
#1603 = DIRECTION('',(1.,0.));
#1604 = ( GEOMETRIC_REPRESENTATION_CONTEXT(2) 
PARAMETRIC_REPRESENTATION_CONTEXT() REPRESENTATION_CONTEXT('2D SPACE',''
  ) );
#1605 = PCURVE('',#100,#1606);
#1606 = DEFINITIONAL_REPRESENTATION('',(#1607),#1611);
#1607 = CIRCLE('',#1608,3.25);
#1608 = AXIS2_PLACEMENT_2D('',#1609,#1610);
#1609 = CARTESIAN_POINT('',(6.,15.));
#1610 = DIRECTION('',(1.,0.));
#1611 = ( GEOMETRIC_REPRESENTATION_CONTEXT(2) 
PARAMETRIC_REPRESENTATION_CONTEXT() REPRESENTATION_CONTEXT('2D SPACE',''
  ) );
#1612 = ORIENTED_EDGE('',*,*,#1613,.F.);
#1613 = EDGE_CURVE('',#1614,#1590,#1616,.T.);
#1614 = VERTEX_POINT('',#1615);
#1615 = CARTESIAN_POINT('',(-9.092329219213,2.649035404106E-15,
    -35.06980514117));
#1616 = SURFACE_CURVE('',#1617,(#1623,#1632),.PCURVE_S1.);
#1617 = B_SPLINE_CURVE_WITH_KNOTS('',4,(#1618,#1619,#1620,#1621,#1622),
  .UNSPECIFIED.,.F.,.F.,(5,5),(0.,1.),.PIECEWISE_BEZIER_KNOTS.);
#1618 = CARTESIAN_POINT('',(-9.092329413242,6.000000026263E-07,
    -35.06980528905));
#1619 = CARTESIAN_POINT('',(-9.071813365041,-6.344181735962E-02,
    -35.05416944462));
#1620 = CARTESIAN_POINT('',(-9.049569869287,-0.126298139768,
    -35.0372914094));
#1621 = CARTESIAN_POINT('',(-9.025623550323,-0.188503479226,
    -35.01921766274));
#1622 = CARTESIAN_POINT('',(-9.,-0.25,-35.));
#1623 = PCURVE('',#1509,#1624);
#1624 = DEFINITIONAL_REPRESENTATION('',(#1625),#1631);
#1625 = B_SPLINE_CURVE_WITH_KNOTS('',4,(#1626,#1627,#1628,#1629,#1630),
  .UNSPECIFIED.,.F.,.F.,(5,5),(0.,1.),.PIECEWISE_BEZIER_KNOTS.);
#1626 = CARTESIAN_POINT('',(3.454359181503,27.930194710947));
#1627 = CARTESIAN_POINT('',(3.474875242013,27.945830555375));
#1628 = CARTESIAN_POINT('',(3.495383260348,27.962708590597));
#1629 = CARTESIAN_POINT('',(3.515884933032,27.980782337258));
#1630 = CARTESIAN_POINT('',(3.53638377329,28.));
#1631 = ( GEOMETRIC_REPRESENTATION_CONTEXT(2) 
PARAMETRIC_REPRESENTATION_CONTEXT() REPRESENTATION_CONTEXT('2D SPACE',''
  ) );
#1632 = PCURVE('',#818,#1633);
#1633 = DEFINITIONAL_REPRESENTATION('',(#1634),#1640);
#1634 = B_SPLINE_CURVE_WITH_KNOTS('',4,(#1635,#1636,#1637,#1638,#1639),
  .UNSPECIFIED.,.F.,.F.,(5,5),(0.,1.),.PIECEWISE_BEZIER_KNOTS.);
#1635 = CARTESIAN_POINT('',(2.222013959103,6.000000000173E-07));
#1636 = CARTESIAN_POINT('',(2.22029428489,-6.344181735962E-02));
#1637 = CARTESIAN_POINT('',(2.21843281852,-0.126298139768));
#1638 = CARTESIAN_POINT('',(2.216432731448,-0.188503479226));
#1639 = CARTESIAN_POINT('',(2.214297435588,-0.25));
#1640 = ( GEOMETRIC_REPRESENTATION_CONTEXT(2) 
PARAMETRIC_REPRESENTATION_CONTEXT() REPRESENTATION_CONTEXT('2D SPACE',''
  ) );
#1641 = ORIENTED_EDGE('',*,*,#1642,.F.);
#1642 = EDGE_CURVE('',#1643,#1614,#1645,.T.);
#1643 = VERTEX_POINT('',#1644);
#1644 = CARTESIAN_POINT('',(-9.092329219213,0.,-39.16868151191));
#1645 = SURFACE_CURVE('',#1646,(#1650,#1656),.PCURVE_S1.);
#1646 = LINE('',#1647,#1648);
#1647 = CARTESIAN_POINT('',(-9.092329219213,0.,-63.));
#1648 = VECTOR('',#1649,1.);
#1649 = DIRECTION('',(0.,0.,1.));
#1650 = PCURVE('',#1509,#1651);
#1651 = DEFINITIONAL_REPRESENTATION('',(#1652),#1655);
#1652 = B_SPLINE_CURVE_WITH_KNOTS('',1,(#1653,#1654),.UNSPECIFIED.,.F.,
  .F.,(2,2),(-5.999999999062E-07,33.0000006),.PIECEWISE_BEZIER_KNOTS.);
#1653 = CARTESIAN_POINT('',(3.454359375531,-5.999999999062E-07));
#1654 = CARTESIAN_POINT('',(3.454359375531,33.0000006));
#1655 = ( GEOMETRIC_REPRESENTATION_CONTEXT(2) 
PARAMETRIC_REPRESENTATION_CONTEXT() REPRESENTATION_CONTEXT('2D SPACE',''
  ) );
#1656 = PCURVE('',#1657,#1662);
#1657 = PLANE('',#1658);
#1658 = AXIS2_PLACEMENT_3D('',#1659,#1660,#1661);
#1659 = CARTESIAN_POINT('',(-12.,0.,-35.));
#1660 = DIRECTION('',(-0.,1.,0.));
#1661 = DIRECTION('',(0.,0.,1.));
#1662 = DEFINITIONAL_REPRESENTATION('',(#1663),#1666);
#1663 = B_SPLINE_CURVE_WITH_KNOTS('',1,(#1664,#1665),.UNSPECIFIED.,.F.,
  .F.,(2,2),(-5.999999999062E-07,33.0000006),.PIECEWISE_BEZIER_KNOTS.);
#1664 = CARTESIAN_POINT('',(-28.0000006,2.907670780787));
#1665 = CARTESIAN_POINT('',(5.0000006,2.907670780787));
#1666 = ( GEOMETRIC_REPRESENTATION_CONTEXT(2) 
PARAMETRIC_REPRESENTATION_CONTEXT() REPRESENTATION_CONTEXT('2D SPACE',''
  ) );
#1667 = ORIENTED_EDGE('',*,*,#1668,.T.);
#1668 = EDGE_CURVE('',#1643,#863,#1669,.T.);
#1669 = SURFACE_CURVE('',#1670,(#1721,#1775),.PCURVE_S1.);
#1670 = B_SPLINE_CURVE_WITH_KNOTS('',7,(#1671,#1672,#1673,#1674,#1675,
    #1676,#1677,#1678,#1679,#1680,#1681,#1682,#1683,#1684,#1685,#1686,
    #1687,#1688,#1689,#1690,#1691,#1692,#1693,#1694,#1695,#1696,#1697,
    #1698,#1699,#1700,#1701,#1702,#1703,#1704,#1705,#1706,#1707,#1708,
    #1709,#1710,#1711,#1712,#1713,#1714,#1715,#1716,#1717,#1718,#1719,
    #1720),.UNSPECIFIED.,.F.,.F.,(8,6,6,6,6,6,6,6,8),(0.,
    7.24957112574E-02,0.121114222962,0.239632697982,0.41024884747,
    0.578459115293,0.730576055043,0.827809004337,1.),.UNSPECIFIED.);
#1671 = CARTESIAN_POINT('',(-9.092329413242,6.000000043471E-07,
    -39.16868173031));
#1672 = CARTESIAN_POINT('',(-9.067889467264,-7.557580915144E-02,
    -39.14030642592));
#1673 = CARTESIAN_POINT('',(-9.041429468028,-0.150038134936,
    -39.10979465819));
#1674 = CARTESIAN_POINT('',(-9.01301622423,-0.223326582197,
    -39.07728325022));
#1675 = CARTESIAN_POINT('',(-8.982714750078,-0.295395228204,
    -39.04290838602));
#1676 = CARTESIAN_POINT('',(-8.95058620424,-0.366210095342,
    -39.0068022583));
#1677 = CARTESIAN_POINT('',(-8.916685828779,-0.435747223816,
    -38.96908971636));
#1678 = CARTESIAN_POINT('',(-8.857169383826,-0.549757567561,
    -38.90359261182));
#1679 = CARTESIAN_POINT('',(-8.832502502951,-0.594941964637,
    -38.87662946834));
#1680 = CARTESIAN_POINT('',(-8.807074793938,-0.639539135557,
    -38.84903032994));
#1681 = CARTESIAN_POINT('',(-8.780899557441,-0.683544930927,
    -38.82082836381));
#1682 = CARTESIAN_POINT('',(-8.753988846301,-0.726955851973,
    -38.79205505788));
#1683 = CARTESIAN_POINT('',(-8.726353465548,-0.769769050539,
    -38.76274022088));
#1684 = CARTESIAN_POINT('',(-8.628892316892,-0.91488661849,
    -38.66019899247));
#1685 = CARTESIAN_POINT('',(-8.555539419732,-1.014214192701,
    -38.58444281896));
#1686 = CARTESIAN_POINT('',(-8.478072413868,-1.109947868878,
    -38.50603960424));
#1687 = CARTESIAN_POINT('',(-8.396588490272,-1.202050417505,
    -38.42534192994));
#1688 = CARTESIAN_POINT('',(-8.31115732353,-1.290468289922,
    -38.34266227358));
#1689 = CARTESIAN_POINT('',(-8.221818712724,-1.375130980308,
    -38.25827456301));
#1690 = CARTESIAN_POINT('',(-7.994342376466,-1.572285278551,
    -38.04881092299));
#1691 = CARTESIAN_POINT('',(-7.852078681314,-1.680596833447,
    -37.92221289804));
#1692 = CARTESIAN_POINT('',(-7.701767229673,-1.780647109974,
    -37.7932934764));
#1693 = CARTESIAN_POINT('',(-7.543388935437,-1.871949728246,
    -37.66271345675));
#1694 = CARTESIAN_POINT('',(-7.376961063097,-1.953826687368,
    -37.53114787587));
#1695 = CARTESIAN_POINT('',(-7.202559570056,-2.025424136982,
    -37.39929034428));
#1696 = CARTESIAN_POINT('',(-6.84065910597,-2.145091624883,
    -37.13823244296));
#1697 = CARTESIAN_POINT('',(-6.653433719824,-2.193461156329,
    -37.00906001171));
#1698 = CARTESIAN_POINT('',(-6.45889193064,-2.229755547782,
    -36.88105532589));
#1699 = CARTESIAN_POINT('',(-6.257633372778,-2.252690874563,
    -36.75514923497));
#1700 = CARTESIAN_POINT('',(-6.050701501385,-2.260907588356,
    -36.63241974728));
#1701 = CARTESIAN_POINT('',(-5.839703476909,-2.253101329157,
    -36.51401512852));
#1702 = CARTESIAN_POINT('',(-5.434574037685,-2.206290800357,
    -36.29893227873));
#1703 = CARTESIAN_POINT('',(-5.240581774319,-2.170322235561,
    -36.20116440727));
#1704 = CARTESIAN_POINT('',(-5.047161683905,-2.120067622159,
    -36.10886845414));
#1705 = CARTESIAN_POINT('',(-4.856476857601,-2.055485005201,
    -36.02279962784));
#1706 = CARTESIAN_POINT('',(-4.670643954334,-1.977025655922,
    -35.94339802667));
#1707 = CARTESIAN_POINT('',(-4.491664321924,-1.885654073456,
    -35.87083593657));
#1708 = CARTESIAN_POINT('',(-4.212434719051,-1.717219186729,
    -35.76305129985));
#1709 = CARTESIAN_POINT('',(-4.10700241514,-1.646842231335,
    -35.72377333148));
#1710 = CARTESIAN_POINT('',(-4.005413896504,-1.57210703683,
    -35.68721422071));
#1711 = CARTESIAN_POINT('',(-3.907963001239,-1.493378277408,
    -35.65328841641));
#1712 = CARTESIAN_POINT('',(-3.814862576747,-1.411024943209,
    -35.62188102052));
#1713 = CARTESIAN_POINT('',(-3.726258998275,-1.325403718765,
    -35.5928632612));
#1714 = CARTESIAN_POINT('',(-3.493461842773,-1.080023237489,
    -35.51870622199));
#1715 = CARTESIAN_POINT('',(-3.359139569916,-0.914066780002,
    -35.47840635701));
#1716 = CARTESIAN_POINT('',(-3.23961055295,-0.74068431371,
    -35.44439146127));
#1717 = CARTESIAN_POINT('',(-3.134898135866,-0.561409584519,
    -35.41589560362));
#1718 = CARTESIAN_POINT('',(-3.044833031872,-0.37755240621,
    -35.3922594991));
#1719 = CARTESIAN_POINT('',(-2.969165202929,-0.190161124437,
    -35.37295929914));
#1720 = CARTESIAN_POINT('',(-2.907670586758,6.000000052353E-07,
    -35.35760111665));
#1721 = PCURVE('',#1509,#1722);
#1722 = DEFINITIONAL_REPRESENTATION('',(#1723),#1774);
#1723 = B_SPLINE_CURVE_WITH_KNOTS('',7,(#1724,#1725,#1726,#1727,#1728,
    #1729,#1730,#1731,#1732,#1733,#1734,#1735,#1736,#1737,#1738,#1739,
    #1740,#1741,#1742,#1743,#1744,#1745,#1746,#1747,#1748,#1749,#1750,
    #1751,#1752,#1753,#1754,#1755,#1756,#1757,#1758,#1759,#1760,#1761,
    #1762,#1763,#1764,#1765,#1766,#1767,#1768,#1769,#1770,#1771,#1772,
    #1773),.UNSPECIFIED.,.F.,.F.,(8,6,6,6,6,6,6,6,8),(0.,
    7.24957112574E-02,0.121114222962,0.239632697982,0.41024884747,
    0.578459115293,0.730576055043,0.827809004337,1.),.UNSPECIFIED.);
#1724 = CARTESIAN_POINT('',(3.454359181503,23.831318269685));
#1725 = CARTESIAN_POINT('',(3.478799142145,23.859693574074));
#1726 = CARTESIAN_POINT('',(3.503104172318,23.890205341809));
#1727 = CARTESIAN_POINT('',(3.527274337571,23.922716749773));
#1728 = CARTESIAN_POINT('',(3.551312629633,23.957091613977));
#1729 = CARTESIAN_POINT('',(3.575224770197,23.9931977417));
#1730 = CARTESIAN_POINT('',(3.599019014707,24.030910283635));
#1731 = CARTESIAN_POINT('',(3.638591362594,24.096407388178));
#1732 = CARTESIAN_POINT('',(3.654428326773,24.123370531654));
#1733 = CARTESIAN_POINT('',(3.67021997619,24.150969670051));
#1734 = CARTESIAN_POINT('',(3.68596966109,24.17917163619));
#1735 = CARTESIAN_POINT('',(3.701680954443,24.207944942118));
#1736 = CARTESIAN_POINT('',(3.717357651955,24.237259779114));
#1737 = CARTESIAN_POINT('',(3.771144682375,24.339801007523));
#1738 = CARTESIAN_POINT('',(3.809099747703,24.415557181035));
#1739 = CARTESIAN_POINT('',(3.846933152926,24.493960395759));
#1740 = CARTESIAN_POINT('',(3.884705532161,24.574658070056));
#1741 = CARTESIAN_POINT('',(3.922477087594,24.657337726413));
#1742 = CARTESIAN_POINT('',(3.960311102258,24.741725436986));
#1743 = CARTESIAN_POINT('',(4.052933796001,24.951189077009));
#1744 = CARTESIAN_POINT('',(4.107839595656,25.077787101952));
#1745 = CARTESIAN_POINT('',(4.163217885442,25.206706523591));
#1746 = CARTESIAN_POINT('',(4.219254475368,25.337286543241));
#1747 = CARTESIAN_POINT('',(4.276119119558,25.468852124125));
#1748 = CARTESIAN_POINT('',(4.333984392098,25.600709655714));
#1749 = CARTESIAN_POINT('',(4.451268148976,25.861767557039));
#1750 = CARTESIAN_POINT('',(4.510635863308,25.99093998829));
#1751 = CARTESIAN_POINT('',(4.571296494808,26.118944674101));
#1752 = CARTESIAN_POINT('',(4.633331982529,26.244850765024));
#1753 = CARTESIAN_POINT('',(4.696760000413,26.367580252716));
#1754 = CARTESIAN_POINT('',(4.761529018946,26.485984871479));
#1755 = CARTESIAN_POINT('',(4.887013580577,26.701067721261));
#1756 = CARTESIAN_POINT('',(4.947579196827,26.798835592728));
#1757 = CARTESIAN_POINT('',(5.008820602028,26.891131545858));
#1758 = CARTESIAN_POINT('',(5.070473213942,26.977200372158));
#1759 = CARTESIAN_POINT('',(5.132278968837,27.056601973327));
#1760 = CARTESIAN_POINT('',(5.19395612825,27.12916406343));
#1761 = CARTESIAN_POINT('',(5.294293774645,27.236948700141));
#1762 = CARTESIAN_POINT('',(5.333256886589,27.276226668512));
#1763 = CARTESIAN_POINT('',(5.371997801149,27.312785779281));
#1764 = CARTESIAN_POINT('',(5.410475170513,27.34671158359));
#1765 = CARTESIAN_POINT('',(5.448660733197,27.378118979473));
#1766 = CARTESIAN_POINT('',(5.486536855366,27.407136738798));
#1767 = CARTESIAN_POINT('',(5.590610609915,27.481293778007));
#1768 = CARTESIAN_POINT('',(5.656101096035,27.52159364299));
#1769 = CARTESIAN_POINT('',(5.720597084536,27.555608538727));
#1770 = CARTESIAN_POINT('',(5.78416504673,27.584104396373));
#1771 = CARTESIAN_POINT('',(5.846898750962,27.607740500895));
#1772 = CARTESIAN_POINT('',(5.908924126199,27.627040700853));
#1773 = CARTESIAN_POINT('',(5.970418779267,27.642398883344));
#1774 = ( GEOMETRIC_REPRESENTATION_CONTEXT(2) 
PARAMETRIC_REPRESENTATION_CONTEXT() REPRESENTATION_CONTEXT('2D SPACE',''
  ) );
#1775 = PCURVE('',#718,#1776);
#1776 = DEFINITIONAL_REPRESENTATION('',(#1777),#1828);
#1777 = B_SPLINE_CURVE_WITH_KNOTS('',7,(#1778,#1779,#1780,#1781,#1782,
    #1783,#1784,#1785,#1786,#1787,#1788,#1789,#1790,#1791,#1792,#1793,
    #1794,#1795,#1796,#1797,#1798,#1799,#1800,#1801,#1802,#1803,#1804,
    #1805,#1806,#1807,#1808,#1809,#1810,#1811,#1812,#1813,#1814,#1815,
    #1816,#1817,#1818,#1819,#1820,#1821,#1822,#1823,#1824,#1825,#1826,
    #1827),.UNSPECIFIED.,.F.,.F.,(8,6,6,6,6,6,6,6,8),(0.,
    7.24957112574E-02,0.121114222962,0.239632697982,0.41024884747,
    0.578459115293,0.730576055043,0.827809004337,1.),.UNSPECIFIED.);
#1778 = CARTESIAN_POINT('',(2.430568832938,-0.9999994));
#1779 = CARTESIAN_POINT('',(2.427448037034,-1.075575809151));
#1780 = CARTESIAN_POINT('',(2.424082483212,-1.150038134936));
#1781 = CARTESIAN_POINT('',(2.420484395202,-1.223326582197));
#1782 = CARTESIAN_POINT('',(2.416665821754,-1.295395228204));
#1783 = CARTESIAN_POINT('',(2.412638307248,-1.366210095342));
#1784 = CARTESIAN_POINT('',(2.408412562322,-1.435747223816));
#1785 = CARTESIAN_POINT('',(2.401037643338,-1.549757567561));
#1786 = CARTESIAN_POINT('',(2.397992324492,-1.594941964637));
#1787 = CARTESIAN_POINT('',(2.39486510049,-1.639539135557));
#1788 = CARTESIAN_POINT('',(2.391658708818,-1.683544930927));
#1789 = CARTESIAN_POINT('',(2.388375701903,-1.726955851973));
#1790 = CARTESIAN_POINT('',(2.385018447115,-1.769769050539));
#1791 = CARTESIAN_POINT('',(2.373229392922,-1.91488661849));
#1792 = CARTESIAN_POINT('',(2.364442293391,-2.014214192701));
#1793 = CARTESIAN_POINT('',(2.355258160235,-2.109947868878));
#1794 = CARTESIAN_POINT('',(2.345702472162,-2.202050417505));
#1795 = CARTESIAN_POINT('',(2.335796251852,-2.290468289922));
#1796 = CARTESIAN_POINT('',(2.325556000972,-2.375130980308));
#1797 = CARTESIAN_POINT('',(2.299787197151,-2.572285278551));
#1798 = CARTESIAN_POINT('',(2.283919791976,-2.680596833447));
#1799 = CARTESIAN_POINT('',(2.267422250748,-2.780647109974));
#1800 = CARTESIAN_POINT('',(2.250322729311,-2.871949728246));
#1801 = CARTESIAN_POINT('',(2.232649939777,-2.953826687368));
#1802 = CARTESIAN_POINT('',(2.214434755157,-3.025424136982));
#1803 = CARTESIAN_POINT('',(2.17724873873,-3.145091624883));
#1804 = CARTESIAN_POINT('',(2.158297761631,-3.193461156329));
#1805 = CARTESIAN_POINT('',(2.138898958269,-3.229755547782));
#1806 = CARTESIAN_POINT('',(2.119125523568,-3.252690874563));
#1807 = CARTESIAN_POINT('',(2.099085580932,-3.260907588356));
#1808 = CARTESIAN_POINT('',(2.078928556568,-3.253101329157));
#1809 = CARTESIAN_POINT('',(2.040704936871,-3.206290800357));
#1810 = CARTESIAN_POINT('',(2.022605996455,-3.170322235561));
#1811 = CARTESIAN_POINT('',(2.004753256761,-3.120067622159));
#1812 = CARTESIAN_POINT('',(1.98732582584,-3.055485005201));
#1813 = CARTESIAN_POINT('',(1.970490201053,-2.977025655922));
#1814 = CARTESIAN_POINT('',(1.954398346287,-2.885654073456));
#1815 = CARTESIAN_POINT('',(1.929455815253,-2.717219186729));
#1816 = CARTESIAN_POINT('',(1.920080547395,-2.646842231335));
#1817 = CARTESIAN_POINT('',(1.911084189052,-2.57210703683));
#1818 = CARTESIAN_POINT('',(1.902486012905,-2.493378277408));
#1819 = CARTESIAN_POINT('',(1.894298596234,-2.411024943209));
#1820 = CARTESIAN_POINT('',(1.886529331914,-2.325403718765));
#1821 = CARTESIAN_POINT('',(1.866169072748,-2.080023237489));
#1822 = CARTESIAN_POINT('',(1.854484288055,-1.914066780002));
#1823 = CARTESIAN_POINT('',(1.844129476328,-1.74068431371));
#1824 = CARTESIAN_POINT('',(1.835086865548,-1.561409584519));
#1825 = CARTESIAN_POINT('',(1.827327591377,-1.37755240621));
#1826 = CARTESIAN_POINT('',(1.820820137535,-1.190161124437));
#1827 = CARTESIAN_POINT('',(1.815538183465,-0.9999994));
#1828 = ( GEOMETRIC_REPRESENTATION_CONTEXT(2) 
PARAMETRIC_REPRESENTATION_CONTEXT() REPRESENTATION_CONTEXT('2D SPACE',''
  ) );
#1829 = ORIENTED_EDGE('',*,*,#1494,.T.);
#1830 = ADVANCED_FACE('',(#1831),#1657,.T.);
#1831 = FACE_BOUND('',#1832,.T.);
#1832 = EDGE_LOOP('',(#1833,#1834,#2466,#2492));
#1833 = ORIENTED_EDGE('',*,*,#1642,.F.);
#1834 = ORIENTED_EDGE('',*,*,#1835,.F.);
#1835 = EDGE_CURVE('',#1836,#1643,#1838,.T.);
#1836 = VERTEX_POINT('',#1837);
#1837 = CARTESIAN_POINT('',(-9.092329219213,0.,-54.83131849125));
#1838 = SURFACE_CURVE('',#1839,(#2046,#2256),.PCURVE_S1.);
#1839 = B_SPLINE_CURVE_WITH_KNOTS('',7,(#1840,#1841,#1842,#1843,#1844,
    #1845,#1846,#1847,#1848,#1849,#1850,#1851,#1852,#1853,#1854,#1855,
    #1856,#1857,#1858,#1859,#1860,#1861,#1862,#1863,#1864,#1865,#1866,
    #1867,#1868,#1869,#1870,#1871,#1872,#1873,#1874,#1875,#1876,#1877,
    #1878,#1879,#1880,#1881,#1882,#1883,#1884,#1885,#1886,#1887,#1888,
    #1889,#1890,#1891,#1892,#1893,#1894,#1895,#1896,#1897,#1898,#1899,
    #1900,#1901,#1902,#1903,#1904,#1905,#1906,#1907,#1908,#1909,#1910,
    #1911,#1912,#1913,#1914,#1915,#1916,#1917,#1918,#1919,#1920,#1921,
    #1922,#1923,#1924,#1925,#1926,#1927,#1928,#1929,#1930,#1931,#1932,
    #1933,#1934,#1935,#1936,#1937,#1938,#1939,#1940,#1941,#1942,#1943,
    #1944,#1945,#1946,#1947,#1948,#1949,#1950,#1951,#1952,#1953,#1954,
    #1955,#1956,#1957,#1958,#1959,#1960,#1961,#1962,#1963,#1964,#1965,
    #1966,#1967,#1968,#1969,#1970,#1971,#1972,#1973,#1974,#1975,#1976,
    #1977,#1978,#1979,#1980,#1981,#1982,#1983,#1984,#1985,#1986,#1987,
    #1988,#1989,#1990,#1991,#1992,#1993,#1994,#1995,#1996,#1997,#1998,
    #1999,#2000,#2001,#2002,#2003,#2004,#2005,#2006,#2007,#2008,#2009,
    #2010,#2011,#2012,#2013,#2014,#2015,#2016,#2017,#2018,#2019,#2020,
    #2021,#2022,#2023,#2024,#2025,#2026,#2027,#2028,#2029,#2030,#2031,
    #2032,#2033,#2034,#2035,#2036,#2037,#2038,#2039,#2040,#2041,#2042,
    #2043,#2044,#2045),.UNSPECIFIED.,.T.,.F.,(8,6,6,6,6,6,6,6,6,6,6,6,6,
    6,6,6,6,6,6,6,6,6,6,6,6,6,6,6,6,6,6,6,6,6,8),(0.,2.100026928079E-02,
    5.000062512473E-02,7.800097149344E-02,0.103001286786,0.128001602078,
    0.152001906279,0.175002199092,0.204002554936,0.232002901305,
    0.260003247674,0.289003603517,0.318003959361,0.347004315205,
    0.367004572406,0.393004898451,0.418005213743,0.445005550163,
    0.460005744828,0.481006014109,0.523006426899,0.566006836224,
    0.591007151516,0.622007524674,0.651007880518,0.680008236361,
    0.706008562407,0.734008908776,0.760009234821,0.789009590665,
    0.809009847865,0.838010203709,0.867010559553,0.896010915397,1.),
  .UNSPECIFIED.);
#1840 = CARTESIAN_POINT('',(12.,0.,-47.));
#1841 = CARTESIAN_POINT('',(12.,0.,-47.22619462371));
#1842 = CARTESIAN_POINT('',(11.995025716698,0.,-47.45238939));
#1843 = CARTESIAN_POINT('',(11.985077157092,0.,-47.67845278326));
#1844 = CARTESIAN_POINT('',(11.970158650386,0.,-47.90425357347));
#1845 = CARTESIAN_POINT('',(11.950278847993,0.,-48.12966081619));
#1846 = CARTESIAN_POINT('',(11.925450723534,0.,-48.3545438525));
#1847 = CARTESIAN_POINT('',(11.854595625522,0.,-48.88842095907));
#1848 = CARTESIAN_POINT('',(11.804095922436,0.,-49.19682228389));
#1849 = CARTESIAN_POINT('',(11.744238156538,0.,-49.50363236635));
#1850 = CARTESIAN_POINT('',(11.675083388549,0.,-49.80851077509));
#1851 = CARTESIAN_POINT('',(11.596708046941,0.,-50.11112056453));
#1852 = CARTESIAN_POINT('',(11.509203927944,0.,-50.41112827497));
#1853 = CARTESIAN_POINT('',(11.319480927367,0.,-50.99503563047));
#1854 = CARTESIAN_POINT('',(11.217873108946,0.,-51.27913520682));
#1855 = CARTESIAN_POINT('',(11.107951251744,0.,-51.56020575705));
#1856 = CARTESIAN_POINT('',(10.989824468735,0.,-51.83795573607));
#1857 = CARTESIAN_POINT('',(10.8636144744,0.,-52.11209895818));
#1858 = CARTESIAN_POINT('',(10.72945558473,0.,-52.38235459711));
#1859 = CARTESIAN_POINT('',(10.460743912063,0.,-52.88602991196));
#1860 = CARTESIAN_POINT('',(10.327773035853,0.,-53.12029460542));
#1861 = CARTESIAN_POINT('',(10.188686633014,0.,-53.35104534978));
#1862 = CARTESIAN_POINT('',(10.043596580276,0.,-53.57809091404));
#1863 = CARTESIAN_POINT('',(9.892622086667,0.,-53.80124475281));
#1864 = CARTESIAN_POINT('',(9.735889693519,0.,-54.02032500628));
#1865 = CARTESIAN_POINT('',(9.411176855408,0.,-54.44998399424));
#1866 = CARTESIAN_POINT('',(9.243195999336,0.,-54.6605632727));
#1867 = CARTESIAN_POINT('',(9.069724611666,0.,-54.86671518547));
#1868 = CARTESIAN_POINT('',(8.890903106855,0.,-55.06826835729));
#1869 = CARTESIAN_POINT('',(8.706878408401,0.,-55.26505718786));
#1870 = CARTESIAN_POINT('',(8.517803948841,0.,-55.45692185179));
#1871 = CARTESIAN_POINT('',(8.137633950028,0.,-55.823023299));
#1872 = CARTESIAN_POINT('',(7.946921346815,0.,-55.99765862602));
#1873 = CARTESIAN_POINT('',(7.751843359678,0.,-56.16747803811));
#1874 = CARTESIAN_POINT('',(7.552546198979,0.,-56.33235098807));
#1875 = CARTESIAN_POINT('',(7.349180785875,0.,-56.49215262305));
#1876 = CARTESIAN_POINT('',(7.141902752321,0.,-56.64676378459));
#1877 = CARTESIAN_POINT('',(6.72863504814,0.,-56.93915710628));
#1878 = CARTESIAN_POINT('',(6.522951161624,0.,-57.07737233092));
#1879 = CARTESIAN_POINT('',(6.313961891577,0.,-57.21061685976));
#1880 = CARTESIAN_POINT('',(6.101811571476,0.,-57.33879620513));
#1881 = CARTESIAN_POINT('',(5.886647758214,0.,-57.46182121447));
#1882 = CARTESIAN_POINT('',(5.668621232104,0.,-57.57960807031));
#1883 = CARTESIAN_POINT('',(5.169567784972,0.,-57.83388850228));
#1884 = CARTESIAN_POINT('',(4.886942327331,0.,-57.96724684606));
#1885 = CARTESIAN_POINT('',(4.600318771181,0.,-58.09199585768));
#1886 = CARTESIAN_POINT('',(4.310012110712,0.,-58.20799270649));
#1887 = CARTESIAN_POINT('',(4.01634318707,0.,-58.31510919508));
#1888 = CARTESIAN_POINT('',(3.719638688359,0.,-58.41323175929));
#1889 = CARTESIAN_POINT('',(3.13114797995,0.,-58.58822119574));
#1890 = CARTESIAN_POINT('',(2.839543757471,0.,-58.66570471322));
#1891 = CARTESIAN_POINT('',(2.545717740698,0.,-58.73462307628));
#1892 = CARTESIAN_POINT('',(2.249971922926,0.,-58.79490075854));
#1893 = CARTESIAN_POINT('',(1.952611032243,0.,-58.84647565157));
#1894 = CARTESIAN_POINT('',(1.653942531534,0.,-58.88929906496));
#1895 = CARTESIAN_POINT('',(1.054610705431,0.,-58.95737238751));
#1896 = CARTESIAN_POINT('',(0.75394618593,0.,-58.98262243231));
#1897 = CARTESIAN_POINT('',(0.452593266536,0.,-58.99905066632));
#1898 = CARTESIAN_POINT('',(0.150862497935,0.,-59.00663558473));
#1899 = CARTESIAN_POINT('',(-0.150935225061,0.,-59.00536937226));
#1900 = CARTESIAN_POINT('',(-0.452488663512,0.,-58.99525790315));
#1901 = CARTESIAN_POINT('',(-1.065233687312,0.,-58.95670725386));
#1902 = CARTESIAN_POINT('',(-1.376386216724,0.,-58.92762632192));
#1903 = CARTESIAN_POINT('',(-1.686597570922,0.,-58.88909977824));
#1904 = CARTESIAN_POINT('',(-1.995523914448,0.,-58.84116502757));
#1905 = CARTESIAN_POINT('',(-2.302823828054,0.,-58.78387504643));
#1906 = CARTESIAN_POINT('',(-2.608158308698,0.,-58.71729838316));
#1907 = CARTESIAN_POINT('',(-3.21422323039,0.,-58.5657399326));
#1908 = CARTESIAN_POINT('',(-3.514955060982,0.,-58.48075779782));
#1909 = CARTESIAN_POINT('',(-3.813049698036,0.,-58.38665696785));
#1910 = CARTESIAN_POINT('',(-4.108175776174,0.,-58.28353653317));
#1911 = CARTESIAN_POINT('',(-4.400007127925,0.,-58.17151046042));
#1912 = CARTESIAN_POINT('',(-4.688222783725,0.,-58.05070759243));
#1913 = CARTESIAN_POINT('',(-5.256791160111,0.,-57.791835704));
#1914 = CARTESIAN_POINT('',(-5.53714518427,0.,-57.65376609004));
#1915 = CARTESIAN_POINT('',(-5.813253312963,0.,-57.50720661368));
#1916 = CARTESIAN_POINT('',(-6.084807622264,0.,-57.3523147703));
#1917 = CARTESIAN_POINT('',(-6.351507995752,0.,-57.18926174327));
#1918 = CARTESIAN_POINT('',(-6.613062124512,0.,-57.018232404));
#1919 = CARTESIAN_POINT('',(-7.045822426867,0.,-56.71611000327));
#1920 = CARTESIAN_POINT('',(-7.219876726814,0.,-56.58909515343));
#1921 = CARTESIAN_POINT('',(-7.391255273045,0.,-56.45844578821));
#1922 = CARTESIAN_POINT('',(-7.559867150952,0.,-56.32422972153));
#1923 = CARTESIAN_POINT('',(-7.725623665244,0.,-56.18651755536));
#1924 = CARTESIAN_POINT('',(-7.888438339956,0.,-56.04538267976));
#1925 = CARTESIAN_POINT('',(-8.255952004039,0.,-55.71307550395));
#1926 = CARTESIAN_POINT('',(-8.458563430497,0.,-55.51959368766));
#1927 = CARTESIAN_POINT('',(-8.655875892642,0.,-55.32062341158));
#1928 = CARTESIAN_POINT('',(-8.847711506222,0.,-55.11633923199));
#1929 = CARTESIAN_POINT('',(-9.033899807911,0.,-54.90692267391));
#1930 = CARTESIAN_POINT('',(-9.214277755304,0.,-54.69256223106));
#1931 = CARTESIAN_POINT('',(-9.556393557764,0.,-54.26277174964));
#1932 = CARTESIAN_POINT('',(-9.718581960823,0.,-54.04769938406));
#1933 = CARTESIAN_POINT('',(-9.875116652336,0.,-53.8284100231));
#1934 = CARTESIAN_POINT('',(-10.02586656078,0.,-53.60508228913));
#1935 = CARTESIAN_POINT('',(-10.17070782687,0.,-53.37789967291));
#1936 = CARTESIAN_POINT('',(-10.30952380356,0.,-53.14705053355));
#1937 = CARTESIAN_POINT('',(-10.58550078696,0.,-52.65965990719));
#1938 = CARTESIAN_POINT('',(-10.72164141555,0.,-52.40253968024));
#1939 = CARTESIAN_POINT('',(-10.85048907371,0.,-52.14161096454));
#1940 = CARTESIAN_POINT('',(-10.97191665299,0.,-51.87712224669));
#1941 = CARTESIAN_POINT('',(-11.08580780457,0.,-51.60932695308));
#1942 = CARTESIAN_POINT('',(-11.19205693924,0.,-51.33848344985));
#1943 = CARTESIAN_POINT('',(-11.34529830478,0.,-50.91283918262));
#1944 = CARTESIAN_POINT('',(-11.39763953108,0.,-50.75996361486));
#1945 = CARTESIAN_POINT('',(-11.447576687,0.,-50.60627339335));
#1946 = CARTESIAN_POINT('',(-11.49509463073,0.,-50.45181390328));
#1947 = CARTESIAN_POINT('',(-11.54017929799,0.,-50.29663086134));
#1948 = CARTESIAN_POINT('',(-11.582817702,0.,-50.14077031568));
#1949 = CARTESIAN_POINT('',(-11.67925024899,0.,-49.7651903423));
#1950 = CARTESIAN_POINT('',(-11.73068459285,0.,-49.54486484659));
#1951 = CARTESIAN_POINT('',(-11.7772682653,0.,-49.32342954437));
#1952 = CARTESIAN_POINT('',(-11.81897282395,0.,-49.10101261945));
#1953 = CARTESIAN_POINT('',(-11.85577408387,0.,-48.87774305395));
#1954 = CARTESIAN_POINT('',(-11.88765211752,0.,-48.65375062827));
#1955 = CARTESIAN_POINT('',(-11.96846936812,0.,-47.97999785191));
#1956 = CARTESIAN_POINT('',(-12.00259233375,0.,-47.52845576692));
#1957 = CARTESIAN_POINT('',(-12.01683459609,0.,-47.07558983569));
#1958 = CARTESIAN_POINT('',(-12.01113997116,0.,-46.62244983606));
#1959 = CARTESIAN_POINT('',(-11.98552164261,0.,-46.17008483416));
#1960 = CARTESIAN_POINT('',(-11.94006215768,0.,-45.71954286438));
#1961 = CARTESIAN_POINT('',(-11.80821354905,0.,-44.81353963284));
#1962 = CARTESIAN_POINT('',(-11.72087430892,0.,-44.35820733734));
#1963 = CARTESIAN_POINT('',(-11.61305967524,0.,-43.90699719705));
#1964 = CARTESIAN_POINT('',(-11.48500703719,0.,-43.46101219056));
#1965 = CARTESIAN_POINT('',(-11.33702709746,0.,-43.02133444111));
#1966 = CARTESIAN_POINT('',(-11.16950376893,0.,-42.5890248569));
#1967 = CARTESIAN_POINT('',(-10.87439972577,0.,-41.91866730842));
#1968 = CARTESIAN_POINT('',(-10.75945304408,0.,-41.67505191299));
#1969 = CARTESIAN_POINT('',(-10.63814351604,0.,-41.43447982009));
#1970 = CARTESIAN_POINT('',(-10.51056829567,0.,-41.19715014473));
#1971 = CARTESIAN_POINT('',(-10.37683220147,0.,-40.96325788196));
#1972 = CARTESIAN_POINT('',(-10.23704771634,0.,-40.73299390684));
#1973 = CARTESIAN_POINT('',(-9.910651307687,0.,-40.22574845961));
#1974 = CARTESIAN_POINT('',(-9.720851522298,0.,-39.95081668165));
#1975 = CARTESIAN_POINT('',(-9.522165127997,0.,-39.68210616233));
#1976 = CARTESIAN_POINT('',(-9.31483776152,0.,-39.41996065836));
#1977 = CARTESIAN_POINT('',(-9.099131199754,0.,-39.16471116142));
#1978 = CARTESIAN_POINT('',(-8.875323359737,0.,-38.91667589818));
#1979 = CARTESIAN_POINT('',(-8.427036094229,0.,-38.45116184327));
#1980 = CARTESIAN_POINT('',(-8.203530456342,0.,-38.23274291782));
#1981 = CARTESIAN_POINT('',(-7.97343207556,0.,-38.02115342375));
#1982 = CARTESIAN_POINT('',(-7.736991951626,0.,-37.81663131286));
#1983 = CARTESIAN_POINT('',(-7.494471393463,0.,-37.61940261893));
#1984 = CARTESIAN_POINT('',(-7.24614201917,0.,-37.42968145768));
#1985 = CARTESIAN_POINT('',(-6.738429492878,0.,-37.06565859592));
#1986 = CARTESIAN_POINT('',(-6.479045176832,0.,-36.89135606079));
#1987 = CARTESIAN_POINT('',(-6.214414791725,0.,-36.72496454021));
#1988 = CARTESIAN_POINT('',(-5.944828300292,0.,-36.56667256416));
#1989 = CARTESIAN_POINT('',(-5.670583644161,0.,-36.41665507376));
#1990 = CARTESIAN_POINT('',(-5.391986743853,0.,-36.27507342135));
#1991 = CARTESIAN_POINT('',(-4.855954314164,0.,-36.02283570636));
#1992 = CARTESIAN_POINT('',(-4.599310193917,0.,-35.91049515754));
#1993 = CARTESIAN_POINT('',(-4.339645217249,0.,-35.80516008088));
#1994 = CARTESIAN_POINT('',(-4.077189031813,0.,-35.70692729922));
#1995 = CARTESIAN_POINT('',(-3.812174853716,0.,-35.61588410128));
#1996 = CARTESIAN_POINT('',(-3.544839467513,0.,-35.53210824169));
#1997 = CARTESIAN_POINT('',(-2.985282707946,0.,-35.37334763109));
#1998 = CARTESIAN_POINT('',(-2.692727848339,0.,-35.29953454167));
#1999 = CARTESIAN_POINT('',(-2.398058999935,0.,-35.23431384956));
#2000 = CARTESIAN_POINT('',(-2.10157908125,0.,-35.17775728031));
#2001 = CARTESIAN_POINT('',(-1.80359357677,0.,-35.12992310823));
#2002 = CARTESIAN_POINT('',(-1.50441053695,0.,-35.09085615629));
#2003 = CARTESIAN_POINT('',(-0.925704140623,0.,-35.03248145709));
#2004 = CARTESIAN_POINT('',(-0.646302033848,0.,-35.01196156196));
#2005 = CARTESIAN_POINT('',(-0.366382846111,0.,-34.99905316084));
#2006 = CARTESIAN_POINT('',(-8.619535750818E-02,0.,-34.99377112551));
#2007 = CARTESIAN_POINT('',(0.194011459984,0.,-34.99612014954));
#2008 = CARTESIAN_POINT('',(0.473988442514,0.,-35.00609474828));
#2009 = CARTESIAN_POINT('',(1.065233687312,0.,-35.04329274613));
#2010 = CARTESIAN_POINT('',(1.376386216724,0.,-35.07237367807));
#2011 = CARTESIAN_POINT('',(1.686597570921,0.,-35.11090022175));
#2012 = CARTESIAN_POINT('',(1.995523914448,0.,-35.15883497242));
#2013 = CARTESIAN_POINT('',(2.302823828054,0.,-35.21612495356));
#2014 = CARTESIAN_POINT('',(2.608158308697,0.,-35.28270161683));
#2015 = CARTESIAN_POINT('',(3.120178796778,0.,-35.4107424076));
#2016 = CARTESIAN_POINT('',(3.328072368035,0.,-35.46738103789));
#2017 = CARTESIAN_POINT('',(3.534761289606,0.,-35.52836917149));
#2018 = CARTESIAN_POINT('',(3.740136447656,0.,-35.59367585096));
#2019 = CARTESIAN_POINT('',(3.944089808226,0.,-35.66326672287));
#2020 = CARTESIAN_POINT('',(4.146514417229,0.,-35.73710403783));
#2021 = CARTESIAN_POINT('',(4.638449704493,0.,-35.92830837215));
#2022 = CARTESIAN_POINT('',(4.92615908903,0.,-36.05031209017));
#2023 = CARTESIAN_POINT('',(5.210109199533,0.,-36.18103207175));
#2024 = CARTESIAN_POINT('',(5.48998370287,0.,-36.3203284767));
#2025 = CARTESIAN_POINT('',(5.765473287305,0.,-36.46804735737));
#2026 = CARTESIAN_POINT('',(6.036275662505,0.,-36.62402065877));
#2027 = CARTESIAN_POINT('',(6.567915456564,0.,-36.95211177815));
#2028 = CARTESIAN_POINT('',(6.82875409433,0.,-37.12423034836));
#2029 = CARTESIAN_POINT('',(7.084316254878,0.,-37.30423968405));
#2030 = CARTESIAN_POINT('',(7.334316181756,0.,-37.49194493866));
#2031 = CARTESIAN_POINT('',(7.57847758002,0.,-37.68713866407));
#2032 = CARTESIAN_POINT('',(7.816533616227,0.,-37.88960081062));
#2033 = CARTESIAN_POINT('',(8.279920220653,0.,-38.30859664364));
#2034 = CARTESIAN_POINT('',(8.505251851292,0.,-38.52513129074));
#2035 = CARTESIAN_POINT('',(8.723964503526,0.,-38.74846994524));
#2036 = CARTESIAN_POINT('',(8.935812458866,0.,-38.97836920549));
#2037 = CARTESIAN_POINT('',(9.140561587165,0.,-39.21457499141));
#2038 = CARTESIAN_POINT('',(9.337989346621,0.,-39.45682254446));
#2039 = CARTESIAN_POINT('',(10.208809279526,0.,-40.59416126289));
#2040 = CARTESIAN_POINT('',(10.793135825454,0.,-41.55795904992));
#2041 = CARTESIAN_POINT('',(11.270608353943,0.,-42.58307944464));
#2042 = CARTESIAN_POINT('',(11.633934648065,0.,-43.65524822072));
#2043 = CARTESIAN_POINT('',(11.878027791554,0.,-44.75945398798));
#2044 = CARTESIAN_POINT('',(12.,0.,-45.87992998813));
#2045 = CARTESIAN_POINT('',(12.,0.,-47.));
#2046 = PCURVE('',#1657,#2047);
#2047 = DEFINITIONAL_REPRESENTATION('',(#2048),#2255);
#2048 = B_SPLINE_CURVE_WITH_KNOTS('',7,(#2049,#2050,#2051,#2052,#2053,
    #2054,#2055,#2056,#2057,#2058,#2059,#2060,#2061,#2062,#2063,#2064,
    #2065,#2066,#2067,#2068,#2069,#2070,#2071,#2072,#2073,#2074,#2075,
    #2076,#2077,#2078,#2079,#2080,#2081,#2082,#2083,#2084,#2085,#2086,
    #2087,#2088,#2089,#2090,#2091,#2092,#2093,#2094,#2095,#2096,#2097,
    #2098,#2099,#2100,#2101,#2102,#2103,#2104,#2105,#2106,#2107,#2108,
    #2109,#2110,#2111,#2112,#2113,#2114,#2115,#2116,#2117,#2118,#2119,
    #2120,#2121,#2122,#2123,#2124,#2125,#2126,#2127,#2128,#2129,#2130,
    #2131,#2132,#2133,#2134,#2135,#2136,#2137,#2138,#2139,#2140,#2141,
    #2142,#2143,#2144,#2145,#2146,#2147,#2148,#2149,#2150,#2151,#2152,
    #2153,#2154,#2155,#2156,#2157,#2158,#2159,#2160,#2161,#2162,#2163,
    #2164,#2165,#2166,#2167,#2168,#2169,#2170,#2171,#2172,#2173,#2174,
    #2175,#2176,#2177,#2178,#2179,#2180,#2181,#2182,#2183,#2184,#2185,
    #2186,#2187,#2188,#2189,#2190,#2191,#2192,#2193,#2194,#2195,#2196,
    #2197,#2198,#2199,#2200,#2201,#2202,#2203,#2204,#2205,#2206,#2207,
    #2208,#2209,#2210,#2211,#2212,#2213,#2214,#2215,#2216,#2217,#2218,
    #2219,#2220,#2221,#2222,#2223,#2224,#2225,#2226,#2227,#2228,#2229,
    #2230,#2231,#2232,#2233,#2234,#2235,#2236,#2237,#2238,#2239,#2240,
    #2241,#2242,#2243,#2244,#2245,#2246,#2247,#2248,#2249,#2250,#2251,
    #2252,#2253,#2254),.UNSPECIFIED.,.T.,.F.,(8,6,6,6,6,6,6,6,6,6,6,6,6,
    6,6,6,6,6,6,6,6,6,6,6,6,6,6,6,6,6,6,6,6,6,8),(0.,2.100026928079E-02,
    5.000062512473E-02,7.800097149344E-02,0.103001286786,0.128001602078,
    0.152001906279,0.175002199092,0.204002554936,0.232002901305,
    0.260003247674,0.289003603517,0.318003959361,0.347004315205,
    0.367004572406,0.393004898451,0.418005213743,0.445005550163,
    0.460005744828,0.481006014109,0.523006426899,0.566006836224,
    0.591007151516,0.622007524674,0.651007880518,0.680008236361,
    0.706008562407,0.734008908776,0.760009234821,0.789009590665,
    0.809009847865,0.838010203709,0.867010559553,0.896010915397,1.),
  .UNSPECIFIED.);
#2049 = CARTESIAN_POINT('',(-12.,24.));
#2050 = CARTESIAN_POINT('',(-12.22619462371,24.));
#2051 = CARTESIAN_POINT('',(-12.45238939,23.995025716698));
#2052 = CARTESIAN_POINT('',(-12.67845278326,23.985077157092));
#2053 = CARTESIAN_POINT('',(-12.90425357347,23.970158650386));
#2054 = CARTESIAN_POINT('',(-13.12966081619,23.950278847993));
#2055 = CARTESIAN_POINT('',(-13.3545438525,23.925450723534));
#2056 = CARTESIAN_POINT('',(-13.88842095907,23.854595625522));
#2057 = CARTESIAN_POINT('',(-14.19682228389,23.804095922436));
#2058 = CARTESIAN_POINT('',(-14.50363236635,23.744238156538));
#2059 = CARTESIAN_POINT('',(-14.80851077509,23.675083388549));
#2060 = CARTESIAN_POINT('',(-15.11112056453,23.596708046941));
#2061 = CARTESIAN_POINT('',(-15.41112827497,23.509203927944));
#2062 = CARTESIAN_POINT('',(-15.99503563047,23.319480927367));
#2063 = CARTESIAN_POINT('',(-16.27913520682,23.217873108946));
#2064 = CARTESIAN_POINT('',(-16.56020575705,23.107951251744));
#2065 = CARTESIAN_POINT('',(-16.83795573607,22.989824468735));
#2066 = CARTESIAN_POINT('',(-17.11209895818,22.8636144744));
#2067 = CARTESIAN_POINT('',(-17.38235459711,22.72945558473));
#2068 = CARTESIAN_POINT('',(-17.88602991196,22.460743912063));
#2069 = CARTESIAN_POINT('',(-18.12029460542,22.327773035853));
#2070 = CARTESIAN_POINT('',(-18.35104534978,22.188686633014));
#2071 = CARTESIAN_POINT('',(-18.57809091404,22.043596580276));
#2072 = CARTESIAN_POINT('',(-18.80124475281,21.892622086667));
#2073 = CARTESIAN_POINT('',(-19.02032500628,21.735889693519));
#2074 = CARTESIAN_POINT('',(-19.44998399424,21.411176855408));
#2075 = CARTESIAN_POINT('',(-19.6605632727,21.243195999336));
#2076 = CARTESIAN_POINT('',(-19.86671518547,21.069724611666));
#2077 = CARTESIAN_POINT('',(-20.06826835729,20.890903106855));
#2078 = CARTESIAN_POINT('',(-20.26505718786,20.706878408401));
#2079 = CARTESIAN_POINT('',(-20.45692185179,20.517803948841));
#2080 = CARTESIAN_POINT('',(-20.823023299,20.137633950028));
#2081 = CARTESIAN_POINT('',(-20.99765862602,19.946921346815));
#2082 = CARTESIAN_POINT('',(-21.16747803811,19.751843359678));
#2083 = CARTESIAN_POINT('',(-21.33235098807,19.552546198979));
#2084 = CARTESIAN_POINT('',(-21.49215262305,19.349180785875));
#2085 = CARTESIAN_POINT('',(-21.64676378459,19.141902752321));
#2086 = CARTESIAN_POINT('',(-21.93915710628,18.72863504814));
#2087 = CARTESIAN_POINT('',(-22.07737233092,18.522951161624));
#2088 = CARTESIAN_POINT('',(-22.21061685976,18.313961891577));
#2089 = CARTESIAN_POINT('',(-22.33879620513,18.101811571476));
#2090 = CARTESIAN_POINT('',(-22.46182121447,17.886647758214));
#2091 = CARTESIAN_POINT('',(-22.57960807031,17.668621232104));
#2092 = CARTESIAN_POINT('',(-22.83388850228,17.169567784972));
#2093 = CARTESIAN_POINT('',(-22.96724684606,16.886942327331));
#2094 = CARTESIAN_POINT('',(-23.09199585768,16.600318771181));
#2095 = CARTESIAN_POINT('',(-23.20799270649,16.310012110712));
#2096 = CARTESIAN_POINT('',(-23.31510919508,16.01634318707));
#2097 = CARTESIAN_POINT('',(-23.41323175929,15.719638688359));
#2098 = CARTESIAN_POINT('',(-23.58822119574,15.13114797995));
#2099 = CARTESIAN_POINT('',(-23.66570471322,14.839543757471));
#2100 = CARTESIAN_POINT('',(-23.73462307628,14.545717740698));
#2101 = CARTESIAN_POINT('',(-23.79490075854,14.249971922926));
#2102 = CARTESIAN_POINT('',(-23.84647565157,13.952611032243));
#2103 = CARTESIAN_POINT('',(-23.88929906496,13.653942531534));
#2104 = CARTESIAN_POINT('',(-23.95737238751,13.054610705431));
#2105 = CARTESIAN_POINT('',(-23.98262243231,12.75394618593));
#2106 = CARTESIAN_POINT('',(-23.99905066632,12.452593266536));
#2107 = CARTESIAN_POINT('',(-24.00663558473,12.150862497935));
#2108 = CARTESIAN_POINT('',(-24.00536937226,11.849064774939));
#2109 = CARTESIAN_POINT('',(-23.99525790315,11.547511336488));
#2110 = CARTESIAN_POINT('',(-23.95670725386,10.934766312688));
#2111 = CARTESIAN_POINT('',(-23.92762632192,10.623613783276));
#2112 = CARTESIAN_POINT('',(-23.88909977824,10.313402429078));
#2113 = CARTESIAN_POINT('',(-23.84116502757,10.004476085552));
#2114 = CARTESIAN_POINT('',(-23.78387504643,9.697176171946));
#2115 = CARTESIAN_POINT('',(-23.71729838316,9.391841691302));
#2116 = CARTESIAN_POINT('',(-23.5657399326,8.78577676961));
#2117 = CARTESIAN_POINT('',(-23.48075779782,8.485044939018));
#2118 = CARTESIAN_POINT('',(-23.38665696785,8.186950301964));
#2119 = CARTESIAN_POINT('',(-23.28353653317,7.891824223826));
#2120 = CARTESIAN_POINT('',(-23.17151046042,7.599992872075));
#2121 = CARTESIAN_POINT('',(-23.05070759243,7.311777216275));
#2122 = CARTESIAN_POINT('',(-22.791835704,6.743208839889));
#2123 = CARTESIAN_POINT('',(-22.65376609004,6.46285481573));
#2124 = CARTESIAN_POINT('',(-22.50720661368,6.186746687037));
#2125 = CARTESIAN_POINT('',(-22.3523147703,5.915192377736));
#2126 = CARTESIAN_POINT('',(-22.18926174327,5.648492004248));
#2127 = CARTESIAN_POINT('',(-22.018232404,5.386937875488));
#2128 = CARTESIAN_POINT('',(-21.71611000327,4.954177573133));
#2129 = CARTESIAN_POINT('',(-21.58909515343,4.780123273186));
#2130 = CARTESIAN_POINT('',(-21.45844578821,4.608744726955));
#2131 = CARTESIAN_POINT('',(-21.32422972153,4.440132849048));
#2132 = CARTESIAN_POINT('',(-21.18651755536,4.274376334756));
#2133 = CARTESIAN_POINT('',(-21.04538267976,4.111561660044));
#2134 = CARTESIAN_POINT('',(-20.71307550395,3.744047995961));
#2135 = CARTESIAN_POINT('',(-20.51959368766,3.541436569503));
#2136 = CARTESIAN_POINT('',(-20.32062341158,3.344124107358));
#2137 = CARTESIAN_POINT('',(-20.11633923199,3.152288493778));
#2138 = CARTESIAN_POINT('',(-19.90692267391,2.966100192089));
#2139 = CARTESIAN_POINT('',(-19.69256223106,2.785722244696));
#2140 = CARTESIAN_POINT('',(-19.26277174964,2.443606442236));
#2141 = CARTESIAN_POINT('',(-19.04769938406,2.281418039177));
#2142 = CARTESIAN_POINT('',(-18.8284100231,2.124883347664));
#2143 = CARTESIAN_POINT('',(-18.60508228913,1.97413343922));
#2144 = CARTESIAN_POINT('',(-18.37789967291,1.829292173129));
#2145 = CARTESIAN_POINT('',(-18.14705053355,1.69047619644));
#2146 = CARTESIAN_POINT('',(-17.65965990719,1.414499213033));
#2147 = CARTESIAN_POINT('',(-17.40253968024,1.278358584445));
#2148 = CARTESIAN_POINT('',(-17.14161096454,1.149510926283));
#2149 = CARTESIAN_POINT('',(-16.87712224669,1.028083347002));
#2150 = CARTESIAN_POINT('',(-16.60932695308,0.914192195427));
#2151 = CARTESIAN_POINT('',(-16.33848344985,0.807943060753));
#2152 = CARTESIAN_POINT('',(-15.91283918262,0.654701695214));
#2153 = CARTESIAN_POINT('',(-15.75996361486,0.602360468914));
#2154 = CARTESIAN_POINT('',(-15.60627339335,0.552423312992));
#2155 = CARTESIAN_POINT('',(-15.45181390328,0.504905369261));
#2156 = CARTESIAN_POINT('',(-15.29663086134,0.45982070201));
#2157 = CARTESIAN_POINT('',(-15.14077031568,0.417182297998));
#2158 = CARTESIAN_POINT('',(-14.7651903423,0.320749751007));
#2159 = CARTESIAN_POINT('',(-14.54486484659,0.269315407148));
#2160 = CARTESIAN_POINT('',(-14.32342954437,0.222731734698));
#2161 = CARTESIAN_POINT('',(-14.10101261945,0.181027176042));
#2162 = CARTESIAN_POINT('',(-13.87774305395,0.144225916129));
#2163 = CARTESIAN_POINT('',(-13.65375062827,0.112347882476));
#2164 = CARTESIAN_POINT('',(-12.97999785191,3.153063187512E-02));
#2165 = CARTESIAN_POINT('',(-12.52845576692,-2.592333757356E-03));
#2166 = CARTESIAN_POINT('',(-12.07558983569,-1.683459609933E-02));
#2167 = CARTESIAN_POINT('',(-11.62244983606,-1.113997116766E-02));
#2168 = CARTESIAN_POINT('',(-11.17008483416,1.447835738996E-02));
#2169 = CARTESIAN_POINT('',(-10.71954286438,5.993784231663E-02));
#2170 = CARTESIAN_POINT('',(-9.813539632846,0.191786450943));
#2171 = CARTESIAN_POINT('',(-9.358207337342,0.279125691074));
#2172 = CARTESIAN_POINT('',(-8.906997197059,0.386940324755));
#2173 = CARTESIAN_POINT('',(-8.461012190566,0.514992962802));
#2174 = CARTESIAN_POINT('',(-8.021334441111,0.662972902537));
#2175 = CARTESIAN_POINT('',(-7.589024856907,0.830496231064));
#2176 = CARTESIAN_POINT('',(-6.918667308428,1.125600274229));
#2177 = CARTESIAN_POINT('',(-6.67505191299,1.240546955911));
#2178 = CARTESIAN_POINT('',(-6.434479820092,1.36185648396));
#2179 = CARTESIAN_POINT('',(-6.197150144738,1.489431704323));
#2180 = CARTESIAN_POINT('',(-5.963257881964,1.623167798521));
#2181 = CARTESIAN_POINT('',(-5.732993906843,1.76295228366));
#2182 = CARTESIAN_POINT('',(-5.225748459617,2.089348692313));
#2183 = CARTESIAN_POINT('',(-4.950816681655,2.279148477702));
#2184 = CARTESIAN_POINT('',(-4.682106162333,2.477834872003));
#2185 = CARTESIAN_POINT('',(-4.419960658363,2.68516223848));
#2186 = CARTESIAN_POINT('',(-4.164711161428,2.900868800246));
#2187 = CARTESIAN_POINT('',(-3.916675898181,3.124676640263));
#2188 = CARTESIAN_POINT('',(-3.451161843276,3.572963905771));
#2189 = CARTESIAN_POINT('',(-3.232742917826,3.796469543658));
#2190 = CARTESIAN_POINT('',(-3.021153423752,4.02656792444));
#2191 = CARTESIAN_POINT('',(-2.816631312866,4.263008048374));
#2192 = CARTESIAN_POINT('',(-2.619402618936,4.505528606537));
#2193 = CARTESIAN_POINT('',(-2.429681457688,4.75385798083));
#2194 = CARTESIAN_POINT('',(-2.06565859592,5.261570507122));
#2195 = CARTESIAN_POINT('',(-1.891356060794,5.520954823168));
#2196 = CARTESIAN_POINT('',(-1.724964540219,5.785585208275));
#2197 = CARTESIAN_POINT('',(-1.566672564162,6.055171699708));
#2198 = CARTESIAN_POINT('',(-1.416655073766,6.329416355839));
#2199 = CARTESIAN_POINT('',(-1.275073421351,6.608013256147));
#2200 = CARTESIAN_POINT('',(-1.022835706367,7.144045685836));
#2201 = CARTESIAN_POINT('',(-0.910495157546,7.400689806083));
#2202 = CARTESIAN_POINT('',(-0.805160080886,7.660354782751));
#2203 = CARTESIAN_POINT('',(-0.706927299223,7.922810968187));
#2204 = CARTESIAN_POINT('',(-0.615884101285,8.187825146284));
#2205 = CARTESIAN_POINT('',(-0.532108241694,8.455160532487));
#2206 = CARTESIAN_POINT('',(-0.373347631094,9.014717292054));
#2207 = CARTESIAN_POINT('',(-0.299534541674,9.307272151661));
#2208 = CARTESIAN_POINT('',(-0.23431384956,9.601941000065));
#2209 = CARTESIAN_POINT('',(-0.177757280318,9.89842091875));
#2210 = CARTESIAN_POINT('',(-0.12992310823,10.19640642323));
#2211 = CARTESIAN_POINT('',(-9.085615629444E-02,10.49558946305));
#2212 = CARTESIAN_POINT('',(-3.248145709872E-02,11.074295859377));
#2213 = CARTESIAN_POINT('',(-1.19615619683E-02,11.353697966152));
#2214 = CARTESIAN_POINT('',(9.468391558727E-04,11.633617153889));
#2215 = CARTESIAN_POINT('',(6.228874484846E-03,11.913804642492));
#2216 = CARTESIAN_POINT('',(3.879850451553E-03,12.194011459984));
#2217 = CARTESIAN_POINT('',(-6.094748289184E-03,12.473988442514));
#2218 = CARTESIAN_POINT('',(-4.329274613085E-02,13.065233687312));
#2219 = CARTESIAN_POINT('',(-7.237367807499E-02,13.376386216724));
#2220 = CARTESIAN_POINT('',(-0.110900221752,13.686597570921));
#2221 = CARTESIAN_POINT('',(-0.158834972427,13.995523914448));
#2222 = CARTESIAN_POINT('',(-0.216124953564,14.302823828054));
#2223 = CARTESIAN_POINT('',(-0.282701616837,14.608158308697));
#2224 = CARTESIAN_POINT('',(-0.410742407605,15.120178796778));
#2225 = CARTESIAN_POINT('',(-0.467381037893,15.328072368035));
#2226 = CARTESIAN_POINT('',(-0.528369171498,15.534761289606));
#2227 = CARTESIAN_POINT('',(-0.593675850965,15.740136447656));
#2228 = CARTESIAN_POINT('',(-0.663266722875,15.944089808226));
#2229 = CARTESIAN_POINT('',(-0.737104037839,16.146514417229));
#2230 = CARTESIAN_POINT('',(-0.92830837215,16.638449704493));
#2231 = CARTESIAN_POINT('',(-1.050312090172,16.92615908903));
#2232 = CARTESIAN_POINT('',(-1.181032071759,17.210109199533));
#2233 = CARTESIAN_POINT('',(-1.3203284767,17.48998370287));
#2234 = CARTESIAN_POINT('',(-1.468047357378,17.765473287305));
#2235 = CARTESIAN_POINT('',(-1.624020658773,18.036275662505));
#2236 = CARTESIAN_POINT('',(-1.952111778153,18.567915456564));
#2237 = CARTESIAN_POINT('',(-2.124230348361,18.82875409433));
#2238 = CARTESIAN_POINT('',(-2.304239684056,19.084316254878));
#2239 = CARTESIAN_POINT('',(-2.491944938664,19.334316181756));
#2240 = CARTESIAN_POINT('',(-2.687138664073,19.57847758002));
#2241 = CARTESIAN_POINT('',(-2.889600810628,19.816533616227));
#2242 = CARTESIAN_POINT('',(-3.30859664364,20.279920220653));
#2243 = CARTESIAN_POINT('',(-3.525131290742,20.505251851292));
#2244 = CARTESIAN_POINT('',(-3.748469945242,20.723964503526));
#2245 = CARTESIAN_POINT('',(-3.978369205496,20.935812458866));
#2246 = CARTESIAN_POINT('',(-4.214574991415,21.140561587165));
#2247 = CARTESIAN_POINT('',(-4.456822544464,21.337989346621));
#2248 = CARTESIAN_POINT('',(-5.594161262899,22.208809279526));
#2249 = CARTESIAN_POINT('',(-6.557959049926,22.793135825454));
#2250 = CARTESIAN_POINT('',(-7.583079444647,23.270608353943));
#2251 = CARTESIAN_POINT('',(-8.655248220725,23.633934648065));
#2252 = CARTESIAN_POINT('',(-9.75945398798,23.878027791554));
#2253 = CARTESIAN_POINT('',(-10.87992998813,24.));
#2254 = CARTESIAN_POINT('',(-12.,24.));
#2255 = ( GEOMETRIC_REPRESENTATION_CONTEXT(2) 
PARAMETRIC_REPRESENTATION_CONTEXT() REPRESENTATION_CONTEXT('2D SPACE',''
  ) );
#2256 = PCURVE('',#718,#2257);
#2257 = DEFINITIONAL_REPRESENTATION('',(#2258),#2465);
#2258 = B_SPLINE_CURVE_WITH_KNOTS('',7,(#2259,#2260,#2261,#2262,#2263,
    #2264,#2265,#2266,#2267,#2268,#2269,#2270,#2271,#2272,#2273,#2274,
    #2275,#2276,#2277,#2278,#2279,#2280,#2281,#2282,#2283,#2284,#2285,
    #2286,#2287,#2288,#2289,#2290,#2291,#2292,#2293,#2294,#2295,#2296,
    #2297,#2298,#2299,#2300,#2301,#2302,#2303,#2304,#2305,#2306,#2307,
    #2308,#2309,#2310,#2311,#2312,#2313,#2314,#2315,#2316,#2317,#2318,
    #2319,#2320,#2321,#2322,#2323,#2324,#2325,#2326,#2327,#2328,#2329,
    #2330,#2331,#2332,#2333,#2334,#2335,#2336,#2337,#2338,#2339,#2340,
    #2341,#2342,#2343,#2344,#2345,#2346,#2347,#2348,#2349,#2350,#2351,
    #2352,#2353,#2354,#2355,#2356,#2357,#2358,#2359,#2360,#2361,#2362,
    #2363,#2364,#2365,#2366,#2367,#2368,#2369,#2370,#2371,#2372,#2373,
    #2374,#2375,#2376,#2377,#2378,#2379,#2380,#2381,#2382,#2383,#2384,
    #2385,#2386,#2387,#2388,#2389,#2390,#2391,#2392,#2393,#2394,#2395,
    #2396,#2397,#2398,#2399,#2400,#2401,#2402,#2403,#2404,#2405,#2406,
    #2407,#2408,#2409,#2410,#2411,#2412,#2413,#2414,#2415,#2416,#2417,
    #2418,#2419,#2420,#2421,#2422,#2423,#2424,#2425,#2426,#2427,#2428,
    #2429,#2430,#2431,#2432,#2433,#2434,#2435,#2436,#2437,#2438,#2439,
    #2440,#2441,#2442,#2443,#2444,#2445,#2446,#2447,#2448,#2449,#2450,
    #2451,#2452,#2453,#2454,#2455,#2456,#2457,#2458,#2459,#2460,#2461,
    #2462,#2463,#2464),.UNSPECIFIED.,.F.,.F.,(8,6,6,6,6,6,6,6,6,6,6,6,6,
    6,6,6,6,6,6,6,6,6,6,6,6,6,6,6,6,6,6,6,6,6,8),(0.,2.100026928079E-02,
    5.000062512473E-02,7.800097149344E-02,0.103001286786,0.128001602078,
    0.152001906279,0.175002199092,0.204002554936,0.232002901305,
    0.260003247674,0.289003603517,0.318003959361,0.347004315205,
    0.367004572406,0.393004898451,0.418005213743,0.445005550163,
    0.460005744828,0.481006014109,0.523006426899,0.566006836224,
    0.591007151516,0.622007524674,0.651007880518,0.680008236361,
    0.706008562407,0.734008908776,0.760009234821,0.789009590665,
    0.809009847865,0.838010203709,0.867010559553,0.896010915397,1.),
  .UNSPECIFIED.);
#2259 = CARTESIAN_POINT('',(6.28318530718,-1.));
#2260 = CARTESIAN_POINT('',(6.264335755203,-1.));
#2261 = CARTESIAN_POINT('',(6.245486199282,-1.));
#2262 = CARTESIAN_POINT('',(6.226636640993,-1.));
#2263 = CARTESIAN_POINT('',(6.207787081915,-1.));
#2264 = CARTESIAN_POINT('',(6.188937523627,-1.));
#2265 = CARTESIAN_POINT('',(6.170087967705,-1.));
#2266 = CARTESIAN_POINT('',(6.125208096426,-1.));
#2267 = CARTESIAN_POINT('',(6.099177757297,-1.));
#2268 = CARTESIAN_POINT('',(6.07314740627,-1.));
#2269 = CARTESIAN_POINT('',(6.047117051279,-1.));
#2270 = CARTESIAN_POINT('',(6.021086700253,-1.));
#2271 = CARTESIAN_POINT('',(5.995056361123,-1.));
#2272 = CARTESIAN_POINT('',(5.943893317226,-1.));
#2273 = CARTESIAN_POINT('',(5.918760575998,-1.));
#2274 = CARTESIAN_POINT('',(5.893627824788,-1.));
#2275 = CARTESIAN_POINT('',(5.868495070252,-1.));
#2276 = CARTESIAN_POINT('',(5.843362319042,-1.));
#2277 = CARTESIAN_POINT('',(5.818229577814,-1.));
#2278 = CARTESIAN_POINT('',(5.77065691513,-1.));
#2279 = CARTESIAN_POINT('',(5.748216967604,-1.));
#2280 = CARTESIAN_POINT('',(5.725777014417,-1.));
#2281 = CARTESIAN_POINT('',(5.703337059343,-1.));
#2282 = CARTESIAN_POINT('',(5.680897106155,-1.));
#2283 = CARTESIAN_POINT('',(5.65845715863,-1.));
#2284 = CARTESIAN_POINT('',(5.61357728245,-1.));
#2285 = CARTESIAN_POINT('',(5.591137334925,-1.));
#2286 = CARTESIAN_POINT('',(5.568697381738,-1.));
#2287 = CARTESIAN_POINT('',(5.546257426663,-1.));
#2288 = CARTESIAN_POINT('',(5.523817473476,-1.));
#2289 = CARTESIAN_POINT('',(5.50137752595,-1.));
#2290 = CARTESIAN_POINT('',(5.457395245929,-1.));
#2291 = CARTESIAN_POINT('',(5.435852896305,-1.));
#2292 = CARTESIAN_POINT('',(5.414310542064,-1.));
#2293 = CARTESIAN_POINT('',(5.392768186285,-1.));
#2294 = CARTESIAN_POINT('',(5.371225832044,-1.));
#2295 = CARTESIAN_POINT('',(5.34968348242,-1.));
#2296 = CARTESIAN_POINT('',(5.307496394983,-1.));
#2297 = CARTESIAN_POINT('',(5.286851643259,-1.));
#2298 = CARTESIAN_POINT('',(5.266206887805,-1.));
#2299 = CARTESIAN_POINT('',(5.245562131107,-1.));
#2300 = CARTESIAN_POINT('',(5.224917375652,-1.));
#2301 = CARTESIAN_POINT('',(5.204272623929,-1.));
#2302 = CARTESIAN_POINT('',(5.157597559121,-1.));
#2303 = CARTESIAN_POINT('',(5.131567219991,-1.));
#2304 = CARTESIAN_POINT('',(5.105536868965,-1.));
#2305 = CARTESIAN_POINT('',(5.079506513973,-1.));
#2306 = CARTESIAN_POINT('',(5.053476162947,-1.));
#2307 = CARTESIAN_POINT('',(5.027445823818,-1.));
#2308 = CARTESIAN_POINT('',(4.976282779921,-1.));
#2309 = CARTESIAN_POINT('',(4.951150038692,-1.));
#2310 = CARTESIAN_POINT('',(4.926017287483,-1.));
#2311 = CARTESIAN_POINT('',(4.900884532946,-1.));
#2312 = CARTESIAN_POINT('',(4.875751781737,-1.));
#2313 = CARTESIAN_POINT('',(4.850619040508,-1.));
#2314 = CARTESIAN_POINT('',(4.80035359132,-1.));
#2315 = CARTESIAN_POINT('',(4.775220850091,-1.));
#2316 = CARTESIAN_POINT('',(4.750088098882,-1.));
#2317 = CARTESIAN_POINT('',(4.724955344345,-1.));
#2318 = CARTESIAN_POINT('',(4.699822593136,-1.));
#2319 = CARTESIAN_POINT('',(4.674689851907,-1.));
#2320 = CARTESIAN_POINT('',(4.62352680801,-1.));
#2321 = CARTESIAN_POINT('',(4.597496468881,-1.));
#2322 = CARTESIAN_POINT('',(4.571466117855,-1.));
#2323 = CARTESIAN_POINT('',(4.545435762863,-1.));
#2324 = CARTESIAN_POINT('',(4.519405411837,-1.));
#2325 = CARTESIAN_POINT('',(4.493375072707,-1.));
#2326 = CARTESIAN_POINT('',(4.441314434102,-1.));
#2327 = CARTESIAN_POINT('',(4.415284094973,-1.));
#2328 = CARTESIAN_POINT('',(4.389253743946,-1.));
#2329 = CARTESIAN_POINT('',(4.363223388955,-1.));
#2330 = CARTESIAN_POINT('',(4.337193037929,-1.));
#2331 = CARTESIAN_POINT('',(4.311162698799,-1.));
#2332 = CARTESIAN_POINT('',(4.259102060194,-1.));
#2333 = CARTESIAN_POINT('',(4.233071721064,-1.));
#2334 = CARTESIAN_POINT('',(4.207041370038,-1.));
#2335 = CARTESIAN_POINT('',(4.181011015047,-1.));
#2336 = CARTESIAN_POINT('',(4.154980664021,-1.));
#2337 = CARTESIAN_POINT('',(4.128950324891,-1.));
#2338 = CARTESIAN_POINT('',(4.084968050659,-1.));
#2339 = CARTESIAN_POINT('',(4.067016092638,-1.));
#2340 = CARTESIAN_POINT('',(4.049064132763,-1.));
#2341 = CARTESIAN_POINT('',(4.03111217227,-1.));
#2342 = CARTESIAN_POINT('',(4.013160212395,-1.));
#2343 = CARTESIAN_POINT('',(3.995208254374,-1.));
#2344 = CARTESIAN_POINT('',(3.9539187655,-1.));
#2345 = CARTESIAN_POINT('',(3.930581220073,-1.));
#2346 = CARTESIAN_POINT('',(3.907243667757,-1.));
#2347 = CARTESIAN_POINT('',(3.883906113146,-1.));
#2348 = CARTESIAN_POINT('',(3.86056856083,-1.));
#2349 = CARTESIAN_POINT('',(3.837231015403,-1.));
#2350 = CARTESIAN_POINT('',(3.791453543368,-1.));
#2351 = CARTESIAN_POINT('',(3.769013595843,-1.));
#2352 = CARTESIAN_POINT('',(3.746573642656,-1.));
#2353 = CARTESIAN_POINT('',(3.724133687581,-1.));
#2354 = CARTESIAN_POINT('',(3.701693734394,-1.));
#2355 = CARTESIAN_POINT('',(3.679253786868,-1.));
#2356 = CARTESIAN_POINT('',(3.632578719318,-1.));
#2357 = CARTESIAN_POINT('',(3.608343575991,-1.));
#2358 = CARTESIAN_POINT('',(3.584108424342,-1.));
#2359 = CARTESIAN_POINT('',(3.559873269921,-1.));
#2360 = CARTESIAN_POINT('',(3.535638118273,-1.));
#2361 = CARTESIAN_POINT('',(3.511402974945,-1.));
#2362 = CARTESIAN_POINT('',(3.473703877703,-1.));
#2363 = CARTESIAN_POINT('',(3.460239909188,-1.));
#2364 = CARTESIAN_POINT('',(3.446775940232,-1.));
#2365 = CARTESIAN_POINT('',(3.43331197113,-1.));
#2366 = CARTESIAN_POINT('',(3.419848002174,-1.));
#2367 = CARTESIAN_POINT('',(3.406384033659,-1.));
#2368 = CARTESIAN_POINT('',(3.374070513901,-1.));
#2369 = CARTESIAN_POINT('',(3.355220957979,-1.));
#2370 = CARTESIAN_POINT('',(3.336371399691,-1.));
#2371 = CARTESIAN_POINT('',(3.317521840613,-1.));
#2372 = CARTESIAN_POINT('',(3.298672282324,-1.));
#2373 = CARTESIAN_POINT('',(3.279822726403,-1.));
#2374 = CARTESIAN_POINT('',(3.223274183364,-1.));
#2375 = CARTESIAN_POINT('',(3.185574829277,-1.));
#2376 = CARTESIAN_POINT('',(3.147875741863,-1.));
#2377 = CARTESIAN_POINT('',(3.110176824088,-1.));
#2378 = CARTESIAN_POINT('',(3.072477736674,-1.));
#2379 = CARTESIAN_POINT('',(3.034778382587,-1.));
#2380 = CARTESIAN_POINT('',(2.958482817369,-1.));
#2381 = CARTESIAN_POINT('',(2.919885835644,-1.));
#2382 = CARTESIAN_POINT('',(2.881289153339,-1.));
#2383 = CARTESIAN_POINT('',(2.842692661501,-1.));
#2384 = CARTESIAN_POINT('',(2.804095979197,-1.));
#2385 = CARTESIAN_POINT('',(2.765498997471,-1.));
#2386 = CARTESIAN_POINT('',(2.704462485226,-1.));
#2387 = CARTESIAN_POINT('',(2.682022537701,-1.));
#2388 = CARTESIAN_POINT('',(2.659582584514,-1.));
#2389 = CARTESIAN_POINT('',(2.637142629439,-1.));
#2390 = CARTESIAN_POINT('',(2.614702676252,-1.));
#2391 = CARTESIAN_POINT('',(2.592262728726,-1.));
#2392 = CARTESIAN_POINT('',(2.541997283386,-1.));
#2393 = CARTESIAN_POINT('',(2.514171748455,-1.));
#2394 = CARTESIAN_POINT('',(2.486346196914,-1.));
#2395 = CARTESIAN_POINT('',(2.458520639837,-1.));
#2396 = CARTESIAN_POINT('',(2.430695088296,-1.));
#2397 = CARTESIAN_POINT('',(2.402869553364,-1.));
#2398 = CARTESIAN_POINT('',(2.349013726811,-1.));
#2399 = CARTESIAN_POINT('',(2.322983387682,-1.));
#2400 = CARTESIAN_POINT('',(2.296953036656,-1.));
#2401 = CARTESIAN_POINT('',(2.270922681664,-1.));
#2402 = CARTESIAN_POINT('',(2.244892330638,-1.));
#2403 = CARTESIAN_POINT('',(2.218861991508,-1.));
#2404 = CARTESIAN_POINT('',(2.166801352903,-1.));
#2405 = CARTESIAN_POINT('',(2.140771013774,-1.));
#2406 = CARTESIAN_POINT('',(2.114740662747,-1.));
#2407 = CARTESIAN_POINT('',(2.088710307756,-1.));
#2408 = CARTESIAN_POINT('',(2.06267995673,-1.));
#2409 = CARTESIAN_POINT('',(2.0366496176,-1.));
#2410 = CARTESIAN_POINT('',(1.987281764352,-1.));
#2411 = CARTESIAN_POINT('',(1.963944218926,-1.));
#2412 = CARTESIAN_POINT('',(1.94060666661,-1.));
#2413 = CARTESIAN_POINT('',(1.917269111998,-1.));
#2414 = CARTESIAN_POINT('',(1.893931559683,-1.));
#2415 = CARTESIAN_POINT('',(1.870594014256,-1.));
#2416 = CARTESIAN_POINT('',(1.822123755717,-1.));
#2417 = CARTESIAN_POINT('',(1.796991014488,-1.));
#2418 = CARTESIAN_POINT('',(1.771858263279,-1.));
#2419 = CARTESIAN_POINT('',(1.746725508742,-1.));
#2420 = CARTESIAN_POINT('',(1.721592757533,-1.));
#2421 = CARTESIAN_POINT('',(1.696460016304,-1.));
#2422 = CARTESIAN_POINT('',(1.647989757765,-1.));
#2423 = CARTESIAN_POINT('',(1.624652212338,-1.));
#2424 = CARTESIAN_POINT('',(1.601314660022,-1.));
#2425 = CARTESIAN_POINT('',(1.577977105411,-1.));
#2426 = CARTESIAN_POINT('',(1.554639553095,-1.));
#2427 = CARTESIAN_POINT('',(1.531302007669,-1.));
#2428 = CARTESIAN_POINT('',(1.481934154421,-1.));
#2429 = CARTESIAN_POINT('',(1.455903815291,-1.));
#2430 = CARTESIAN_POINT('',(1.429873464265,-1.));
#2431 = CARTESIAN_POINT('',(1.403843109273,-1.));
#2432 = CARTESIAN_POINT('',(1.377812758247,-1.));
#2433 = CARTESIAN_POINT('',(1.351782419118,-1.));
#2434 = CARTESIAN_POINT('',(1.307800144885,-1.));
#2435 = CARTESIAN_POINT('',(1.289848186865,-1.));
#2436 = CARTESIAN_POINT('',(1.27189622699,-1.));
#2437 = CARTESIAN_POINT('',(1.253944266497,-1.));
#2438 = CARTESIAN_POINT('',(1.235992306622,-1.));
#2439 = CARTESIAN_POINT('',(1.218040348601,-1.));
#2440 = CARTESIAN_POINT('',(1.174058074369,-1.));
#2441 = CARTESIAN_POINT('',(1.148027735239,-1.));
#2442 = CARTESIAN_POINT('',(1.121997384213,-1.));
#2443 = CARTESIAN_POINT('',(1.095967029222,-1.));
#2444 = CARTESIAN_POINT('',(1.069936678195,-1.));
#2445 = CARTESIAN_POINT('',(1.043906339066,-1.));
#2446 = CARTESIAN_POINT('',(0.991845700461,-1.));
#2447 = CARTESIAN_POINT('',(0.965815361331,-1.));
#2448 = CARTESIAN_POINT('',(0.939785010305,-1.));
#2449 = CARTESIAN_POINT('',(0.913754655313,-1.));
#2450 = CARTESIAN_POINT('',(0.887724304287,-1.));
#2451 = CARTESIAN_POINT('',(0.861693965158,-1.));
#2452 = CARTESIAN_POINT('',(0.809633326552,-1.));
#2453 = CARTESIAN_POINT('',(0.783602987423,-1.));
#2454 = CARTESIAN_POINT('',(0.757572636397,-1.));
#2455 = CARTESIAN_POINT('',(0.731542281405,-1.));
#2456 = CARTESIAN_POINT('',(0.705511930379,-1.));
#2457 = CARTESIAN_POINT('',(0.679481591249,-1.));
#2458 = CARTESIAN_POINT('',(0.560112104291,-1.));
#2459 = CARTESIAN_POINT('',(0.466739085405,-1.));
#2460 = CARTESIAN_POINT('',(0.373393789651,-1.));
#2461 = CARTESIAN_POINT('',(0.280057482295,-1.));
#2462 = CARTESIAN_POINT('',(0.186712186541,-1.));
#2463 = CARTESIAN_POINT('',(9.333916765561E-02,-1.));
#2464 = CARTESIAN_POINT('',(0.,-1.));
#2465 = ( GEOMETRIC_REPRESENTATION_CONTEXT(2) 
PARAMETRIC_REPRESENTATION_CONTEXT() REPRESENTATION_CONTEXT('2D SPACE',''
  ) );
#2466 = ORIENTED_EDGE('',*,*,#2467,.F.);
#2467 = EDGE_CURVE('',#2468,#1836,#2470,.T.);
#2468 = VERTEX_POINT('',#2469);
#2469 = CARTESIAN_POINT('',(-9.092329219213,-2.649035404106E-15,
    -58.93019485882));
#2470 = SURFACE_CURVE('',#2471,(#2475,#2481),.PCURVE_S1.);
#2471 = LINE('',#2472,#2473);
#2472 = CARTESIAN_POINT('',(-9.092329219213,0.,-63.));
#2473 = VECTOR('',#2474,1.);
#2474 = DIRECTION('',(0.,0.,1.));
#2475 = PCURVE('',#1657,#2476);
#2476 = DEFINITIONAL_REPRESENTATION('',(#2477),#2480);
#2477 = B_SPLINE_CURVE_WITH_KNOTS('',1,(#2478,#2479),.UNSPECIFIED.,.F.,
  .F.,(2,2),(-5.999999999062E-07,33.0000006),.PIECEWISE_BEZIER_KNOTS.);
#2478 = CARTESIAN_POINT('',(-28.0000006,2.907670780787));
#2479 = CARTESIAN_POINT('',(5.0000006,2.907670780787));
#2480 = ( GEOMETRIC_REPRESENTATION_CONTEXT(2) 
PARAMETRIC_REPRESENTATION_CONTEXT() REPRESENTATION_CONTEXT('2D SPACE',''
  ) );
#2481 = PCURVE('',#2482,#2487);
#2482 = CYLINDRICAL_SURFACE('',#2483,3.25);
#2483 = AXIS2_PLACEMENT_3D('',#2484,#2485,#2486);
#2484 = CARTESIAN_POINT('',(-6.,1.,-63.));
#2485 = DIRECTION('',(0.,0.,1.));
#2486 = DIRECTION('',(1.,0.,-0.));
#2487 = DEFINITIONAL_REPRESENTATION('',(#2488),#2491);
#2488 = B_SPLINE_CURVE_WITH_KNOTS('',1,(#2489,#2490),.UNSPECIFIED.,.F.,
  .F.,(2,2),(-5.999999999062E-07,33.0000006),.PIECEWISE_BEZIER_KNOTS.);
#2489 = CARTESIAN_POINT('',(3.454359375531,-5.999999999062E-07));
#2490 = CARTESIAN_POINT('',(3.454359375531,33.0000006));
#2491 = ( GEOMETRIC_REPRESENTATION_CONTEXT(2) 
PARAMETRIC_REPRESENTATION_CONTEXT() REPRESENTATION_CONTEXT('2D SPACE',''
  ) );
#2492 = ORIENTED_EDGE('',*,*,#2493,.F.);
#2493 = EDGE_CURVE('',#1614,#2468,#2494,.T.);
#2494 = SURFACE_CURVE('',#2495,(#2500,#2511),.PCURVE_S1.);
#2495 = ELLIPSE('',#2496,15.,15.);
#2496 = AXIS2_PLACEMENT_3D('',#2497,#2498,#2499);
#2497 = CARTESIAN_POINT('',(0.,0.,-47.));
#2498 = DIRECTION('',(0.,-1.,2.22044604925E-16));
#2499 = DIRECTION('',(1.,0.,0.));
#2500 = PCURVE('',#1657,#2501);
#2501 = DEFINITIONAL_REPRESENTATION('',(#2502),#2510);
#2502 = ( BOUNDED_CURVE() B_SPLINE_CURVE(2,(#2503,#2504,#2505,#2506,
#2507,#2508,#2509),.UNSPECIFIED.,.T.,.F.) B_SPLINE_CURVE_WITH_KNOTS((1,2
    ,2,2,2,1),(-2.094395102393,0.,2.094395102393,4.188790204786,
6.28318530718,8.377580409573),.UNSPECIFIED.) CURVE() 
GEOMETRIC_REPRESENTATION_ITEM() RATIONAL_B_SPLINE_CURVE((1.,0.5,1.,0.5,
1.,0.5,1.)) REPRESENTATION_ITEM('') );
#2503 = CARTESIAN_POINT('',(-12.,27.));
#2504 = CARTESIAN_POINT('',(13.980762113533,27.));
#2505 = CARTESIAN_POINT('',(0.990381056767,4.5));
#2506 = CARTESIAN_POINT('',(-12.,-18.));
#2507 = CARTESIAN_POINT('',(-24.99038105676,4.5));
#2508 = CARTESIAN_POINT('',(-37.98076211353,27.));
#2509 = CARTESIAN_POINT('',(-12.,27.));
#2510 = ( GEOMETRIC_REPRESENTATION_CONTEXT(2) 
PARAMETRIC_REPRESENTATION_CONTEXT() REPRESENTATION_CONTEXT('2D SPACE',''
  ) );
#2511 = PCURVE('',#818,#2512);
#2512 = DEFINITIONAL_REPRESENTATION('',(#2513),#2516);
#2513 = B_SPLINE_CURVE_WITH_KNOTS('',1,(#2514,#2515),.UNSPECIFIED.,.F.,
  .F.,(2,2),(2.214297435588,6.28318530718),.PIECEWISE_BEZIER_KNOTS.);
#2514 = CARTESIAN_POINT('',(2.214297435588,0.));
#2515 = CARTESIAN_POINT('',(6.28318530718,0.));
#2516 = ( GEOMETRIC_REPRESENTATION_CONTEXT(2) 
PARAMETRIC_REPRESENTATION_CONTEXT() REPRESENTATION_CONTEXT('2D SPACE',''
  ) );
#2517 = ADVANCED_FACE('',(#2518),#2482,.F.);
#2518 = FACE_BOUND('',#2519,.F.);
#2519 = EDGE_LOOP('',(#2520,#2666,#2692,#2830));
#2520 = ORIENTED_EDGE('',*,*,#2521,.F.);
#2521 = EDGE_CURVE('',#2522,#2468,#2524,.T.);
#2522 = VERTEX_POINT('',#2523);
#2523 = CARTESIAN_POINT('',(-2.907670780787,-3.267493689798E-15,
    -61.71548336381));
#2524 = SURFACE_CURVE('',#2525,(#2570,#2618),.PCURVE_S1.);
#2525 = B_SPLINE_CURVE_WITH_KNOTS('',7,(#2526,#2527,#2528,#2529,#2530,
    #2531,#2532,#2533,#2534,#2535,#2536,#2537,#2538,#2539,#2540,#2541,
    #2542,#2543,#2544,#2545,#2546,#2547,#2548,#2549,#2550,#2551,#2552,
    #2553,#2554,#2555,#2556,#2557,#2558,#2559,#2560,#2561,#2562,#2563,
    #2564,#2565,#2566,#2567,#2568,#2569),.UNSPECIFIED.,.F.,.F.,(8,6,6,6,
    6,6,6,8),(0.,0.210600518738,0.280544988135,0.400199802381,
    0.574434851858,0.701317837642,0.830037886256,1.),.UNSPECIFIED.);
#2526 = CARTESIAN_POINT('',(-2.907670586758,5.999999967976E-07,
    -61.71548340214));
#2527 = CARTESIAN_POINT('',(-2.978243586748,-0.218234494588,
    -61.70153869977));
#2528 = CARTESIAN_POINT('',(-3.067516713825,-0.432921718321,
    -61.68348869415));
#2529 = CARTESIAN_POINT('',(-3.175901327295,-0.643041118966,
    -61.66085919695));
#2530 = CARTESIAN_POINT('',(-3.303933441087,-0.847036638576,
    -61.63297708153));
#2531 = CARTESIAN_POINT('',(-3.452024460015,-1.042884721798,
    -61.59898882408));
#2532 = CARTESIAN_POINT('',(-3.620321887087,-1.228134105129,
    -61.55785451542));
#2533 = CARTESIAN_POINT('',(-3.871022566859,-1.457054990109,
    -61.4920447217));
#2534 = CARTESIAN_POINT('',(-3.935699856835,-1.512630737939,
    -61.47473087121));
#2535 = CARTESIAN_POINT('',(-4.002525146282,-1.566597336846,
    -61.45647384594));
#2536 = CARTESIAN_POINT('',(-4.071460532709,-1.618836649891,
    -61.43723784916));
#2537 = CARTESIAN_POINT('',(-4.142453207428,-1.669226052807,
    -61.41698992751));
#2538 = CARTESIAN_POINT('',(-4.215432954913,-1.717640920167,
    -61.39570182534));
#2539 = CARTESIAN_POINT('',(-4.418402085726,-1.843190756816,
    -61.33511745847));
#2540 = CARTESIAN_POINT('',(-4.552091210819,-1.916310816199,
    -61.29376206392));
#2541 = CARTESIAN_POINT('',(-4.690862824322,-1.982645369853,
    -61.24919482474));
#2542 = CARTESIAN_POINT('',(-4.834074634204,-2.04159018488,
    -61.20137542326));
#2543 = CARTESIAN_POINT('',(-4.980952200607,-2.092632643588,
    -61.15033669531));
#2544 = CARTESIAN_POINT('',(-5.130580285994,-2.135391363467,
    -61.0962151303));
#2545 = CARTESIAN_POINT('',(-5.50221830292,-2.219588454214,
    -60.95639672855));
#2546 = CARTESIAN_POINT('',(-5.726305275851,-2.251571668359,
    -60.86748525128));
#2547 = CARTESIAN_POINT('',(-5.950764109462,-2.26494383002,
    -60.77343155125));
#2548 = CARTESIAN_POINT('',(-6.172760887938,-2.260203510039,
    -60.67529164624));
#2549 = CARTESIAN_POINT('',(-6.390027497102,-2.238387449306,
    -60.57424618996));
#2550 = CARTESIAN_POINT('',(-6.600790086383,-2.200845737129,
    -60.4715038735));
#2551 = CARTESIAN_POINT('',(-6.951495866551,-2.111336766623,
    -60.29301321164));
#2552 = CARTESIAN_POINT('',(-7.095228484488,-2.066034737956,
    -60.21746137718));
#2553 = CARTESIAN_POINT('',(-7.234540677008,-2.013659433941,
    -60.1419395845));
#2554 = CARTESIAN_POINT('',(-7.369165750092,-1.954711510121,
    -60.06679906123));
#2555 = CARTESIAN_POINT('',(-7.498921143826,-1.889657263859,
    -59.99236545378));
#2556 = CARTESIAN_POINT('',(-7.623689140075,-1.818910250401,
    -59.91893578755));
#2557 = CARTESIAN_POINT('',(-7.864849267886,-1.665622910599,
    -59.77357639168));
#2558 = CARTESIAN_POINT('',(-7.981072498648,-1.582940240683,
    -59.70169671525));
#2559 = CARTESIAN_POINT('',(-8.092005106142,-1.495134592976,
    -59.63141888754));
#2560 = CARTESIAN_POINT('',(-8.197577958549,-1.402533960452,
    -59.56302511482));
#2561 = CARTESIAN_POINT('',(-8.29772305903,-1.30543514123,-59.4967963695
    ));
#2562 = CARTESIAN_POINT('',(-8.392372647615,-1.20410566826,
    -59.43301034768));
#2563 = CARTESIAN_POINT('',(-8.599077822644,-0.95971176646,
    -59.29130578859));
#2564 = CARTESIAN_POINT('',(-8.706974476572,-0.813701012095,
    -59.21542066571));
#2565 = CARTESIAN_POINT('',(-8.804971080045,-0.661309585283,
    -59.14492262279));
#2566 = CARTESIAN_POINT('',(-8.89280980532,-0.503105397698,
    -59.08048895719));
#2567 = CARTESIAN_POINT('',(-8.97018800837,-0.339692217485,
    -59.02280511272));
#2568 = CARTESIAN_POINT('',(-9.036792665168,-0.171737422627,
    -58.97252079365));
#2569 = CARTESIAN_POINT('',(-9.092329413242,5.999999972417E-07,
    -58.93019471094));
#2570 = PCURVE('',#2482,#2571);
#2571 = DEFINITIONAL_REPRESENTATION('',(#2572),#2617);
#2572 = B_SPLINE_CURVE_WITH_KNOTS('',7,(#2573,#2574,#2575,#2576,#2577,
    #2578,#2579,#2580,#2581,#2582,#2583,#2584,#2585,#2586,#2587,#2588,
    #2589,#2590,#2591,#2592,#2593,#2594,#2595,#2596,#2597,#2598,#2599,
    #2600,#2601,#2602,#2603,#2604,#2605,#2606,#2607,#2608,#2609,#2610,
    #2611,#2612,#2613,#2614,#2615,#2616),.UNSPECIFIED.,.F.,.F.,(8,6,6,6,
    6,6,6,8),(0.,0.210600518738,0.280544988135,0.400199802381,
    0.574434851858,0.701317837642,0.830037886256,1.),.UNSPECIFIED.);
#2573 = CARTESIAN_POINT('',(5.970418779267,1.284516597852));
#2574 = CARTESIAN_POINT('',(5.899845736933,1.298461300223));
#2575 = CARTESIAN_POINT('',(5.828540933496,1.316511305843));
#2576 = CARTESIAN_POINT('',(5.756190137997,1.339140803044));
#2577 = CARTESIAN_POINT('',(5.682569666895,1.367022918462));
#2578 = CARTESIAN_POINT('',(5.607499039877,1.401011175912));
#2579 = CARTESIAN_POINT('',(5.530823926155,1.442145484575));
#2580 = CARTESIAN_POINT('',(5.42636449379,1.507955278296));
#2581 = CARTESIAN_POINT('',(5.400137964093,1.525269128789));
#2582 = CARTESIAN_POINT('',(5.373728443135,1.543526154057));
#2583 = CARTESIAN_POINT('',(5.347138280999,1.562762150839));
#2584 = CARTESIAN_POINT('',(5.320372421054,1.583010072488));
#2585 = CARTESIAN_POINT('',(5.293438730887,1.604298174653));
#2586 = CARTESIAN_POINT('',(5.220004476077,1.664882541526));
#2587 = CARTESIAN_POINT('',(5.173185700566,1.706237936079));
#2588 = CARTESIAN_POINT('',(5.125972563587,1.750805175256));
#2589 = CARTESIAN_POINT('',(5.078453796852,1.798624576739));
#2590 = CARTESIAN_POINT('',(5.030729708396,1.849663304683));
#2591 = CARTESIAN_POINT('',(4.982921233908,1.903784869694));
#2592 = CARTESIAN_POINT('',(4.865673116591,2.043603271441));
#2593 = CARTESIAN_POINT('',(4.796253099989,2.132514748714));
#2594 = CARTESIAN_POINT('',(4.727437813507,2.226568448741));
#2595 = CARTESIAN_POINT('',(4.659503419727,2.324708353759));
#2596 = CARTESIAN_POINT('',(4.592631854313,2.425753810032));
#2597 = CARTESIAN_POINT('',(4.526939421015,2.528496126493));
#2598 = CARTESIAN_POINT('',(4.415570786359,2.706986788359));
#2599 = CARTESIAN_POINT('',(4.369271929485,2.78253862282));
#2600 = CARTESIAN_POINT('',(4.323583909447,2.858060415491));
#2601 = CARTESIAN_POINT('',(4.278476013849,2.933200938769));
#2602 = CARTESIAN_POINT('',(4.233908356542,3.007634546217));
#2603 = CARTESIAN_POINT('',(4.189832025111,3.081064212441));
#2604 = CARTESIAN_POINT('',(4.101907788877,3.226423608312));
#2605 = CARTESIAN_POINT('',(4.058080246018,3.298303284748));
#2606 = CARTESIAN_POINT('',(4.014639239754,3.368581112454));
#2607 = CARTESIAN_POINT('',(3.971527876326,3.436974885177));
#2608 = CARTESIAN_POINT('',(3.928692592356,3.5032036305));
#2609 = CARTESIAN_POINT('',(3.886080197831,3.566989652318));
#2610 = CARTESIAN_POINT('',(3.787592024212,3.70869421141));
#2611 = CARTESIAN_POINT('',(3.731850421551,3.784579334284));
#2612 = CARTESIAN_POINT('',(3.67628952198,3.85507737721));
#2613 = CARTESIAN_POINT('',(3.620820108948,3.919511042808));
#2614 = CARTESIAN_POINT('',(3.565373025027,3.977194887279));
#2615 = CARTESIAN_POINT('',(3.509895962899,4.027479206348));
#2616 = CARTESIAN_POINT('',(3.454359181503,4.069805289053));
#2617 = ( GEOMETRIC_REPRESENTATION_CONTEXT(2) 
PARAMETRIC_REPRESENTATION_CONTEXT() REPRESENTATION_CONTEXT('2D SPACE',''
  ) );
#2618 = PCURVE('',#818,#2619);
#2619 = DEFINITIONAL_REPRESENTATION('',(#2620),#2665);
#2620 = B_SPLINE_CURVE_WITH_KNOTS('',7,(#2621,#2622,#2623,#2624,#2625,
    #2626,#2627,#2628,#2629,#2630,#2631,#2632,#2633,#2634,#2635,#2636,
    #2637,#2638,#2639,#2640,#2641,#2642,#2643,#2644,#2645,#2646,#2647,
    #2648,#2649,#2650,#2651,#2652,#2653,#2654,#2655,#2656,#2657,#2658,
    #2659,#2660,#2661,#2662,#2663,#2664),.UNSPECIFIED.,.F.,.F.,(8,6,6,6,
    6,6,6,8),(0.,0.210600518738,0.280544988135,0.400199802381,
    0.574434851858,0.701317837642,0.830037886256,1.),.UNSPECIFIED.);
#2621 = CARTESIAN_POINT('',(4.517309298796,5.999999999062E-07));
#2622 = CARTESIAN_POINT('',(4.512513465859,-0.218234494588));
#2623 = CARTESIAN_POINT('',(4.506441550825,-0.432921718321));
#2624 = CARTESIAN_POINT('',(4.499060348053,-0.643041118966));
#2625 = CARTESIAN_POINT('',(4.490325468608,-0.847036638576));
#2626 = CARTESIAN_POINT('',(4.480197380863,-1.042884721798));
#2627 = CARTESIAN_POINT('',(4.468648955373,-1.228134105129));
#2628 = CARTESIAN_POINT('',(4.451369325775,-1.457054990109));
#2629 = CARTESIAN_POINT('',(4.446905736628,-1.512630737939));
#2630 = CARTESIAN_POINT('',(4.442287545452,-1.566597336846));
#2631 = CARTESIAN_POINT('',(4.437516416206,-1.618836649891));
#2632 = CARTESIAN_POINT('',(4.432594973449,-1.669226052807));
#2633 = CARTESIAN_POINT('',(4.42752699088,-1.717640920167));
#2634 = CARTESIAN_POINT('',(4.413405780108,-1.843190756816));
#2635 = CARTESIAN_POINT('',(4.404076944031,-1.916310816199));
#2636 = CARTESIAN_POINT('',(4.394361027598,-1.982645369853));
#2637 = CARTESIAN_POINT('',(4.384296660077,-2.04159018488));
#2638 = CARTESIAN_POINT('',(4.373931779072,-2.092632643588));
#2639 = CARTESIAN_POINT('',(4.363324952775,-2.135391363467));
#2640 = CARTESIAN_POINT('',(4.336853668452,-2.219588454214));
#2641 = CARTESIAN_POINT('',(4.320784145269,-2.251571668359));
#2642 = CARTESIAN_POINT('',(4.304564400056,-2.26494383002));
#2643 = CARTESIAN_POINT('',(4.288388340993,-2.260203510039));
#2644 = CARTESIAN_POINT('',(4.272418382503,-2.238387449306));
#2645 = CARTESIAN_POINT('',(4.256789266898,-2.200845737129));
#2646 = CARTESIAN_POINT('',(4.230554983932,-2.111336766623));
#2647 = CARTESIAN_POINT('',(4.219730614523,-2.066034737956));
#2648 = CARTESIAN_POINT('',(4.209167581059,-2.013659433941));
#2649 = CARTESIAN_POINT('',(4.198890564319,-1.954711510121));
#2650 = CARTESIAN_POINT('',(4.188918982092,-1.889657263859));
#2651 = CARTESIAN_POINT('',(4.179268039212,-1.818910250401));
#2652 = CARTESIAN_POINT('',(4.160496007863,-1.665622910599));
#2653 = CARTESIAN_POINT('',(4.151386286237,-1.582940240683));
#2654 = CARTESIAN_POINT('',(4.142632390123,-1.495134592976));
#2655 = CARTESIAN_POINT('',(4.134247050562,-1.402533960452));
#2656 = CARTESIAN_POINT('',(4.126243305795,-1.30543514123));
#2657 = CARTESIAN_POINT('',(4.118634428508,-1.20410566826));
#2658 = CARTESIAN_POINT('',(4.101926850527,-0.95971176646));
#2659 = CARTESIAN_POINT('',(4.093133484874,-0.813701012095));
#2660 = CARTESIAN_POINT('',(4.08508615192,-0.661309585283));
#2661 = CARTESIAN_POINT('',(4.077824102466,-0.503105397698));
#2662 = CARTESIAN_POINT('',(4.071390081449,-0.339692217485));
#2663 = CARTESIAN_POINT('',(4.065826489876,-0.171737422627));
#2664 = CARTESIAN_POINT('',(4.061171348077,5.999999999062E-07));
#2665 = ( GEOMETRIC_REPRESENTATION_CONTEXT(2) 
PARAMETRIC_REPRESENTATION_CONTEXT() REPRESENTATION_CONTEXT('2D SPACE',''
  ) );
#2666 = ORIENTED_EDGE('',*,*,#2667,.T.);
#2667 = EDGE_CURVE('',#2522,#2668,#2670,.T.);
#2668 = VERTEX_POINT('',#2669);
#2669 = CARTESIAN_POINT('',(-2.907670780787,0.,-58.64239883488));
#2670 = SURFACE_CURVE('',#2671,(#2675,#2681),.PCURVE_S1.);
#2671 = LINE('',#2672,#2673);
#2672 = CARTESIAN_POINT('',(-2.907670780787,0.,-63.));
#2673 = VECTOR('',#2674,1.);
#2674 = DIRECTION('',(0.,0.,1.));
#2675 = PCURVE('',#2482,#2676);
#2676 = DEFINITIONAL_REPRESENTATION('',(#2677),#2680);
#2677 = B_SPLINE_CURVE_WITH_KNOTS('',1,(#2678,#2679),.UNSPECIFIED.,.F.,
  .F.,(2,2),(-5.999999999062E-07,33.0000006),.PIECEWISE_BEZIER_KNOTS.);
#2678 = CARTESIAN_POINT('',(5.970418585238,-5.999999999062E-07));
#2679 = CARTESIAN_POINT('',(5.970418585238,33.0000006));
#2680 = ( GEOMETRIC_REPRESENTATION_CONTEXT(2) 
PARAMETRIC_REPRESENTATION_CONTEXT() REPRESENTATION_CONTEXT('2D SPACE',''
  ) );
#2681 = PCURVE('',#2682,#2687);
#2682 = PLANE('',#2683);
#2683 = AXIS2_PLACEMENT_3D('',#2684,#2685,#2686);
#2684 = CARTESIAN_POINT('',(-12.,0.,-35.));
#2685 = DIRECTION('',(-0.,1.,0.));
#2686 = DIRECTION('',(0.,0.,1.));
#2687 = DEFINITIONAL_REPRESENTATION('',(#2688),#2691);
#2688 = B_SPLINE_CURVE_WITH_KNOTS('',1,(#2689,#2690),.UNSPECIFIED.,.F.,
  .F.,(2,2),(-5.999999999062E-07,33.0000006),.PIECEWISE_BEZIER_KNOTS.);
#2689 = CARTESIAN_POINT('',(-28.0000006,9.092329219213));
#2690 = CARTESIAN_POINT('',(5.0000006,9.092329219213));
#2691 = ( GEOMETRIC_REPRESENTATION_CONTEXT(2) 
PARAMETRIC_REPRESENTATION_CONTEXT() REPRESENTATION_CONTEXT('2D SPACE',''
  ) );
#2692 = ORIENTED_EDGE('',*,*,#2693,.T.);
#2693 = EDGE_CURVE('',#2668,#1836,#2694,.T.);
#2694 = SURFACE_CURVE('',#2695,(#2738,#2784),.PCURVE_S1.);
#2695 = B_SPLINE_CURVE_WITH_KNOTS('',6,(#2696,#2697,#2698,#2699,#2700,
    #2701,#2702,#2703,#2704,#2705,#2706,#2707,#2708,#2709,#2710,#2711,
    #2712,#2713,#2714,#2715,#2716,#2717,#2718,#2719,#2720,#2721,#2722,
    #2723,#2724,#2725,#2726,#2727,#2728,#2729,#2730,#2731,#2732,#2733,
    #2734,#2735,#2736,#2737),.UNSPECIFIED.,.F.,.F.,(7,5,5,5,5,5,5,5,7),(
    0.,0.171450386141,0.23275447459,0.343690741604,0.453160628131,
    0.595834454827,0.760748365641,0.927785757186,1.),.UNSPECIFIED.);
#2696 = CARTESIAN_POINT('',(-2.907670586758,5.999999999062E-07,
    -58.64239888334));
#2697 = CARTESIAN_POINT('',(-2.979096202914,-0.22087106622,
    -58.62456044941));
#2698 = CARTESIAN_POINT('',(-3.070188979107,-0.437899086377,
    -58.60125195254));
#2699 = CARTESIAN_POINT('',(-3.181335516941,-0.649763376441,
    -58.57179335967));
#2700 = CARTESIAN_POINT('',(-3.312981938434,-0.854492681785,
    -58.53520650376));
#2701 = CARTESIAN_POINT('',(-3.465269033531,-1.049544067143,
    -58.4901969763));
#2702 = CARTESIAN_POINT('',(-3.699265190834,-1.297209803623,
    -58.41576190203));
#2703 = CARTESIAN_POINT('',(-3.763448919122,-1.360813061226,
    -58.39490584345));
#2704 = CARTESIAN_POINT('',(-3.830147005171,-1.42264479571,
    -58.37273962295));
#2705 = CARTESIAN_POINT('',(-3.899301537211,-1.482551407701,
    -58.34920527082));
#2706 = CARTESIAN_POINT('',(-3.970829455175,-1.54037411527,
    -58.32425078542));
#2707 = CARTESIAN_POINT('',(-4.178143613817,-1.696531949017,
    -58.25003245994));
#2708 = CARTESIAN_POINT('',(-4.319116460651,-1.789800838833,
    -58.19742782191));
#2709 = CARTESIAN_POINT('',(-4.466784127704,-1.874745062867,
    -58.13980254616));
#2710 = CARTESIAN_POINT('',(-4.620139483295,-1.950467625833,
    -58.0770412148));
#2711 = CARTESIAN_POINT('',(-4.777904776198,-2.016265514467,
    -58.00920885557));
#2712 = CARTESIAN_POINT('',(-5.096993309726,-2.126530827572,
    -57.86512297921));
#2713 = CARTESIAN_POINT('',(-5.258321033343,-2.171296030794,
    -57.78895695682));
#2714 = CARTESIAN_POINT('',(-5.4209999403,-2.205686673259,-57.7085416733
    ));
#2715 = CARTESIAN_POINT('',(-5.583657779182,-2.229774721122,
    -57.62434850817));
#2716 = CARTESIAN_POINT('',(-5.745103120899,-2.243901999935,
    -57.53694634138));
#2717 = CARTESIAN_POINT('',(-6.111834202788,-2.254703032025,
    -57.32968047129));
#2718 = CARTESIAN_POINT('',(-6.315605725196,-2.244783622927,
    -57.20798845858));
#2719 = CARTESIAN_POINT('',(-6.513704951514,-2.219992203682,
    -57.08308740788));
#2720 = CARTESIAN_POINT('',(-6.704983653224,-2.181830753314,
    -56.9561293912));
#2721 = CARTESIAN_POINT('',(-6.888835529178,-2.131654739328,
    -56.82809614486));
#2722 = CARTESIAN_POINT('',(-7.268746595269,-1.999877265845,
    -56.55137813284));
#2723 = CARTESIAN_POINT('',(-7.462136415147,-1.914631749872,
    -56.4026617608));
#2724 = CARTESIAN_POINT('',(-7.645039194634,-1.816421989677,
    -56.25467616255));
#2725 = CARTESIAN_POINT('',(-7.817380351067,-1.706458851667,
    -56.10850963854));
#2726 = CARTESIAN_POINT('',(-7.979188139742,-1.58562398,-55.96520331724)
  );
#2727 = CARTESIAN_POINT('',(-8.283720129447,-1.321271142494,
    -55.68466415091));
#2728 = CARTESIAN_POINT('',(-8.4260452412,-1.177591324318,-55.547650008)
  );
#2729 = CARTESIAN_POINT('',(-8.55754017782,-1.023643682412,
    -55.41586176121));
#2730 = CARTESIAN_POINT('',(-8.677826029981,-0.859654401896,
    -55.29081190325));
#2731 = CARTESIAN_POINT('',(-8.786284378007,-0.685814817735,
    -55.17443916799));
#2732 = CARTESIAN_POINT('',(-8.92333669937,-0.422888537874,
    -55.02358066853));
#2733 = CARTESIAN_POINT('',(-8.962305692259,-0.341731053156,
    -54.9801233472));
#2734 = CARTESIAN_POINT('',(-8.998794665152,-0.258803773992,
    -54.93894072574));
#2735 = CARTESIAN_POINT('',(-9.032703314227,-0.174153007807,
    -54.90025517698));
#2736 = CARTESIAN_POINT('',(-9.063920113389,-8.785036625536E-02,
    -54.86430207953));
#2737 = CARTESIAN_POINT('',(-9.092329413242,6.000000007944E-07,
    -54.83131826968));
#2738 = PCURVE('',#2482,#2739);
#2739 = DEFINITIONAL_REPRESENTATION('',(#2740),#2783);
#2740 = B_SPLINE_CURVE_WITH_KNOTS('',6,(#2741,#2742,#2743,#2744,#2745,
    #2746,#2747,#2748,#2749,#2750,#2751,#2752,#2753,#2754,#2755,#2756,
    #2757,#2758,#2759,#2760,#2761,#2762,#2763,#2764,#2765,#2766,#2767,
    #2768,#2769,#2770,#2771,#2772,#2773,#2774,#2775,#2776,#2777,#2778,
    #2779,#2780,#2781,#2782),.UNSPECIFIED.,.F.,.F.,(7,5,5,5,5,5,5,5,7),(
    0.,0.171450386141,0.23275447459,0.343690741604,0.453160628131,
    0.595834454827,0.760748365641,0.927785757186,1.),.UNSPECIFIED.);
#2741 = CARTESIAN_POINT('',(5.970418779267,4.357601116656));
#2742 = CARTESIAN_POINT('',(5.898993120256,4.375439550583));
#2743 = CARTESIAN_POINT('',(5.826830808237,4.398748047457));
#2744 = CARTESIAN_POINT('',(5.753625594376,4.428206640325));
#2745 = CARTESIAN_POINT('',(5.679189210126,4.464793496237));
#2746 = CARTESIAN_POINT('',(5.603384783883,4.509803023691));
#2747 = CARTESIAN_POINT('',(5.498546777017,4.584238097969));
#2748 = CARTESIAN_POINT('',(5.47075874968,4.605094156544));
#2749 = CARTESIAN_POINT('',(5.442797788403,4.627260377041));
#2750 = CARTESIAN_POINT('',(5.414670027861,4.650794729176));
#2751 = CARTESIAN_POINT('',(5.386386141427,4.67574921458));
#2752 = CARTESIAN_POINT('',(5.306525653954,4.749967540057));
#2753 = CARTESIAN_POINT('',(5.25461226286,4.802572178081));
#2754 = CARTESIAN_POINT('',(5.202349496897,4.860197453838));
#2755 = CARTESIAN_POINT('',(5.149883803047,4.922958785195));
#2756 = CARTESIAN_POINT('',(5.097390412943,4.990791144428));
#2757 = CARTESIAN_POINT('',(4.993512500305,5.134877020786));
#2758 = CARTESIAN_POINT('',(4.942096804483,5.211043043178));
#2759 = CARTESIAN_POINT('',(4.891083351389,5.291458326699));
#2760 = CARTESIAN_POINT('',(4.840626174554,5.375651491822));
#2761 = CARTESIAN_POINT('',(4.790844286713,5.463053658617));
#2762 = CARTESIAN_POINT('',(4.677955023817,5.670319528709));
#2763 = CARTESIAN_POINT('',(4.615373231511,5.792011541413));
#2764 = CARTESIAN_POINT('',(4.554200813322,5.916912592114));
#2765 = CARTESIAN_POINT('',(4.49440685031,6.043870608797));
#2766 = CARTESIAN_POINT('',(4.43590166031,6.171903855137));
#2767 = CARTESIAN_POINT('',(4.312173490745,6.448621867156));
#2768 = CARTESIAN_POINT('',(4.24735906558,6.597338239191));
#2769 = CARTESIAN_POINT('',(4.183761539729,6.745323837446));
#2770 = CARTESIAN_POINT('',(4.121115775163,6.891490361453));
#2771 = CARTESIAN_POINT('',(4.059145450595,7.034796682752));
#2772 = CARTESIAN_POINT('',(3.935064104706,7.31533584909));
#2773 = CARTESIAN_POINT('',(3.873012853838,7.452349991999));
#2774 = CARTESIAN_POINT('',(3.81096993145,7.584138238789));
#2775 = CARTESIAN_POINT('',(3.748653699777,7.70918809675));
#2776 = CARTESIAN_POINT('',(3.685796071446,7.825560832003));
#2777 = CARTESIAN_POINT('',(3.594564618636,7.976419331468));
#2778 = CARTESIAN_POINT('',(3.566878489634,8.0198766528));
#2779 = CARTESIAN_POINT('',(3.539024684349,8.061059274256));
#2780 = CARTESIAN_POINT('',(3.510990300238,8.099744823014));
#2781 = CARTESIAN_POINT('',(3.482768498401,8.135697920468));
#2782 = CARTESIAN_POINT('',(3.454359181503,8.168681730315));
#2783 = ( GEOMETRIC_REPRESENTATION_CONTEXT(2) 
PARAMETRIC_REPRESENTATION_CONTEXT() REPRESENTATION_CONTEXT('2D SPACE',''
  ) );
#2784 = PCURVE('',#718,#2785);
#2785 = DEFINITIONAL_REPRESENTATION('',(#2786),#2829);
#2786 = B_SPLINE_CURVE_WITH_KNOTS('',6,(#2787,#2788,#2789,#2790,#2791,
    #2792,#2793,#2794,#2795,#2796,#2797,#2798,#2799,#2800,#2801,#2802,
    #2803,#2804,#2805,#2806,#2807,#2808,#2809,#2810,#2811,#2812,#2813,
    #2814,#2815,#2816,#2817,#2818,#2819,#2820,#2821,#2822,#2823,#2824,
    #2825,#2826,#2827,#2828),.UNSPECIFIED.,.F.,.F.,(7,5,5,5,5,5,5,5,7),(
    0.,0.171450386141,0.23275447459,0.343690741604,0.453160628131,
    0.595834454827,0.760748365641,0.927785757186,1.),.UNSPECIFIED.);
#2787 = CARTESIAN_POINT('',(4.467647123715,-0.9999994));
#2788 = CARTESIAN_POINT('',(4.461512166747,-1.22087106622));
#2789 = CARTESIAN_POINT('',(4.453676670602,-1.437899086377));
#2790 = CARTESIAN_POINT('',(4.44409521334,-1.649763376441));
#2791 = CARTESIAN_POINT('',(4.432710457606,-1.854492681785));
#2792 = CARTESIAN_POINT('',(4.419479995175,-2.049544067143));
#2793 = CARTESIAN_POINT('',(4.399017498668,-2.297209803623));
#2794 = CARTESIAN_POINT('',(4.393393670555,-2.360813061226));
#2795 = CARTESIAN_POINT('',(4.387536794609,-2.42264479571));
#2796 = CARTESIAN_POINT('',(4.381449598237,-2.482551407701));
#2797 = CARTESIAN_POINT('',(4.375136807286,-2.54037411527));
#2798 = CARTESIAN_POINT('',(4.356786905641,-2.696531949017));
#2799 = CARTESIAN_POINT('',(4.344249035599,-2.789800838833));
#2800 = CARTESIAN_POINT('',(4.331041907876,-2.874745062867));
#2801 = CARTESIAN_POINT('',(4.317236565983,-2.950467625833));
#2802 = CARTESIAN_POINT('',(4.302928093196,-3.016265514467));
#2803 = CARTESIAN_POINT('',(4.273752114683,-3.126530827572));
#2804 = CARTESIAN_POINT('',(4.258887269622,-3.171296030794));
#2805 = CARTESIAN_POINT('',(4.243768606666,-3.205686673259));
#2806 = CARTESIAN_POINT('',(4.22850958025,-3.229774721122));
#2807 = CARTESIAN_POINT('',(4.213213303062,-3.243901999935));
#2808 = CARTESIAN_POINT('',(4.178109209113,-3.254703032025));
#2809 = CARTESIAN_POINT('',(4.158336282868,-3.244783622927));
#2810 = CARTESIAN_POINT('',(4.138829166783,-3.219992203682));
#2811 = CARTESIAN_POINT('',(4.119705021815,-3.181830753314));
#2812 = CARTESIAN_POINT('',(4.101039208893,-3.131654739328));
#2813 = CARTESIAN_POINT('',(4.061872074471,-2.999877265845));
#2814 = CARTESIAN_POINT('',(4.041549015462,-2.914631749872));
#2815 = CARTESIAN_POINT('',(4.021951531832,-2.816421989677));
#2816 = CARTESIAN_POINT('',(4.003126779737,-2.706458851667));
#2817 = CARTESIAN_POINT('',(3.985118187687,-2.58562398));
#2818 = CARTESIAN_POINT('',(3.950613562735,-2.321271142494));
#2819 = CARTESIAN_POINT('',(3.934154331972,-2.177591324318));
#2820 = CARTESIAN_POINT('',(3.918644573578,-2.023643682412));
#2821 = CARTESIAN_POINT('',(3.904188206167,-1.859654401896));
#2822 = CARTESIAN_POINT('',(3.890932769074,-1.685814817735));
#2823 = CARTESIAN_POINT('',(3.873947966706,-1.422888537874));
#2824 = CARTESIAN_POINT('',(3.86908385677,-1.341731053156));
#2825 = CARTESIAN_POINT('',(3.864498776287,-1.258803773992));
#2826 = CARTESIAN_POINT('',(3.860211946964,-1.174153007807));
#2827 = CARTESIAN_POINT('',(3.856244126557,-1.087850366255));
#2828 = CARTESIAN_POINT('',(3.852616474241,-0.9999994));
#2829 = ( GEOMETRIC_REPRESENTATION_CONTEXT(2) 
PARAMETRIC_REPRESENTATION_CONTEXT() REPRESENTATION_CONTEXT('2D SPACE',''
  ) );
#2830 = ORIENTED_EDGE('',*,*,#2467,.F.);
#2831 = ADVANCED_FACE('',(#2832),#2682,.T.);
#2832 = FACE_BOUND('',#2833,.T.);
#2833 = EDGE_LOOP('',(#2834,#2862,#2887,#2888));
#2834 = ORIENTED_EDGE('',*,*,#2835,.F.);
#2835 = EDGE_CURVE('',#2836,#2838,#2840,.T.);
#2836 = VERTEX_POINT('',#2837);
#2837 = CARTESIAN_POINT('',(2.907670780787,-3.267493689798E-15,
    -61.71548336381));
#2838 = VERTEX_POINT('',#2839);
#2839 = CARTESIAN_POINT('',(2.907670780787,0.,-58.64239883134));
#2840 = SURFACE_CURVE('',#2841,(#2845,#2851),.PCURVE_S1.);
#2841 = LINE('',#2842,#2843);
#2842 = CARTESIAN_POINT('',(2.907670780787,0.,-63.));
#2843 = VECTOR('',#2844,1.);
#2844 = DIRECTION('',(0.,0.,1.));
#2845 = PCURVE('',#2682,#2846);
#2846 = DEFINITIONAL_REPRESENTATION('',(#2847),#2850);
#2847 = B_SPLINE_CURVE_WITH_KNOTS('',1,(#2848,#2849),.UNSPECIFIED.,.F.,
  .F.,(2,2),(-5.999999999062E-07,33.0000006),.PIECEWISE_BEZIER_KNOTS.);
#2848 = CARTESIAN_POINT('',(-28.0000006,14.907670780787));
#2849 = CARTESIAN_POINT('',(5.0000006,14.907670780787));
#2850 = ( GEOMETRIC_REPRESENTATION_CONTEXT(2) 
PARAMETRIC_REPRESENTATION_CONTEXT() REPRESENTATION_CONTEXT('2D SPACE',''
  ) );
#2851 = PCURVE('',#2852,#2857);
#2852 = CYLINDRICAL_SURFACE('',#2853,3.25);
#2853 = AXIS2_PLACEMENT_3D('',#2854,#2855,#2856);
#2854 = CARTESIAN_POINT('',(6.,1.,-63.));
#2855 = DIRECTION('',(0.,0.,1.));
#2856 = DIRECTION('',(1.,0.,-0.));
#2857 = DEFINITIONAL_REPRESENTATION('',(#2858),#2861);
#2858 = B_SPLINE_CURVE_WITH_KNOTS('',1,(#2859,#2860),.UNSPECIFIED.,.F.,
  .F.,(2,2),(-5.999999999062E-07,33.0000006),.PIECEWISE_BEZIER_KNOTS.);
#2859 = CARTESIAN_POINT('',(3.454359375531,-5.999999999062E-07));
#2860 = CARTESIAN_POINT('',(3.454359375531,33.0000006));
#2861 = ( GEOMETRIC_REPRESENTATION_CONTEXT(2) 
PARAMETRIC_REPRESENTATION_CONTEXT() REPRESENTATION_CONTEXT('2D SPACE',''
  ) );
#2862 = ORIENTED_EDGE('',*,*,#2863,.F.);
#2863 = EDGE_CURVE('',#2522,#2836,#2864,.T.);
#2864 = SURFACE_CURVE('',#2865,(#2870,#2881),.PCURVE_S1.);
#2865 = ELLIPSE('',#2866,15.,15.);
#2866 = AXIS2_PLACEMENT_3D('',#2867,#2868,#2869);
#2867 = CARTESIAN_POINT('',(0.,0.,-47.));
#2868 = DIRECTION('',(0.,-1.,2.22044604925E-16));
#2869 = DIRECTION('',(1.,0.,0.));
#2870 = PCURVE('',#2682,#2871);
#2871 = DEFINITIONAL_REPRESENTATION('',(#2872),#2880);
#2872 = ( BOUNDED_CURVE() B_SPLINE_CURVE(2,(#2873,#2874,#2875,#2876,
#2877,#2878,#2879),.UNSPECIFIED.,.T.,.F.) B_SPLINE_CURVE_WITH_KNOTS((1,2
    ,2,2,2,1),(-2.094395102393,0.,2.094395102393,4.188790204786,
6.28318530718,8.377580409573),.UNSPECIFIED.) CURVE() 
GEOMETRIC_REPRESENTATION_ITEM() RATIONAL_B_SPLINE_CURVE((1.,0.5,1.,0.5,
1.,0.5,1.)) REPRESENTATION_ITEM('') );
#2873 = CARTESIAN_POINT('',(-12.,27.));
#2874 = CARTESIAN_POINT('',(13.980762113533,27.));
#2875 = CARTESIAN_POINT('',(0.990381056767,4.5));
#2876 = CARTESIAN_POINT('',(-12.,-18.));
#2877 = CARTESIAN_POINT('',(-24.99038105676,4.5));
#2878 = CARTESIAN_POINT('',(-37.98076211353,27.));
#2879 = CARTESIAN_POINT('',(-12.,27.));
#2880 = ( GEOMETRIC_REPRESENTATION_CONTEXT(2) 
PARAMETRIC_REPRESENTATION_CONTEXT() REPRESENTATION_CONTEXT('2D SPACE',''
  ) );
#2881 = PCURVE('',#818,#2882);
#2882 = DEFINITIONAL_REPRESENTATION('',(#2883),#2886);
#2883 = B_SPLINE_CURVE_WITH_KNOTS('',1,(#2884,#2885),.UNSPECIFIED.,.F.,
  .F.,(2,2),(2.214297435588,6.28318530718),.PIECEWISE_BEZIER_KNOTS.);
#2884 = CARTESIAN_POINT('',(2.214297435588,0.));
#2885 = CARTESIAN_POINT('',(6.28318530718,0.));
#2886 = ( GEOMETRIC_REPRESENTATION_CONTEXT(2) 
PARAMETRIC_REPRESENTATION_CONTEXT() REPRESENTATION_CONTEXT('2D SPACE',''
  ) );
#2887 = ORIENTED_EDGE('',*,*,#2667,.T.);
#2888 = ORIENTED_EDGE('',*,*,#2889,.F.);
#2889 = EDGE_CURVE('',#2838,#2668,#2890,.T.);
#2890 = SURFACE_CURVE('',#2891,(#3098,#3308),.PCURVE_S1.);
#2891 = B_SPLINE_CURVE_WITH_KNOTS('',7,(#2892,#2893,#2894,#2895,#2896,
    #2897,#2898,#2899,#2900,#2901,#2902,#2903,#2904,#2905,#2906,#2907,
    #2908,#2909,#2910,#2911,#2912,#2913,#2914,#2915,#2916,#2917,#2918,
    #2919,#2920,#2921,#2922,#2923,#2924,#2925,#2926,#2927,#2928,#2929,
    #2930,#2931,#2932,#2933,#2934,#2935,#2936,#2937,#2938,#2939,#2940,
    #2941,#2942,#2943,#2944,#2945,#2946,#2947,#2948,#2949,#2950,#2951,
    #2952,#2953,#2954,#2955,#2956,#2957,#2958,#2959,#2960,#2961,#2962,
    #2963,#2964,#2965,#2966,#2967,#2968,#2969,#2970,#2971,#2972,#2973,
    #2974,#2975,#2976,#2977,#2978,#2979,#2980,#2981,#2982,#2983,#2984,
    #2985,#2986,#2987,#2988,#2989,#2990,#2991,#2992,#2993,#2994,#2995,
    #2996,#2997,#2998,#2999,#3000,#3001,#3002,#3003,#3004,#3005,#3006,
    #3007,#3008,#3009,#3010,#3011,#3012,#3013,#3014,#3015,#3016,#3017,
    #3018,#3019,#3020,#3021,#3022,#3023,#3024,#3025,#3026,#3027,#3028,
    #3029,#3030,#3031,#3032,#3033,#3034,#3035,#3036,#3037,#3038,#3039,
    #3040,#3041,#3042,#3043,#3044,#3045,#3046,#3047,#3048,#3049,#3050,
    #3051,#3052,#3053,#3054,#3055,#3056,#3057,#3058,#3059,#3060,#3061,
    #3062,#3063,#3064,#3065,#3066,#3067,#3068,#3069,#3070,#3071,#3072,
    #3073,#3074,#3075,#3076,#3077,#3078,#3079,#3080,#3081,#3082,#3083,
    #3084,#3085,#3086,#3087,#3088,#3089,#3090,#3091,#3092,#3093,#3094,
    #3095,#3096,#3097),.UNSPECIFIED.,.T.,.F.,(8,6,6,6,6,6,6,6,6,6,6,6,6,
    6,6,6,6,6,6,6,6,6,6,6,6,6,6,6,6,6,6,6,6,6,8),(0.,2.100026928079E-02,
    5.000062512473E-02,7.800097149344E-02,0.103001286786,0.128001602078,
    0.152001906279,0.175002199092,0.204002554936,0.232002901305,
    0.260003247674,0.289003603517,0.318003959361,0.347004315205,
    0.367004572406,0.393004898451,0.418005213743,0.445005550163,
    0.460005744828,0.481006014109,0.523006426899,0.566006836224,
    0.591007151516,0.622007524674,0.651007880518,0.680008236361,
    0.706008562407,0.734008908776,0.760009234821,0.789009590665,
    0.809009847865,0.838010203709,0.867010559553,0.896010915397,1.),
  .UNSPECIFIED.);
#2892 = CARTESIAN_POINT('',(12.,0.,-47.));
#2893 = CARTESIAN_POINT('',(12.,0.,-47.22619462371));
#2894 = CARTESIAN_POINT('',(11.995025716698,0.,-47.45238939));
#2895 = CARTESIAN_POINT('',(11.985077157092,0.,-47.67845278326));
#2896 = CARTESIAN_POINT('',(11.970158650386,0.,-47.90425357347));
#2897 = CARTESIAN_POINT('',(11.950278847993,0.,-48.12966081619));
#2898 = CARTESIAN_POINT('',(11.925450723534,0.,-48.3545438525));
#2899 = CARTESIAN_POINT('',(11.854595625522,0.,-48.88842095907));
#2900 = CARTESIAN_POINT('',(11.804095922436,0.,-49.19682228389));
#2901 = CARTESIAN_POINT('',(11.744238156538,0.,-49.50363236635));
#2902 = CARTESIAN_POINT('',(11.675083388549,0.,-49.80851077509));
#2903 = CARTESIAN_POINT('',(11.596708046941,0.,-50.11112056453));
#2904 = CARTESIAN_POINT('',(11.509203927944,0.,-50.41112827497));
#2905 = CARTESIAN_POINT('',(11.319480927367,0.,-50.99503563047));
#2906 = CARTESIAN_POINT('',(11.217873108946,0.,-51.27913520682));
#2907 = CARTESIAN_POINT('',(11.107951251744,0.,-51.56020575705));
#2908 = CARTESIAN_POINT('',(10.989824468735,0.,-51.83795573607));
#2909 = CARTESIAN_POINT('',(10.8636144744,0.,-52.11209895818));
#2910 = CARTESIAN_POINT('',(10.72945558473,0.,-52.38235459711));
#2911 = CARTESIAN_POINT('',(10.460743912063,0.,-52.88602991196));
#2912 = CARTESIAN_POINT('',(10.327773035853,0.,-53.12029460542));
#2913 = CARTESIAN_POINT('',(10.188686633014,0.,-53.35104534978));
#2914 = CARTESIAN_POINT('',(10.043596580276,0.,-53.57809091404));
#2915 = CARTESIAN_POINT('',(9.892622086667,0.,-53.80124475281));
#2916 = CARTESIAN_POINT('',(9.735889693519,0.,-54.02032500628));
#2917 = CARTESIAN_POINT('',(9.411176855408,0.,-54.44998399424));
#2918 = CARTESIAN_POINT('',(9.243195999336,0.,-54.6605632727));
#2919 = CARTESIAN_POINT('',(9.069724611666,0.,-54.86671518547));
#2920 = CARTESIAN_POINT('',(8.890903106855,0.,-55.06826835729));
#2921 = CARTESIAN_POINT('',(8.706878408401,0.,-55.26505718786));
#2922 = CARTESIAN_POINT('',(8.517803948841,0.,-55.45692185179));
#2923 = CARTESIAN_POINT('',(8.137633950028,0.,-55.823023299));
#2924 = CARTESIAN_POINT('',(7.946921346815,0.,-55.99765862602));
#2925 = CARTESIAN_POINT('',(7.751843359678,0.,-56.16747803811));
#2926 = CARTESIAN_POINT('',(7.552546198979,0.,-56.33235098807));
#2927 = CARTESIAN_POINT('',(7.349180785875,0.,-56.49215262305));
#2928 = CARTESIAN_POINT('',(7.141902752321,0.,-56.64676378459));
#2929 = CARTESIAN_POINT('',(6.72863504814,0.,-56.93915710628));
#2930 = CARTESIAN_POINT('',(6.522951161624,0.,-57.07737233092));
#2931 = CARTESIAN_POINT('',(6.313961891577,0.,-57.21061685976));
#2932 = CARTESIAN_POINT('',(6.101811571476,0.,-57.33879620513));
#2933 = CARTESIAN_POINT('',(5.886647758214,0.,-57.46182121447));
#2934 = CARTESIAN_POINT('',(5.668621232104,0.,-57.57960807031));
#2935 = CARTESIAN_POINT('',(5.169567784972,0.,-57.83388850228));
#2936 = CARTESIAN_POINT('',(4.886942327331,0.,-57.96724684606));
#2937 = CARTESIAN_POINT('',(4.600318771181,0.,-58.09199585768));
#2938 = CARTESIAN_POINT('',(4.310012110712,0.,-58.20799270649));
#2939 = CARTESIAN_POINT('',(4.01634318707,0.,-58.31510919508));
#2940 = CARTESIAN_POINT('',(3.719638688359,0.,-58.41323175929));
#2941 = CARTESIAN_POINT('',(3.13114797995,0.,-58.58822119574));
#2942 = CARTESIAN_POINT('',(2.839543757471,0.,-58.66570471322));
#2943 = CARTESIAN_POINT('',(2.545717740698,0.,-58.73462307628));
#2944 = CARTESIAN_POINT('',(2.249971922926,0.,-58.79490075854));
#2945 = CARTESIAN_POINT('',(1.952611032243,0.,-58.84647565157));
#2946 = CARTESIAN_POINT('',(1.653942531534,0.,-58.88929906496));
#2947 = CARTESIAN_POINT('',(1.054610705431,0.,-58.95737238751));
#2948 = CARTESIAN_POINT('',(0.75394618593,0.,-58.98262243231));
#2949 = CARTESIAN_POINT('',(0.452593266536,0.,-58.99905066632));
#2950 = CARTESIAN_POINT('',(0.150862497935,0.,-59.00663558473));
#2951 = CARTESIAN_POINT('',(-0.150935225061,0.,-59.00536937226));
#2952 = CARTESIAN_POINT('',(-0.452488663512,0.,-58.99525790315));
#2953 = CARTESIAN_POINT('',(-1.065233687312,0.,-58.95670725386));
#2954 = CARTESIAN_POINT('',(-1.376386216724,0.,-58.92762632192));
#2955 = CARTESIAN_POINT('',(-1.686597570922,0.,-58.88909977824));
#2956 = CARTESIAN_POINT('',(-1.995523914448,0.,-58.84116502757));
#2957 = CARTESIAN_POINT('',(-2.302823828054,0.,-58.78387504643));
#2958 = CARTESIAN_POINT('',(-2.608158308698,0.,-58.71729838316));
#2959 = CARTESIAN_POINT('',(-3.21422323039,0.,-58.5657399326));
#2960 = CARTESIAN_POINT('',(-3.514955060982,0.,-58.48075779782));
#2961 = CARTESIAN_POINT('',(-3.813049698036,0.,-58.38665696785));
#2962 = CARTESIAN_POINT('',(-4.108175776174,0.,-58.28353653317));
#2963 = CARTESIAN_POINT('',(-4.400007127925,0.,-58.17151046042));
#2964 = CARTESIAN_POINT('',(-4.688222783725,0.,-58.05070759243));
#2965 = CARTESIAN_POINT('',(-5.256791160111,0.,-57.791835704));
#2966 = CARTESIAN_POINT('',(-5.53714518427,0.,-57.65376609004));
#2967 = CARTESIAN_POINT('',(-5.813253312963,0.,-57.50720661368));
#2968 = CARTESIAN_POINT('',(-6.084807622264,0.,-57.3523147703));
#2969 = CARTESIAN_POINT('',(-6.351507995752,0.,-57.18926174327));
#2970 = CARTESIAN_POINT('',(-6.613062124512,0.,-57.018232404));
#2971 = CARTESIAN_POINT('',(-7.045822426867,0.,-56.71611000327));
#2972 = CARTESIAN_POINT('',(-7.219876726814,0.,-56.58909515343));
#2973 = CARTESIAN_POINT('',(-7.391255273045,0.,-56.45844578821));
#2974 = CARTESIAN_POINT('',(-7.559867150952,0.,-56.32422972153));
#2975 = CARTESIAN_POINT('',(-7.725623665244,0.,-56.18651755536));
#2976 = CARTESIAN_POINT('',(-7.888438339956,0.,-56.04538267976));
#2977 = CARTESIAN_POINT('',(-8.255952004039,0.,-55.71307550395));
#2978 = CARTESIAN_POINT('',(-8.458563430497,0.,-55.51959368766));
#2979 = CARTESIAN_POINT('',(-8.655875892642,0.,-55.32062341158));
#2980 = CARTESIAN_POINT('',(-8.847711506222,0.,-55.11633923199));
#2981 = CARTESIAN_POINT('',(-9.033899807911,0.,-54.90692267391));
#2982 = CARTESIAN_POINT('',(-9.214277755304,0.,-54.69256223106));
#2983 = CARTESIAN_POINT('',(-9.556393557764,0.,-54.26277174964));
#2984 = CARTESIAN_POINT('',(-9.718581960823,0.,-54.04769938406));
#2985 = CARTESIAN_POINT('',(-9.875116652336,0.,-53.8284100231));
#2986 = CARTESIAN_POINT('',(-10.02586656078,0.,-53.60508228913));
#2987 = CARTESIAN_POINT('',(-10.17070782687,0.,-53.37789967291));
#2988 = CARTESIAN_POINT('',(-10.30952380356,0.,-53.14705053355));
#2989 = CARTESIAN_POINT('',(-10.58550078696,0.,-52.65965990719));
#2990 = CARTESIAN_POINT('',(-10.72164141555,0.,-52.40253968024));
#2991 = CARTESIAN_POINT('',(-10.85048907371,0.,-52.14161096454));
#2992 = CARTESIAN_POINT('',(-10.97191665299,0.,-51.87712224669));
#2993 = CARTESIAN_POINT('',(-11.08580780457,0.,-51.60932695308));
#2994 = CARTESIAN_POINT('',(-11.19205693924,0.,-51.33848344985));
#2995 = CARTESIAN_POINT('',(-11.34529830478,0.,-50.91283918262));
#2996 = CARTESIAN_POINT('',(-11.39763953108,0.,-50.75996361486));
#2997 = CARTESIAN_POINT('',(-11.447576687,0.,-50.60627339335));
#2998 = CARTESIAN_POINT('',(-11.49509463073,0.,-50.45181390328));
#2999 = CARTESIAN_POINT('',(-11.54017929799,0.,-50.29663086134));
#3000 = CARTESIAN_POINT('',(-11.582817702,0.,-50.14077031568));
#3001 = CARTESIAN_POINT('',(-11.67925024899,0.,-49.7651903423));
#3002 = CARTESIAN_POINT('',(-11.73068459285,0.,-49.54486484659));
#3003 = CARTESIAN_POINT('',(-11.7772682653,0.,-49.32342954437));
#3004 = CARTESIAN_POINT('',(-11.81897282395,0.,-49.10101261945));
#3005 = CARTESIAN_POINT('',(-11.85577408387,0.,-48.87774305395));
#3006 = CARTESIAN_POINT('',(-11.88765211752,0.,-48.65375062827));
#3007 = CARTESIAN_POINT('',(-11.96846936812,0.,-47.97999785191));
#3008 = CARTESIAN_POINT('',(-12.00259233375,0.,-47.52845576692));
#3009 = CARTESIAN_POINT('',(-12.01683459609,0.,-47.07558983569));
#3010 = CARTESIAN_POINT('',(-12.01113997116,0.,-46.62244983606));
#3011 = CARTESIAN_POINT('',(-11.98552164261,0.,-46.17008483416));
#3012 = CARTESIAN_POINT('',(-11.94006215768,0.,-45.71954286438));
#3013 = CARTESIAN_POINT('',(-11.80821354905,0.,-44.81353963284));
#3014 = CARTESIAN_POINT('',(-11.72087430892,0.,-44.35820733734));
#3015 = CARTESIAN_POINT('',(-11.61305967524,0.,-43.90699719705));
#3016 = CARTESIAN_POINT('',(-11.48500703719,0.,-43.46101219056));
#3017 = CARTESIAN_POINT('',(-11.33702709746,0.,-43.02133444111));
#3018 = CARTESIAN_POINT('',(-11.16950376893,0.,-42.5890248569));
#3019 = CARTESIAN_POINT('',(-10.87439972577,0.,-41.91866730842));
#3020 = CARTESIAN_POINT('',(-10.75945304408,0.,-41.67505191299));
#3021 = CARTESIAN_POINT('',(-10.63814351604,0.,-41.43447982009));
#3022 = CARTESIAN_POINT('',(-10.51056829567,0.,-41.19715014473));
#3023 = CARTESIAN_POINT('',(-10.37683220147,0.,-40.96325788196));
#3024 = CARTESIAN_POINT('',(-10.23704771634,0.,-40.73299390684));
#3025 = CARTESIAN_POINT('',(-9.910651307687,0.,-40.22574845961));
#3026 = CARTESIAN_POINT('',(-9.720851522298,0.,-39.95081668165));
#3027 = CARTESIAN_POINT('',(-9.522165127997,0.,-39.68210616233));
#3028 = CARTESIAN_POINT('',(-9.31483776152,0.,-39.41996065836));
#3029 = CARTESIAN_POINT('',(-9.099131199754,0.,-39.16471116142));
#3030 = CARTESIAN_POINT('',(-8.875323359737,0.,-38.91667589818));
#3031 = CARTESIAN_POINT('',(-8.427036094229,0.,-38.45116184327));
#3032 = CARTESIAN_POINT('',(-8.203530456342,0.,-38.23274291782));
#3033 = CARTESIAN_POINT('',(-7.97343207556,0.,-38.02115342375));
#3034 = CARTESIAN_POINT('',(-7.736991951626,0.,-37.81663131286));
#3035 = CARTESIAN_POINT('',(-7.494471393463,0.,-37.61940261893));
#3036 = CARTESIAN_POINT('',(-7.24614201917,0.,-37.42968145768));
#3037 = CARTESIAN_POINT('',(-6.738429492878,0.,-37.06565859592));
#3038 = CARTESIAN_POINT('',(-6.479045176832,0.,-36.89135606079));
#3039 = CARTESIAN_POINT('',(-6.214414791725,0.,-36.72496454021));
#3040 = CARTESIAN_POINT('',(-5.944828300292,0.,-36.56667256416));
#3041 = CARTESIAN_POINT('',(-5.670583644161,0.,-36.41665507376));
#3042 = CARTESIAN_POINT('',(-5.391986743853,0.,-36.27507342135));
#3043 = CARTESIAN_POINT('',(-4.855954314164,0.,-36.02283570636));
#3044 = CARTESIAN_POINT('',(-4.599310193917,0.,-35.91049515754));
#3045 = CARTESIAN_POINT('',(-4.339645217249,0.,-35.80516008088));
#3046 = CARTESIAN_POINT('',(-4.077189031813,0.,-35.70692729922));
#3047 = CARTESIAN_POINT('',(-3.812174853716,0.,-35.61588410128));
#3048 = CARTESIAN_POINT('',(-3.544839467513,0.,-35.53210824169));
#3049 = CARTESIAN_POINT('',(-2.985282707946,0.,-35.37334763109));
#3050 = CARTESIAN_POINT('',(-2.692727848339,0.,-35.29953454167));
#3051 = CARTESIAN_POINT('',(-2.398058999935,0.,-35.23431384956));
#3052 = CARTESIAN_POINT('',(-2.10157908125,0.,-35.17775728031));
#3053 = CARTESIAN_POINT('',(-1.80359357677,0.,-35.12992310823));
#3054 = CARTESIAN_POINT('',(-1.50441053695,0.,-35.09085615629));
#3055 = CARTESIAN_POINT('',(-0.925704140623,0.,-35.03248145709));
#3056 = CARTESIAN_POINT('',(-0.646302033848,0.,-35.01196156196));
#3057 = CARTESIAN_POINT('',(-0.366382846111,0.,-34.99905316084));
#3058 = CARTESIAN_POINT('',(-8.619535750818E-02,0.,-34.99377112551));
#3059 = CARTESIAN_POINT('',(0.194011459984,0.,-34.99612014954));
#3060 = CARTESIAN_POINT('',(0.473988442514,0.,-35.00609474828));
#3061 = CARTESIAN_POINT('',(1.065233687312,0.,-35.04329274613));
#3062 = CARTESIAN_POINT('',(1.376386216724,0.,-35.07237367807));
#3063 = CARTESIAN_POINT('',(1.686597570921,0.,-35.11090022175));
#3064 = CARTESIAN_POINT('',(1.995523914448,0.,-35.15883497242));
#3065 = CARTESIAN_POINT('',(2.302823828054,0.,-35.21612495356));
#3066 = CARTESIAN_POINT('',(2.608158308697,0.,-35.28270161683));
#3067 = CARTESIAN_POINT('',(3.120178796778,0.,-35.4107424076));
#3068 = CARTESIAN_POINT('',(3.328072368035,0.,-35.46738103789));
#3069 = CARTESIAN_POINT('',(3.534761289606,0.,-35.52836917149));
#3070 = CARTESIAN_POINT('',(3.740136447656,0.,-35.59367585096));
#3071 = CARTESIAN_POINT('',(3.944089808226,0.,-35.66326672287));
#3072 = CARTESIAN_POINT('',(4.146514417229,0.,-35.73710403783));
#3073 = CARTESIAN_POINT('',(4.638449704493,0.,-35.92830837215));
#3074 = CARTESIAN_POINT('',(4.92615908903,0.,-36.05031209017));
#3075 = CARTESIAN_POINT('',(5.210109199533,0.,-36.18103207175));
#3076 = CARTESIAN_POINT('',(5.48998370287,0.,-36.3203284767));
#3077 = CARTESIAN_POINT('',(5.765473287305,0.,-36.46804735737));
#3078 = CARTESIAN_POINT('',(6.036275662505,0.,-36.62402065877));
#3079 = CARTESIAN_POINT('',(6.567915456564,0.,-36.95211177815));
#3080 = CARTESIAN_POINT('',(6.82875409433,0.,-37.12423034836));
#3081 = CARTESIAN_POINT('',(7.084316254878,0.,-37.30423968405));
#3082 = CARTESIAN_POINT('',(7.334316181756,0.,-37.49194493866));
#3083 = CARTESIAN_POINT('',(7.57847758002,0.,-37.68713866407));
#3084 = CARTESIAN_POINT('',(7.816533616227,0.,-37.88960081062));
#3085 = CARTESIAN_POINT('',(8.279920220653,0.,-38.30859664364));
#3086 = CARTESIAN_POINT('',(8.505251851292,0.,-38.52513129074));
#3087 = CARTESIAN_POINT('',(8.723964503526,0.,-38.74846994524));
#3088 = CARTESIAN_POINT('',(8.935812458866,0.,-38.97836920549));
#3089 = CARTESIAN_POINT('',(9.140561587165,0.,-39.21457499141));
#3090 = CARTESIAN_POINT('',(9.337989346621,0.,-39.45682254446));
#3091 = CARTESIAN_POINT('',(10.208809279526,0.,-40.59416126289));
#3092 = CARTESIAN_POINT('',(10.793135825454,0.,-41.55795904992));
#3093 = CARTESIAN_POINT('',(11.270608353943,0.,-42.58307944464));
#3094 = CARTESIAN_POINT('',(11.633934648065,0.,-43.65524822072));
#3095 = CARTESIAN_POINT('',(11.878027791554,0.,-44.75945398798));
#3096 = CARTESIAN_POINT('',(12.,0.,-45.87992998813));
#3097 = CARTESIAN_POINT('',(12.,0.,-47.));
#3098 = PCURVE('',#2682,#3099);
#3099 = DEFINITIONAL_REPRESENTATION('',(#3100),#3307);
#3100 = B_SPLINE_CURVE_WITH_KNOTS('',7,(#3101,#3102,#3103,#3104,#3105,
    #3106,#3107,#3108,#3109,#3110,#3111,#3112,#3113,#3114,#3115,#3116,
    #3117,#3118,#3119,#3120,#3121,#3122,#3123,#3124,#3125,#3126,#3127,
    #3128,#3129,#3130,#3131,#3132,#3133,#3134,#3135,#3136,#3137,#3138,
    #3139,#3140,#3141,#3142,#3143,#3144,#3145,#3146,#3147,#3148,#3149,
    #3150,#3151,#3152,#3153,#3154,#3155,#3156,#3157,#3158,#3159,#3160,
    #3161,#3162,#3163,#3164,#3165,#3166,#3167,#3168,#3169,#3170,#3171,
    #3172,#3173,#3174,#3175,#3176,#3177,#3178,#3179,#3180,#3181,#3182,
    #3183,#3184,#3185,#3186,#3187,#3188,#3189,#3190,#3191,#3192,#3193,
    #3194,#3195,#3196,#3197,#3198,#3199,#3200,#3201,#3202,#3203,#3204,
    #3205,#3206,#3207,#3208,#3209,#3210,#3211,#3212,#3213,#3214,#3215,
    #3216,#3217,#3218,#3219,#3220,#3221,#3222,#3223,#3224,#3225,#3226,
    #3227,#3228,#3229,#3230,#3231,#3232,#3233,#3234,#3235,#3236,#3237,
    #3238,#3239,#3240,#3241,#3242,#3243,#3244,#3245,#3246,#3247,#3248,
    #3249,#3250,#3251,#3252,#3253,#3254,#3255,#3256,#3257,#3258,#3259,
    #3260,#3261,#3262,#3263,#3264,#3265,#3266,#3267,#3268,#3269,#3270,
    #3271,#3272,#3273,#3274,#3275,#3276,#3277,#3278,#3279,#3280,#3281,
    #3282,#3283,#3284,#3285,#3286,#3287,#3288,#3289,#3290,#3291,#3292,
    #3293,#3294,#3295,#3296,#3297,#3298,#3299,#3300,#3301,#3302,#3303,
    #3304,#3305,#3306),.UNSPECIFIED.,.T.,.F.,(8,6,6,6,6,6,6,6,6,6,6,6,6,
    6,6,6,6,6,6,6,6,6,6,6,6,6,6,6,6,6,6,6,6,6,8),(0.,2.100026928079E-02,
    5.000062512473E-02,7.800097149344E-02,0.103001286786,0.128001602078,
    0.152001906279,0.175002199092,0.204002554936,0.232002901305,
    0.260003247674,0.289003603517,0.318003959361,0.347004315205,
    0.367004572406,0.393004898451,0.418005213743,0.445005550163,
    0.460005744828,0.481006014109,0.523006426899,0.566006836224,
    0.591007151516,0.622007524674,0.651007880518,0.680008236361,
    0.706008562407,0.734008908776,0.760009234821,0.789009590665,
    0.809009847865,0.838010203709,0.867010559553,0.896010915397,1.),
  .UNSPECIFIED.);
#3101 = CARTESIAN_POINT('',(-12.,24.));
#3102 = CARTESIAN_POINT('',(-12.22619462371,24.));
#3103 = CARTESIAN_POINT('',(-12.45238939,23.995025716698));
#3104 = CARTESIAN_POINT('',(-12.67845278326,23.985077157092));
#3105 = CARTESIAN_POINT('',(-12.90425357347,23.970158650386));
#3106 = CARTESIAN_POINT('',(-13.12966081619,23.950278847993));
#3107 = CARTESIAN_POINT('',(-13.3545438525,23.925450723534));
#3108 = CARTESIAN_POINT('',(-13.88842095907,23.854595625522));
#3109 = CARTESIAN_POINT('',(-14.19682228389,23.804095922436));
#3110 = CARTESIAN_POINT('',(-14.50363236635,23.744238156538));
#3111 = CARTESIAN_POINT('',(-14.80851077509,23.675083388549));
#3112 = CARTESIAN_POINT('',(-15.11112056453,23.596708046941));
#3113 = CARTESIAN_POINT('',(-15.41112827497,23.509203927944));
#3114 = CARTESIAN_POINT('',(-15.99503563047,23.319480927367));
#3115 = CARTESIAN_POINT('',(-16.27913520682,23.217873108946));
#3116 = CARTESIAN_POINT('',(-16.56020575705,23.107951251744));
#3117 = CARTESIAN_POINT('',(-16.83795573607,22.989824468735));
#3118 = CARTESIAN_POINT('',(-17.11209895818,22.8636144744));
#3119 = CARTESIAN_POINT('',(-17.38235459711,22.72945558473));
#3120 = CARTESIAN_POINT('',(-17.88602991196,22.460743912063));
#3121 = CARTESIAN_POINT('',(-18.12029460542,22.327773035853));
#3122 = CARTESIAN_POINT('',(-18.35104534978,22.188686633014));
#3123 = CARTESIAN_POINT('',(-18.57809091404,22.043596580276));
#3124 = CARTESIAN_POINT('',(-18.80124475281,21.892622086667));
#3125 = CARTESIAN_POINT('',(-19.02032500628,21.735889693519));
#3126 = CARTESIAN_POINT('',(-19.44998399424,21.411176855408));
#3127 = CARTESIAN_POINT('',(-19.6605632727,21.243195999336));
#3128 = CARTESIAN_POINT('',(-19.86671518547,21.069724611666));
#3129 = CARTESIAN_POINT('',(-20.06826835729,20.890903106855));
#3130 = CARTESIAN_POINT('',(-20.26505718786,20.706878408401));
#3131 = CARTESIAN_POINT('',(-20.45692185179,20.517803948841));
#3132 = CARTESIAN_POINT('',(-20.823023299,20.137633950028));
#3133 = CARTESIAN_POINT('',(-20.99765862602,19.946921346815));
#3134 = CARTESIAN_POINT('',(-21.16747803811,19.751843359678));
#3135 = CARTESIAN_POINT('',(-21.33235098807,19.552546198979));
#3136 = CARTESIAN_POINT('',(-21.49215262305,19.349180785875));
#3137 = CARTESIAN_POINT('',(-21.64676378459,19.141902752321));
#3138 = CARTESIAN_POINT('',(-21.93915710628,18.72863504814));
#3139 = CARTESIAN_POINT('',(-22.07737233092,18.522951161624));
#3140 = CARTESIAN_POINT('',(-22.21061685976,18.313961891577));
#3141 = CARTESIAN_POINT('',(-22.33879620513,18.101811571476));
#3142 = CARTESIAN_POINT('',(-22.46182121447,17.886647758214));
#3143 = CARTESIAN_POINT('',(-22.57960807031,17.668621232104));
#3144 = CARTESIAN_POINT('',(-22.83388850228,17.169567784972));
#3145 = CARTESIAN_POINT('',(-22.96724684606,16.886942327331));
#3146 = CARTESIAN_POINT('',(-23.09199585768,16.600318771181));
#3147 = CARTESIAN_POINT('',(-23.20799270649,16.310012110712));
#3148 = CARTESIAN_POINT('',(-23.31510919508,16.01634318707));
#3149 = CARTESIAN_POINT('',(-23.41323175929,15.719638688359));
#3150 = CARTESIAN_POINT('',(-23.58822119574,15.13114797995));
#3151 = CARTESIAN_POINT('',(-23.66570471322,14.839543757471));
#3152 = CARTESIAN_POINT('',(-23.73462307628,14.545717740698));
#3153 = CARTESIAN_POINT('',(-23.79490075854,14.249971922926));
#3154 = CARTESIAN_POINT('',(-23.84647565157,13.952611032243));
#3155 = CARTESIAN_POINT('',(-23.88929906496,13.653942531534));
#3156 = CARTESIAN_POINT('',(-23.95737238751,13.054610705431));
#3157 = CARTESIAN_POINT('',(-23.98262243231,12.75394618593));
#3158 = CARTESIAN_POINT('',(-23.99905066632,12.452593266536));
#3159 = CARTESIAN_POINT('',(-24.00663558473,12.150862497935));
#3160 = CARTESIAN_POINT('',(-24.00536937226,11.849064774939));
#3161 = CARTESIAN_POINT('',(-23.99525790315,11.547511336488));
#3162 = CARTESIAN_POINT('',(-23.95670725386,10.934766312688));
#3163 = CARTESIAN_POINT('',(-23.92762632192,10.623613783276));
#3164 = CARTESIAN_POINT('',(-23.88909977824,10.313402429078));
#3165 = CARTESIAN_POINT('',(-23.84116502757,10.004476085552));
#3166 = CARTESIAN_POINT('',(-23.78387504643,9.697176171946));
#3167 = CARTESIAN_POINT('',(-23.71729838316,9.391841691302));
#3168 = CARTESIAN_POINT('',(-23.5657399326,8.78577676961));
#3169 = CARTESIAN_POINT('',(-23.48075779782,8.485044939018));
#3170 = CARTESIAN_POINT('',(-23.38665696785,8.186950301964));
#3171 = CARTESIAN_POINT('',(-23.28353653317,7.891824223826));
#3172 = CARTESIAN_POINT('',(-23.17151046042,7.599992872075));
#3173 = CARTESIAN_POINT('',(-23.05070759243,7.311777216275));
#3174 = CARTESIAN_POINT('',(-22.791835704,6.743208839889));
#3175 = CARTESIAN_POINT('',(-22.65376609004,6.46285481573));
#3176 = CARTESIAN_POINT('',(-22.50720661368,6.186746687037));
#3177 = CARTESIAN_POINT('',(-22.3523147703,5.915192377736));
#3178 = CARTESIAN_POINT('',(-22.18926174327,5.648492004248));
#3179 = CARTESIAN_POINT('',(-22.018232404,5.386937875488));
#3180 = CARTESIAN_POINT('',(-21.71611000327,4.954177573133));
#3181 = CARTESIAN_POINT('',(-21.58909515343,4.780123273186));
#3182 = CARTESIAN_POINT('',(-21.45844578821,4.608744726955));
#3183 = CARTESIAN_POINT('',(-21.32422972153,4.440132849048));
#3184 = CARTESIAN_POINT('',(-21.18651755536,4.274376334756));
#3185 = CARTESIAN_POINT('',(-21.04538267976,4.111561660044));
#3186 = CARTESIAN_POINT('',(-20.71307550395,3.744047995961));
#3187 = CARTESIAN_POINT('',(-20.51959368766,3.541436569503));
#3188 = CARTESIAN_POINT('',(-20.32062341158,3.344124107358));
#3189 = CARTESIAN_POINT('',(-20.11633923199,3.152288493778));
#3190 = CARTESIAN_POINT('',(-19.90692267391,2.966100192089));
#3191 = CARTESIAN_POINT('',(-19.69256223106,2.785722244696));
#3192 = CARTESIAN_POINT('',(-19.26277174964,2.443606442236));
#3193 = CARTESIAN_POINT('',(-19.04769938406,2.281418039177));
#3194 = CARTESIAN_POINT('',(-18.8284100231,2.124883347664));
#3195 = CARTESIAN_POINT('',(-18.60508228913,1.97413343922));
#3196 = CARTESIAN_POINT('',(-18.37789967291,1.829292173129));
#3197 = CARTESIAN_POINT('',(-18.14705053355,1.69047619644));
#3198 = CARTESIAN_POINT('',(-17.65965990719,1.414499213033));
#3199 = CARTESIAN_POINT('',(-17.40253968024,1.278358584445));
#3200 = CARTESIAN_POINT('',(-17.14161096454,1.149510926283));
#3201 = CARTESIAN_POINT('',(-16.87712224669,1.028083347002));
#3202 = CARTESIAN_POINT('',(-16.60932695308,0.914192195427));
#3203 = CARTESIAN_POINT('',(-16.33848344985,0.807943060753));
#3204 = CARTESIAN_POINT('',(-15.91283918262,0.654701695214));
#3205 = CARTESIAN_POINT('',(-15.75996361486,0.602360468914));
#3206 = CARTESIAN_POINT('',(-15.60627339335,0.552423312992));
#3207 = CARTESIAN_POINT('',(-15.45181390328,0.504905369261));
#3208 = CARTESIAN_POINT('',(-15.29663086134,0.45982070201));
#3209 = CARTESIAN_POINT('',(-15.14077031568,0.417182297998));
#3210 = CARTESIAN_POINT('',(-14.7651903423,0.320749751007));
#3211 = CARTESIAN_POINT('',(-14.54486484659,0.269315407148));
#3212 = CARTESIAN_POINT('',(-14.32342954437,0.222731734698));
#3213 = CARTESIAN_POINT('',(-14.10101261945,0.181027176042));
#3214 = CARTESIAN_POINT('',(-13.87774305395,0.144225916129));
#3215 = CARTESIAN_POINT('',(-13.65375062827,0.112347882476));
#3216 = CARTESIAN_POINT('',(-12.97999785191,3.153063187512E-02));
#3217 = CARTESIAN_POINT('',(-12.52845576692,-2.592333757356E-03));
#3218 = CARTESIAN_POINT('',(-12.07558983569,-1.683459609933E-02));
#3219 = CARTESIAN_POINT('',(-11.62244983606,-1.113997116766E-02));
#3220 = CARTESIAN_POINT('',(-11.17008483416,1.447835738996E-02));
#3221 = CARTESIAN_POINT('',(-10.71954286438,5.993784231663E-02));
#3222 = CARTESIAN_POINT('',(-9.813539632846,0.191786450943));
#3223 = CARTESIAN_POINT('',(-9.358207337342,0.279125691074));
#3224 = CARTESIAN_POINT('',(-8.906997197059,0.386940324755));
#3225 = CARTESIAN_POINT('',(-8.461012190566,0.514992962802));
#3226 = CARTESIAN_POINT('',(-8.021334441111,0.662972902537));
#3227 = CARTESIAN_POINT('',(-7.589024856907,0.830496231064));
#3228 = CARTESIAN_POINT('',(-6.918667308428,1.125600274229));
#3229 = CARTESIAN_POINT('',(-6.67505191299,1.240546955911));
#3230 = CARTESIAN_POINT('',(-6.434479820092,1.36185648396));
#3231 = CARTESIAN_POINT('',(-6.197150144738,1.489431704323));
#3232 = CARTESIAN_POINT('',(-5.963257881964,1.623167798521));
#3233 = CARTESIAN_POINT('',(-5.732993906843,1.76295228366));
#3234 = CARTESIAN_POINT('',(-5.225748459617,2.089348692313));
#3235 = CARTESIAN_POINT('',(-4.950816681655,2.279148477702));
#3236 = CARTESIAN_POINT('',(-4.682106162333,2.477834872003));
#3237 = CARTESIAN_POINT('',(-4.419960658363,2.68516223848));
#3238 = CARTESIAN_POINT('',(-4.164711161428,2.900868800246));
#3239 = CARTESIAN_POINT('',(-3.916675898181,3.124676640263));
#3240 = CARTESIAN_POINT('',(-3.451161843276,3.572963905771));
#3241 = CARTESIAN_POINT('',(-3.232742917826,3.796469543658));
#3242 = CARTESIAN_POINT('',(-3.021153423752,4.02656792444));
#3243 = CARTESIAN_POINT('',(-2.816631312866,4.263008048374));
#3244 = CARTESIAN_POINT('',(-2.619402618936,4.505528606537));
#3245 = CARTESIAN_POINT('',(-2.429681457688,4.75385798083));
#3246 = CARTESIAN_POINT('',(-2.06565859592,5.261570507122));
#3247 = CARTESIAN_POINT('',(-1.891356060794,5.520954823168));
#3248 = CARTESIAN_POINT('',(-1.724964540219,5.785585208275));
#3249 = CARTESIAN_POINT('',(-1.566672564162,6.055171699708));
#3250 = CARTESIAN_POINT('',(-1.416655073766,6.329416355839));
#3251 = CARTESIAN_POINT('',(-1.275073421351,6.608013256147));
#3252 = CARTESIAN_POINT('',(-1.022835706367,7.144045685836));
#3253 = CARTESIAN_POINT('',(-0.910495157546,7.400689806083));
#3254 = CARTESIAN_POINT('',(-0.805160080886,7.660354782751));
#3255 = CARTESIAN_POINT('',(-0.706927299223,7.922810968187));
#3256 = CARTESIAN_POINT('',(-0.615884101285,8.187825146284));
#3257 = CARTESIAN_POINT('',(-0.532108241694,8.455160532487));
#3258 = CARTESIAN_POINT('',(-0.373347631094,9.014717292054));
#3259 = CARTESIAN_POINT('',(-0.299534541674,9.307272151661));
#3260 = CARTESIAN_POINT('',(-0.23431384956,9.601941000065));
#3261 = CARTESIAN_POINT('',(-0.177757280318,9.89842091875));
#3262 = CARTESIAN_POINT('',(-0.12992310823,10.19640642323));
#3263 = CARTESIAN_POINT('',(-9.085615629444E-02,10.49558946305));
#3264 = CARTESIAN_POINT('',(-3.248145709872E-02,11.074295859377));
#3265 = CARTESIAN_POINT('',(-1.19615619683E-02,11.353697966152));
#3266 = CARTESIAN_POINT('',(9.468391558727E-04,11.633617153889));
#3267 = CARTESIAN_POINT('',(6.228874484846E-03,11.913804642492));
#3268 = CARTESIAN_POINT('',(3.879850451553E-03,12.194011459984));
#3269 = CARTESIAN_POINT('',(-6.094748289184E-03,12.473988442514));
#3270 = CARTESIAN_POINT('',(-4.329274613085E-02,13.065233687312));
#3271 = CARTESIAN_POINT('',(-7.237367807499E-02,13.376386216724));
#3272 = CARTESIAN_POINT('',(-0.110900221752,13.686597570921));
#3273 = CARTESIAN_POINT('',(-0.158834972427,13.995523914448));
#3274 = CARTESIAN_POINT('',(-0.216124953564,14.302823828054));
#3275 = CARTESIAN_POINT('',(-0.282701616837,14.608158308697));
#3276 = CARTESIAN_POINT('',(-0.410742407605,15.120178796778));
#3277 = CARTESIAN_POINT('',(-0.467381037893,15.328072368035));
#3278 = CARTESIAN_POINT('',(-0.528369171498,15.534761289606));
#3279 = CARTESIAN_POINT('',(-0.593675850965,15.740136447656));
#3280 = CARTESIAN_POINT('',(-0.663266722875,15.944089808226));
#3281 = CARTESIAN_POINT('',(-0.737104037839,16.146514417229));
#3282 = CARTESIAN_POINT('',(-0.92830837215,16.638449704493));
#3283 = CARTESIAN_POINT('',(-1.050312090172,16.92615908903));
#3284 = CARTESIAN_POINT('',(-1.181032071759,17.210109199533));
#3285 = CARTESIAN_POINT('',(-1.3203284767,17.48998370287));
#3286 = CARTESIAN_POINT('',(-1.468047357378,17.765473287305));
#3287 = CARTESIAN_POINT('',(-1.624020658773,18.036275662505));
#3288 = CARTESIAN_POINT('',(-1.952111778153,18.567915456564));
#3289 = CARTESIAN_POINT('',(-2.124230348361,18.82875409433));
#3290 = CARTESIAN_POINT('',(-2.304239684056,19.084316254878));
#3291 = CARTESIAN_POINT('',(-2.491944938664,19.334316181756));
#3292 = CARTESIAN_POINT('',(-2.687138664073,19.57847758002));
#3293 = CARTESIAN_POINT('',(-2.889600810628,19.816533616227));
#3294 = CARTESIAN_POINT('',(-3.30859664364,20.279920220653));
#3295 = CARTESIAN_POINT('',(-3.525131290742,20.505251851292));
#3296 = CARTESIAN_POINT('',(-3.748469945242,20.723964503526));
#3297 = CARTESIAN_POINT('',(-3.978369205496,20.935812458866));
#3298 = CARTESIAN_POINT('',(-4.214574991415,21.140561587165));
#3299 = CARTESIAN_POINT('',(-4.456822544464,21.337989346621));
#3300 = CARTESIAN_POINT('',(-5.594161262899,22.208809279526));
#3301 = CARTESIAN_POINT('',(-6.557959049926,22.793135825454));
#3302 = CARTESIAN_POINT('',(-7.583079444647,23.270608353943));
#3303 = CARTESIAN_POINT('',(-8.655248220725,23.633934648065));
#3304 = CARTESIAN_POINT('',(-9.75945398798,23.878027791554));
#3305 = CARTESIAN_POINT('',(-10.87992998813,24.));
#3306 = CARTESIAN_POINT('',(-12.,24.));
#3307 = ( GEOMETRIC_REPRESENTATION_CONTEXT(2) 
PARAMETRIC_REPRESENTATION_CONTEXT() REPRESENTATION_CONTEXT('2D SPACE',''
  ) );
#3308 = PCURVE('',#718,#3309);
#3309 = DEFINITIONAL_REPRESENTATION('',(#3310),#3517);
#3310 = B_SPLINE_CURVE_WITH_KNOTS('',7,(#3311,#3312,#3313,#3314,#3315,
    #3316,#3317,#3318,#3319,#3320,#3321,#3322,#3323,#3324,#3325,#3326,
    #3327,#3328,#3329,#3330,#3331,#3332,#3333,#3334,#3335,#3336,#3337,
    #3338,#3339,#3340,#3341,#3342,#3343,#3344,#3345,#3346,#3347,#3348,
    #3349,#3350,#3351,#3352,#3353,#3354,#3355,#3356,#3357,#3358,#3359,
    #3360,#3361,#3362,#3363,#3364,#3365,#3366,#3367,#3368,#3369,#3370,
    #3371,#3372,#3373,#3374,#3375,#3376,#3377,#3378,#3379,#3380,#3381,
    #3382,#3383,#3384,#3385,#3386,#3387,#3388,#3389,#3390,#3391,#3392,
    #3393,#3394,#3395,#3396,#3397,#3398,#3399,#3400,#3401,#3402,#3403,
    #3404,#3405,#3406,#3407,#3408,#3409,#3410,#3411,#3412,#3413,#3414,
    #3415,#3416,#3417,#3418,#3419,#3420,#3421,#3422,#3423,#3424,#3425,
    #3426,#3427,#3428,#3429,#3430,#3431,#3432,#3433,#3434,#3435,#3436,
    #3437,#3438,#3439,#3440,#3441,#3442,#3443,#3444,#3445,#3446,#3447,
    #3448,#3449,#3450,#3451,#3452,#3453,#3454,#3455,#3456,#3457,#3458,
    #3459,#3460,#3461,#3462,#3463,#3464,#3465,#3466,#3467,#3468,#3469,
    #3470,#3471,#3472,#3473,#3474,#3475,#3476,#3477,#3478,#3479,#3480,
    #3481,#3482,#3483,#3484,#3485,#3486,#3487,#3488,#3489,#3490,#3491,
    #3492,#3493,#3494,#3495,#3496,#3497,#3498,#3499,#3500,#3501,#3502,
    #3503,#3504,#3505,#3506,#3507,#3508,#3509,#3510,#3511,#3512,#3513,
    #3514,#3515,#3516),.UNSPECIFIED.,.F.,.F.,(8,6,6,6,6,6,6,6,6,6,6,6,6,
    6,6,6,6,6,6,6,6,6,6,6,6,6,6,6,6,6,6,6,6,6,8),(0.,2.100026928079E-02,
    5.000062512473E-02,7.800097149344E-02,0.103001286786,0.128001602078,
    0.152001906279,0.175002199092,0.204002554936,0.232002901305,
    0.260003247674,0.289003603517,0.318003959361,0.347004315205,
    0.367004572406,0.393004898451,0.418005213743,0.445005550163,
    0.460005744828,0.481006014109,0.523006426899,0.566006836224,
    0.591007151516,0.622007524674,0.651007880518,0.680008236361,
    0.706008562407,0.734008908776,0.760009234821,0.789009590665,
    0.809009847865,0.838010203709,0.867010559553,0.896010915397,1.),
  .UNSPECIFIED.);
#3311 = CARTESIAN_POINT('',(6.28318530718,-1.));
#3312 = CARTESIAN_POINT('',(6.264335755203,-1.));
#3313 = CARTESIAN_POINT('',(6.245486199282,-1.));
#3314 = CARTESIAN_POINT('',(6.226636640993,-1.));
#3315 = CARTESIAN_POINT('',(6.207787081915,-1.));
#3316 = CARTESIAN_POINT('',(6.188937523627,-1.));
#3317 = CARTESIAN_POINT('',(6.170087967705,-1.));
#3318 = CARTESIAN_POINT('',(6.125208096426,-1.));
#3319 = CARTESIAN_POINT('',(6.099177757297,-1.));
#3320 = CARTESIAN_POINT('',(6.07314740627,-1.));
#3321 = CARTESIAN_POINT('',(6.047117051279,-1.));
#3322 = CARTESIAN_POINT('',(6.021086700253,-1.));
#3323 = CARTESIAN_POINT('',(5.995056361123,-1.));
#3324 = CARTESIAN_POINT('',(5.943893317226,-1.));
#3325 = CARTESIAN_POINT('',(5.918760575998,-1.));
#3326 = CARTESIAN_POINT('',(5.893627824788,-1.));
#3327 = CARTESIAN_POINT('',(5.868495070252,-1.));
#3328 = CARTESIAN_POINT('',(5.843362319042,-1.));
#3329 = CARTESIAN_POINT('',(5.818229577814,-1.));
#3330 = CARTESIAN_POINT('',(5.77065691513,-1.));
#3331 = CARTESIAN_POINT('',(5.748216967604,-1.));
#3332 = CARTESIAN_POINT('',(5.725777014417,-1.));
#3333 = CARTESIAN_POINT('',(5.703337059343,-1.));
#3334 = CARTESIAN_POINT('',(5.680897106155,-1.));
#3335 = CARTESIAN_POINT('',(5.65845715863,-1.));
#3336 = CARTESIAN_POINT('',(5.61357728245,-1.));
#3337 = CARTESIAN_POINT('',(5.591137334925,-1.));
#3338 = CARTESIAN_POINT('',(5.568697381738,-1.));
#3339 = CARTESIAN_POINT('',(5.546257426663,-1.));
#3340 = CARTESIAN_POINT('',(5.523817473476,-1.));
#3341 = CARTESIAN_POINT('',(5.50137752595,-1.));
#3342 = CARTESIAN_POINT('',(5.457395245929,-1.));
#3343 = CARTESIAN_POINT('',(5.435852896305,-1.));
#3344 = CARTESIAN_POINT('',(5.414310542064,-1.));
#3345 = CARTESIAN_POINT('',(5.392768186285,-1.));
#3346 = CARTESIAN_POINT('',(5.371225832044,-1.));
#3347 = CARTESIAN_POINT('',(5.34968348242,-1.));
#3348 = CARTESIAN_POINT('',(5.307496394983,-1.));
#3349 = CARTESIAN_POINT('',(5.286851643259,-1.));
#3350 = CARTESIAN_POINT('',(5.266206887805,-1.));
#3351 = CARTESIAN_POINT('',(5.245562131107,-1.));
#3352 = CARTESIAN_POINT('',(5.224917375652,-1.));
#3353 = CARTESIAN_POINT('',(5.204272623929,-1.));
#3354 = CARTESIAN_POINT('',(5.157597559121,-1.));
#3355 = CARTESIAN_POINT('',(5.131567219991,-1.));
#3356 = CARTESIAN_POINT('',(5.105536868965,-1.));
#3357 = CARTESIAN_POINT('',(5.079506513973,-1.));
#3358 = CARTESIAN_POINT('',(5.053476162947,-1.));
#3359 = CARTESIAN_POINT('',(5.027445823818,-1.));
#3360 = CARTESIAN_POINT('',(4.976282779921,-1.));
#3361 = CARTESIAN_POINT('',(4.951150038692,-1.));
#3362 = CARTESIAN_POINT('',(4.926017287483,-1.));
#3363 = CARTESIAN_POINT('',(4.900884532946,-1.));
#3364 = CARTESIAN_POINT('',(4.875751781737,-1.));
#3365 = CARTESIAN_POINT('',(4.850619040508,-1.));
#3366 = CARTESIAN_POINT('',(4.80035359132,-1.));
#3367 = CARTESIAN_POINT('',(4.775220850091,-1.));
#3368 = CARTESIAN_POINT('',(4.750088098882,-1.));
#3369 = CARTESIAN_POINT('',(4.724955344345,-1.));
#3370 = CARTESIAN_POINT('',(4.699822593136,-1.));
#3371 = CARTESIAN_POINT('',(4.674689851907,-1.));
#3372 = CARTESIAN_POINT('',(4.62352680801,-1.));
#3373 = CARTESIAN_POINT('',(4.597496468881,-1.));
#3374 = CARTESIAN_POINT('',(4.571466117855,-1.));
#3375 = CARTESIAN_POINT('',(4.545435762863,-1.));
#3376 = CARTESIAN_POINT('',(4.519405411837,-1.));
#3377 = CARTESIAN_POINT('',(4.493375072707,-1.));
#3378 = CARTESIAN_POINT('',(4.441314434102,-1.));
#3379 = CARTESIAN_POINT('',(4.415284094973,-1.));
#3380 = CARTESIAN_POINT('',(4.389253743946,-1.));
#3381 = CARTESIAN_POINT('',(4.363223388955,-1.));
#3382 = CARTESIAN_POINT('',(4.337193037929,-1.));
#3383 = CARTESIAN_POINT('',(4.311162698799,-1.));
#3384 = CARTESIAN_POINT('',(4.259102060194,-1.));
#3385 = CARTESIAN_POINT('',(4.233071721064,-1.));
#3386 = CARTESIAN_POINT('',(4.207041370038,-1.));
#3387 = CARTESIAN_POINT('',(4.181011015047,-1.));
#3388 = CARTESIAN_POINT('',(4.154980664021,-1.));
#3389 = CARTESIAN_POINT('',(4.128950324891,-1.));
#3390 = CARTESIAN_POINT('',(4.084968050659,-1.));
#3391 = CARTESIAN_POINT('',(4.067016092638,-1.));
#3392 = CARTESIAN_POINT('',(4.049064132763,-1.));
#3393 = CARTESIAN_POINT('',(4.03111217227,-1.));
#3394 = CARTESIAN_POINT('',(4.013160212395,-1.));
#3395 = CARTESIAN_POINT('',(3.995208254374,-1.));
#3396 = CARTESIAN_POINT('',(3.9539187655,-1.));
#3397 = CARTESIAN_POINT('',(3.930581220073,-1.));
#3398 = CARTESIAN_POINT('',(3.907243667757,-1.));
#3399 = CARTESIAN_POINT('',(3.883906113146,-1.));
#3400 = CARTESIAN_POINT('',(3.86056856083,-1.));
#3401 = CARTESIAN_POINT('',(3.837231015403,-1.));
#3402 = CARTESIAN_POINT('',(3.791453543368,-1.));
#3403 = CARTESIAN_POINT('',(3.769013595843,-1.));
#3404 = CARTESIAN_POINT('',(3.746573642656,-1.));
#3405 = CARTESIAN_POINT('',(3.724133687581,-1.));
#3406 = CARTESIAN_POINT('',(3.701693734394,-1.));
#3407 = CARTESIAN_POINT('',(3.679253786868,-1.));
#3408 = CARTESIAN_POINT('',(3.632578719318,-1.));
#3409 = CARTESIAN_POINT('',(3.608343575991,-1.));
#3410 = CARTESIAN_POINT('',(3.584108424342,-1.));
#3411 = CARTESIAN_POINT('',(3.559873269921,-1.));
#3412 = CARTESIAN_POINT('',(3.535638118273,-1.));
#3413 = CARTESIAN_POINT('',(3.511402974945,-1.));
#3414 = CARTESIAN_POINT('',(3.473703877703,-1.));
#3415 = CARTESIAN_POINT('',(3.460239909188,-1.));
#3416 = CARTESIAN_POINT('',(3.446775940232,-1.));
#3417 = CARTESIAN_POINT('',(3.43331197113,-1.));
#3418 = CARTESIAN_POINT('',(3.419848002174,-1.));
#3419 = CARTESIAN_POINT('',(3.406384033659,-1.));
#3420 = CARTESIAN_POINT('',(3.374070513901,-1.));
#3421 = CARTESIAN_POINT('',(3.355220957979,-1.));
#3422 = CARTESIAN_POINT('',(3.336371399691,-1.));
#3423 = CARTESIAN_POINT('',(3.317521840613,-1.));
#3424 = CARTESIAN_POINT('',(3.298672282324,-1.));
#3425 = CARTESIAN_POINT('',(3.279822726403,-1.));
#3426 = CARTESIAN_POINT('',(3.223274183364,-1.));
#3427 = CARTESIAN_POINT('',(3.185574829277,-1.));
#3428 = CARTESIAN_POINT('',(3.147875741863,-1.));
#3429 = CARTESIAN_POINT('',(3.110176824088,-1.));
#3430 = CARTESIAN_POINT('',(3.072477736674,-1.));
#3431 = CARTESIAN_POINT('',(3.034778382587,-1.));
#3432 = CARTESIAN_POINT('',(2.958482817369,-1.));
#3433 = CARTESIAN_POINT('',(2.919885835644,-1.));
#3434 = CARTESIAN_POINT('',(2.881289153339,-1.));
#3435 = CARTESIAN_POINT('',(2.842692661501,-1.));
#3436 = CARTESIAN_POINT('',(2.804095979197,-1.));
#3437 = CARTESIAN_POINT('',(2.765498997471,-1.));
#3438 = CARTESIAN_POINT('',(2.704462485226,-1.));
#3439 = CARTESIAN_POINT('',(2.682022537701,-1.));
#3440 = CARTESIAN_POINT('',(2.659582584514,-1.));
#3441 = CARTESIAN_POINT('',(2.637142629439,-1.));
#3442 = CARTESIAN_POINT('',(2.614702676252,-1.));
#3443 = CARTESIAN_POINT('',(2.592262728726,-1.));
#3444 = CARTESIAN_POINT('',(2.541997283386,-1.));
#3445 = CARTESIAN_POINT('',(2.514171748455,-1.));
#3446 = CARTESIAN_POINT('',(2.486346196914,-1.));
#3447 = CARTESIAN_POINT('',(2.458520639837,-1.));
#3448 = CARTESIAN_POINT('',(2.430695088296,-1.));
#3449 = CARTESIAN_POINT('',(2.402869553364,-1.));
#3450 = CARTESIAN_POINT('',(2.349013726811,-1.));
#3451 = CARTESIAN_POINT('',(2.322983387682,-1.));
#3452 = CARTESIAN_POINT('',(2.296953036656,-1.));
#3453 = CARTESIAN_POINT('',(2.270922681664,-1.));
#3454 = CARTESIAN_POINT('',(2.244892330638,-1.));
#3455 = CARTESIAN_POINT('',(2.218861991508,-1.));
#3456 = CARTESIAN_POINT('',(2.166801352903,-1.));
#3457 = CARTESIAN_POINT('',(2.140771013774,-1.));
#3458 = CARTESIAN_POINT('',(2.114740662747,-1.));
#3459 = CARTESIAN_POINT('',(2.088710307756,-1.));
#3460 = CARTESIAN_POINT('',(2.06267995673,-1.));
#3461 = CARTESIAN_POINT('',(2.0366496176,-1.));
#3462 = CARTESIAN_POINT('',(1.987281764352,-1.));
#3463 = CARTESIAN_POINT('',(1.963944218926,-1.));
#3464 = CARTESIAN_POINT('',(1.94060666661,-1.));
#3465 = CARTESIAN_POINT('',(1.917269111998,-1.));
#3466 = CARTESIAN_POINT('',(1.893931559683,-1.));
#3467 = CARTESIAN_POINT('',(1.870594014256,-1.));
#3468 = CARTESIAN_POINT('',(1.822123755717,-1.));
#3469 = CARTESIAN_POINT('',(1.796991014488,-1.));
#3470 = CARTESIAN_POINT('',(1.771858263279,-1.));
#3471 = CARTESIAN_POINT('',(1.746725508742,-1.));
#3472 = CARTESIAN_POINT('',(1.721592757533,-1.));
#3473 = CARTESIAN_POINT('',(1.696460016304,-1.));
#3474 = CARTESIAN_POINT('',(1.647989757765,-1.));
#3475 = CARTESIAN_POINT('',(1.624652212338,-1.));
#3476 = CARTESIAN_POINT('',(1.601314660022,-1.));
#3477 = CARTESIAN_POINT('',(1.577977105411,-1.));
#3478 = CARTESIAN_POINT('',(1.554639553095,-1.));
#3479 = CARTESIAN_POINT('',(1.531302007669,-1.));
#3480 = CARTESIAN_POINT('',(1.481934154421,-1.));
#3481 = CARTESIAN_POINT('',(1.455903815291,-1.));
#3482 = CARTESIAN_POINT('',(1.429873464265,-1.));
#3483 = CARTESIAN_POINT('',(1.403843109273,-1.));
#3484 = CARTESIAN_POINT('',(1.377812758247,-1.));
#3485 = CARTESIAN_POINT('',(1.351782419118,-1.));
#3486 = CARTESIAN_POINT('',(1.307800144885,-1.));
#3487 = CARTESIAN_POINT('',(1.289848186865,-1.));
#3488 = CARTESIAN_POINT('',(1.27189622699,-1.));
#3489 = CARTESIAN_POINT('',(1.253944266497,-1.));
#3490 = CARTESIAN_POINT('',(1.235992306622,-1.));
#3491 = CARTESIAN_POINT('',(1.218040348601,-1.));
#3492 = CARTESIAN_POINT('',(1.174058074369,-1.));
#3493 = CARTESIAN_POINT('',(1.148027735239,-1.));
#3494 = CARTESIAN_POINT('',(1.121997384213,-1.));
#3495 = CARTESIAN_POINT('',(1.095967029222,-1.));
#3496 = CARTESIAN_POINT('',(1.069936678195,-1.));
#3497 = CARTESIAN_POINT('',(1.043906339066,-1.));
#3498 = CARTESIAN_POINT('',(0.991845700461,-1.));
#3499 = CARTESIAN_POINT('',(0.965815361331,-1.));
#3500 = CARTESIAN_POINT('',(0.939785010305,-1.));
#3501 = CARTESIAN_POINT('',(0.913754655313,-1.));
#3502 = CARTESIAN_POINT('',(0.887724304287,-1.));
#3503 = CARTESIAN_POINT('',(0.861693965158,-1.));
#3504 = CARTESIAN_POINT('',(0.809633326552,-1.));
#3505 = CARTESIAN_POINT('',(0.783602987423,-1.));
#3506 = CARTESIAN_POINT('',(0.757572636397,-1.));
#3507 = CARTESIAN_POINT('',(0.731542281405,-1.));
#3508 = CARTESIAN_POINT('',(0.705511930379,-1.));
#3509 = CARTESIAN_POINT('',(0.679481591249,-1.));
#3510 = CARTESIAN_POINT('',(0.560112104291,-1.));
#3511 = CARTESIAN_POINT('',(0.466739085405,-1.));
#3512 = CARTESIAN_POINT('',(0.373393789651,-1.));
#3513 = CARTESIAN_POINT('',(0.280057482295,-1.));
#3514 = CARTESIAN_POINT('',(0.186712186541,-1.));
#3515 = CARTESIAN_POINT('',(9.333916765561E-02,-1.));
#3516 = CARTESIAN_POINT('',(0.,-1.));
#3517 = ( GEOMETRIC_REPRESENTATION_CONTEXT(2) 
PARAMETRIC_REPRESENTATION_CONTEXT() REPRESENTATION_CONTEXT('2D SPACE',''
  ) );
#3518 = ADVANCED_FACE('',(#3519),#2852,.F.);
#3519 = FACE_BOUND('',#3520,.F.);
#3520 = EDGE_LOOP('',(#3521,#3667,#3688,#3850));
#3521 = ORIENTED_EDGE('',*,*,#3522,.F.);
#3522 = EDGE_CURVE('',#3523,#2836,#3525,.T.);
#3523 = VERTEX_POINT('',#3524);
#3524 = CARTESIAN_POINT('',(9.092329219213,-2.649035404106E-15,
    -58.93019485882));
#3525 = SURFACE_CURVE('',#3526,(#3571,#3619),.PCURVE_S1.);
#3526 = B_SPLINE_CURVE_WITH_KNOTS('',7,(#3527,#3528,#3529,#3530,#3531,
    #3532,#3533,#3534,#3535,#3536,#3537,#3538,#3539,#3540,#3541,#3542,
    #3543,#3544,#3545,#3546,#3547,#3548,#3549,#3550,#3551,#3552,#3553,
    #3554,#3555,#3556,#3557,#3558,#3559,#3560,#3561,#3562,#3563,#3564,
    #3565,#3566,#3567,#3568,#3569,#3570),.UNSPECIFIED.,.F.,.F.,(8,6,6,6,
    6,6,6,8),(0.,0.168786412234,0.297067596179,0.422127507499,
    0.599949474148,0.719647406035,0.789563381286,1.),.UNSPECIFIED.);
#3527 = CARTESIAN_POINT('',(9.092329413242,5.999999976858E-07,
    -58.93019471094));
#3528 = CARTESIAN_POINT('',(9.037180076003,-0.170539419989,
    -58.9722255372));
#3529 = CARTESIAN_POINT('',(8.971116494763,-0.337349487974,
    -59.02210412147));
#3530 = CARTESIAN_POINT('',(8.894426935844,-0.499686266458,
    -59.07928332733));
#3531 = CARTESIAN_POINT('',(8.807418036475,-0.656895335849,
    -59.14312739708));
#3532 = CARTESIAN_POINT('',(8.710386440834,-0.80838461525,
    -59.21296551935));
#3533 = CARTESIAN_POINT('',(8.603585380014,-0.953597520185,
    -59.28813441828));
#3534 = CARTESIAN_POINT('',(8.398720394958,-1.197163871789,
    -59.42871704056));
#3535 = CARTESIAN_POINT('',(8.304721197267,-1.298386704462,
    -59.49213536271));
#3536 = CARTESIAN_POINT('',(8.205260979791,-1.395420848398,
    -59.55799318876));
#3537 = CARTESIAN_POINT('',(8.100407272781,-1.488002418361,
    -59.62601555679));
#3538 = CARTESIAN_POINT('',(7.990227465239,-1.5758391133,-59.69592446767
    ));
#3539 = CARTESIAN_POINT('',(7.87478955853,-1.658608228157,-59.7674409328
    ));
#3540 = CARTESIAN_POINT('',(7.636557536077,-1.811351052216,
    -59.91130755369));
#3541 = CARTESIAN_POINT('',(7.51404080818,-1.881581195357,
    -59.98357967702));
#3542 = CARTESIAN_POINT('',(7.386672133836,-1.946311089842,
    -60.05684874989));
#3543 = CARTESIAN_POINT('',(7.254561235632,-2.005148211396,
    -60.13083182351));
#3544 = CARTESIAN_POINT('',(7.117877338508,-2.057650242203,
    -60.20521944271));
#3545 = CARTESIAN_POINT('',(6.97686666376,-2.103341458433,
    -60.27967833954));
#3546 = CARTESIAN_POINT('',(6.625710464888,-2.196321297514,
    -60.4593309318));
#3547 = CARTESIAN_POINT('',(6.411247726047,-2.2362170074,-60.56436551556
    ));
#3548 = CARTESIAN_POINT('',(6.18987734337,-2.259837413202,
    -60.66772494885));
#3549 = CARTESIAN_POINT('',(5.963454728919,-2.26573384445,
    -60.76812388718));
#3550 = CARTESIAN_POINT('',(5.734360484451,-2.252786030411,
    -60.86430666769));
#3551 = CARTESIAN_POINT('',(5.50558605884,-2.220437838184,
    -60.95515088063));
#3552 = CARTESIAN_POINT('',(5.129369078736,-2.135058425903,
    -61.09665646714));
#3553 = CARTESIAN_POINT('',(4.979697860211,-2.092224217891,
    -61.15077889689));
#3554 = CARTESIAN_POINT('',(4.832785084391,-2.041101495937,
    -61.20181493334));
#3555 = CARTESIAN_POINT('',(4.689546553995,-1.982072918476,
    -61.24962844266));
#3556 = CARTESIAN_POINT('',(4.550756835122,-1.915652365478,
    -61.29418707135));
#3557 = CARTESIAN_POINT('',(4.417058002504,-1.842445177867,
    -61.33553164842));
#3558 = CARTESIAN_POINT('',(4.214143498396,-1.716792457147,
    -61.39607901748));
#3559 = CARTESIAN_POINT('',(4.141219953829,-1.668365210499,
    -61.41734369543));
#3560 = CARTESIAN_POINT('',(4.070282960298,-1.617966419919,
    -61.43756928713));
#3561 = CARTESIAN_POINT('',(4.00140247639,-1.565720558415,
    -61.45678406833));
#3562 = CARTESIAN_POINT('',(3.934631098418,-1.51175008036,
    -61.47502099031));
#3563 = CARTESIAN_POINT('',(3.870006556103,-1.456172943912,
    -61.49231583177));
#3564 = CARTESIAN_POINT('',(3.619581990638,-1.227319517973,
    -61.55803534878));
#3565 = CARTESIAN_POINT('',(3.451481940228,-1.042167025317,
    -61.5991133233));
#3566 = CARTESIAN_POINT('',(3.303558324457,-0.846438768157,
    -61.63305876824));
#3567 = CARTESIAN_POINT('',(3.175663211562,-0.642579405304,
    -61.66090891172));
#3568 = CARTESIAN_POINT('',(3.067385933179,-0.432607232191,
    -61.6835151368));
#3569 = CARTESIAN_POINT('',(2.978191863505,-0.218074549188,
    -61.7015489199));
#3570 = CARTESIAN_POINT('',(2.907670586758,5.999999967976E-07,
    -61.71548340214));
#3571 = PCURVE('',#2852,#3572);
#3572 = DEFINITIONAL_REPRESENTATION('',(#3573),#3618);
#3573 = B_SPLINE_CURVE_WITH_KNOTS('',7,(#3574,#3575,#3576,#3577,#3578,
    #3579,#3580,#3581,#3582,#3583,#3584,#3585,#3586,#3587,#3588,#3589,
    #3590,#3591,#3592,#3593,#3594,#3595,#3596,#3597,#3598,#3599,#3600,
    #3601,#3602,#3603,#3604,#3605,#3606,#3607,#3608,#3609,#3610,#3611,
    #3612,#3613,#3614,#3615,#3616,#3617),.UNSPECIFIED.,.F.,.F.,(8,6,6,6,
    6,6,6,8),(0.,0.168786412234,0.297067596179,0.422127507499,
    0.599949474148,0.719647406035,0.789563381286,1.),.UNSPECIFIED.);
#3574 = CARTESIAN_POINT('',(5.970418779267,4.069805289053));
#3575 = CARTESIAN_POINT('',(5.915269408938,4.027774462797));
#3576 = CARTESIAN_POINT('',(5.860178710454,3.977895878528));
#3577 = CARTESIAN_POINT('',(5.805117765238,3.920716672668));
#3578 = CARTESIAN_POINT('',(5.750035613881,3.856872602914));
#3579 = CARTESIAN_POINT('',(5.694864782517,3.787034480642));
#3580 = CARTESIAN_POINT('',(5.639518228765,3.71186558172));
#3581 = CARTESIAN_POINT('',(5.541589753605,3.571282959438));
#3582 = CARTESIAN_POINT('',(5.499137194184,3.507864637285));
#3583 = CARTESIAN_POINT('',(5.456465901772,3.442006811232));
#3584 = CARTESIAN_POINT('',(5.413523384278,3.373984443205));
#3585 = CARTESIAN_POINT('',(5.370256705202,3.30407553233));
#3586 = CARTESIAN_POINT('',(5.326609581559,3.232559067197));
#3587 = CARTESIAN_POINT('',(5.239534905413,3.088692446307));
#3588 = CARTESIAN_POINT('',(5.196136611852,3.016420322971));
#3589 = CARTESIAN_POINT('',(5.152265243094,2.94315125011));
#3590 = CARTESIAN_POINT('',(5.107873522759,2.869168176485));
#3591 = CARTESIAN_POINT('',(5.062922480575,2.79478055729));
#3592 = CARTESIAN_POINT('',(5.017381447679,2.720321660453));
#3593 = CARTESIAN_POINT('',(4.905609945143,2.540669068194));
#3594 = CARTESIAN_POINT('',(4.838677522237,2.435634484434));
#3595 = CARTESIAN_POINT('',(4.770511260498,2.332275051149));
#3596 = CARTESIAN_POINT('',(4.701230438968,2.231876112813));
#3597 = CARTESIAN_POINT('',(4.631022536411,2.135693332302));
#3598 = CARTESIAN_POINT('',(4.560173216406,2.044849119361));
#3599 = CARTESIAN_POINT('',(4.441470620447,1.903343532856));
#3600 = CARTESIAN_POINT('',(4.393643092121,1.849221103105));
#3601 = CARTESIAN_POINT('',(4.345900801996,1.798185066654));
#3602 = CARTESIAN_POINT('',(4.298364763372,1.750371557337));
#3603 = CARTESIAN_POINT('',(4.251135295816,1.70581292865));
#3604 = CARTESIAN_POINT('',(4.204301092773,1.664468351573));
#3605 = CARTESIAN_POINT('',(4.130864470529,1.603920982512));
#3606 = CARTESIAN_POINT('',(4.1039430637,1.582656304568));
#3607 = CARTESIAN_POINT('',(4.077189471176,1.562430712864));
#3608 = CARTESIAN_POINT('',(4.050611521472,1.543215931667));
#3609 = CARTESIAN_POINT('',(4.024214126112,1.524979009684));
#3610 = CARTESIAN_POINT('',(3.997999609242,1.507684168229));
#3611 = CARTESIAN_POINT('',(3.893616902586,1.441964651219));
#3612 = CARTESIAN_POINT('',(3.817003853426,1.400886676694));
#3613 = CARTESIAN_POINT('',(3.741992544057,1.366941231759));
#3614 = CARTESIAN_POINT('',(3.668428845482,1.339091088277));
#3615 = CARTESIAN_POINT('',(3.596132574924,1.3164848632));
#3616 = CARTESIAN_POINT('',(3.524880500562,1.298451080093));
#3617 = CARTESIAN_POINT('',(3.454359181503,1.284516597852));
#3618 = ( GEOMETRIC_REPRESENTATION_CONTEXT(2) 
PARAMETRIC_REPRESENTATION_CONTEXT() REPRESENTATION_CONTEXT('2D SPACE',''
  ) );
#3619 = PCURVE('',#818,#3620);
#3620 = DEFINITIONAL_REPRESENTATION('',(#3621),#3666);
#3621 = B_SPLINE_CURVE_WITH_KNOTS('',7,(#3622,#3623,#3624,#3625,#3626,
    #3627,#3628,#3629,#3630,#3631,#3632,#3633,#3634,#3635,#3636,#3637,
    #3638,#3639,#3640,#3641,#3642,#3643,#3644,#3645,#3646,#3647,#3648,
    #3649,#3650,#3651,#3652,#3653,#3654,#3655,#3656,#3657,#3658,#3659,
    #3660,#3661,#3662,#3663,#3664,#3665),.UNSPECIFIED.,.F.,.F.,(8,6,6,6,
    6,6,6,8),(0.,0.168786412234,0.297067596179,0.422127507499,
    0.599949474148,0.719647406035,0.789563381286,1.),.UNSPECIFIED.);
#3622 = CARTESIAN_POINT('',(5.363606612692,6.000000003503E-07));
#3623 = CARTESIAN_POINT('',(5.358983944029,-0.170539419989));
#3624 = CARTESIAN_POINT('',(5.353465437842,-0.337349487974));
#3625 = CARTESIAN_POINT('',(5.347088326917,-0.499686266458));
#3626 = CARTESIAN_POINT('',(5.339894121362,-0.656895335849));
#3627 = CARTESIAN_POINT('',(5.331924684992,-0.80838461525));
#3628 = CARTESIAN_POINT('',(5.323218511571,-0.953597520185));
#3629 = CARTESIAN_POINT('',(5.306654409048,-1.197163871789));
#3630 = CARTESIAN_POINT('',(5.299095181831,-1.298386704462));
#3631 = CARTESIAN_POINT('',(5.291143150371,-1.395420848398));
#3632 = CARTESIAN_POINT('',(5.282811495138,-1.488002418361));
#3633 = CARTESIAN_POINT('',(5.274113139181,-1.5758391133));
#3634 = CARTESIAN_POINT('',(5.265060667587,-1.658608228157));
#3635 = CARTESIAN_POINT('',(5.246507189191,-1.811351052216));
#3636 = CARTESIAN_POINT('',(5.237024702064,-1.881581195357));
#3637 = CARTESIAN_POINT('',(5.227229709435,-1.946311089842));
#3638 = CARTESIAN_POINT('',(5.217136576617,-2.005148211396));
#3639 = CARTESIAN_POINT('',(5.206763532682,-2.057650242203));
#3640 = CARTESIAN_POINT('',(5.196133621251,-2.103341458433));
#3641 = CARTESIAN_POINT('',(5.169837383251,-2.196321297514));
#3642 = CARTESIAN_POINT('',(5.153919661317,-2.2362170074));
#3643 = CARTESIAN_POINT('',(5.137636811249,-2.259837413202));
#3644 = CARTESIAN_POINT('',(5.121130332816,-2.26573384445));
#3645 = CARTESIAN_POINT('',(5.104571028019,-2.252786030411));
#3646 = CARTESIAN_POINT('',(5.088163676064,-2.220437838184));
#3647 = CARTESIAN_POINT('',(5.061367072039,-2.135058425903));
#3648 = CARTESIAN_POINT('',(5.050757522826,-2.092224217891));
#3649 = CARTESIAN_POINT('',(5.040390484365,-2.041101495937));
#3650 = CARTESIAN_POINT('',(5.030324552117,-1.982072918476));
#3651 = CARTESIAN_POINT('',(5.020607662071,-1.915652365478));
#3652 = CARTESIAN_POINT('',(5.011278420771,-1.842445177867));
#3653 = CARTESIAN_POINT('',(4.997161405052,-1.716792457147));
#3654 = CARTESIAN_POINT('',(4.992097456483,-1.668365210499));
#3655 = CARTESIAN_POINT('',(4.987179991408,-1.617966419919));
#3656 = CARTESIAN_POINT('',(4.982412767453,-1.565720558415));
#3657 = CARTESIAN_POINT('',(4.977798396258,-1.51175008036));
#3658 = CARTESIAN_POINT('',(4.973338531576,-1.456172943912));
#3659 = CARTESIAN_POINT('',(4.956078234436,-1.227319517973));
#3660 = CARTESIAN_POINT('',(4.944543476691,-1.042167025317));
#3661 = CARTESIAN_POINT('',(4.934426900179,-0.846438768157));
#3662 = CARTESIAN_POINT('',(4.925701396607,-0.642579405304));
#3663 = CARTESIAN_POINT('',(4.918327514884,-0.432607232191));
#3664 = CARTESIAN_POINT('',(4.912260980025,-0.218074549188));
#3665 = CARTESIAN_POINT('',(4.907468661973,6.000000003503E-07));
#3666 = ( GEOMETRIC_REPRESENTATION_CONTEXT(2) 
PARAMETRIC_REPRESENTATION_CONTEXT() REPRESENTATION_CONTEXT('2D SPACE',''
  ) );
#3667 = ORIENTED_EDGE('',*,*,#3668,.T.);
#3668 = EDGE_CURVE('',#3523,#3669,#3671,.T.);
#3669 = VERTEX_POINT('',#3670);
#3670 = CARTESIAN_POINT('',(9.092329219213,0.,-54.83131849649));
#3671 = SURFACE_CURVE('',#3672,(#3676,#3682),.PCURVE_S1.);
#3672 = LINE('',#3673,#3674);
#3673 = CARTESIAN_POINT('',(9.092329219213,0.,-63.));
#3674 = VECTOR('',#3675,1.);
#3675 = DIRECTION('',(0.,0.,1.));
#3676 = PCURVE('',#2852,#3677);
#3677 = DEFINITIONAL_REPRESENTATION('',(#3678),#3681);
#3678 = B_SPLINE_CURVE_WITH_KNOTS('',1,(#3679,#3680),.UNSPECIFIED.,.F.,
  .F.,(2,2),(-5.999999999062E-07,33.0000006),.PIECEWISE_BEZIER_KNOTS.);
#3679 = CARTESIAN_POINT('',(5.970418585238,-5.999999999062E-07));
#3680 = CARTESIAN_POINT('',(5.970418585238,33.0000006));
#3681 = ( GEOMETRIC_REPRESENTATION_CONTEXT(2) 
PARAMETRIC_REPRESENTATION_CONTEXT() REPRESENTATION_CONTEXT('2D SPACE',''
  ) );
#3682 = PCURVE('',#787,#3683);
#3683 = DEFINITIONAL_REPRESENTATION('',(#3684),#3687);
#3684 = B_SPLINE_CURVE_WITH_KNOTS('',1,(#3685,#3686),.UNSPECIFIED.,.F.,
  .F.,(2,2),(-5.999999999062E-07,33.0000006),.PIECEWISE_BEZIER_KNOTS.);
#3685 = CARTESIAN_POINT('',(-28.0000006,21.092329219213));
#3686 = CARTESIAN_POINT('',(5.0000006,21.092329219213));
#3687 = ( GEOMETRIC_REPRESENTATION_CONTEXT(2) 
PARAMETRIC_REPRESENTATION_CONTEXT() REPRESENTATION_CONTEXT('2D SPACE',''
  ) );
#3688 = ORIENTED_EDGE('',*,*,#3689,.T.);
#3689 = EDGE_CURVE('',#3669,#2838,#3690,.T.);
#3690 = SURFACE_CURVE('',#3691,(#3742,#3796),.PCURVE_S1.);
#3691 = B_SPLINE_CURVE_WITH_KNOTS('',7,(#3692,#3693,#3694,#3695,#3696,
    #3697,#3698,#3699,#3700,#3701,#3702,#3703,#3704,#3705,#3706,#3707,
    #3708,#3709,#3710,#3711,#3712,#3713,#3714,#3715,#3716,#3717,#3718,
    #3719,#3720,#3721,#3722,#3723,#3724,#3725,#3726,#3727,#3728,#3729,
    #3730,#3731,#3732,#3733,#3734,#3735,#3736,#3737,#3738,#3739,#3740,
    #3741),.UNSPECIFIED.,.F.,.F.,(8,6,6,6,6,6,6,6,8),(0.,
    7.249569399453E-02,0.121114192631,0.239632628883,0.410248657239,
    0.578458538957,0.730575787878,0.827808785387,1.),.UNSPECIFIED.);
#3692 = CARTESIAN_POINT('',(9.09232960727,1.200000000701E-06,
    -54.83131804441));
#3693 = CARTESIAN_POINT('',(9.067889676915,-7.557521092915E-02,
    -54.85969333208));
#3694 = CARTESIAN_POINT('',(9.041429693229,-0.150037539017,
    -54.89020508355));
#3695 = CARTESIAN_POINT('',(9.013016464902,-0.223325989044,
    -54.92271647573));
#3696 = CARTESIAN_POINT('',(8.982715006146,-0.295394638226,
    -54.95709132464));
#3697 = CARTESIAN_POINT('',(8.950586475639,-0.366209508904,
    -54.99319743757));
#3698 = CARTESIAN_POINT('',(8.916686115461,-0.435746641248,
    -55.03090996519));
#3699 = CARTESIAN_POINT('',(8.857169696726,-0.549756990562,
    -55.09640704581));
#3700 = CARTESIAN_POINT('',(8.832502826849,-0.594941389207,
    -55.12337017936));
#3701 = CARTESIAN_POINT('',(8.807075128874,-0.63953856186,
    -55.15096930801));
#3702 = CARTESIAN_POINT('',(8.780899903458,-0.683544359124,
    -55.17917126457));
#3703 = CARTESIAN_POINT('',(8.753989203448,-0.726955282221,
    -55.20794456109));
#3704 = CARTESIAN_POINT('',(8.726353833882,-0.769768482991,
    -55.23725938883));
#3705 = CARTESIAN_POINT('',(8.628892727925,-0.914886053045,
    -55.33980058175));
#3706 = CARTESIAN_POINT('',(8.555539863073,-1.014213628331,
    -55.41555672945));
#3707 = CARTESIAN_POINT('',(8.478072890444,-1.109947306904,
    -55.49395991898));
#3708 = CARTESIAN_POINT('',(8.396589001083,-1.202049859298,
    -55.5746575687));
#3709 = CARTESIAN_POINT('',(8.31115786965,-1.290467736945,
    -55.65733720113));
#3710 = CARTESIAN_POINT('',(8.221819295296,-1.375130434154,
    -55.74172488843));
#3711 = CARTESIAN_POINT('',(7.994343102308,-1.572284708826,
    -55.95118842607));
#3712 = CARTESIAN_POINT('',(7.852079521315,-1.680596241438,
    -56.07778637043));
#3713 = CARTESIAN_POINT('',(7.701768192701,-1.780646506253,
    -56.2067057115));
#3714 = CARTESIAN_POINT('',(7.543390030506,-1.871949124781,
    -56.33728565155));
#3715 = CARTESIAN_POINT('',(7.376962299062,-1.953826098036,
    -56.46885115498));
#3716 = CARTESIAN_POINT('',(7.202560955169,-2.025423577994,
    -56.60070861267));
#3717 = CARTESIAN_POINT('',(6.840661086142,-2.145091069667,
    -56.86176617189));
#3718 = CARTESIAN_POINT('',(6.653436170438,-2.193460608735,
    -56.99093833559));
#3719 = CARTESIAN_POINT('',(6.458894879762,-2.229755069102,
    -57.11894276554));
#3720 = CARTESIAN_POINT('',(6.257636841332,-2.252690535737,
    -57.24484861981));
#3721 = CARTESIAN_POINT('',(6.050705498704,-2.260907469372,
    -57.36757789849));
#3722 = CARTESIAN_POINT('',(5.83970799497,-2.253101516872,
    -57.48598234402));
#3723 = CARTESIAN_POINT('',(5.434578653705,-2.206291636045,
    -57.70106538711));
#3724 = CARTESIAN_POINT('',(5.240585958037,-2.17032327839,
    -57.79883358041));
#3725 = CARTESIAN_POINT('',(5.047165403237,-2.120068811825,
    -57.89112984417));
#3726 = CARTESIAN_POINT('',(4.856480092713,-2.055486274067,
    -57.9771989619));
#3727 = CARTESIAN_POINT('',(4.670646700187,-1.977026932966,
    -58.05660082921));
#3728 = CARTESIAN_POINT('',(4.491666589846,-1.885655289763,
    -58.12916315622));
#3729 = CARTESIAN_POINT('',(4.21243641594,-1.7172203073,-58.23694806544)
  );
#3730 = CARTESIAN_POINT('',(4.107003991305,-1.64684336599,
    -58.27622609666));
#3731 = CARTESIAN_POINT('',(4.005415353457,-1.572108175788,
    -58.31278526587));
#3732 = CARTESIAN_POINT('',(3.907964341815,-1.493379411512,
    -58.34671112407));
#3733 = CARTESIAN_POINT('',(3.814863804828,-1.411026064085,
    -58.37811856934));
#3734 = CARTESIAN_POINT('',(3.726260118545,-1.325404818894,
    -58.4071363737));
#3735 = CARTESIAN_POINT('',(3.49346256352,-1.080024140097,-58.481293563)
  );
#3736 = CARTESIAN_POINT('',(3.359140033058,-0.914067477853,
    -58.52159351306));
#3737 = CARTESIAN_POINT('',(3.239610800728,-0.740684780222,
    -58.55560847331));
#3738 = CARTESIAN_POINT('',(3.134898211132,-0.561409800363,
    -58.58410437845));
#3739 = CARTESIAN_POINT('',(3.04483297676,-0.377552358061,
    -58.60774051644));
#3740 = CARTESIAN_POINT('',(2.969165058363,-0.190160803421,
    -58.62704073804));
#3741 = CARTESIAN_POINT('',(2.90767039273,1.200000000257E-06,
    -58.6423989318));
#3742 = PCURVE('',#2852,#3743);
#3743 = DEFINITIONAL_REPRESENTATION('',(#3744),#3795);
#3744 = B_SPLINE_CURVE_WITH_KNOTS('',7,(#3745,#3746,#3747,#3748,#3749,
    #3750,#3751,#3752,#3753,#3754,#3755,#3756,#3757,#3758,#3759,#3760,
    #3761,#3762,#3763,#3764,#3765,#3766,#3767,#3768,#3769,#3770,#3771,
    #3772,#3773,#3774,#3775,#3776,#3777,#3778,#3779,#3780,#3781,#3782,
    #3783,#3784,#3785,#3786,#3787,#3788,#3789,#3790,#3791,#3792,#3793,
    #3794),.UNSPECIFIED.,.F.,.F.,(8,6,6,6,6,6,6,6,8),(0.,
    7.249569399453E-02,0.121114192631,0.239632628883,0.410248657239,
    0.578458538957,0.730575787878,0.827808785387,1.),.UNSPECIFIED.);
#3745 = CARTESIAN_POINT('',(5.970418973295,8.168681955586));
#3746 = CARTESIAN_POINT('',(5.945979013612,8.140306667913));
#3747 = CARTESIAN_POINT('',(5.921673984371,8.109794916444));
#3748 = CARTESIAN_POINT('',(5.897503820044,8.077283524264));
#3749 = CARTESIAN_POINT('',(5.873465528916,8.042908675351));
#3750 = CARTESIAN_POINT('',(5.849553389307,8.006802562426));
#3751 = CARTESIAN_POINT('',(5.825759145786,7.969090034802));
#3752 = CARTESIAN_POINT('',(5.786186800114,7.903592954188));
#3753 = CARTESIAN_POINT('',(5.770349837132,7.876629820631));
#3754 = CARTESIAN_POINT('',(5.754558188932,7.849030691981));
#3755 = CARTESIAN_POINT('',(5.738808505274,7.820828735421));
#3756 = CARTESIAN_POINT('',(5.723097213187,7.792055438906));
#3757 = CARTESIAN_POINT('',(5.707420516972,7.762740611162));
#3758 = CARTESIAN_POINT('',(5.653633493339,7.660199418249));
#3759 = CARTESIAN_POINT('',(5.615678433634,7.584443270547));
#3760 = CARTESIAN_POINT('',(5.577845034244,7.506040081018));
#3761 = CARTESIAN_POINT('',(5.54007266109,7.425342431292));
#3762 = CARTESIAN_POINT('',(5.502301112019,7.342662798865));
#3763 = CARTESIAN_POINT('',(5.464467104031,7.258275111561));
#3764 = CARTESIAN_POINT('',(5.37184444835,7.048811573929));
#3765 = CARTESIAN_POINT('',(5.31693868061,6.922213629564));
#3766 = CARTESIAN_POINT('',(5.261560424018,6.793294288492));
#3767 = CARTESIAN_POINT('',(5.205523868856,6.662714348444));
#3768 = CARTESIAN_POINT('',(5.148659261242,6.531148845012));
#3769 = CARTESIAN_POINT('',(5.09079402731,6.399291387321));
#3770 = CARTESIAN_POINT('',(4.973510443905,6.138233828103));
#3771 = CARTESIAN_POINT('',(4.914142868247,6.009061664403));
#3772 = CARTESIAN_POINT('',(4.853482382008,5.881057234453));
#3773 = CARTESIAN_POINT('',(4.791447046075,5.755151380181));
#3774 = CARTESIAN_POINT('',(4.728019185827,5.63242210151));
#3775 = CARTESIAN_POINT('',(4.663250329438,5.514017655977));
#3776 = CARTESIAN_POINT('',(4.537765820633,5.298934612886));
#3777 = CARTESIAN_POINT('',(4.477200085989,5.201166419586));
#3778 = CARTESIAN_POINT('',(4.41595855533,5.108870155829));
#3779 = CARTESIAN_POINT('',(4.354305812018,5.022801038094));
#3780 = CARTESIAN_POINT('',(4.292499921193,4.943399170783));
#3781 = CARTESIAN_POINT('',(4.230822623354,4.87083684378));
#3782 = CARTESIAN_POINT('',(4.130484811294,4.763051934559));
#3783 = CARTESIAN_POINT('',(4.091521670947,4.723773903332));
#3784 = CARTESIAN_POINT('',(4.052780727768,4.687214734124));
#3785 = CARTESIAN_POINT('',(4.014303329769,4.653288875926));
#3786 = CARTESIAN_POINT('',(3.976117738596,4.621881430657));
#3787 = CARTESIAN_POINT('',(3.938241588216,4.592863626299));
#3788 = CARTESIAN_POINT('',(3.834167704968,4.518706436998));
#3789 = CARTESIAN_POINT('',(3.768677120938,4.478406486934));
#3790 = CARTESIAN_POINT('',(3.704181037568,4.44439152669));
#3791 = CARTESIAN_POINT('',(3.640612983363,4.41589562155));
#3792 = CARTESIAN_POINT('',(3.577879189637,4.392259483552));
#3793 = CARTESIAN_POINT('',(3.515853726901,4.372959261953));
#3794 = CARTESIAN_POINT('',(3.454358987474,4.357601068197));
#3795 = ( GEOMETRIC_REPRESENTATION_CONTEXT(2) 
PARAMETRIC_REPRESENTATION_CONTEXT() REPRESENTATION_CONTEXT('2D SPACE',''
  ) );
#3796 = PCURVE('',#718,#3797);
#3797 = DEFINITIONAL_REPRESENTATION('',(#3798),#3849);
#3798 = B_SPLINE_CURVE_WITH_KNOTS('',7,(#3799,#3800,#3801,#3802,#3803,
    #3804,#3805,#3806,#3807,#3808,#3809,#3810,#3811,#3812,#3813,#3814,
    #3815,#3816,#3817,#3818,#3819,#3820,#3821,#3822,#3823,#3824,#3825,
    #3826,#3827,#3828,#3829,#3830,#3831,#3832,#3833,#3834,#3835,#3836,
    #3837,#3838,#3839,#3840,#3841,#3842,#3843,#3844,#3845,#3846,#3847,
    #3848),.UNSPECIFIED.,.F.,.F.,(8,6,6,6,6,6,6,6,8),(0.,
    7.249569399453E-02,0.121114192631,0.239632628883,0.410248657239,
    0.578458538957,0.730575787878,0.827808785387,1.),.UNSPECIFIED.);
#3799 = CARTESIAN_POINT('',(5.572161511304,-0.9999988));
#3800 = CARTESIAN_POINT('',(5.569040717305,-1.075575210929));
#3801 = CARTESIAN_POINT('',(5.565675165356,-1.150037539017));
#3802 = CARTESIAN_POINT('',(5.562077079185,-1.223325989044));
#3803 = CARTESIAN_POINT('',(5.558258507541,-1.295394638226));
#3804 = CARTESIAN_POINT('',(5.554230994805,-1.366209508904));
#3805 = CARTESIAN_POINT('',(5.550005251618,-1.435746641248));
#3806 = CARTESIAN_POINT('',(5.542630335578,-1.549756990562));
#3807 = CARTESIAN_POINT('',(5.539585017961,-1.594941389207));
#3808 = CARTESIAN_POINT('',(5.53645779518,-1.63953856186));
#3809 = CARTESIAN_POINT('',(5.533251404721,-1.683544359124));
#3810 = CARTESIAN_POINT('',(5.529968399012,-1.726955282221));
#3811 = CARTESIAN_POINT('',(5.526611145425,-1.769768482991));
#3812 = CARTESIAN_POINT('',(5.514822095827,-1.914886053045));
#3813 = CARTESIAN_POINT('',(5.506034999714,-2.014213628331));
#3814 = CARTESIAN_POINT('',(5.496850869997,-2.109947306904));
#3815 = CARTESIAN_POINT('',(5.487295185391,-2.202049859298));
#3816 = CARTESIAN_POINT('',(5.477388968581,-2.290467736945));
#3817 = CARTESIAN_POINT('',(5.467148721239,-2.375130434154));
#3818 = CARTESIAN_POINT('',(5.441379931981,-2.572284708826));
#3819 = CARTESIAN_POINT('',(5.425512538372,-2.680596241438));
#3820 = CARTESIAN_POINT('',(5.409015009287,-2.780646506253));
#3821 = CARTESIAN_POINT('',(5.391915500546,-2.871949124781));
#3822 = CARTESIAN_POINT('',(5.374242724211,-2.953826098036));
#3823 = CARTESIAN_POINT('',(5.356027553209,-3.025423577994));
#3824 = CARTESIAN_POINT('',(5.318841593677,-3.145091069667));
#3825 = CARTESIAN_POINT('',(5.299890661479,-3.193460608735));
#3826 = CARTESIAN_POINT('',(5.280491904487,-3.229755069102));
#3827 = CARTESIAN_POINT('',(5.260718516871,-3.252690535737));
#3828 = CARTESIAN_POINT('',(5.240678620955,-3.260907469372));
#3829 = CARTESIAN_POINT('',(5.220521641467,-3.253101516872));
#3830 = CARTESIAN_POINT('',(5.182298021426,-3.206291636045));
#3831 = CARTESIAN_POINT('',(5.164199036797,-3.17032327839));
#3832 = CARTESIAN_POINT('',(5.146346251079,-3.120068811825));
#3833 = CARTESIAN_POINT('',(5.128918773443,-3.055486274067));
#3834 = CARTESIAN_POINT('',(5.11208310249,-2.977026932966));
#3835 = CARTESIAN_POINT('',(5.095991203415,-2.885655289763));
#3836 = CARTESIAN_POINT('',(5.07104861981,-2.7172203073));
#3837 = CARTESIAN_POINT('',(5.061673340698,-2.64684336599));
#3838 = CARTESIAN_POINT('',(5.052676971362,-2.572108175788));
#3839 = CARTESIAN_POINT('',(5.044078784582,-2.493379411512));
#3840 = CARTESIAN_POINT('',(5.035891357715,-2.411026064085));
#3841 = CARTESIAN_POINT('',(5.02812208369,-2.325404818894));
#3842 = CARTESIAN_POINT('',(5.007761789005,-2.080024140097));
#3843 = CARTESIAN_POINT('',(4.996076981723,-1.914067477853));
#3844 = CARTESIAN_POINT('',(4.985722151271,-1.740684780222));
#3845 = CARTESIAN_POINT('',(4.976679525583,-1.561409800363));
#3846 = CARTESIAN_POINT('',(4.968920240196,-1.377552358061));
#3847 = CARTESIAN_POINT('',(4.962412778686,-1.190160803421));
#3848 = CARTESIAN_POINT('',(4.957130820389,-0.9999988));
#3849 = ( GEOMETRIC_REPRESENTATION_CONTEXT(2) 
PARAMETRIC_REPRESENTATION_CONTEXT() REPRESENTATION_CONTEXT('2D SPACE',''
  ) );
#3850 = ORIENTED_EDGE('',*,*,#2835,.F.);
#3851 = ADVANCED_FACE('',(#3852),#718,.T.);
#3852 = FACE_BOUND('',#3853,.T.);
#3853 = EDGE_LOOP('',(#3854,#4486,#4509,#5139,#5140,#5770,#5771,#5772,
    #5773,#5774,#5775,#5776));
#3854 = ORIENTED_EDGE('',*,*,#3855,.T.);
#3855 = EDGE_CURVE('',#625,#3856,#3858,.T.);
#3856 = VERTEX_POINT('',#3857);
#3857 = CARTESIAN_POINT('',(12.,0.,-47.));
#3858 = SURFACE_CURVE('',#3859,(#4066,#4276),.PCURVE_S1.);
#3859 = B_SPLINE_CURVE_WITH_KNOTS('',7,(#3860,#3861,#3862,#3863,#3864,
    #3865,#3866,#3867,#3868,#3869,#3870,#3871,#3872,#3873,#3874,#3875,
    #3876,#3877,#3878,#3879,#3880,#3881,#3882,#3883,#3884,#3885,#3886,
    #3887,#3888,#3889,#3890,#3891,#3892,#3893,#3894,#3895,#3896,#3897,
    #3898,#3899,#3900,#3901,#3902,#3903,#3904,#3905,#3906,#3907,#3908,
    #3909,#3910,#3911,#3912,#3913,#3914,#3915,#3916,#3917,#3918,#3919,
    #3920,#3921,#3922,#3923,#3924,#3925,#3926,#3927,#3928,#3929,#3930,
    #3931,#3932,#3933,#3934,#3935,#3936,#3937,#3938,#3939,#3940,#3941,
    #3942,#3943,#3944,#3945,#3946,#3947,#3948,#3949,#3950,#3951,#3952,
    #3953,#3954,#3955,#3956,#3957,#3958,#3959,#3960,#3961,#3962,#3963,
    #3964,#3965,#3966,#3967,#3968,#3969,#3970,#3971,#3972,#3973,#3974,
    #3975,#3976,#3977,#3978,#3979,#3980,#3981,#3982,#3983,#3984,#3985,
    #3986,#3987,#3988,#3989,#3990,#3991,#3992,#3993,#3994,#3995,#3996,
    #3997,#3998,#3999,#4000,#4001,#4002,#4003,#4004,#4005,#4006,#4007,
    #4008,#4009,#4010,#4011,#4012,#4013,#4014,#4015,#4016,#4017,#4018,
    #4019,#4020,#4021,#4022,#4023,#4024,#4025,#4026,#4027,#4028,#4029,
    #4030,#4031,#4032,#4033,#4034,#4035,#4036,#4037,#4038,#4039,#4040,
    #4041,#4042,#4043,#4044,#4045,#4046,#4047,#4048,#4049,#4050,#4051,
    #4052,#4053,#4054,#4055,#4056,#4057,#4058,#4059,#4060,#4061,#4062,
    #4063,#4064,#4065),.UNSPECIFIED.,.T.,.F.,(8,6,6,6,6,6,6,6,6,6,6,6,6,
    6,6,6,6,6,6,6,6,6,6,6,6,6,6,6,6,6,6,6,6,6,8),(0.,2.100026928079E-02,
    5.000062512473E-02,7.800097149344E-02,0.103001286786,0.128001602078,
    0.152001906279,0.175002199092,0.204002554936,0.232002901305,
    0.260003247674,0.289003603517,0.318003959361,0.347004315205,
    0.367004572406,0.393004898451,0.418005213743,0.445005550163,
    0.460005744828,0.481006014109,0.523006426899,0.566006836224,
    0.591007151516,0.622007524674,0.651007880518,0.680008236361,
    0.706008562407,0.734008908776,0.760009234821,0.789009590665,
    0.809009847865,0.838010203709,0.867010559553,0.896010915397,1.),
  .UNSPECIFIED.);
#3860 = CARTESIAN_POINT('',(12.,0.,-47.));
#3861 = CARTESIAN_POINT('',(12.,0.,-47.22619462371));
#3862 = CARTESIAN_POINT('',(11.995025716698,0.,-47.45238939));
#3863 = CARTESIAN_POINT('',(11.985077157092,0.,-47.67845278326));
#3864 = CARTESIAN_POINT('',(11.970158650386,0.,-47.90425357347));
#3865 = CARTESIAN_POINT('',(11.950278847993,0.,-48.12966081619));
#3866 = CARTESIAN_POINT('',(11.925450723534,0.,-48.3545438525));
#3867 = CARTESIAN_POINT('',(11.854595625522,0.,-48.88842095907));
#3868 = CARTESIAN_POINT('',(11.804095922436,0.,-49.19682228389));
#3869 = CARTESIAN_POINT('',(11.744238156538,0.,-49.50363236635));
#3870 = CARTESIAN_POINT('',(11.675083388549,0.,-49.80851077509));
#3871 = CARTESIAN_POINT('',(11.596708046941,0.,-50.11112056453));
#3872 = CARTESIAN_POINT('',(11.509203927944,0.,-50.41112827497));
#3873 = CARTESIAN_POINT('',(11.319480927367,0.,-50.99503563047));
#3874 = CARTESIAN_POINT('',(11.217873108946,0.,-51.27913520682));
#3875 = CARTESIAN_POINT('',(11.107951251744,0.,-51.56020575705));
#3876 = CARTESIAN_POINT('',(10.989824468735,0.,-51.83795573607));
#3877 = CARTESIAN_POINT('',(10.8636144744,0.,-52.11209895818));
#3878 = CARTESIAN_POINT('',(10.72945558473,0.,-52.38235459711));
#3879 = CARTESIAN_POINT('',(10.460743912063,0.,-52.88602991196));
#3880 = CARTESIAN_POINT('',(10.327773035853,0.,-53.12029460542));
#3881 = CARTESIAN_POINT('',(10.188686633014,0.,-53.35104534978));
#3882 = CARTESIAN_POINT('',(10.043596580276,0.,-53.57809091404));
#3883 = CARTESIAN_POINT('',(9.892622086667,0.,-53.80124475281));
#3884 = CARTESIAN_POINT('',(9.735889693519,0.,-54.02032500628));
#3885 = CARTESIAN_POINT('',(9.411176855408,0.,-54.44998399424));
#3886 = CARTESIAN_POINT('',(9.243195999336,0.,-54.6605632727));
#3887 = CARTESIAN_POINT('',(9.069724611666,0.,-54.86671518547));
#3888 = CARTESIAN_POINT('',(8.890903106855,0.,-55.06826835729));
#3889 = CARTESIAN_POINT('',(8.706878408401,0.,-55.26505718786));
#3890 = CARTESIAN_POINT('',(8.517803948841,0.,-55.45692185179));
#3891 = CARTESIAN_POINT('',(8.137633950028,0.,-55.823023299));
#3892 = CARTESIAN_POINT('',(7.946921346815,0.,-55.99765862602));
#3893 = CARTESIAN_POINT('',(7.751843359678,0.,-56.16747803811));
#3894 = CARTESIAN_POINT('',(7.552546198979,0.,-56.33235098807));
#3895 = CARTESIAN_POINT('',(7.349180785875,0.,-56.49215262305));
#3896 = CARTESIAN_POINT('',(7.141902752321,0.,-56.64676378459));
#3897 = CARTESIAN_POINT('',(6.72863504814,0.,-56.93915710628));
#3898 = CARTESIAN_POINT('',(6.522951161624,0.,-57.07737233092));
#3899 = CARTESIAN_POINT('',(6.313961891577,0.,-57.21061685976));
#3900 = CARTESIAN_POINT('',(6.101811571476,0.,-57.33879620513));
#3901 = CARTESIAN_POINT('',(5.886647758214,0.,-57.46182121447));
#3902 = CARTESIAN_POINT('',(5.668621232104,0.,-57.57960807031));
#3903 = CARTESIAN_POINT('',(5.169567784972,0.,-57.83388850228));
#3904 = CARTESIAN_POINT('',(4.886942327331,0.,-57.96724684606));
#3905 = CARTESIAN_POINT('',(4.600318771181,0.,-58.09199585768));
#3906 = CARTESIAN_POINT('',(4.310012110712,0.,-58.20799270649));
#3907 = CARTESIAN_POINT('',(4.01634318707,0.,-58.31510919508));
#3908 = CARTESIAN_POINT('',(3.719638688359,0.,-58.41323175929));
#3909 = CARTESIAN_POINT('',(3.13114797995,0.,-58.58822119574));
#3910 = CARTESIAN_POINT('',(2.839543757471,0.,-58.66570471322));
#3911 = CARTESIAN_POINT('',(2.545717740698,0.,-58.73462307628));
#3912 = CARTESIAN_POINT('',(2.249971922926,0.,-58.79490075854));
#3913 = CARTESIAN_POINT('',(1.952611032243,0.,-58.84647565157));
#3914 = CARTESIAN_POINT('',(1.653942531534,0.,-58.88929906496));
#3915 = CARTESIAN_POINT('',(1.054610705431,0.,-58.95737238751));
#3916 = CARTESIAN_POINT('',(0.75394618593,0.,-58.98262243231));
#3917 = CARTESIAN_POINT('',(0.452593266536,0.,-58.99905066632));
#3918 = CARTESIAN_POINT('',(0.150862497935,0.,-59.00663558473));
#3919 = CARTESIAN_POINT('',(-0.150935225061,0.,-59.00536937226));
#3920 = CARTESIAN_POINT('',(-0.452488663512,0.,-58.99525790315));
#3921 = CARTESIAN_POINT('',(-1.065233687312,0.,-58.95670725386));
#3922 = CARTESIAN_POINT('',(-1.376386216724,0.,-58.92762632192));
#3923 = CARTESIAN_POINT('',(-1.686597570922,0.,-58.88909977824));
#3924 = CARTESIAN_POINT('',(-1.995523914448,0.,-58.84116502757));
#3925 = CARTESIAN_POINT('',(-2.302823828054,0.,-58.78387504643));
#3926 = CARTESIAN_POINT('',(-2.608158308698,0.,-58.71729838316));
#3927 = CARTESIAN_POINT('',(-3.21422323039,0.,-58.5657399326));
#3928 = CARTESIAN_POINT('',(-3.514955060982,0.,-58.48075779782));
#3929 = CARTESIAN_POINT('',(-3.813049698036,0.,-58.38665696785));
#3930 = CARTESIAN_POINT('',(-4.108175776174,0.,-58.28353653317));
#3931 = CARTESIAN_POINT('',(-4.400007127925,0.,-58.17151046042));
#3932 = CARTESIAN_POINT('',(-4.688222783725,0.,-58.05070759243));
#3933 = CARTESIAN_POINT('',(-5.256791160111,0.,-57.791835704));
#3934 = CARTESIAN_POINT('',(-5.53714518427,0.,-57.65376609004));
#3935 = CARTESIAN_POINT('',(-5.813253312963,0.,-57.50720661368));
#3936 = CARTESIAN_POINT('',(-6.084807622264,0.,-57.3523147703));
#3937 = CARTESIAN_POINT('',(-6.351507995752,0.,-57.18926174327));
#3938 = CARTESIAN_POINT('',(-6.613062124512,0.,-57.018232404));
#3939 = CARTESIAN_POINT('',(-7.045822426867,0.,-56.71611000327));
#3940 = CARTESIAN_POINT('',(-7.219876726814,0.,-56.58909515343));
#3941 = CARTESIAN_POINT('',(-7.391255273045,0.,-56.45844578821));
#3942 = CARTESIAN_POINT('',(-7.559867150952,0.,-56.32422972153));
#3943 = CARTESIAN_POINT('',(-7.725623665244,0.,-56.18651755536));
#3944 = CARTESIAN_POINT('',(-7.888438339956,0.,-56.04538267976));
#3945 = CARTESIAN_POINT('',(-8.255952004039,0.,-55.71307550395));
#3946 = CARTESIAN_POINT('',(-8.458563430497,0.,-55.51959368766));
#3947 = CARTESIAN_POINT('',(-8.655875892642,0.,-55.32062341158));
#3948 = CARTESIAN_POINT('',(-8.847711506222,0.,-55.11633923199));
#3949 = CARTESIAN_POINT('',(-9.033899807911,0.,-54.90692267391));
#3950 = CARTESIAN_POINT('',(-9.214277755304,0.,-54.69256223106));
#3951 = CARTESIAN_POINT('',(-9.556393557764,0.,-54.26277174964));
#3952 = CARTESIAN_POINT('',(-9.718581960823,0.,-54.04769938406));
#3953 = CARTESIAN_POINT('',(-9.875116652336,0.,-53.8284100231));
#3954 = CARTESIAN_POINT('',(-10.02586656078,0.,-53.60508228913));
#3955 = CARTESIAN_POINT('',(-10.17070782687,0.,-53.37789967291));
#3956 = CARTESIAN_POINT('',(-10.30952380356,0.,-53.14705053355));
#3957 = CARTESIAN_POINT('',(-10.58550078696,0.,-52.65965990719));
#3958 = CARTESIAN_POINT('',(-10.72164141555,0.,-52.40253968024));
#3959 = CARTESIAN_POINT('',(-10.85048907371,0.,-52.14161096454));
#3960 = CARTESIAN_POINT('',(-10.97191665299,0.,-51.87712224669));
#3961 = CARTESIAN_POINT('',(-11.08580780457,0.,-51.60932695308));
#3962 = CARTESIAN_POINT('',(-11.19205693924,0.,-51.33848344985));
#3963 = CARTESIAN_POINT('',(-11.34529830478,0.,-50.91283918262));
#3964 = CARTESIAN_POINT('',(-11.39763953108,0.,-50.75996361486));
#3965 = CARTESIAN_POINT('',(-11.447576687,0.,-50.60627339335));
#3966 = CARTESIAN_POINT('',(-11.49509463073,0.,-50.45181390328));
#3967 = CARTESIAN_POINT('',(-11.54017929799,0.,-50.29663086134));
#3968 = CARTESIAN_POINT('',(-11.582817702,0.,-50.14077031568));
#3969 = CARTESIAN_POINT('',(-11.67925024899,0.,-49.7651903423));
#3970 = CARTESIAN_POINT('',(-11.73068459285,0.,-49.54486484659));
#3971 = CARTESIAN_POINT('',(-11.7772682653,0.,-49.32342954437));
#3972 = CARTESIAN_POINT('',(-11.81897282395,0.,-49.10101261945));
#3973 = CARTESIAN_POINT('',(-11.85577408387,0.,-48.87774305395));
#3974 = CARTESIAN_POINT('',(-11.88765211752,0.,-48.65375062827));
#3975 = CARTESIAN_POINT('',(-11.96846936812,0.,-47.97999785191));
#3976 = CARTESIAN_POINT('',(-12.00259233375,0.,-47.52845576692));
#3977 = CARTESIAN_POINT('',(-12.01683459609,0.,-47.07558983569));
#3978 = CARTESIAN_POINT('',(-12.01113997116,0.,-46.62244983606));
#3979 = CARTESIAN_POINT('',(-11.98552164261,0.,-46.17008483416));
#3980 = CARTESIAN_POINT('',(-11.94006215768,0.,-45.71954286438));
#3981 = CARTESIAN_POINT('',(-11.80821354905,0.,-44.81353963284));
#3982 = CARTESIAN_POINT('',(-11.72087430892,0.,-44.35820733734));
#3983 = CARTESIAN_POINT('',(-11.61305967524,0.,-43.90699719705));
#3984 = CARTESIAN_POINT('',(-11.48500703719,0.,-43.46101219056));
#3985 = CARTESIAN_POINT('',(-11.33702709746,0.,-43.02133444111));
#3986 = CARTESIAN_POINT('',(-11.16950376893,0.,-42.5890248569));
#3987 = CARTESIAN_POINT('',(-10.87439972577,0.,-41.91866730842));
#3988 = CARTESIAN_POINT('',(-10.75945304408,0.,-41.67505191299));
#3989 = CARTESIAN_POINT('',(-10.63814351604,0.,-41.43447982009));
#3990 = CARTESIAN_POINT('',(-10.51056829567,0.,-41.19715014473));
#3991 = CARTESIAN_POINT('',(-10.37683220147,0.,-40.96325788196));
#3992 = CARTESIAN_POINT('',(-10.23704771634,0.,-40.73299390684));
#3993 = CARTESIAN_POINT('',(-9.910651307687,0.,-40.22574845961));
#3994 = CARTESIAN_POINT('',(-9.720851522298,0.,-39.95081668165));
#3995 = CARTESIAN_POINT('',(-9.522165127997,0.,-39.68210616233));
#3996 = CARTESIAN_POINT('',(-9.31483776152,0.,-39.41996065836));
#3997 = CARTESIAN_POINT('',(-9.099131199754,0.,-39.16471116142));
#3998 = CARTESIAN_POINT('',(-8.875323359737,0.,-38.91667589818));
#3999 = CARTESIAN_POINT('',(-8.427036094229,0.,-38.45116184327));
#4000 = CARTESIAN_POINT('',(-8.203530456342,0.,-38.23274291782));
#4001 = CARTESIAN_POINT('',(-7.97343207556,0.,-38.02115342375));
#4002 = CARTESIAN_POINT('',(-7.736991951626,0.,-37.81663131286));
#4003 = CARTESIAN_POINT('',(-7.494471393463,0.,-37.61940261893));
#4004 = CARTESIAN_POINT('',(-7.24614201917,0.,-37.42968145768));
#4005 = CARTESIAN_POINT('',(-6.738429492878,0.,-37.06565859592));
#4006 = CARTESIAN_POINT('',(-6.479045176832,0.,-36.89135606079));
#4007 = CARTESIAN_POINT('',(-6.214414791725,0.,-36.72496454021));
#4008 = CARTESIAN_POINT('',(-5.944828300292,0.,-36.56667256416));
#4009 = CARTESIAN_POINT('',(-5.670583644161,0.,-36.41665507376));
#4010 = CARTESIAN_POINT('',(-5.391986743853,0.,-36.27507342135));
#4011 = CARTESIAN_POINT('',(-4.855954314164,0.,-36.02283570636));
#4012 = CARTESIAN_POINT('',(-4.599310193917,0.,-35.91049515754));
#4013 = CARTESIAN_POINT('',(-4.339645217249,0.,-35.80516008088));
#4014 = CARTESIAN_POINT('',(-4.077189031813,0.,-35.70692729922));
#4015 = CARTESIAN_POINT('',(-3.812174853716,0.,-35.61588410128));
#4016 = CARTESIAN_POINT('',(-3.544839467513,0.,-35.53210824169));
#4017 = CARTESIAN_POINT('',(-2.985282707946,0.,-35.37334763109));
#4018 = CARTESIAN_POINT('',(-2.692727848339,0.,-35.29953454167));
#4019 = CARTESIAN_POINT('',(-2.398058999935,0.,-35.23431384956));
#4020 = CARTESIAN_POINT('',(-2.10157908125,0.,-35.17775728031));
#4021 = CARTESIAN_POINT('',(-1.80359357677,0.,-35.12992310823));
#4022 = CARTESIAN_POINT('',(-1.50441053695,0.,-35.09085615629));
#4023 = CARTESIAN_POINT('',(-0.925704140623,0.,-35.03248145709));
#4024 = CARTESIAN_POINT('',(-0.646302033848,0.,-35.01196156196));
#4025 = CARTESIAN_POINT('',(-0.366382846111,0.,-34.99905316084));
#4026 = CARTESIAN_POINT('',(-8.619535750818E-02,0.,-34.99377112551));
#4027 = CARTESIAN_POINT('',(0.194011459984,0.,-34.99612014954));
#4028 = CARTESIAN_POINT('',(0.473988442514,0.,-35.00609474828));
#4029 = CARTESIAN_POINT('',(1.065233687312,0.,-35.04329274613));
#4030 = CARTESIAN_POINT('',(1.376386216724,0.,-35.07237367807));
#4031 = CARTESIAN_POINT('',(1.686597570921,0.,-35.11090022175));
#4032 = CARTESIAN_POINT('',(1.995523914448,0.,-35.15883497242));
#4033 = CARTESIAN_POINT('',(2.302823828054,0.,-35.21612495356));
#4034 = CARTESIAN_POINT('',(2.608158308697,0.,-35.28270161683));
#4035 = CARTESIAN_POINT('',(3.120178796778,0.,-35.4107424076));
#4036 = CARTESIAN_POINT('',(3.328072368035,0.,-35.46738103789));
#4037 = CARTESIAN_POINT('',(3.534761289606,0.,-35.52836917149));
#4038 = CARTESIAN_POINT('',(3.740136447656,0.,-35.59367585096));
#4039 = CARTESIAN_POINT('',(3.944089808226,0.,-35.66326672287));
#4040 = CARTESIAN_POINT('',(4.146514417229,0.,-35.73710403783));
#4041 = CARTESIAN_POINT('',(4.638449704493,0.,-35.92830837215));
#4042 = CARTESIAN_POINT('',(4.92615908903,0.,-36.05031209017));
#4043 = CARTESIAN_POINT('',(5.210109199533,0.,-36.18103207175));
#4044 = CARTESIAN_POINT('',(5.48998370287,0.,-36.3203284767));
#4045 = CARTESIAN_POINT('',(5.765473287305,0.,-36.46804735737));
#4046 = CARTESIAN_POINT('',(6.036275662505,0.,-36.62402065877));
#4047 = CARTESIAN_POINT('',(6.567915456564,0.,-36.95211177815));
#4048 = CARTESIAN_POINT('',(6.82875409433,0.,-37.12423034836));
#4049 = CARTESIAN_POINT('',(7.084316254878,0.,-37.30423968405));
#4050 = CARTESIAN_POINT('',(7.334316181756,0.,-37.49194493866));
#4051 = CARTESIAN_POINT('',(7.57847758002,0.,-37.68713866407));
#4052 = CARTESIAN_POINT('',(7.816533616227,0.,-37.88960081062));
#4053 = CARTESIAN_POINT('',(8.279920220653,0.,-38.30859664364));
#4054 = CARTESIAN_POINT('',(8.505251851292,0.,-38.52513129074));
#4055 = CARTESIAN_POINT('',(8.723964503526,0.,-38.74846994524));
#4056 = CARTESIAN_POINT('',(8.935812458866,0.,-38.97836920549));
#4057 = CARTESIAN_POINT('',(9.140561587165,0.,-39.21457499141));
#4058 = CARTESIAN_POINT('',(9.337989346621,0.,-39.45682254446));
#4059 = CARTESIAN_POINT('',(10.208809279526,0.,-40.59416126289));
#4060 = CARTESIAN_POINT('',(10.793135825454,0.,-41.55795904992));
#4061 = CARTESIAN_POINT('',(11.270608353943,0.,-42.58307944464));
#4062 = CARTESIAN_POINT('',(11.633934648065,0.,-43.65524822072));
#4063 = CARTESIAN_POINT('',(11.878027791554,0.,-44.75945398798));
#4064 = CARTESIAN_POINT('',(12.,0.,-45.87992998813));
#4065 = CARTESIAN_POINT('',(12.,0.,-47.));
#4066 = PCURVE('',#718,#4067);
#4067 = DEFINITIONAL_REPRESENTATION('',(#4068),#4275);
#4068 = B_SPLINE_CURVE_WITH_KNOTS('',7,(#4069,#4070,#4071,#4072,#4073,
    #4074,#4075,#4076,#4077,#4078,#4079,#4080,#4081,#4082,#4083,#4084,
    #4085,#4086,#4087,#4088,#4089,#4090,#4091,#4092,#4093,#4094,#4095,
    #4096,#4097,#4098,#4099,#4100,#4101,#4102,#4103,#4104,#4105,#4106,
    #4107,#4108,#4109,#4110,#4111,#4112,#4113,#4114,#4115,#4116,#4117,
    #4118,#4119,#4120,#4121,#4122,#4123,#4124,#4125,#4126,#4127,#4128,
    #4129,#4130,#4131,#4132,#4133,#4134,#4135,#4136,#4137,#4138,#4139,
    #4140,#4141,#4142,#4143,#4144,#4145,#4146,#4147,#4148,#4149,#4150,
    #4151,#4152,#4153,#4154,#4155,#4156,#4157,#4158,#4159,#4160,#4161,
    #4162,#4163,#4164,#4165,#4166,#4167,#4168,#4169,#4170,#4171,#4172,
    #4173,#4174,#4175,#4176,#4177,#4178,#4179,#4180,#4181,#4182,#4183,
    #4184,#4185,#4186,#4187,#4188,#4189,#4190,#4191,#4192,#4193,#4194,
    #4195,#4196,#4197,#4198,#4199,#4200,#4201,#4202,#4203,#4204,#4205,
    #4206,#4207,#4208,#4209,#4210,#4211,#4212,#4213,#4214,#4215,#4216,
    #4217,#4218,#4219,#4220,#4221,#4222,#4223,#4224,#4225,#4226,#4227,
    #4228,#4229,#4230,#4231,#4232,#4233,#4234,#4235,#4236,#4237,#4238,
    #4239,#4240,#4241,#4242,#4243,#4244,#4245,#4246,#4247,#4248,#4249,
    #4250,#4251,#4252,#4253,#4254,#4255,#4256,#4257,#4258,#4259,#4260,
    #4261,#4262,#4263,#4264,#4265,#4266,#4267,#4268,#4269,#4270,#4271,
    #4272,#4273,#4274),.UNSPECIFIED.,.F.,.F.,(8,6,6,6,6,6,6,6,6,6,6,6,6,
    6,6,6,6,6,6,6,6,6,6,6,6,6,6,6,6,6,6,6,6,6,8),(0.,2.100026928079E-02,
    5.000062512473E-02,7.800097149344E-02,0.103001286786,0.128001602078,
    0.152001906279,0.175002199092,0.204002554936,0.232002901305,
    0.260003247674,0.289003603517,0.318003959361,0.347004315205,
    0.367004572406,0.393004898451,0.418005213743,0.445005550163,
    0.460005744828,0.481006014109,0.523006426899,0.566006836224,
    0.591007151516,0.622007524674,0.651007880518,0.680008236361,
    0.706008562407,0.734008908776,0.760009234821,0.789009590665,
    0.809009847865,0.838010203709,0.867010559553,0.896010915397,1.),
  .UNSPECIFIED.);
#4069 = CARTESIAN_POINT('',(6.28318530718,-1.));
#4070 = CARTESIAN_POINT('',(6.264335755203,-1.));
#4071 = CARTESIAN_POINT('',(6.245486199282,-1.));
#4072 = CARTESIAN_POINT('',(6.226636640993,-1.));
#4073 = CARTESIAN_POINT('',(6.207787081915,-1.));
#4074 = CARTESIAN_POINT('',(6.188937523627,-1.));
#4075 = CARTESIAN_POINT('',(6.170087967705,-1.));
#4076 = CARTESIAN_POINT('',(6.125208096426,-1.));
#4077 = CARTESIAN_POINT('',(6.099177757297,-1.));
#4078 = CARTESIAN_POINT('',(6.07314740627,-1.));
#4079 = CARTESIAN_POINT('',(6.047117051279,-1.));
#4080 = CARTESIAN_POINT('',(6.021086700253,-1.));
#4081 = CARTESIAN_POINT('',(5.995056361123,-1.));
#4082 = CARTESIAN_POINT('',(5.943893317226,-1.));
#4083 = CARTESIAN_POINT('',(5.918760575998,-1.));
#4084 = CARTESIAN_POINT('',(5.893627824788,-1.));
#4085 = CARTESIAN_POINT('',(5.868495070252,-1.));
#4086 = CARTESIAN_POINT('',(5.843362319042,-1.));
#4087 = CARTESIAN_POINT('',(5.818229577814,-1.));
#4088 = CARTESIAN_POINT('',(5.77065691513,-1.));
#4089 = CARTESIAN_POINT('',(5.748216967604,-1.));
#4090 = CARTESIAN_POINT('',(5.725777014417,-1.));
#4091 = CARTESIAN_POINT('',(5.703337059343,-1.));
#4092 = CARTESIAN_POINT('',(5.680897106155,-1.));
#4093 = CARTESIAN_POINT('',(5.65845715863,-1.));
#4094 = CARTESIAN_POINT('',(5.61357728245,-1.));
#4095 = CARTESIAN_POINT('',(5.591137334925,-1.));
#4096 = CARTESIAN_POINT('',(5.568697381738,-1.));
#4097 = CARTESIAN_POINT('',(5.546257426663,-1.));
#4098 = CARTESIAN_POINT('',(5.523817473476,-1.));
#4099 = CARTESIAN_POINT('',(5.50137752595,-1.));
#4100 = CARTESIAN_POINT('',(5.457395245929,-1.));
#4101 = CARTESIAN_POINT('',(5.435852896305,-1.));
#4102 = CARTESIAN_POINT('',(5.414310542064,-1.));
#4103 = CARTESIAN_POINT('',(5.392768186285,-1.));
#4104 = CARTESIAN_POINT('',(5.371225832044,-1.));
#4105 = CARTESIAN_POINT('',(5.34968348242,-1.));
#4106 = CARTESIAN_POINT('',(5.307496394983,-1.));
#4107 = CARTESIAN_POINT('',(5.286851643259,-1.));
#4108 = CARTESIAN_POINT('',(5.266206887805,-1.));
#4109 = CARTESIAN_POINT('',(5.245562131107,-1.));
#4110 = CARTESIAN_POINT('',(5.224917375652,-1.));
#4111 = CARTESIAN_POINT('',(5.204272623929,-1.));
#4112 = CARTESIAN_POINT('',(5.157597559121,-1.));
#4113 = CARTESIAN_POINT('',(5.131567219991,-1.));
#4114 = CARTESIAN_POINT('',(5.105536868965,-1.));
#4115 = CARTESIAN_POINT('',(5.079506513973,-1.));
#4116 = CARTESIAN_POINT('',(5.053476162947,-1.));
#4117 = CARTESIAN_POINT('',(5.027445823818,-1.));
#4118 = CARTESIAN_POINT('',(4.976282779921,-1.));
#4119 = CARTESIAN_POINT('',(4.951150038692,-1.));
#4120 = CARTESIAN_POINT('',(4.926017287483,-1.));
#4121 = CARTESIAN_POINT('',(4.900884532946,-1.));
#4122 = CARTESIAN_POINT('',(4.875751781737,-1.));
#4123 = CARTESIAN_POINT('',(4.850619040508,-1.));
#4124 = CARTESIAN_POINT('',(4.80035359132,-1.));
#4125 = CARTESIAN_POINT('',(4.775220850091,-1.));
#4126 = CARTESIAN_POINT('',(4.750088098882,-1.));
#4127 = CARTESIAN_POINT('',(4.724955344345,-1.));
#4128 = CARTESIAN_POINT('',(4.699822593136,-1.));
#4129 = CARTESIAN_POINT('',(4.674689851907,-1.));
#4130 = CARTESIAN_POINT('',(4.62352680801,-1.));
#4131 = CARTESIAN_POINT('',(4.597496468881,-1.));
#4132 = CARTESIAN_POINT('',(4.571466117855,-1.));
#4133 = CARTESIAN_POINT('',(4.545435762863,-1.));
#4134 = CARTESIAN_POINT('',(4.519405411837,-1.));
#4135 = CARTESIAN_POINT('',(4.493375072707,-1.));
#4136 = CARTESIAN_POINT('',(4.441314434102,-1.));
#4137 = CARTESIAN_POINT('',(4.415284094973,-1.));
#4138 = CARTESIAN_POINT('',(4.389253743946,-1.));
#4139 = CARTESIAN_POINT('',(4.363223388955,-1.));
#4140 = CARTESIAN_POINT('',(4.337193037929,-1.));
#4141 = CARTESIAN_POINT('',(4.311162698799,-1.));
#4142 = CARTESIAN_POINT('',(4.259102060194,-1.));
#4143 = CARTESIAN_POINT('',(4.233071721064,-1.));
#4144 = CARTESIAN_POINT('',(4.207041370038,-1.));
#4145 = CARTESIAN_POINT('',(4.181011015047,-1.));
#4146 = CARTESIAN_POINT('',(4.154980664021,-1.));
#4147 = CARTESIAN_POINT('',(4.128950324891,-1.));
#4148 = CARTESIAN_POINT('',(4.084968050659,-1.));
#4149 = CARTESIAN_POINT('',(4.067016092638,-1.));
#4150 = CARTESIAN_POINT('',(4.049064132763,-1.));
#4151 = CARTESIAN_POINT('',(4.03111217227,-1.));
#4152 = CARTESIAN_POINT('',(4.013160212395,-1.));
#4153 = CARTESIAN_POINT('',(3.995208254374,-1.));
#4154 = CARTESIAN_POINT('',(3.9539187655,-1.));
#4155 = CARTESIAN_POINT('',(3.930581220073,-1.));
#4156 = CARTESIAN_POINT('',(3.907243667757,-1.));
#4157 = CARTESIAN_POINT('',(3.883906113146,-1.));
#4158 = CARTESIAN_POINT('',(3.86056856083,-1.));
#4159 = CARTESIAN_POINT('',(3.837231015403,-1.));
#4160 = CARTESIAN_POINT('',(3.791453543368,-1.));
#4161 = CARTESIAN_POINT('',(3.769013595843,-1.));
#4162 = CARTESIAN_POINT('',(3.746573642656,-1.));
#4163 = CARTESIAN_POINT('',(3.724133687581,-1.));
#4164 = CARTESIAN_POINT('',(3.701693734394,-1.));
#4165 = CARTESIAN_POINT('',(3.679253786868,-1.));
#4166 = CARTESIAN_POINT('',(3.632578719318,-1.));
#4167 = CARTESIAN_POINT('',(3.608343575991,-1.));
#4168 = CARTESIAN_POINT('',(3.584108424342,-1.));
#4169 = CARTESIAN_POINT('',(3.559873269921,-1.));
#4170 = CARTESIAN_POINT('',(3.535638118273,-1.));
#4171 = CARTESIAN_POINT('',(3.511402974945,-1.));
#4172 = CARTESIAN_POINT('',(3.473703877703,-1.));
#4173 = CARTESIAN_POINT('',(3.460239909188,-1.));
#4174 = CARTESIAN_POINT('',(3.446775940232,-1.));
#4175 = CARTESIAN_POINT('',(3.43331197113,-1.));
#4176 = CARTESIAN_POINT('',(3.419848002174,-1.));
#4177 = CARTESIAN_POINT('',(3.406384033659,-1.));
#4178 = CARTESIAN_POINT('',(3.374070513901,-1.));
#4179 = CARTESIAN_POINT('',(3.355220957979,-1.));
#4180 = CARTESIAN_POINT('',(3.336371399691,-1.));
#4181 = CARTESIAN_POINT('',(3.317521840613,-1.));
#4182 = CARTESIAN_POINT('',(3.298672282324,-1.));
#4183 = CARTESIAN_POINT('',(3.279822726403,-1.));
#4184 = CARTESIAN_POINT('',(3.223274183364,-1.));
#4185 = CARTESIAN_POINT('',(3.185574829277,-1.));
#4186 = CARTESIAN_POINT('',(3.147875741863,-1.));
#4187 = CARTESIAN_POINT('',(3.110176824088,-1.));
#4188 = CARTESIAN_POINT('',(3.072477736674,-1.));
#4189 = CARTESIAN_POINT('',(3.034778382587,-1.));
#4190 = CARTESIAN_POINT('',(2.958482817369,-1.));
#4191 = CARTESIAN_POINT('',(2.919885835644,-1.));
#4192 = CARTESIAN_POINT('',(2.881289153339,-1.));
#4193 = CARTESIAN_POINT('',(2.842692661501,-1.));
#4194 = CARTESIAN_POINT('',(2.804095979197,-1.));
#4195 = CARTESIAN_POINT('',(2.765498997471,-1.));
#4196 = CARTESIAN_POINT('',(2.704462485226,-1.));
#4197 = CARTESIAN_POINT('',(2.682022537701,-1.));
#4198 = CARTESIAN_POINT('',(2.659582584514,-1.));
#4199 = CARTESIAN_POINT('',(2.637142629439,-1.));
#4200 = CARTESIAN_POINT('',(2.614702676252,-1.));
#4201 = CARTESIAN_POINT('',(2.592262728726,-1.));
#4202 = CARTESIAN_POINT('',(2.541997283386,-1.));
#4203 = CARTESIAN_POINT('',(2.514171748455,-1.));
#4204 = CARTESIAN_POINT('',(2.486346196914,-1.));
#4205 = CARTESIAN_POINT('',(2.458520639837,-1.));
#4206 = CARTESIAN_POINT('',(2.430695088296,-1.));
#4207 = CARTESIAN_POINT('',(2.402869553364,-1.));
#4208 = CARTESIAN_POINT('',(2.349013726811,-1.));
#4209 = CARTESIAN_POINT('',(2.322983387682,-1.));
#4210 = CARTESIAN_POINT('',(2.296953036656,-1.));
#4211 = CARTESIAN_POINT('',(2.270922681664,-1.));
#4212 = CARTESIAN_POINT('',(2.244892330638,-1.));
#4213 = CARTESIAN_POINT('',(2.218861991508,-1.));
#4214 = CARTESIAN_POINT('',(2.166801352903,-1.));
#4215 = CARTESIAN_POINT('',(2.140771013774,-1.));
#4216 = CARTESIAN_POINT('',(2.114740662747,-1.));
#4217 = CARTESIAN_POINT('',(2.088710307756,-1.));
#4218 = CARTESIAN_POINT('',(2.06267995673,-1.));
#4219 = CARTESIAN_POINT('',(2.0366496176,-1.));
#4220 = CARTESIAN_POINT('',(1.987281764352,-1.));
#4221 = CARTESIAN_POINT('',(1.963944218926,-1.));
#4222 = CARTESIAN_POINT('',(1.94060666661,-1.));
#4223 = CARTESIAN_POINT('',(1.917269111998,-1.));
#4224 = CARTESIAN_POINT('',(1.893931559683,-1.));
#4225 = CARTESIAN_POINT('',(1.870594014256,-1.));
#4226 = CARTESIAN_POINT('',(1.822123755717,-1.));
#4227 = CARTESIAN_POINT('',(1.796991014488,-1.));
#4228 = CARTESIAN_POINT('',(1.771858263279,-1.));
#4229 = CARTESIAN_POINT('',(1.746725508742,-1.));
#4230 = CARTESIAN_POINT('',(1.721592757533,-1.));
#4231 = CARTESIAN_POINT('',(1.696460016304,-1.));
#4232 = CARTESIAN_POINT('',(1.647989757765,-1.));
#4233 = CARTESIAN_POINT('',(1.624652212338,-1.));
#4234 = CARTESIAN_POINT('',(1.601314660022,-1.));
#4235 = CARTESIAN_POINT('',(1.577977105411,-1.));
#4236 = CARTESIAN_POINT('',(1.554639553095,-1.));
#4237 = CARTESIAN_POINT('',(1.531302007669,-1.));
#4238 = CARTESIAN_POINT('',(1.481934154421,-1.));
#4239 = CARTESIAN_POINT('',(1.455903815291,-1.));
#4240 = CARTESIAN_POINT('',(1.429873464265,-1.));
#4241 = CARTESIAN_POINT('',(1.403843109273,-1.));
#4242 = CARTESIAN_POINT('',(1.377812758247,-1.));
#4243 = CARTESIAN_POINT('',(1.351782419118,-1.));
#4244 = CARTESIAN_POINT('',(1.307800144885,-1.));
#4245 = CARTESIAN_POINT('',(1.289848186865,-1.));
#4246 = CARTESIAN_POINT('',(1.27189622699,-1.));
#4247 = CARTESIAN_POINT('',(1.253944266497,-1.));
#4248 = CARTESIAN_POINT('',(1.235992306622,-1.));
#4249 = CARTESIAN_POINT('',(1.218040348601,-1.));
#4250 = CARTESIAN_POINT('',(1.174058074369,-1.));
#4251 = CARTESIAN_POINT('',(1.148027735239,-1.));
#4252 = CARTESIAN_POINT('',(1.121997384213,-1.));
#4253 = CARTESIAN_POINT('',(1.095967029222,-1.));
#4254 = CARTESIAN_POINT('',(1.069936678195,-1.));
#4255 = CARTESIAN_POINT('',(1.043906339066,-1.));
#4256 = CARTESIAN_POINT('',(0.991845700461,-1.));
#4257 = CARTESIAN_POINT('',(0.965815361331,-1.));
#4258 = CARTESIAN_POINT('',(0.939785010305,-1.));
#4259 = CARTESIAN_POINT('',(0.913754655313,-1.));
#4260 = CARTESIAN_POINT('',(0.887724304287,-1.));
#4261 = CARTESIAN_POINT('',(0.861693965158,-1.));
#4262 = CARTESIAN_POINT('',(0.809633326552,-1.));
#4263 = CARTESIAN_POINT('',(0.783602987423,-1.));
#4264 = CARTESIAN_POINT('',(0.757572636397,-1.));
#4265 = CARTESIAN_POINT('',(0.731542281405,-1.));
#4266 = CARTESIAN_POINT('',(0.705511930379,-1.));
#4267 = CARTESIAN_POINT('',(0.679481591249,-1.));
#4268 = CARTESIAN_POINT('',(0.560112104291,-1.));
#4269 = CARTESIAN_POINT('',(0.466739085405,-1.));
#4270 = CARTESIAN_POINT('',(0.373393789651,-1.));
#4271 = CARTESIAN_POINT('',(0.280057482295,-1.));
#4272 = CARTESIAN_POINT('',(0.186712186541,-1.));
#4273 = CARTESIAN_POINT('',(9.333916765561E-02,-1.));
#4274 = CARTESIAN_POINT('',(0.,-1.));
#4275 = ( GEOMETRIC_REPRESENTATION_CONTEXT(2) 
PARAMETRIC_REPRESENTATION_CONTEXT() REPRESENTATION_CONTEXT('2D SPACE',''
  ) );
#4276 = PCURVE('',#787,#4277);
#4277 = DEFINITIONAL_REPRESENTATION('',(#4278),#4485);
#4278 = B_SPLINE_CURVE_WITH_KNOTS('',7,(#4279,#4280,#4281,#4282,#4283,
    #4284,#4285,#4286,#4287,#4288,#4289,#4290,#4291,#4292,#4293,#4294,
    #4295,#4296,#4297,#4298,#4299,#4300,#4301,#4302,#4303,#4304,#4305,
    #4306,#4307,#4308,#4309,#4310,#4311,#4312,#4313,#4314,#4315,#4316,
    #4317,#4318,#4319,#4320,#4321,#4322,#4323,#4324,#4325,#4326,#4327,
    #4328,#4329,#4330,#4331,#4332,#4333,#4334,#4335,#4336,#4337,#4338,
    #4339,#4340,#4341,#4342,#4343,#4344,#4345,#4346,#4347,#4348,#4349,
    #4350,#4351,#4352,#4353,#4354,#4355,#4356,#4357,#4358,#4359,#4360,
    #4361,#4362,#4363,#4364,#4365,#4366,#4367,#4368,#4369,#4370,#4371,
    #4372,#4373,#4374,#4375,#4376,#4377,#4378,#4379,#4380,#4381,#4382,
    #4383,#4384,#4385,#4386,#4387,#4388,#4389,#4390,#4391,#4392,#4393,
    #4394,#4395,#4396,#4397,#4398,#4399,#4400,#4401,#4402,#4403,#4404,
    #4405,#4406,#4407,#4408,#4409,#4410,#4411,#4412,#4413,#4414,#4415,
    #4416,#4417,#4418,#4419,#4420,#4421,#4422,#4423,#4424,#4425,#4426,
    #4427,#4428,#4429,#4430,#4431,#4432,#4433,#4434,#4435,#4436,#4437,
    #4438,#4439,#4440,#4441,#4442,#4443,#4444,#4445,#4446,#4447,#4448,
    #4449,#4450,#4451,#4452,#4453,#4454,#4455,#4456,#4457,#4458,#4459,
    #4460,#4461,#4462,#4463,#4464,#4465,#4466,#4467,#4468,#4469,#4470,
    #4471,#4472,#4473,#4474,#4475,#4476,#4477,#4478,#4479,#4480,#4481,
    #4482,#4483,#4484),.UNSPECIFIED.,.T.,.F.,(8,6,6,6,6,6,6,6,6,6,6,6,6,
    6,6,6,6,6,6,6,6,6,6,6,6,6,6,6,6,6,6,6,6,6,8),(0.,2.100026928079E-02,
    5.000062512473E-02,7.800097149344E-02,0.103001286786,0.128001602078,
    0.152001906279,0.175002199092,0.204002554936,0.232002901305,
    0.260003247674,0.289003603517,0.318003959361,0.347004315205,
    0.367004572406,0.393004898451,0.418005213743,0.445005550163,
    0.460005744828,0.481006014109,0.523006426899,0.566006836224,
    0.591007151516,0.622007524674,0.651007880518,0.680008236361,
    0.706008562407,0.734008908776,0.760009234821,0.789009590665,
    0.809009847865,0.838010203709,0.867010559553,0.896010915397,1.),
  .UNSPECIFIED.);
#4279 = CARTESIAN_POINT('',(-12.,24.));
#4280 = CARTESIAN_POINT('',(-12.22619462371,24.));
#4281 = CARTESIAN_POINT('',(-12.45238939,23.995025716698));
#4282 = CARTESIAN_POINT('',(-12.67845278326,23.985077157092));
#4283 = CARTESIAN_POINT('',(-12.90425357347,23.970158650386));
#4284 = CARTESIAN_POINT('',(-13.12966081619,23.950278847993));
#4285 = CARTESIAN_POINT('',(-13.3545438525,23.925450723534));
#4286 = CARTESIAN_POINT('',(-13.88842095907,23.854595625522));
#4287 = CARTESIAN_POINT('',(-14.19682228389,23.804095922436));
#4288 = CARTESIAN_POINT('',(-14.50363236635,23.744238156538));
#4289 = CARTESIAN_POINT('',(-14.80851077509,23.675083388549));
#4290 = CARTESIAN_POINT('',(-15.11112056453,23.596708046941));
#4291 = CARTESIAN_POINT('',(-15.41112827497,23.509203927944));
#4292 = CARTESIAN_POINT('',(-15.99503563047,23.319480927367));
#4293 = CARTESIAN_POINT('',(-16.27913520682,23.217873108946));
#4294 = CARTESIAN_POINT('',(-16.56020575705,23.107951251744));
#4295 = CARTESIAN_POINT('',(-16.83795573607,22.989824468735));
#4296 = CARTESIAN_POINT('',(-17.11209895818,22.8636144744));
#4297 = CARTESIAN_POINT('',(-17.38235459711,22.72945558473));
#4298 = CARTESIAN_POINT('',(-17.88602991196,22.460743912063));
#4299 = CARTESIAN_POINT('',(-18.12029460542,22.327773035853));
#4300 = CARTESIAN_POINT('',(-18.35104534978,22.188686633014));
#4301 = CARTESIAN_POINT('',(-18.57809091404,22.043596580276));
#4302 = CARTESIAN_POINT('',(-18.80124475281,21.892622086667));
#4303 = CARTESIAN_POINT('',(-19.02032500628,21.735889693519));
#4304 = CARTESIAN_POINT('',(-19.44998399424,21.411176855408));
#4305 = CARTESIAN_POINT('',(-19.6605632727,21.243195999336));
#4306 = CARTESIAN_POINT('',(-19.86671518547,21.069724611666));
#4307 = CARTESIAN_POINT('',(-20.06826835729,20.890903106855));
#4308 = CARTESIAN_POINT('',(-20.26505718786,20.706878408401));
#4309 = CARTESIAN_POINT('',(-20.45692185179,20.517803948841));
#4310 = CARTESIAN_POINT('',(-20.823023299,20.137633950028));
#4311 = CARTESIAN_POINT('',(-20.99765862602,19.946921346815));
#4312 = CARTESIAN_POINT('',(-21.16747803811,19.751843359678));
#4313 = CARTESIAN_POINT('',(-21.33235098807,19.552546198979));
#4314 = CARTESIAN_POINT('',(-21.49215262305,19.349180785875));
#4315 = CARTESIAN_POINT('',(-21.64676378459,19.141902752321));
#4316 = CARTESIAN_POINT('',(-21.93915710628,18.72863504814));
#4317 = CARTESIAN_POINT('',(-22.07737233092,18.522951161624));
#4318 = CARTESIAN_POINT('',(-22.21061685976,18.313961891577));
#4319 = CARTESIAN_POINT('',(-22.33879620513,18.101811571476));
#4320 = CARTESIAN_POINT('',(-22.46182121447,17.886647758214));
#4321 = CARTESIAN_POINT('',(-22.57960807031,17.668621232104));
#4322 = CARTESIAN_POINT('',(-22.83388850228,17.169567784972));
#4323 = CARTESIAN_POINT('',(-22.96724684606,16.886942327331));
#4324 = CARTESIAN_POINT('',(-23.09199585768,16.600318771181));
#4325 = CARTESIAN_POINT('',(-23.20799270649,16.310012110712));
#4326 = CARTESIAN_POINT('',(-23.31510919508,16.01634318707));
#4327 = CARTESIAN_POINT('',(-23.41323175929,15.719638688359));
#4328 = CARTESIAN_POINT('',(-23.58822119574,15.13114797995));
#4329 = CARTESIAN_POINT('',(-23.66570471322,14.839543757471));
#4330 = CARTESIAN_POINT('',(-23.73462307628,14.545717740698));
#4331 = CARTESIAN_POINT('',(-23.79490075854,14.249971922926));
#4332 = CARTESIAN_POINT('',(-23.84647565157,13.952611032243));
#4333 = CARTESIAN_POINT('',(-23.88929906496,13.653942531534));
#4334 = CARTESIAN_POINT('',(-23.95737238751,13.054610705431));
#4335 = CARTESIAN_POINT('',(-23.98262243231,12.75394618593));
#4336 = CARTESIAN_POINT('',(-23.99905066632,12.452593266536));
#4337 = CARTESIAN_POINT('',(-24.00663558473,12.150862497935));
#4338 = CARTESIAN_POINT('',(-24.00536937226,11.849064774939));
#4339 = CARTESIAN_POINT('',(-23.99525790315,11.547511336488));
#4340 = CARTESIAN_POINT('',(-23.95670725386,10.934766312688));
#4341 = CARTESIAN_POINT('',(-23.92762632192,10.623613783276));
#4342 = CARTESIAN_POINT('',(-23.88909977824,10.313402429078));
#4343 = CARTESIAN_POINT('',(-23.84116502757,10.004476085552));
#4344 = CARTESIAN_POINT('',(-23.78387504643,9.697176171946));
#4345 = CARTESIAN_POINT('',(-23.71729838316,9.391841691302));
#4346 = CARTESIAN_POINT('',(-23.5657399326,8.78577676961));
#4347 = CARTESIAN_POINT('',(-23.48075779782,8.485044939018));
#4348 = CARTESIAN_POINT('',(-23.38665696785,8.186950301964));
#4349 = CARTESIAN_POINT('',(-23.28353653317,7.891824223826));
#4350 = CARTESIAN_POINT('',(-23.17151046042,7.599992872075));
#4351 = CARTESIAN_POINT('',(-23.05070759243,7.311777216275));
#4352 = CARTESIAN_POINT('',(-22.791835704,6.743208839889));
#4353 = CARTESIAN_POINT('',(-22.65376609004,6.46285481573));
#4354 = CARTESIAN_POINT('',(-22.50720661368,6.186746687037));
#4355 = CARTESIAN_POINT('',(-22.3523147703,5.915192377736));
#4356 = CARTESIAN_POINT('',(-22.18926174327,5.648492004248));
#4357 = CARTESIAN_POINT('',(-22.018232404,5.386937875488));
#4358 = CARTESIAN_POINT('',(-21.71611000327,4.954177573133));
#4359 = CARTESIAN_POINT('',(-21.58909515343,4.780123273186));
#4360 = CARTESIAN_POINT('',(-21.45844578821,4.608744726955));
#4361 = CARTESIAN_POINT('',(-21.32422972153,4.440132849048));
#4362 = CARTESIAN_POINT('',(-21.18651755536,4.274376334756));
#4363 = CARTESIAN_POINT('',(-21.04538267976,4.111561660044));
#4364 = CARTESIAN_POINT('',(-20.71307550395,3.744047995961));
#4365 = CARTESIAN_POINT('',(-20.51959368766,3.541436569503));
#4366 = CARTESIAN_POINT('',(-20.32062341158,3.344124107358));
#4367 = CARTESIAN_POINT('',(-20.11633923199,3.152288493778));
#4368 = CARTESIAN_POINT('',(-19.90692267391,2.966100192089));
#4369 = CARTESIAN_POINT('',(-19.69256223106,2.785722244696));
#4370 = CARTESIAN_POINT('',(-19.26277174964,2.443606442236));
#4371 = CARTESIAN_POINT('',(-19.04769938406,2.281418039177));
#4372 = CARTESIAN_POINT('',(-18.8284100231,2.124883347664));
#4373 = CARTESIAN_POINT('',(-18.60508228913,1.97413343922));
#4374 = CARTESIAN_POINT('',(-18.37789967291,1.829292173129));
#4375 = CARTESIAN_POINT('',(-18.14705053355,1.69047619644));
#4376 = CARTESIAN_POINT('',(-17.65965990719,1.414499213033));
#4377 = CARTESIAN_POINT('',(-17.40253968024,1.278358584445));
#4378 = CARTESIAN_POINT('',(-17.14161096454,1.149510926283));
#4379 = CARTESIAN_POINT('',(-16.87712224669,1.028083347002));
#4380 = CARTESIAN_POINT('',(-16.60932695308,0.914192195427));
#4381 = CARTESIAN_POINT('',(-16.33848344985,0.807943060753));
#4382 = CARTESIAN_POINT('',(-15.91283918262,0.654701695214));
#4383 = CARTESIAN_POINT('',(-15.75996361486,0.602360468914));
#4384 = CARTESIAN_POINT('',(-15.60627339335,0.552423312992));
#4385 = CARTESIAN_POINT('',(-15.45181390328,0.504905369261));
#4386 = CARTESIAN_POINT('',(-15.29663086134,0.45982070201));
#4387 = CARTESIAN_POINT('',(-15.14077031568,0.417182297998));
#4388 = CARTESIAN_POINT('',(-14.7651903423,0.320749751007));
#4389 = CARTESIAN_POINT('',(-14.54486484659,0.269315407148));
#4390 = CARTESIAN_POINT('',(-14.32342954437,0.222731734698));
#4391 = CARTESIAN_POINT('',(-14.10101261945,0.181027176042));
#4392 = CARTESIAN_POINT('',(-13.87774305395,0.144225916129));
#4393 = CARTESIAN_POINT('',(-13.65375062827,0.112347882476));
#4394 = CARTESIAN_POINT('',(-12.97999785191,3.153063187512E-02));
#4395 = CARTESIAN_POINT('',(-12.52845576692,-2.592333757356E-03));
#4396 = CARTESIAN_POINT('',(-12.07558983569,-1.683459609933E-02));
#4397 = CARTESIAN_POINT('',(-11.62244983606,-1.113997116766E-02));
#4398 = CARTESIAN_POINT('',(-11.17008483416,1.447835738996E-02));
#4399 = CARTESIAN_POINT('',(-10.71954286438,5.993784231663E-02));
#4400 = CARTESIAN_POINT('',(-9.813539632846,0.191786450943));
#4401 = CARTESIAN_POINT('',(-9.358207337342,0.279125691074));
#4402 = CARTESIAN_POINT('',(-8.906997197059,0.386940324755));
#4403 = CARTESIAN_POINT('',(-8.461012190566,0.514992962802));
#4404 = CARTESIAN_POINT('',(-8.021334441111,0.662972902537));
#4405 = CARTESIAN_POINT('',(-7.589024856907,0.830496231064));
#4406 = CARTESIAN_POINT('',(-6.918667308428,1.125600274229));
#4407 = CARTESIAN_POINT('',(-6.67505191299,1.240546955911));
#4408 = CARTESIAN_POINT('',(-6.434479820092,1.36185648396));
#4409 = CARTESIAN_POINT('',(-6.197150144738,1.489431704323));
#4410 = CARTESIAN_POINT('',(-5.963257881964,1.623167798521));
#4411 = CARTESIAN_POINT('',(-5.732993906843,1.76295228366));
#4412 = CARTESIAN_POINT('',(-5.225748459617,2.089348692313));
#4413 = CARTESIAN_POINT('',(-4.950816681655,2.279148477702));
#4414 = CARTESIAN_POINT('',(-4.682106162333,2.477834872003));
#4415 = CARTESIAN_POINT('',(-4.419960658363,2.68516223848));
#4416 = CARTESIAN_POINT('',(-4.164711161428,2.900868800246));
#4417 = CARTESIAN_POINT('',(-3.916675898181,3.124676640263));
#4418 = CARTESIAN_POINT('',(-3.451161843276,3.572963905771));
#4419 = CARTESIAN_POINT('',(-3.232742917826,3.796469543658));
#4420 = CARTESIAN_POINT('',(-3.021153423752,4.02656792444));
#4421 = CARTESIAN_POINT('',(-2.816631312866,4.263008048374));
#4422 = CARTESIAN_POINT('',(-2.619402618936,4.505528606537));
#4423 = CARTESIAN_POINT('',(-2.429681457688,4.75385798083));
#4424 = CARTESIAN_POINT('',(-2.06565859592,5.261570507122));
#4425 = CARTESIAN_POINT('',(-1.891356060794,5.520954823168));
#4426 = CARTESIAN_POINT('',(-1.724964540219,5.785585208275));
#4427 = CARTESIAN_POINT('',(-1.566672564162,6.055171699708));
#4428 = CARTESIAN_POINT('',(-1.416655073766,6.329416355839));
#4429 = CARTESIAN_POINT('',(-1.275073421351,6.608013256147));
#4430 = CARTESIAN_POINT('',(-1.022835706367,7.144045685836));
#4431 = CARTESIAN_POINT('',(-0.910495157546,7.400689806083));
#4432 = CARTESIAN_POINT('',(-0.805160080886,7.660354782751));
#4433 = CARTESIAN_POINT('',(-0.706927299223,7.922810968187));
#4434 = CARTESIAN_POINT('',(-0.615884101285,8.187825146284));
#4435 = CARTESIAN_POINT('',(-0.532108241694,8.455160532487));
#4436 = CARTESIAN_POINT('',(-0.373347631094,9.014717292054));
#4437 = CARTESIAN_POINT('',(-0.299534541674,9.307272151661));
#4438 = CARTESIAN_POINT('',(-0.23431384956,9.601941000065));
#4439 = CARTESIAN_POINT('',(-0.177757280318,9.89842091875));
#4440 = CARTESIAN_POINT('',(-0.12992310823,10.19640642323));
#4441 = CARTESIAN_POINT('',(-9.085615629444E-02,10.49558946305));
#4442 = CARTESIAN_POINT('',(-3.248145709872E-02,11.074295859377));
#4443 = CARTESIAN_POINT('',(-1.19615619683E-02,11.353697966152));
#4444 = CARTESIAN_POINT('',(9.468391558727E-04,11.633617153889));
#4445 = CARTESIAN_POINT('',(6.228874484846E-03,11.913804642492));
#4446 = CARTESIAN_POINT('',(3.879850451553E-03,12.194011459984));
#4447 = CARTESIAN_POINT('',(-6.094748289184E-03,12.473988442514));
#4448 = CARTESIAN_POINT('',(-4.329274613085E-02,13.065233687312));
#4449 = CARTESIAN_POINT('',(-7.237367807499E-02,13.376386216724));
#4450 = CARTESIAN_POINT('',(-0.110900221752,13.686597570921));
#4451 = CARTESIAN_POINT('',(-0.158834972427,13.995523914448));
#4452 = CARTESIAN_POINT('',(-0.216124953564,14.302823828054));
#4453 = CARTESIAN_POINT('',(-0.282701616837,14.608158308697));
#4454 = CARTESIAN_POINT('',(-0.410742407605,15.120178796778));
#4455 = CARTESIAN_POINT('',(-0.467381037893,15.328072368035));
#4456 = CARTESIAN_POINT('',(-0.528369171498,15.534761289606));
#4457 = CARTESIAN_POINT('',(-0.593675850965,15.740136447656));
#4458 = CARTESIAN_POINT('',(-0.663266722875,15.944089808226));
#4459 = CARTESIAN_POINT('',(-0.737104037839,16.146514417229));
#4460 = CARTESIAN_POINT('',(-0.92830837215,16.638449704493));
#4461 = CARTESIAN_POINT('',(-1.050312090172,16.92615908903));
#4462 = CARTESIAN_POINT('',(-1.181032071759,17.210109199533));
#4463 = CARTESIAN_POINT('',(-1.3203284767,17.48998370287));
#4464 = CARTESIAN_POINT('',(-1.468047357378,17.765473287305));
#4465 = CARTESIAN_POINT('',(-1.624020658773,18.036275662505));
#4466 = CARTESIAN_POINT('',(-1.952111778153,18.567915456564));
#4467 = CARTESIAN_POINT('',(-2.124230348361,18.82875409433));
#4468 = CARTESIAN_POINT('',(-2.304239684056,19.084316254878));
#4469 = CARTESIAN_POINT('',(-2.491944938664,19.334316181756));
#4470 = CARTESIAN_POINT('',(-2.687138664073,19.57847758002));
#4471 = CARTESIAN_POINT('',(-2.889600810628,19.816533616227));
#4472 = CARTESIAN_POINT('',(-3.30859664364,20.279920220653));
#4473 = CARTESIAN_POINT('',(-3.525131290742,20.505251851292));
#4474 = CARTESIAN_POINT('',(-3.748469945242,20.723964503526));
#4475 = CARTESIAN_POINT('',(-3.978369205496,20.935812458866));
#4476 = CARTESIAN_POINT('',(-4.214574991415,21.140561587165));
#4477 = CARTESIAN_POINT('',(-4.456822544464,21.337989346621));
#4478 = CARTESIAN_POINT('',(-5.594161262899,22.208809279526));
#4479 = CARTESIAN_POINT('',(-6.557959049926,22.793135825454));
#4480 = CARTESIAN_POINT('',(-7.583079444647,23.270608353943));
#4481 = CARTESIAN_POINT('',(-8.655248220725,23.633934648065));
#4482 = CARTESIAN_POINT('',(-9.75945398798,23.878027791554));
#4483 = CARTESIAN_POINT('',(-10.87992998813,24.));
#4484 = CARTESIAN_POINT('',(-12.,24.));
#4485 = ( GEOMETRIC_REPRESENTATION_CONTEXT(2) 
PARAMETRIC_REPRESENTATION_CONTEXT() REPRESENTATION_CONTEXT('2D SPACE',''
  ) );
#4486 = ORIENTED_EDGE('',*,*,#4487,.T.);
#4487 = EDGE_CURVE('',#3856,#4488,#4490,.T.);
#4488 = VERTEX_POINT('',#4489);
#4489 = CARTESIAN_POINT('',(12.,-14.,-47.));
#4490 = SEAM_CURVE('',#4491,(#4495,#4502),.PCURVE_S1.);
#4491 = LINE('',#4492,#4493);
#4492 = CARTESIAN_POINT('',(12.,1.,-47.));
#4493 = VECTOR('',#4494,1.);
#4494 = DIRECTION('',(0.,-1.,2.22044604925E-16));
#4495 = PCURVE('',#718,#4496);
#4496 = DEFINITIONAL_REPRESENTATION('',(#4497),#4501);
#4497 = LINE('',#4498,#4499);
#4498 = CARTESIAN_POINT('',(6.28318530718,0.));
#4499 = VECTOR('',#4500,1.);
#4500 = DIRECTION('',(0.,-1.));
#4501 = ( GEOMETRIC_REPRESENTATION_CONTEXT(2) 
PARAMETRIC_REPRESENTATION_CONTEXT() REPRESENTATION_CONTEXT('2D SPACE',''
  ) );
#4502 = PCURVE('',#718,#4503);
#4503 = DEFINITIONAL_REPRESENTATION('',(#4504),#4508);
#4504 = LINE('',#4505,#4506);
#4505 = CARTESIAN_POINT('',(0.,0.));
#4506 = VECTOR('',#4507,1.);
#4507 = DIRECTION('',(0.,-1.));
#4508 = ( GEOMETRIC_REPRESENTATION_CONTEXT(2) 
PARAMETRIC_REPRESENTATION_CONTEXT() REPRESENTATION_CONTEXT('2D SPACE',''
  ) );
#4509 = ORIENTED_EDGE('',*,*,#4510,.F.);
#4510 = EDGE_CURVE('',#4488,#4488,#4511,.T.);
#4511 = SURFACE_CURVE('',#4512,(#4719,#4929),.PCURVE_S1.);
#4512 = B_SPLINE_CURVE_WITH_KNOTS('',7,(#4513,#4514,#4515,#4516,#4517,
    #4518,#4519,#4520,#4521,#4522,#4523,#4524,#4525,#4526,#4527,#4528,
    #4529,#4530,#4531,#4532,#4533,#4534,#4535,#4536,#4537,#4538,#4539,
    #4540,#4541,#4542,#4543,#4544,#4545,#4546,#4547,#4548,#4549,#4550,
    #4551,#4552,#4553,#4554,#4555,#4556,#4557,#4558,#4559,#4560,#4561,
    #4562,#4563,#4564,#4565,#4566,#4567,#4568,#4569,#4570,#4571,#4572,
    #4573,#4574,#4575,#4576,#4577,#4578,#4579,#4580,#4581,#4582,#4583,
    #4584,#4585,#4586,#4587,#4588,#4589,#4590,#4591,#4592,#4593,#4594,
    #4595,#4596,#4597,#4598,#4599,#4600,#4601,#4602,#4603,#4604,#4605,
    #4606,#4607,#4608,#4609,#4610,#4611,#4612,#4613,#4614,#4615,#4616,
    #4617,#4618,#4619,#4620,#4621,#4622,#4623,#4624,#4625,#4626,#4627,
    #4628,#4629,#4630,#4631,#4632,#4633,#4634,#4635,#4636,#4637,#4638,
    #4639,#4640,#4641,#4642,#4643,#4644,#4645,#4646,#4647,#4648,#4649,
    #4650,#4651,#4652,#4653,#4654,#4655,#4656,#4657,#4658,#4659,#4660,
    #4661,#4662,#4663,#4664,#4665,#4666,#4667,#4668,#4669,#4670,#4671,
    #4672,#4673,#4674,#4675,#4676,#4677,#4678,#4679,#4680,#4681,#4682,
    #4683,#4684,#4685,#4686,#4687,#4688,#4689,#4690,#4691,#4692,#4693,
    #4694,#4695,#4696,#4697,#4698,#4699,#4700,#4701,#4702,#4703,#4704,
    #4705,#4706,#4707,#4708,#4709,#4710,#4711,#4712,#4713,#4714,#4715,
    #4716,#4717,#4718),.UNSPECIFIED.,.T.,.F.,(8,6,6,6,6,6,6,6,6,6,6,6,6,
    6,6,6,6,6,6,6,6,6,6,6,6,6,6,6,6,6,6,6,6,6,8),(0.,2.100026928079E-02,
    5.000062512473E-02,7.800097149344E-02,0.103001286786,0.128001602078,
    0.152001906279,0.175002199092,0.204002554936,0.232002901305,
    0.260003247674,0.289003603517,0.318003959361,0.347004315205,
    0.367004572406,0.393004898451,0.418005213743,0.445005550163,
    0.460005744828,0.481006014109,0.523006426899,0.566006836224,
    0.591007151516,0.622007524674,0.651007880518,0.680008236361,
    0.706008562407,0.734008908776,0.760009234821,0.789009590665,
    0.809009847865,0.838010203709,0.867010559553,0.896010915397,1.),
  .UNSPECIFIED.);
#4513 = CARTESIAN_POINT('',(12.,-14.,-47.));
#4514 = CARTESIAN_POINT('',(12.,-14.,-47.22619462371));
#4515 = CARTESIAN_POINT('',(11.995025716698,-14.,-47.45238939));
#4516 = CARTESIAN_POINT('',(11.985077157092,-14.,-47.67845278326));
#4517 = CARTESIAN_POINT('',(11.970158650386,-14.,-47.90425357347));
#4518 = CARTESIAN_POINT('',(11.950278847993,-14.,-48.12966081619));
#4519 = CARTESIAN_POINT('',(11.925450723534,-14.,-48.3545438525));
#4520 = CARTESIAN_POINT('',(11.854595625522,-14.,-48.88842095907));
#4521 = CARTESIAN_POINT('',(11.804095922436,-14.,-49.19682228389));
#4522 = CARTESIAN_POINT('',(11.744238156538,-14.,-49.50363236635));
#4523 = CARTESIAN_POINT('',(11.675083388549,-14.,-49.80851077509));
#4524 = CARTESIAN_POINT('',(11.596708046941,-14.,-50.11112056453));
#4525 = CARTESIAN_POINT('',(11.509203927944,-14.,-50.41112827497));
#4526 = CARTESIAN_POINT('',(11.319480927367,-14.,-50.99503563047));
#4527 = CARTESIAN_POINT('',(11.217873108946,-14.,-51.27913520682));
#4528 = CARTESIAN_POINT('',(11.107951251744,-14.,-51.56020575705));
#4529 = CARTESIAN_POINT('',(10.989824468735,-14.,-51.83795573607));
#4530 = CARTESIAN_POINT('',(10.8636144744,-14.,-52.11209895818));
#4531 = CARTESIAN_POINT('',(10.72945558473,-14.,-52.38235459711));
#4532 = CARTESIAN_POINT('',(10.460743912063,-14.,-52.88602991196));
#4533 = CARTESIAN_POINT('',(10.327773035853,-14.,-53.12029460542));
#4534 = CARTESIAN_POINT('',(10.188686633014,-14.,-53.35104534978));
#4535 = CARTESIAN_POINT('',(10.043596580276,-14.,-53.57809091404));
#4536 = CARTESIAN_POINT('',(9.892622086667,-14.,-53.80124475281));
#4537 = CARTESIAN_POINT('',(9.735889693519,-14.,-54.02032500628));
#4538 = CARTESIAN_POINT('',(9.411176855408,-14.,-54.44998399424));
#4539 = CARTESIAN_POINT('',(9.243195999336,-14.,-54.6605632727));
#4540 = CARTESIAN_POINT('',(9.069724611666,-14.,-54.86671518547));
#4541 = CARTESIAN_POINT('',(8.890903106855,-14.,-55.06826835729));
#4542 = CARTESIAN_POINT('',(8.706878408401,-14.,-55.26505718786));
#4543 = CARTESIAN_POINT('',(8.517803948841,-14.,-55.45692185179));
#4544 = CARTESIAN_POINT('',(8.137633950028,-14.,-55.823023299));
#4545 = CARTESIAN_POINT('',(7.946921346815,-14.,-55.99765862602));
#4546 = CARTESIAN_POINT('',(7.751843359678,-14.,-56.16747803811));
#4547 = CARTESIAN_POINT('',(7.552546198979,-14.,-56.33235098807));
#4548 = CARTESIAN_POINT('',(7.349180785875,-14.,-56.49215262305));
#4549 = CARTESIAN_POINT('',(7.141902752321,-14.,-56.64676378459));
#4550 = CARTESIAN_POINT('',(6.72863504814,-14.,-56.93915710628));
#4551 = CARTESIAN_POINT('',(6.522951161624,-14.,-57.07737233092));
#4552 = CARTESIAN_POINT('',(6.313961891577,-14.,-57.21061685976));
#4553 = CARTESIAN_POINT('',(6.101811571476,-14.,-57.33879620513));
#4554 = CARTESIAN_POINT('',(5.886647758214,-14.,-57.46182121447));
#4555 = CARTESIAN_POINT('',(5.668621232104,-14.,-57.57960807031));
#4556 = CARTESIAN_POINT('',(5.169567784972,-14.,-57.83388850228));
#4557 = CARTESIAN_POINT('',(4.886942327331,-14.,-57.96724684606));
#4558 = CARTESIAN_POINT('',(4.600318771181,-14.,-58.09199585768));
#4559 = CARTESIAN_POINT('',(4.310012110712,-14.,-58.20799270649));
#4560 = CARTESIAN_POINT('',(4.01634318707,-14.,-58.31510919508));
#4561 = CARTESIAN_POINT('',(3.719638688359,-14.,-58.41323175929));
#4562 = CARTESIAN_POINT('',(3.13114797995,-14.,-58.58822119574));
#4563 = CARTESIAN_POINT('',(2.839543757471,-14.,-58.66570471322));
#4564 = CARTESIAN_POINT('',(2.545717740698,-14.,-58.73462307628));
#4565 = CARTESIAN_POINT('',(2.249971922926,-14.,-58.79490075854));
#4566 = CARTESIAN_POINT('',(1.952611032243,-14.,-58.84647565157));
#4567 = CARTESIAN_POINT('',(1.653942531534,-14.,-58.88929906496));
#4568 = CARTESIAN_POINT('',(1.054610705431,-14.,-58.95737238751));
#4569 = CARTESIAN_POINT('',(0.75394618593,-14.,-58.98262243231));
#4570 = CARTESIAN_POINT('',(0.452593266536,-14.,-58.99905066632));
#4571 = CARTESIAN_POINT('',(0.150862497935,-14.,-59.00663558473));
#4572 = CARTESIAN_POINT('',(-0.150935225061,-14.,-59.00536937226));
#4573 = CARTESIAN_POINT('',(-0.452488663512,-14.,-58.99525790315));
#4574 = CARTESIAN_POINT('',(-1.065233687312,-14.,-58.95670725386));
#4575 = CARTESIAN_POINT('',(-1.376386216724,-14.,-58.92762632192));
#4576 = CARTESIAN_POINT('',(-1.686597570922,-14.,-58.88909977824));
#4577 = CARTESIAN_POINT('',(-1.995523914448,-14.,-58.84116502757));
#4578 = CARTESIAN_POINT('',(-2.302823828054,-14.,-58.78387504643));
#4579 = CARTESIAN_POINT('',(-2.608158308698,-14.,-58.71729838316));
#4580 = CARTESIAN_POINT('',(-3.21422323039,-14.,-58.5657399326));
#4581 = CARTESIAN_POINT('',(-3.514955060982,-14.,-58.48075779782));
#4582 = CARTESIAN_POINT('',(-3.813049698036,-14.,-58.38665696785));
#4583 = CARTESIAN_POINT('',(-4.108175776174,-14.,-58.28353653317));
#4584 = CARTESIAN_POINT('',(-4.400007127925,-14.,-58.17151046042));
#4585 = CARTESIAN_POINT('',(-4.688222783725,-14.,-58.05070759243));
#4586 = CARTESIAN_POINT('',(-5.256791160111,-14.,-57.791835704));
#4587 = CARTESIAN_POINT('',(-5.53714518427,-14.,-57.65376609004));
#4588 = CARTESIAN_POINT('',(-5.813253312963,-14.,-57.50720661368));
#4589 = CARTESIAN_POINT('',(-6.084807622264,-14.,-57.3523147703));
#4590 = CARTESIAN_POINT('',(-6.351507995752,-14.,-57.18926174327));
#4591 = CARTESIAN_POINT('',(-6.613062124512,-14.,-57.018232404));
#4592 = CARTESIAN_POINT('',(-7.045822426867,-14.,-56.71611000327));
#4593 = CARTESIAN_POINT('',(-7.219876726814,-14.,-56.58909515343));
#4594 = CARTESIAN_POINT('',(-7.391255273045,-14.,-56.45844578821));
#4595 = CARTESIAN_POINT('',(-7.559867150952,-14.,-56.32422972153));
#4596 = CARTESIAN_POINT('',(-7.725623665244,-14.,-56.18651755536));
#4597 = CARTESIAN_POINT('',(-7.888438339956,-14.,-56.04538267976));
#4598 = CARTESIAN_POINT('',(-8.255952004039,-14.,-55.71307550395));
#4599 = CARTESIAN_POINT('',(-8.458563430497,-14.,-55.51959368766));
#4600 = CARTESIAN_POINT('',(-8.655875892642,-14.,-55.32062341158));
#4601 = CARTESIAN_POINT('',(-8.847711506222,-14.,-55.11633923199));
#4602 = CARTESIAN_POINT('',(-9.033899807911,-14.,-54.90692267391));
#4603 = CARTESIAN_POINT('',(-9.214277755304,-14.,-54.69256223106));
#4604 = CARTESIAN_POINT('',(-9.556393557764,-14.,-54.26277174964));
#4605 = CARTESIAN_POINT('',(-9.718581960823,-14.,-54.04769938406));
#4606 = CARTESIAN_POINT('',(-9.875116652336,-14.,-53.8284100231));
#4607 = CARTESIAN_POINT('',(-10.02586656078,-14.,-53.60508228913));
#4608 = CARTESIAN_POINT('',(-10.17070782687,-14.,-53.37789967291));
#4609 = CARTESIAN_POINT('',(-10.30952380356,-14.,-53.14705053355));
#4610 = CARTESIAN_POINT('',(-10.58550078696,-14.,-52.65965990719));
#4611 = CARTESIAN_POINT('',(-10.72164141555,-14.,-52.40253968024));
#4612 = CARTESIAN_POINT('',(-10.85048907371,-14.,-52.14161096454));
#4613 = CARTESIAN_POINT('',(-10.97191665299,-14.,-51.87712224669));
#4614 = CARTESIAN_POINT('',(-11.08580780457,-14.,-51.60932695308));
#4615 = CARTESIAN_POINT('',(-11.19205693924,-14.,-51.33848344985));
#4616 = CARTESIAN_POINT('',(-11.34529830478,-14.,-50.91283918262));
#4617 = CARTESIAN_POINT('',(-11.39763953108,-14.,-50.75996361486));
#4618 = CARTESIAN_POINT('',(-11.447576687,-14.,-50.60627339335));
#4619 = CARTESIAN_POINT('',(-11.49509463073,-14.,-50.45181390328));
#4620 = CARTESIAN_POINT('',(-11.54017929799,-14.,-50.29663086134));
#4621 = CARTESIAN_POINT('',(-11.582817702,-14.,-50.14077031568));
#4622 = CARTESIAN_POINT('',(-11.67925024899,-14.,-49.7651903423));
#4623 = CARTESIAN_POINT('',(-11.73068459285,-14.,-49.54486484659));
#4624 = CARTESIAN_POINT('',(-11.7772682653,-14.,-49.32342954437));
#4625 = CARTESIAN_POINT('',(-11.81897282395,-14.,-49.10101261945));
#4626 = CARTESIAN_POINT('',(-11.85577408387,-14.,-48.87774305395));
#4627 = CARTESIAN_POINT('',(-11.88765211752,-14.,-48.65375062827));
#4628 = CARTESIAN_POINT('',(-11.96846936812,-14.,-47.97999785191));
#4629 = CARTESIAN_POINT('',(-12.00259233375,-14.,-47.52845576692));
#4630 = CARTESIAN_POINT('',(-12.01683459609,-14.,-47.07558983569));
#4631 = CARTESIAN_POINT('',(-12.01113997116,-14.,-46.62244983606));
#4632 = CARTESIAN_POINT('',(-11.98552164261,-14.,-46.17008483416));
#4633 = CARTESIAN_POINT('',(-11.94006215768,-14.,-45.71954286438));
#4634 = CARTESIAN_POINT('',(-11.80821354905,-14.,-44.81353963284));
#4635 = CARTESIAN_POINT('',(-11.72087430892,-14.,-44.35820733734));
#4636 = CARTESIAN_POINT('',(-11.61305967524,-14.,-43.90699719705));
#4637 = CARTESIAN_POINT('',(-11.48500703719,-14.,-43.46101219056));
#4638 = CARTESIAN_POINT('',(-11.33702709746,-14.,-43.02133444111));
#4639 = CARTESIAN_POINT('',(-11.16950376893,-14.,-42.5890248569));
#4640 = CARTESIAN_POINT('',(-10.87439972577,-14.,-41.91866730842));
#4641 = CARTESIAN_POINT('',(-10.75945304408,-14.,-41.67505191299));
#4642 = CARTESIAN_POINT('',(-10.63814351604,-14.,-41.43447982009));
#4643 = CARTESIAN_POINT('',(-10.51056829567,-14.,-41.19715014473));
#4644 = CARTESIAN_POINT('',(-10.37683220147,-14.,-40.96325788196));
#4645 = CARTESIAN_POINT('',(-10.23704771634,-14.,-40.73299390684));
#4646 = CARTESIAN_POINT('',(-9.910651307687,-14.,-40.22574845961));
#4647 = CARTESIAN_POINT('',(-9.720851522298,-14.,-39.95081668165));
#4648 = CARTESIAN_POINT('',(-9.522165127997,-14.,-39.68210616233));
#4649 = CARTESIAN_POINT('',(-9.31483776152,-14.,-39.41996065836));
#4650 = CARTESIAN_POINT('',(-9.099131199754,-14.,-39.16471116142));
#4651 = CARTESIAN_POINT('',(-8.875323359737,-14.,-38.91667589818));
#4652 = CARTESIAN_POINT('',(-8.427036094229,-14.,-38.45116184327));
#4653 = CARTESIAN_POINT('',(-8.203530456342,-14.,-38.23274291782));
#4654 = CARTESIAN_POINT('',(-7.97343207556,-14.,-38.02115342375));
#4655 = CARTESIAN_POINT('',(-7.736991951626,-14.,-37.81663131286));
#4656 = CARTESIAN_POINT('',(-7.494471393463,-14.,-37.61940261893));
#4657 = CARTESIAN_POINT('',(-7.24614201917,-14.,-37.42968145768));
#4658 = CARTESIAN_POINT('',(-6.738429492878,-14.,-37.06565859592));
#4659 = CARTESIAN_POINT('',(-6.479045176832,-14.,-36.89135606079));
#4660 = CARTESIAN_POINT('',(-6.214414791725,-14.,-36.72496454021));
#4661 = CARTESIAN_POINT('',(-5.944828300292,-14.,-36.56667256416));
#4662 = CARTESIAN_POINT('',(-5.670583644161,-14.,-36.41665507376));
#4663 = CARTESIAN_POINT('',(-5.391986743853,-14.,-36.27507342135));
#4664 = CARTESIAN_POINT('',(-4.855954314164,-14.,-36.02283570636));
#4665 = CARTESIAN_POINT('',(-4.599310193917,-14.,-35.91049515754));
#4666 = CARTESIAN_POINT('',(-4.339645217249,-14.,-35.80516008088));
#4667 = CARTESIAN_POINT('',(-4.077189031813,-14.,-35.70692729922));
#4668 = CARTESIAN_POINT('',(-3.812174853716,-14.,-35.61588410128));
#4669 = CARTESIAN_POINT('',(-3.544839467513,-14.,-35.53210824169));
#4670 = CARTESIAN_POINT('',(-2.985282707946,-14.,-35.37334763109));
#4671 = CARTESIAN_POINT('',(-2.692727848339,-14.,-35.29953454167));
#4672 = CARTESIAN_POINT('',(-2.398058999935,-14.,-35.23431384956));
#4673 = CARTESIAN_POINT('',(-2.10157908125,-14.,-35.17775728031));
#4674 = CARTESIAN_POINT('',(-1.80359357677,-14.,-35.12992310823));
#4675 = CARTESIAN_POINT('',(-1.50441053695,-14.,-35.09085615629));
#4676 = CARTESIAN_POINT('',(-0.925704140623,-14.,-35.03248145709));
#4677 = CARTESIAN_POINT('',(-0.646302033848,-14.,-35.01196156196));
#4678 = CARTESIAN_POINT('',(-0.366382846111,-14.,-34.99905316084));
#4679 = CARTESIAN_POINT('',(-8.619535750818E-02,-14.,-34.99377112551));
#4680 = CARTESIAN_POINT('',(0.194011459984,-14.,-34.99612014954));
#4681 = CARTESIAN_POINT('',(0.473988442514,-14.,-35.00609474828));
#4682 = CARTESIAN_POINT('',(1.065233687312,-14.,-35.04329274613));
#4683 = CARTESIAN_POINT('',(1.376386216724,-14.,-35.07237367807));
#4684 = CARTESIAN_POINT('',(1.686597570921,-14.,-35.11090022175));
#4685 = CARTESIAN_POINT('',(1.995523914448,-14.,-35.15883497242));
#4686 = CARTESIAN_POINT('',(2.302823828054,-14.,-35.21612495356));
#4687 = CARTESIAN_POINT('',(2.608158308697,-14.,-35.28270161683));
#4688 = CARTESIAN_POINT('',(3.120178796778,-14.,-35.4107424076));
#4689 = CARTESIAN_POINT('',(3.328072368035,-14.,-35.46738103789));
#4690 = CARTESIAN_POINT('',(3.534761289606,-14.,-35.52836917149));
#4691 = CARTESIAN_POINT('',(3.740136447656,-14.,-35.59367585096));
#4692 = CARTESIAN_POINT('',(3.944089808226,-14.,-35.66326672287));
#4693 = CARTESIAN_POINT('',(4.146514417229,-14.,-35.73710403783));
#4694 = CARTESIAN_POINT('',(4.638449704493,-14.,-35.92830837215));
#4695 = CARTESIAN_POINT('',(4.92615908903,-14.,-36.05031209017));
#4696 = CARTESIAN_POINT('',(5.210109199533,-14.,-36.18103207175));
#4697 = CARTESIAN_POINT('',(5.48998370287,-14.,-36.3203284767));
#4698 = CARTESIAN_POINT('',(5.765473287305,-14.,-36.46804735737));
#4699 = CARTESIAN_POINT('',(6.036275662505,-14.,-36.62402065877));
#4700 = CARTESIAN_POINT('',(6.567915456564,-14.,-36.95211177815));
#4701 = CARTESIAN_POINT('',(6.82875409433,-14.,-37.12423034836));
#4702 = CARTESIAN_POINT('',(7.084316254878,-14.,-37.30423968405));
#4703 = CARTESIAN_POINT('',(7.334316181756,-14.,-37.49194493866));
#4704 = CARTESIAN_POINT('',(7.57847758002,-14.,-37.68713866407));
#4705 = CARTESIAN_POINT('',(7.816533616227,-14.,-37.88960081062));
#4706 = CARTESIAN_POINT('',(8.279920220653,-14.,-38.30859664364));
#4707 = CARTESIAN_POINT('',(8.505251851292,-14.,-38.52513129074));
#4708 = CARTESIAN_POINT('',(8.723964503526,-14.,-38.74846994524));
#4709 = CARTESIAN_POINT('',(8.935812458866,-14.,-38.97836920549));
#4710 = CARTESIAN_POINT('',(9.140561587165,-14.,-39.21457499141));
#4711 = CARTESIAN_POINT('',(9.337989346621,-14.,-39.45682254446));
#4712 = CARTESIAN_POINT('',(10.208809279526,-14.,-40.59416126289));
#4713 = CARTESIAN_POINT('',(10.793135825454,-14.,-41.55795904992));
#4714 = CARTESIAN_POINT('',(11.270608353943,-14.,-42.58307944464));
#4715 = CARTESIAN_POINT('',(11.633934648065,-14.,-43.65524822072));
#4716 = CARTESIAN_POINT('',(11.878027791554,-14.,-44.75945398798));
#4717 = CARTESIAN_POINT('',(12.,-14.,-45.87992998813));
#4718 = CARTESIAN_POINT('',(12.,-14.,-47.));
#4719 = PCURVE('',#718,#4720);
#4720 = DEFINITIONAL_REPRESENTATION('',(#4721),#4928);
#4721 = B_SPLINE_CURVE_WITH_KNOTS('',7,(#4722,#4723,#4724,#4725,#4726,
    #4727,#4728,#4729,#4730,#4731,#4732,#4733,#4734,#4735,#4736,#4737,
    #4738,#4739,#4740,#4741,#4742,#4743,#4744,#4745,#4746,#4747,#4748,
    #4749,#4750,#4751,#4752,#4753,#4754,#4755,#4756,#4757,#4758,#4759,
    #4760,#4761,#4762,#4763,#4764,#4765,#4766,#4767,#4768,#4769,#4770,
    #4771,#4772,#4773,#4774,#4775,#4776,#4777,#4778,#4779,#4780,#4781,
    #4782,#4783,#4784,#4785,#4786,#4787,#4788,#4789,#4790,#4791,#4792,
    #4793,#4794,#4795,#4796,#4797,#4798,#4799,#4800,#4801,#4802,#4803,
    #4804,#4805,#4806,#4807,#4808,#4809,#4810,#4811,#4812,#4813,#4814,
    #4815,#4816,#4817,#4818,#4819,#4820,#4821,#4822,#4823,#4824,#4825,
    #4826,#4827,#4828,#4829,#4830,#4831,#4832,#4833,#4834,#4835,#4836,
    #4837,#4838,#4839,#4840,#4841,#4842,#4843,#4844,#4845,#4846,#4847,
    #4848,#4849,#4850,#4851,#4852,#4853,#4854,#4855,#4856,#4857,#4858,
    #4859,#4860,#4861,#4862,#4863,#4864,#4865,#4866,#4867,#4868,#4869,
    #4870,#4871,#4872,#4873,#4874,#4875,#4876,#4877,#4878,#4879,#4880,
    #4881,#4882,#4883,#4884,#4885,#4886,#4887,#4888,#4889,#4890,#4891,
    #4892,#4893,#4894,#4895,#4896,#4897,#4898,#4899,#4900,#4901,#4902,
    #4903,#4904,#4905,#4906,#4907,#4908,#4909,#4910,#4911,#4912,#4913,
    #4914,#4915,#4916,#4917,#4918,#4919,#4920,#4921,#4922,#4923,#4924,
    #4925,#4926,#4927),.UNSPECIFIED.,.F.,.F.,(8,6,6,6,6,6,6,6,6,6,6,6,6,
    6,6,6,6,6,6,6,6,6,6,6,6,6,6,6,6,6,6,6,6,6,8),(0.,2.100026928079E-02,
    5.000062512473E-02,7.800097149344E-02,0.103001286786,0.128001602078,
    0.152001906279,0.175002199092,0.204002554936,0.232002901305,
    0.260003247674,0.289003603517,0.318003959361,0.347004315205,
    0.367004572406,0.393004898451,0.418005213743,0.445005550163,
    0.460005744828,0.481006014109,0.523006426899,0.566006836224,
    0.591007151516,0.622007524674,0.651007880518,0.680008236361,
    0.706008562407,0.734008908776,0.760009234821,0.789009590665,
    0.809009847865,0.838010203709,0.867010559553,0.896010915397,1.),
  .UNSPECIFIED.);
#4722 = CARTESIAN_POINT('',(6.28318530718,-15.));
#4723 = CARTESIAN_POINT('',(6.264335755203,-15.));
#4724 = CARTESIAN_POINT('',(6.245486199282,-15.));
#4725 = CARTESIAN_POINT('',(6.226636640993,-15.));
#4726 = CARTESIAN_POINT('',(6.207787081915,-15.));
#4727 = CARTESIAN_POINT('',(6.188937523627,-15.));
#4728 = CARTESIAN_POINT('',(6.170087967705,-15.));
#4729 = CARTESIAN_POINT('',(6.125208096426,-15.));
#4730 = CARTESIAN_POINT('',(6.099177757297,-15.));
#4731 = CARTESIAN_POINT('',(6.07314740627,-15.));
#4732 = CARTESIAN_POINT('',(6.047117051279,-15.));
#4733 = CARTESIAN_POINT('',(6.021086700253,-15.));
#4734 = CARTESIAN_POINT('',(5.995056361123,-15.));
#4735 = CARTESIAN_POINT('',(5.943893317226,-15.));
#4736 = CARTESIAN_POINT('',(5.918760575998,-15.));
#4737 = CARTESIAN_POINT('',(5.893627824788,-15.));
#4738 = CARTESIAN_POINT('',(5.868495070252,-15.));
#4739 = CARTESIAN_POINT('',(5.843362319042,-15.));
#4740 = CARTESIAN_POINT('',(5.818229577814,-15.));
#4741 = CARTESIAN_POINT('',(5.77065691513,-15.));
#4742 = CARTESIAN_POINT('',(5.748216967604,-15.));
#4743 = CARTESIAN_POINT('',(5.725777014417,-15.));
#4744 = CARTESIAN_POINT('',(5.703337059343,-15.));
#4745 = CARTESIAN_POINT('',(5.680897106155,-15.));
#4746 = CARTESIAN_POINT('',(5.65845715863,-15.));
#4747 = CARTESIAN_POINT('',(5.61357728245,-15.));
#4748 = CARTESIAN_POINT('',(5.591137334925,-15.));
#4749 = CARTESIAN_POINT('',(5.568697381738,-15.));
#4750 = CARTESIAN_POINT('',(5.546257426663,-15.));
#4751 = CARTESIAN_POINT('',(5.523817473476,-15.));
#4752 = CARTESIAN_POINT('',(5.50137752595,-15.));
#4753 = CARTESIAN_POINT('',(5.457395245929,-15.));
#4754 = CARTESIAN_POINT('',(5.435852896305,-15.));
#4755 = CARTESIAN_POINT('',(5.414310542064,-15.));
#4756 = CARTESIAN_POINT('',(5.392768186285,-15.));
#4757 = CARTESIAN_POINT('',(5.371225832044,-15.));
#4758 = CARTESIAN_POINT('',(5.34968348242,-15.));
#4759 = CARTESIAN_POINT('',(5.307496394983,-15.));
#4760 = CARTESIAN_POINT('',(5.286851643259,-15.));
#4761 = CARTESIAN_POINT('',(5.266206887805,-15.));
#4762 = CARTESIAN_POINT('',(5.245562131107,-15.));
#4763 = CARTESIAN_POINT('',(5.224917375652,-15.));
#4764 = CARTESIAN_POINT('',(5.204272623929,-15.));
#4765 = CARTESIAN_POINT('',(5.157597559121,-15.));
#4766 = CARTESIAN_POINT('',(5.131567219991,-15.));
#4767 = CARTESIAN_POINT('',(5.105536868965,-15.));
#4768 = CARTESIAN_POINT('',(5.079506513973,-15.));
#4769 = CARTESIAN_POINT('',(5.053476162947,-15.));
#4770 = CARTESIAN_POINT('',(5.027445823818,-15.));
#4771 = CARTESIAN_POINT('',(4.976282779921,-15.));
#4772 = CARTESIAN_POINT('',(4.951150038692,-15.));
#4773 = CARTESIAN_POINT('',(4.926017287483,-15.));
#4774 = CARTESIAN_POINT('',(4.900884532946,-15.));
#4775 = CARTESIAN_POINT('',(4.875751781737,-15.));
#4776 = CARTESIAN_POINT('',(4.850619040508,-15.));
#4777 = CARTESIAN_POINT('',(4.80035359132,-15.));
#4778 = CARTESIAN_POINT('',(4.775220850091,-15.));
#4779 = CARTESIAN_POINT('',(4.750088098882,-15.));
#4780 = CARTESIAN_POINT('',(4.724955344345,-15.));
#4781 = CARTESIAN_POINT('',(4.699822593136,-15.));
#4782 = CARTESIAN_POINT('',(4.674689851907,-15.));
#4783 = CARTESIAN_POINT('',(4.62352680801,-15.));
#4784 = CARTESIAN_POINT('',(4.597496468881,-15.));
#4785 = CARTESIAN_POINT('',(4.571466117855,-15.));
#4786 = CARTESIAN_POINT('',(4.545435762863,-15.));
#4787 = CARTESIAN_POINT('',(4.519405411837,-15.));
#4788 = CARTESIAN_POINT('',(4.493375072707,-15.));
#4789 = CARTESIAN_POINT('',(4.441314434102,-15.));
#4790 = CARTESIAN_POINT('',(4.415284094973,-15.));
#4791 = CARTESIAN_POINT('',(4.389253743946,-15.));
#4792 = CARTESIAN_POINT('',(4.363223388955,-15.));
#4793 = CARTESIAN_POINT('',(4.337193037929,-15.));
#4794 = CARTESIAN_POINT('',(4.311162698799,-15.));
#4795 = CARTESIAN_POINT('',(4.259102060194,-15.));
#4796 = CARTESIAN_POINT('',(4.233071721064,-15.));
#4797 = CARTESIAN_POINT('',(4.207041370038,-15.));
#4798 = CARTESIAN_POINT('',(4.181011015047,-15.));
#4799 = CARTESIAN_POINT('',(4.154980664021,-15.));
#4800 = CARTESIAN_POINT('',(4.128950324891,-15.));
#4801 = CARTESIAN_POINT('',(4.084968050659,-15.));
#4802 = CARTESIAN_POINT('',(4.067016092638,-15.));
#4803 = CARTESIAN_POINT('',(4.049064132763,-15.));
#4804 = CARTESIAN_POINT('',(4.03111217227,-15.));
#4805 = CARTESIAN_POINT('',(4.013160212395,-15.));
#4806 = CARTESIAN_POINT('',(3.995208254374,-15.));
#4807 = CARTESIAN_POINT('',(3.9539187655,-15.));
#4808 = CARTESIAN_POINT('',(3.930581220073,-15.));
#4809 = CARTESIAN_POINT('',(3.907243667757,-15.));
#4810 = CARTESIAN_POINT('',(3.883906113146,-15.));
#4811 = CARTESIAN_POINT('',(3.86056856083,-15.));
#4812 = CARTESIAN_POINT('',(3.837231015403,-15.));
#4813 = CARTESIAN_POINT('',(3.791453543368,-15.));
#4814 = CARTESIAN_POINT('',(3.769013595843,-15.));
#4815 = CARTESIAN_POINT('',(3.746573642656,-15.));
#4816 = CARTESIAN_POINT('',(3.724133687581,-15.));
#4817 = CARTESIAN_POINT('',(3.701693734394,-15.));
#4818 = CARTESIAN_POINT('',(3.679253786868,-15.));
#4819 = CARTESIAN_POINT('',(3.632578719318,-15.));
#4820 = CARTESIAN_POINT('',(3.608343575991,-15.));
#4821 = CARTESIAN_POINT('',(3.584108424342,-15.));
#4822 = CARTESIAN_POINT('',(3.559873269921,-15.));
#4823 = CARTESIAN_POINT('',(3.535638118273,-15.));
#4824 = CARTESIAN_POINT('',(3.511402974945,-15.));
#4825 = CARTESIAN_POINT('',(3.473703877703,-15.));
#4826 = CARTESIAN_POINT('',(3.460239909188,-15.));
#4827 = CARTESIAN_POINT('',(3.446775940232,-15.));
#4828 = CARTESIAN_POINT('',(3.43331197113,-15.));
#4829 = CARTESIAN_POINT('',(3.419848002174,-15.));
#4830 = CARTESIAN_POINT('',(3.406384033659,-15.));
#4831 = CARTESIAN_POINT('',(3.374070513901,-15.));
#4832 = CARTESIAN_POINT('',(3.355220957979,-15.));
#4833 = CARTESIAN_POINT('',(3.336371399691,-15.));
#4834 = CARTESIAN_POINT('',(3.317521840613,-15.));
#4835 = CARTESIAN_POINT('',(3.298672282324,-15.));
#4836 = CARTESIAN_POINT('',(3.279822726403,-15.));
#4837 = CARTESIAN_POINT('',(3.223274183364,-15.));
#4838 = CARTESIAN_POINT('',(3.185574829277,-15.));
#4839 = CARTESIAN_POINT('',(3.147875741863,-15.));
#4840 = CARTESIAN_POINT('',(3.110176824088,-15.));
#4841 = CARTESIAN_POINT('',(3.072477736674,-15.));
#4842 = CARTESIAN_POINT('',(3.034778382587,-15.));
#4843 = CARTESIAN_POINT('',(2.958482817369,-15.));
#4844 = CARTESIAN_POINT('',(2.919885835644,-15.));
#4845 = CARTESIAN_POINT('',(2.881289153339,-15.));
#4846 = CARTESIAN_POINT('',(2.842692661501,-15.));
#4847 = CARTESIAN_POINT('',(2.804095979197,-15.));
#4848 = CARTESIAN_POINT('',(2.765498997471,-15.));
#4849 = CARTESIAN_POINT('',(2.704462485226,-15.));
#4850 = CARTESIAN_POINT('',(2.682022537701,-15.));
#4851 = CARTESIAN_POINT('',(2.659582584514,-15.));
#4852 = CARTESIAN_POINT('',(2.637142629439,-15.));
#4853 = CARTESIAN_POINT('',(2.614702676252,-15.));
#4854 = CARTESIAN_POINT('',(2.592262728726,-15.));
#4855 = CARTESIAN_POINT('',(2.541997283386,-15.));
#4856 = CARTESIAN_POINT('',(2.514171748455,-15.));
#4857 = CARTESIAN_POINT('',(2.486346196914,-15.));
#4858 = CARTESIAN_POINT('',(2.458520639837,-15.));
#4859 = CARTESIAN_POINT('',(2.430695088296,-15.));
#4860 = CARTESIAN_POINT('',(2.402869553364,-15.));
#4861 = CARTESIAN_POINT('',(2.349013726811,-15.));
#4862 = CARTESIAN_POINT('',(2.322983387682,-15.));
#4863 = CARTESIAN_POINT('',(2.296953036656,-15.));
#4864 = CARTESIAN_POINT('',(2.270922681664,-15.));
#4865 = CARTESIAN_POINT('',(2.244892330638,-15.));
#4866 = CARTESIAN_POINT('',(2.218861991508,-15.));
#4867 = CARTESIAN_POINT('',(2.166801352903,-15.));
#4868 = CARTESIAN_POINT('',(2.140771013774,-15.));
#4869 = CARTESIAN_POINT('',(2.114740662747,-15.));
#4870 = CARTESIAN_POINT('',(2.088710307756,-15.));
#4871 = CARTESIAN_POINT('',(2.06267995673,-15.));
#4872 = CARTESIAN_POINT('',(2.0366496176,-15.));
#4873 = CARTESIAN_POINT('',(1.987281764352,-15.));
#4874 = CARTESIAN_POINT('',(1.963944218926,-15.));
#4875 = CARTESIAN_POINT('',(1.94060666661,-15.));
#4876 = CARTESIAN_POINT('',(1.917269111998,-15.));
#4877 = CARTESIAN_POINT('',(1.893931559683,-15.));
#4878 = CARTESIAN_POINT('',(1.870594014256,-15.));
#4879 = CARTESIAN_POINT('',(1.822123755717,-15.));
#4880 = CARTESIAN_POINT('',(1.796991014488,-15.));
#4881 = CARTESIAN_POINT('',(1.771858263279,-15.));
#4882 = CARTESIAN_POINT('',(1.746725508742,-15.));
#4883 = CARTESIAN_POINT('',(1.721592757533,-15.));
#4884 = CARTESIAN_POINT('',(1.696460016304,-15.));
#4885 = CARTESIAN_POINT('',(1.647989757765,-15.));
#4886 = CARTESIAN_POINT('',(1.624652212338,-15.));
#4887 = CARTESIAN_POINT('',(1.601314660022,-15.));
#4888 = CARTESIAN_POINT('',(1.577977105411,-15.));
#4889 = CARTESIAN_POINT('',(1.554639553095,-15.));
#4890 = CARTESIAN_POINT('',(1.531302007669,-15.));
#4891 = CARTESIAN_POINT('',(1.481934154421,-15.));
#4892 = CARTESIAN_POINT('',(1.455903815291,-15.));
#4893 = CARTESIAN_POINT('',(1.429873464265,-15.));
#4894 = CARTESIAN_POINT('',(1.403843109273,-15.));
#4895 = CARTESIAN_POINT('',(1.377812758247,-15.));
#4896 = CARTESIAN_POINT('',(1.351782419118,-15.));
#4897 = CARTESIAN_POINT('',(1.307800144885,-15.));
#4898 = CARTESIAN_POINT('',(1.289848186865,-15.));
#4899 = CARTESIAN_POINT('',(1.27189622699,-15.));
#4900 = CARTESIAN_POINT('',(1.253944266497,-15.));
#4901 = CARTESIAN_POINT('',(1.235992306622,-15.));
#4902 = CARTESIAN_POINT('',(1.218040348601,-15.));
#4903 = CARTESIAN_POINT('',(1.174058074369,-15.));
#4904 = CARTESIAN_POINT('',(1.148027735239,-15.));
#4905 = CARTESIAN_POINT('',(1.121997384213,-15.));
#4906 = CARTESIAN_POINT('',(1.095967029222,-15.));
#4907 = CARTESIAN_POINT('',(1.069936678195,-15.));
#4908 = CARTESIAN_POINT('',(1.043906339066,-15.));
#4909 = CARTESIAN_POINT('',(0.991845700461,-15.));
#4910 = CARTESIAN_POINT('',(0.965815361331,-15.));
#4911 = CARTESIAN_POINT('',(0.939785010305,-15.));
#4912 = CARTESIAN_POINT('',(0.913754655313,-15.));
#4913 = CARTESIAN_POINT('',(0.887724304287,-15.));
#4914 = CARTESIAN_POINT('',(0.861693965158,-15.));
#4915 = CARTESIAN_POINT('',(0.809633326552,-15.));
#4916 = CARTESIAN_POINT('',(0.783602987423,-15.));
#4917 = CARTESIAN_POINT('',(0.757572636397,-15.));
#4918 = CARTESIAN_POINT('',(0.731542281405,-15.));
#4919 = CARTESIAN_POINT('',(0.705511930379,-15.));
#4920 = CARTESIAN_POINT('',(0.679481591249,-15.));
#4921 = CARTESIAN_POINT('',(0.560112104291,-15.));
#4922 = CARTESIAN_POINT('',(0.466739085405,-15.));
#4923 = CARTESIAN_POINT('',(0.373393789651,-15.));
#4924 = CARTESIAN_POINT('',(0.280057482295,-15.));
#4925 = CARTESIAN_POINT('',(0.186712186541,-15.));
#4926 = CARTESIAN_POINT('',(9.333916765561E-02,-15.));
#4927 = CARTESIAN_POINT('',(0.,-15.));
#4928 = ( GEOMETRIC_REPRESENTATION_CONTEXT(2) 
PARAMETRIC_REPRESENTATION_CONTEXT() REPRESENTATION_CONTEXT('2D SPACE',''
  ) );
#4929 = PCURVE('',#72,#4930);
#4930 = DEFINITIONAL_REPRESENTATION('',(#4931),#5138);
#4931 = B_SPLINE_CURVE_WITH_KNOTS('',7,(#4932,#4933,#4934,#4935,#4936,
    #4937,#4938,#4939,#4940,#4941,#4942,#4943,#4944,#4945,#4946,#4947,
    #4948,#4949,#4950,#4951,#4952,#4953,#4954,#4955,#4956,#4957,#4958,
    #4959,#4960,#4961,#4962,#4963,#4964,#4965,#4966,#4967,#4968,#4969,
    #4970,#4971,#4972,#4973,#4974,#4975,#4976,#4977,#4978,#4979,#4980,
    #4981,#4982,#4983,#4984,#4985,#4986,#4987,#4988,#4989,#4990,#4991,
    #4992,#4993,#4994,#4995,#4996,#4997,#4998,#4999,#5000,#5001,#5002,
    #5003,#5004,#5005,#5006,#5007,#5008,#5009,#5010,#5011,#5012,#5013,
    #5014,#5015,#5016,#5017,#5018,#5019,#5020,#5021,#5022,#5023,#5024,
    #5025,#5026,#5027,#5028,#5029,#5030,#5031,#5032,#5033,#5034,#5035,
    #5036,#5037,#5038,#5039,#5040,#5041,#5042,#5043,#5044,#5045,#5046,
    #5047,#5048,#5049,#5050,#5051,#5052,#5053,#5054,#5055,#5056,#5057,
    #5058,#5059,#5060,#5061,#5062,#5063,#5064,#5065,#5066,#5067,#5068,
    #5069,#5070,#5071,#5072,#5073,#5074,#5075,#5076,#5077,#5078,#5079,
    #5080,#5081,#5082,#5083,#5084,#5085,#5086,#5087,#5088,#5089,#5090,
    #5091,#5092,#5093,#5094,#5095,#5096,#5097,#5098,#5099,#5100,#5101,
    #5102,#5103,#5104,#5105,#5106,#5107,#5108,#5109,#5110,#5111,#5112,
    #5113,#5114,#5115,#5116,#5117,#5118,#5119,#5120,#5121,#5122,#5123,
    #5124,#5125,#5126,#5127,#5128,#5129,#5130,#5131,#5132,#5133,#5134,
    #5135,#5136,#5137),.UNSPECIFIED.,.T.,.F.,(8,6,6,6,6,6,6,6,6,6,6,6,6,
    6,6,6,6,6,6,6,6,6,6,6,6,6,6,6,6,6,6,6,6,6,8),(0.,2.100026928079E-02,
    5.000062512473E-02,7.800097149344E-02,0.103001286786,0.128001602078,
    0.152001906279,0.175002199092,0.204002554936,0.232002901305,
    0.260003247674,0.289003603517,0.318003959361,0.347004315205,
    0.367004572406,0.393004898451,0.418005213743,0.445005550163,
    0.460005744828,0.481006014109,0.523006426899,0.566006836224,
    0.591007151516,0.622007524674,0.651007880518,0.680008236361,
    0.706008562407,0.734008908776,0.760009234821,0.789009590665,
    0.809009847865,0.838010203709,0.867010559553,0.896010915397,1.),
  .UNSPECIFIED.);
#4932 = CARTESIAN_POINT('',(-12.,24.));
#4933 = CARTESIAN_POINT('',(-12.22619462371,24.));
#4934 = CARTESIAN_POINT('',(-12.45238939,23.995025716698));
#4935 = CARTESIAN_POINT('',(-12.67845278326,23.985077157092));
#4936 = CARTESIAN_POINT('',(-12.90425357347,23.970158650386));
#4937 = CARTESIAN_POINT('',(-13.12966081619,23.950278847993));
#4938 = CARTESIAN_POINT('',(-13.3545438525,23.925450723534));
#4939 = CARTESIAN_POINT('',(-13.88842095907,23.854595625522));
#4940 = CARTESIAN_POINT('',(-14.19682228389,23.804095922436));
#4941 = CARTESIAN_POINT('',(-14.50363236635,23.744238156538));
#4942 = CARTESIAN_POINT('',(-14.80851077509,23.675083388549));
#4943 = CARTESIAN_POINT('',(-15.11112056453,23.596708046941));
#4944 = CARTESIAN_POINT('',(-15.41112827497,23.509203927944));
#4945 = CARTESIAN_POINT('',(-15.99503563047,23.319480927367));
#4946 = CARTESIAN_POINT('',(-16.27913520682,23.217873108946));
#4947 = CARTESIAN_POINT('',(-16.56020575705,23.107951251744));
#4948 = CARTESIAN_POINT('',(-16.83795573607,22.989824468735));
#4949 = CARTESIAN_POINT('',(-17.11209895818,22.8636144744));
#4950 = CARTESIAN_POINT('',(-17.38235459711,22.72945558473));
#4951 = CARTESIAN_POINT('',(-17.88602991196,22.460743912063));
#4952 = CARTESIAN_POINT('',(-18.12029460542,22.327773035853));
#4953 = CARTESIAN_POINT('',(-18.35104534978,22.188686633014));
#4954 = CARTESIAN_POINT('',(-18.57809091404,22.043596580276));
#4955 = CARTESIAN_POINT('',(-18.80124475281,21.892622086667));
#4956 = CARTESIAN_POINT('',(-19.02032500628,21.735889693519));
#4957 = CARTESIAN_POINT('',(-19.44998399424,21.411176855408));
#4958 = CARTESIAN_POINT('',(-19.6605632727,21.243195999336));
#4959 = CARTESIAN_POINT('',(-19.86671518547,21.069724611666));
#4960 = CARTESIAN_POINT('',(-20.06826835729,20.890903106855));
#4961 = CARTESIAN_POINT('',(-20.26505718786,20.706878408401));
#4962 = CARTESIAN_POINT('',(-20.45692185179,20.517803948841));
#4963 = CARTESIAN_POINT('',(-20.823023299,20.137633950028));
#4964 = CARTESIAN_POINT('',(-20.99765862602,19.946921346815));
#4965 = CARTESIAN_POINT('',(-21.16747803811,19.751843359678));
#4966 = CARTESIAN_POINT('',(-21.33235098807,19.552546198979));
#4967 = CARTESIAN_POINT('',(-21.49215262305,19.349180785875));
#4968 = CARTESIAN_POINT('',(-21.64676378459,19.141902752321));
#4969 = CARTESIAN_POINT('',(-21.93915710628,18.72863504814));
#4970 = CARTESIAN_POINT('',(-22.07737233092,18.522951161624));
#4971 = CARTESIAN_POINT('',(-22.21061685976,18.313961891577));
#4972 = CARTESIAN_POINT('',(-22.33879620513,18.101811571476));
#4973 = CARTESIAN_POINT('',(-22.46182121447,17.886647758214));
#4974 = CARTESIAN_POINT('',(-22.57960807031,17.668621232104));
#4975 = CARTESIAN_POINT('',(-22.83388850228,17.169567784972));
#4976 = CARTESIAN_POINT('',(-22.96724684606,16.886942327331));
#4977 = CARTESIAN_POINT('',(-23.09199585768,16.600318771181));
#4978 = CARTESIAN_POINT('',(-23.20799270649,16.310012110712));
#4979 = CARTESIAN_POINT('',(-23.31510919508,16.01634318707));
#4980 = CARTESIAN_POINT('',(-23.41323175929,15.719638688359));
#4981 = CARTESIAN_POINT('',(-23.58822119574,15.13114797995));
#4982 = CARTESIAN_POINT('',(-23.66570471322,14.839543757471));
#4983 = CARTESIAN_POINT('',(-23.73462307628,14.545717740698));
#4984 = CARTESIAN_POINT('',(-23.79490075854,14.249971922926));
#4985 = CARTESIAN_POINT('',(-23.84647565157,13.952611032243));
#4986 = CARTESIAN_POINT('',(-23.88929906496,13.653942531534));
#4987 = CARTESIAN_POINT('',(-23.95737238751,13.054610705431));
#4988 = CARTESIAN_POINT('',(-23.98262243231,12.75394618593));
#4989 = CARTESIAN_POINT('',(-23.99905066632,12.452593266536));
#4990 = CARTESIAN_POINT('',(-24.00663558473,12.150862497935));
#4991 = CARTESIAN_POINT('',(-24.00536937226,11.849064774939));
#4992 = CARTESIAN_POINT('',(-23.99525790315,11.547511336488));
#4993 = CARTESIAN_POINT('',(-23.95670725386,10.934766312688));
#4994 = CARTESIAN_POINT('',(-23.92762632192,10.623613783276));
#4995 = CARTESIAN_POINT('',(-23.88909977824,10.313402429078));
#4996 = CARTESIAN_POINT('',(-23.84116502757,10.004476085552));
#4997 = CARTESIAN_POINT('',(-23.78387504643,9.697176171946));
#4998 = CARTESIAN_POINT('',(-23.71729838316,9.391841691302));
#4999 = CARTESIAN_POINT('',(-23.5657399326,8.78577676961));
#5000 = CARTESIAN_POINT('',(-23.48075779782,8.485044939018));
#5001 = CARTESIAN_POINT('',(-23.38665696785,8.186950301964));
#5002 = CARTESIAN_POINT('',(-23.28353653317,7.891824223826));
#5003 = CARTESIAN_POINT('',(-23.17151046042,7.599992872075));
#5004 = CARTESIAN_POINT('',(-23.05070759243,7.311777216275));
#5005 = CARTESIAN_POINT('',(-22.791835704,6.743208839889));
#5006 = CARTESIAN_POINT('',(-22.65376609004,6.46285481573));
#5007 = CARTESIAN_POINT('',(-22.50720661368,6.186746687037));
#5008 = CARTESIAN_POINT('',(-22.3523147703,5.915192377736));
#5009 = CARTESIAN_POINT('',(-22.18926174327,5.648492004248));
#5010 = CARTESIAN_POINT('',(-22.018232404,5.386937875488));
#5011 = CARTESIAN_POINT('',(-21.71611000327,4.954177573133));
#5012 = CARTESIAN_POINT('',(-21.58909515343,4.780123273186));
#5013 = CARTESIAN_POINT('',(-21.45844578821,4.608744726955));
#5014 = CARTESIAN_POINT('',(-21.32422972153,4.440132849048));
#5015 = CARTESIAN_POINT('',(-21.18651755536,4.274376334756));
#5016 = CARTESIAN_POINT('',(-21.04538267976,4.111561660044));
#5017 = CARTESIAN_POINT('',(-20.71307550395,3.744047995961));
#5018 = CARTESIAN_POINT('',(-20.51959368766,3.541436569503));
#5019 = CARTESIAN_POINT('',(-20.32062341158,3.344124107358));
#5020 = CARTESIAN_POINT('',(-20.11633923199,3.152288493778));
#5021 = CARTESIAN_POINT('',(-19.90692267391,2.966100192089));
#5022 = CARTESIAN_POINT('',(-19.69256223106,2.785722244696));
#5023 = CARTESIAN_POINT('',(-19.26277174964,2.443606442236));
#5024 = CARTESIAN_POINT('',(-19.04769938406,2.281418039177));
#5025 = CARTESIAN_POINT('',(-18.8284100231,2.124883347664));
#5026 = CARTESIAN_POINT('',(-18.60508228913,1.97413343922));
#5027 = CARTESIAN_POINT('',(-18.37789967291,1.829292173129));
#5028 = CARTESIAN_POINT('',(-18.14705053355,1.69047619644));
#5029 = CARTESIAN_POINT('',(-17.65965990719,1.414499213033));
#5030 = CARTESIAN_POINT('',(-17.40253968024,1.278358584445));
#5031 = CARTESIAN_POINT('',(-17.14161096454,1.149510926283));
#5032 = CARTESIAN_POINT('',(-16.87712224669,1.028083347002));
#5033 = CARTESIAN_POINT('',(-16.60932695308,0.914192195427));
#5034 = CARTESIAN_POINT('',(-16.33848344985,0.807943060753));
#5035 = CARTESIAN_POINT('',(-15.91283918262,0.654701695214));
#5036 = CARTESIAN_POINT('',(-15.75996361486,0.602360468914));
#5037 = CARTESIAN_POINT('',(-15.60627339335,0.552423312992));
#5038 = CARTESIAN_POINT('',(-15.45181390328,0.504905369261));
#5039 = CARTESIAN_POINT('',(-15.29663086134,0.45982070201));
#5040 = CARTESIAN_POINT('',(-15.14077031568,0.417182297998));
#5041 = CARTESIAN_POINT('',(-14.7651903423,0.320749751007));
#5042 = CARTESIAN_POINT('',(-14.54486484659,0.269315407148));
#5043 = CARTESIAN_POINT('',(-14.32342954437,0.222731734698));
#5044 = CARTESIAN_POINT('',(-14.10101261945,0.181027176042));
#5045 = CARTESIAN_POINT('',(-13.87774305395,0.144225916129));
#5046 = CARTESIAN_POINT('',(-13.65375062827,0.112347882476));
#5047 = CARTESIAN_POINT('',(-12.97999785191,3.153063187512E-02));
#5048 = CARTESIAN_POINT('',(-12.52845576692,-2.592333757356E-03));
#5049 = CARTESIAN_POINT('',(-12.07558983569,-1.683459609933E-02));
#5050 = CARTESIAN_POINT('',(-11.62244983606,-1.113997116766E-02));
#5051 = CARTESIAN_POINT('',(-11.17008483416,1.447835738996E-02));
#5052 = CARTESIAN_POINT('',(-10.71954286438,5.993784231663E-02));
#5053 = CARTESIAN_POINT('',(-9.813539632846,0.191786450943));
#5054 = CARTESIAN_POINT('',(-9.358207337342,0.279125691074));
#5055 = CARTESIAN_POINT('',(-8.906997197059,0.386940324755));
#5056 = CARTESIAN_POINT('',(-8.461012190566,0.514992962802));
#5057 = CARTESIAN_POINT('',(-8.021334441111,0.662972902537));
#5058 = CARTESIAN_POINT('',(-7.589024856907,0.830496231064));
#5059 = CARTESIAN_POINT('',(-6.918667308428,1.125600274229));
#5060 = CARTESIAN_POINT('',(-6.67505191299,1.240546955911));
#5061 = CARTESIAN_POINT('',(-6.434479820092,1.36185648396));
#5062 = CARTESIAN_POINT('',(-6.197150144738,1.489431704323));
#5063 = CARTESIAN_POINT('',(-5.963257881964,1.623167798521));
#5064 = CARTESIAN_POINT('',(-5.732993906843,1.76295228366));
#5065 = CARTESIAN_POINT('',(-5.225748459617,2.089348692313));
#5066 = CARTESIAN_POINT('',(-4.950816681655,2.279148477702));
#5067 = CARTESIAN_POINT('',(-4.682106162333,2.477834872003));
#5068 = CARTESIAN_POINT('',(-4.419960658363,2.68516223848));
#5069 = CARTESIAN_POINT('',(-4.164711161428,2.900868800246));
#5070 = CARTESIAN_POINT('',(-3.916675898181,3.124676640263));
#5071 = CARTESIAN_POINT('',(-3.451161843276,3.572963905771));
#5072 = CARTESIAN_POINT('',(-3.232742917826,3.796469543658));
#5073 = CARTESIAN_POINT('',(-3.021153423752,4.02656792444));
#5074 = CARTESIAN_POINT('',(-2.816631312866,4.263008048374));
#5075 = CARTESIAN_POINT('',(-2.619402618936,4.505528606537));
#5076 = CARTESIAN_POINT('',(-2.429681457688,4.75385798083));
#5077 = CARTESIAN_POINT('',(-2.06565859592,5.261570507122));
#5078 = CARTESIAN_POINT('',(-1.891356060794,5.520954823168));
#5079 = CARTESIAN_POINT('',(-1.724964540219,5.785585208275));
#5080 = CARTESIAN_POINT('',(-1.566672564162,6.055171699708));
#5081 = CARTESIAN_POINT('',(-1.416655073766,6.329416355839));
#5082 = CARTESIAN_POINT('',(-1.275073421351,6.608013256147));
#5083 = CARTESIAN_POINT('',(-1.022835706367,7.144045685836));
#5084 = CARTESIAN_POINT('',(-0.910495157546,7.400689806083));
#5085 = CARTESIAN_POINT('',(-0.805160080886,7.660354782751));
#5086 = CARTESIAN_POINT('',(-0.706927299223,7.922810968187));
#5087 = CARTESIAN_POINT('',(-0.615884101285,8.187825146284));
#5088 = CARTESIAN_POINT('',(-0.532108241694,8.455160532487));
#5089 = CARTESIAN_POINT('',(-0.373347631094,9.014717292054));
#5090 = CARTESIAN_POINT('',(-0.299534541674,9.307272151661));
#5091 = CARTESIAN_POINT('',(-0.23431384956,9.601941000065));
#5092 = CARTESIAN_POINT('',(-0.177757280318,9.89842091875));
#5093 = CARTESIAN_POINT('',(-0.12992310823,10.19640642323));
#5094 = CARTESIAN_POINT('',(-9.085615629444E-02,10.49558946305));
#5095 = CARTESIAN_POINT('',(-3.248145709872E-02,11.074295859377));
#5096 = CARTESIAN_POINT('',(-1.19615619683E-02,11.353697966152));
#5097 = CARTESIAN_POINT('',(9.468391558727E-04,11.633617153889));
#5098 = CARTESIAN_POINT('',(6.228874484846E-03,11.913804642492));
#5099 = CARTESIAN_POINT('',(3.879850451553E-03,12.194011459984));
#5100 = CARTESIAN_POINT('',(-6.094748289184E-03,12.473988442514));
#5101 = CARTESIAN_POINT('',(-4.329274613085E-02,13.065233687312));
#5102 = CARTESIAN_POINT('',(-7.237367807499E-02,13.376386216724));
#5103 = CARTESIAN_POINT('',(-0.110900221752,13.686597570921));
#5104 = CARTESIAN_POINT('',(-0.158834972427,13.995523914448));
#5105 = CARTESIAN_POINT('',(-0.216124953564,14.302823828054));
#5106 = CARTESIAN_POINT('',(-0.282701616837,14.608158308697));
#5107 = CARTESIAN_POINT('',(-0.410742407605,15.120178796778));
#5108 = CARTESIAN_POINT('',(-0.467381037893,15.328072368035));
#5109 = CARTESIAN_POINT('',(-0.528369171498,15.534761289606));
#5110 = CARTESIAN_POINT('',(-0.593675850965,15.740136447656));
#5111 = CARTESIAN_POINT('',(-0.663266722875,15.944089808226));
#5112 = CARTESIAN_POINT('',(-0.737104037839,16.146514417229));
#5113 = CARTESIAN_POINT('',(-0.92830837215,16.638449704493));
#5114 = CARTESIAN_POINT('',(-1.050312090172,16.92615908903));
#5115 = CARTESIAN_POINT('',(-1.181032071759,17.210109199533));
#5116 = CARTESIAN_POINT('',(-1.3203284767,17.48998370287));
#5117 = CARTESIAN_POINT('',(-1.468047357378,17.765473287305));
#5118 = CARTESIAN_POINT('',(-1.624020658773,18.036275662505));
#5119 = CARTESIAN_POINT('',(-1.952111778153,18.567915456564));
#5120 = CARTESIAN_POINT('',(-2.124230348361,18.82875409433));
#5121 = CARTESIAN_POINT('',(-2.304239684056,19.084316254878));
#5122 = CARTESIAN_POINT('',(-2.491944938664,19.334316181756));
#5123 = CARTESIAN_POINT('',(-2.687138664073,19.57847758002));
#5124 = CARTESIAN_POINT('',(-2.889600810628,19.816533616227));
#5125 = CARTESIAN_POINT('',(-3.30859664364,20.279920220653));
#5126 = CARTESIAN_POINT('',(-3.525131290742,20.505251851292));
#5127 = CARTESIAN_POINT('',(-3.748469945242,20.723964503526));
#5128 = CARTESIAN_POINT('',(-3.978369205496,20.935812458866));
#5129 = CARTESIAN_POINT('',(-4.214574991415,21.140561587165));
#5130 = CARTESIAN_POINT('',(-4.456822544464,21.337989346621));
#5131 = CARTESIAN_POINT('',(-5.594161262899,22.208809279526));
#5132 = CARTESIAN_POINT('',(-6.557959049926,22.793135825454));
#5133 = CARTESIAN_POINT('',(-7.583079444647,23.270608353943));
#5134 = CARTESIAN_POINT('',(-8.655248220725,23.633934648065));
#5135 = CARTESIAN_POINT('',(-9.75945398798,23.878027791554));
#5136 = CARTESIAN_POINT('',(-10.87992998813,24.));
#5137 = CARTESIAN_POINT('',(-12.,24.));
#5138 = ( GEOMETRIC_REPRESENTATION_CONTEXT(2) 
PARAMETRIC_REPRESENTATION_CONTEXT() REPRESENTATION_CONTEXT('2D SPACE',''
  ) );
#5139 = ORIENTED_EDGE('',*,*,#4487,.F.);
#5140 = ORIENTED_EDGE('',*,*,#5141,.T.);
#5141 = EDGE_CURVE('',#3856,#3669,#5142,.T.);
#5142 = SURFACE_CURVE('',#5143,(#5350,#5560),.PCURVE_S1.);
#5143 = B_SPLINE_CURVE_WITH_KNOTS('',7,(#5144,#5145,#5146,#5147,#5148,
    #5149,#5150,#5151,#5152,#5153,#5154,#5155,#5156,#5157,#5158,#5159,
    #5160,#5161,#5162,#5163,#5164,#5165,#5166,#5167,#5168,#5169,#5170,
    #5171,#5172,#5173,#5174,#5175,#5176,#5177,#5178,#5179,#5180,#5181,
    #5182,#5183,#5184,#5185,#5186,#5187,#5188,#5189,#5190,#5191,#5192,
    #5193,#5194,#5195,#5196,#5197,#5198,#5199,#5200,#5201,#5202,#5203,
    #5204,#5205,#5206,#5207,#5208,#5209,#5210,#5211,#5212,#5213,#5214,
    #5215,#5216,#5217,#5218,#5219,#5220,#5221,#5222,#5223,#5224,#5225,
    #5226,#5227,#5228,#5229,#5230,#5231,#5232,#5233,#5234,#5235,#5236,
    #5237,#5238,#5239,#5240,#5241,#5242,#5243,#5244,#5245,#5246,#5247,
    #5248,#5249,#5250,#5251,#5252,#5253,#5254,#5255,#5256,#5257,#5258,
    #5259,#5260,#5261,#5262,#5263,#5264,#5265,#5266,#5267,#5268,#5269,
    #5270,#5271,#5272,#5273,#5274,#5275,#5276,#5277,#5278,#5279,#5280,
    #5281,#5282,#5283,#5284,#5285,#5286,#5287,#5288,#5289,#5290,#5291,
    #5292,#5293,#5294,#5295,#5296,#5297,#5298,#5299,#5300,#5301,#5302,
    #5303,#5304,#5305,#5306,#5307,#5308,#5309,#5310,#5311,#5312,#5313,
    #5314,#5315,#5316,#5317,#5318,#5319,#5320,#5321,#5322,#5323,#5324,
    #5325,#5326,#5327,#5328,#5329,#5330,#5331,#5332,#5333,#5334,#5335,
    #5336,#5337,#5338,#5339,#5340,#5341,#5342,#5343,#5344,#5345,#5346,
    #5347,#5348,#5349),.UNSPECIFIED.,.T.,.F.,(8,6,6,6,6,6,6,6,6,6,6,6,6,
    6,6,6,6,6,6,6,6,6,6,6,6,6,6,6,6,6,6,6,6,6,8),(0.,2.100026928079E-02,
    5.000062512473E-02,7.800097149344E-02,0.103001286786,0.128001602078,
    0.152001906279,0.175002199092,0.204002554936,0.232002901305,
    0.260003247674,0.289003603517,0.318003959361,0.347004315205,
    0.367004572406,0.393004898451,0.418005213743,0.445005550163,
    0.460005744828,0.481006014109,0.523006426899,0.566006836224,
    0.591007151516,0.622007524674,0.651007880518,0.680008236361,
    0.706008562407,0.734008908776,0.760009234821,0.789009590665,
    0.809009847865,0.838010203709,0.867010559553,0.896010915397,1.),
  .UNSPECIFIED.);
#5144 = CARTESIAN_POINT('',(12.,0.,-47.));
#5145 = CARTESIAN_POINT('',(12.,0.,-47.22619462371));
#5146 = CARTESIAN_POINT('',(11.995025716698,0.,-47.45238939));
#5147 = CARTESIAN_POINT('',(11.985077157092,0.,-47.67845278326));
#5148 = CARTESIAN_POINT('',(11.970158650386,0.,-47.90425357347));
#5149 = CARTESIAN_POINT('',(11.950278847993,0.,-48.12966081619));
#5150 = CARTESIAN_POINT('',(11.925450723534,0.,-48.3545438525));
#5151 = CARTESIAN_POINT('',(11.854595625522,0.,-48.88842095907));
#5152 = CARTESIAN_POINT('',(11.804095922436,0.,-49.19682228389));
#5153 = CARTESIAN_POINT('',(11.744238156538,0.,-49.50363236635));
#5154 = CARTESIAN_POINT('',(11.675083388549,0.,-49.80851077509));
#5155 = CARTESIAN_POINT('',(11.596708046941,0.,-50.11112056453));
#5156 = CARTESIAN_POINT('',(11.509203927944,0.,-50.41112827497));
#5157 = CARTESIAN_POINT('',(11.319480927367,0.,-50.99503563047));
#5158 = CARTESIAN_POINT('',(11.217873108946,0.,-51.27913520682));
#5159 = CARTESIAN_POINT('',(11.107951251744,0.,-51.56020575705));
#5160 = CARTESIAN_POINT('',(10.989824468735,0.,-51.83795573607));
#5161 = CARTESIAN_POINT('',(10.8636144744,0.,-52.11209895818));
#5162 = CARTESIAN_POINT('',(10.72945558473,0.,-52.38235459711));
#5163 = CARTESIAN_POINT('',(10.460743912063,0.,-52.88602991196));
#5164 = CARTESIAN_POINT('',(10.327773035853,0.,-53.12029460542));
#5165 = CARTESIAN_POINT('',(10.188686633014,0.,-53.35104534978));
#5166 = CARTESIAN_POINT('',(10.043596580276,0.,-53.57809091404));
#5167 = CARTESIAN_POINT('',(9.892622086667,0.,-53.80124475281));
#5168 = CARTESIAN_POINT('',(9.735889693519,0.,-54.02032500628));
#5169 = CARTESIAN_POINT('',(9.411176855408,0.,-54.44998399424));
#5170 = CARTESIAN_POINT('',(9.243195999336,0.,-54.6605632727));
#5171 = CARTESIAN_POINT('',(9.069724611666,0.,-54.86671518547));
#5172 = CARTESIAN_POINT('',(8.890903106855,0.,-55.06826835729));
#5173 = CARTESIAN_POINT('',(8.706878408401,0.,-55.26505718786));
#5174 = CARTESIAN_POINT('',(8.517803948841,0.,-55.45692185179));
#5175 = CARTESIAN_POINT('',(8.137633950028,0.,-55.823023299));
#5176 = CARTESIAN_POINT('',(7.946921346815,0.,-55.99765862602));
#5177 = CARTESIAN_POINT('',(7.751843359678,0.,-56.16747803811));
#5178 = CARTESIAN_POINT('',(7.552546198979,0.,-56.33235098807));
#5179 = CARTESIAN_POINT('',(7.349180785875,0.,-56.49215262305));
#5180 = CARTESIAN_POINT('',(7.141902752321,0.,-56.64676378459));
#5181 = CARTESIAN_POINT('',(6.72863504814,0.,-56.93915710628));
#5182 = CARTESIAN_POINT('',(6.522951161624,0.,-57.07737233092));
#5183 = CARTESIAN_POINT('',(6.313961891577,0.,-57.21061685976));
#5184 = CARTESIAN_POINT('',(6.101811571476,0.,-57.33879620513));
#5185 = CARTESIAN_POINT('',(5.886647758214,0.,-57.46182121447));
#5186 = CARTESIAN_POINT('',(5.668621232104,0.,-57.57960807031));
#5187 = CARTESIAN_POINT('',(5.169567784972,0.,-57.83388850228));
#5188 = CARTESIAN_POINT('',(4.886942327331,0.,-57.96724684606));
#5189 = CARTESIAN_POINT('',(4.600318771181,0.,-58.09199585768));
#5190 = CARTESIAN_POINT('',(4.310012110712,0.,-58.20799270649));
#5191 = CARTESIAN_POINT('',(4.01634318707,0.,-58.31510919508));
#5192 = CARTESIAN_POINT('',(3.719638688359,0.,-58.41323175929));
#5193 = CARTESIAN_POINT('',(3.13114797995,0.,-58.58822119574));
#5194 = CARTESIAN_POINT('',(2.839543757471,0.,-58.66570471322));
#5195 = CARTESIAN_POINT('',(2.545717740698,0.,-58.73462307628));
#5196 = CARTESIAN_POINT('',(2.249971922926,0.,-58.79490075854));
#5197 = CARTESIAN_POINT('',(1.952611032243,0.,-58.84647565157));
#5198 = CARTESIAN_POINT('',(1.653942531534,0.,-58.88929906496));
#5199 = CARTESIAN_POINT('',(1.054610705431,0.,-58.95737238751));
#5200 = CARTESIAN_POINT('',(0.75394618593,0.,-58.98262243231));
#5201 = CARTESIAN_POINT('',(0.452593266536,0.,-58.99905066632));
#5202 = CARTESIAN_POINT('',(0.150862497935,0.,-59.00663558473));
#5203 = CARTESIAN_POINT('',(-0.150935225061,0.,-59.00536937226));
#5204 = CARTESIAN_POINT('',(-0.452488663512,0.,-58.99525790315));
#5205 = CARTESIAN_POINT('',(-1.065233687312,0.,-58.95670725386));
#5206 = CARTESIAN_POINT('',(-1.376386216724,0.,-58.92762632192));
#5207 = CARTESIAN_POINT('',(-1.686597570922,0.,-58.88909977824));
#5208 = CARTESIAN_POINT('',(-1.995523914448,0.,-58.84116502757));
#5209 = CARTESIAN_POINT('',(-2.302823828054,0.,-58.78387504643));
#5210 = CARTESIAN_POINT('',(-2.608158308698,0.,-58.71729838316));
#5211 = CARTESIAN_POINT('',(-3.21422323039,0.,-58.5657399326));
#5212 = CARTESIAN_POINT('',(-3.514955060982,0.,-58.48075779782));
#5213 = CARTESIAN_POINT('',(-3.813049698036,0.,-58.38665696785));
#5214 = CARTESIAN_POINT('',(-4.108175776174,0.,-58.28353653317));
#5215 = CARTESIAN_POINT('',(-4.400007127925,0.,-58.17151046042));
#5216 = CARTESIAN_POINT('',(-4.688222783725,0.,-58.05070759243));
#5217 = CARTESIAN_POINT('',(-5.256791160111,0.,-57.791835704));
#5218 = CARTESIAN_POINT('',(-5.53714518427,0.,-57.65376609004));
#5219 = CARTESIAN_POINT('',(-5.813253312963,0.,-57.50720661368));
#5220 = CARTESIAN_POINT('',(-6.084807622264,0.,-57.3523147703));
#5221 = CARTESIAN_POINT('',(-6.351507995752,0.,-57.18926174327));
#5222 = CARTESIAN_POINT('',(-6.613062124512,0.,-57.018232404));
#5223 = CARTESIAN_POINT('',(-7.045822426867,0.,-56.71611000327));
#5224 = CARTESIAN_POINT('',(-7.219876726814,0.,-56.58909515343));
#5225 = CARTESIAN_POINT('',(-7.391255273045,0.,-56.45844578821));
#5226 = CARTESIAN_POINT('',(-7.559867150952,0.,-56.32422972153));
#5227 = CARTESIAN_POINT('',(-7.725623665244,0.,-56.18651755536));
#5228 = CARTESIAN_POINT('',(-7.888438339956,0.,-56.04538267976));
#5229 = CARTESIAN_POINT('',(-8.255952004039,0.,-55.71307550395));
#5230 = CARTESIAN_POINT('',(-8.458563430497,0.,-55.51959368766));
#5231 = CARTESIAN_POINT('',(-8.655875892642,0.,-55.32062341158));
#5232 = CARTESIAN_POINT('',(-8.847711506222,0.,-55.11633923199));
#5233 = CARTESIAN_POINT('',(-9.033899807911,0.,-54.90692267391));
#5234 = CARTESIAN_POINT('',(-9.214277755304,0.,-54.69256223106));
#5235 = CARTESIAN_POINT('',(-9.556393557764,0.,-54.26277174964));
#5236 = CARTESIAN_POINT('',(-9.718581960823,0.,-54.04769938406));
#5237 = CARTESIAN_POINT('',(-9.875116652336,0.,-53.8284100231));
#5238 = CARTESIAN_POINT('',(-10.02586656078,0.,-53.60508228913));
#5239 = CARTESIAN_POINT('',(-10.17070782687,0.,-53.37789967291));
#5240 = CARTESIAN_POINT('',(-10.30952380356,0.,-53.14705053355));
#5241 = CARTESIAN_POINT('',(-10.58550078696,0.,-52.65965990719));
#5242 = CARTESIAN_POINT('',(-10.72164141555,0.,-52.40253968024));
#5243 = CARTESIAN_POINT('',(-10.85048907371,0.,-52.14161096454));
#5244 = CARTESIAN_POINT('',(-10.97191665299,0.,-51.87712224669));
#5245 = CARTESIAN_POINT('',(-11.08580780457,0.,-51.60932695308));
#5246 = CARTESIAN_POINT('',(-11.19205693924,0.,-51.33848344985));
#5247 = CARTESIAN_POINT('',(-11.34529830478,0.,-50.91283918262));
#5248 = CARTESIAN_POINT('',(-11.39763953108,0.,-50.75996361486));
#5249 = CARTESIAN_POINT('',(-11.447576687,0.,-50.60627339335));
#5250 = CARTESIAN_POINT('',(-11.49509463073,0.,-50.45181390328));
#5251 = CARTESIAN_POINT('',(-11.54017929799,0.,-50.29663086134));
#5252 = CARTESIAN_POINT('',(-11.582817702,0.,-50.14077031568));
#5253 = CARTESIAN_POINT('',(-11.67925024899,0.,-49.7651903423));
#5254 = CARTESIAN_POINT('',(-11.73068459285,0.,-49.54486484659));
#5255 = CARTESIAN_POINT('',(-11.7772682653,0.,-49.32342954437));
#5256 = CARTESIAN_POINT('',(-11.81897282395,0.,-49.10101261945));
#5257 = CARTESIAN_POINT('',(-11.85577408387,0.,-48.87774305395));
#5258 = CARTESIAN_POINT('',(-11.88765211752,0.,-48.65375062827));
#5259 = CARTESIAN_POINT('',(-11.96846936812,0.,-47.97999785191));
#5260 = CARTESIAN_POINT('',(-12.00259233375,0.,-47.52845576692));
#5261 = CARTESIAN_POINT('',(-12.01683459609,0.,-47.07558983569));
#5262 = CARTESIAN_POINT('',(-12.01113997116,0.,-46.62244983606));
#5263 = CARTESIAN_POINT('',(-11.98552164261,0.,-46.17008483416));
#5264 = CARTESIAN_POINT('',(-11.94006215768,0.,-45.71954286438));
#5265 = CARTESIAN_POINT('',(-11.80821354905,0.,-44.81353963284));
#5266 = CARTESIAN_POINT('',(-11.72087430892,0.,-44.35820733734));
#5267 = CARTESIAN_POINT('',(-11.61305967524,0.,-43.90699719705));
#5268 = CARTESIAN_POINT('',(-11.48500703719,0.,-43.46101219056));
#5269 = CARTESIAN_POINT('',(-11.33702709746,0.,-43.02133444111));
#5270 = CARTESIAN_POINT('',(-11.16950376893,0.,-42.5890248569));
#5271 = CARTESIAN_POINT('',(-10.87439972577,0.,-41.91866730842));
#5272 = CARTESIAN_POINT('',(-10.75945304408,0.,-41.67505191299));
#5273 = CARTESIAN_POINT('',(-10.63814351604,0.,-41.43447982009));
#5274 = CARTESIAN_POINT('',(-10.51056829567,0.,-41.19715014473));
#5275 = CARTESIAN_POINT('',(-10.37683220147,0.,-40.96325788196));
#5276 = CARTESIAN_POINT('',(-10.23704771634,0.,-40.73299390684));
#5277 = CARTESIAN_POINT('',(-9.910651307687,0.,-40.22574845961));
#5278 = CARTESIAN_POINT('',(-9.720851522298,0.,-39.95081668165));
#5279 = CARTESIAN_POINT('',(-9.522165127997,0.,-39.68210616233));
#5280 = CARTESIAN_POINT('',(-9.31483776152,0.,-39.41996065836));
#5281 = CARTESIAN_POINT('',(-9.099131199754,0.,-39.16471116142));
#5282 = CARTESIAN_POINT('',(-8.875323359737,0.,-38.91667589818));
#5283 = CARTESIAN_POINT('',(-8.427036094229,0.,-38.45116184327));
#5284 = CARTESIAN_POINT('',(-8.203530456342,0.,-38.23274291782));
#5285 = CARTESIAN_POINT('',(-7.97343207556,0.,-38.02115342375));
#5286 = CARTESIAN_POINT('',(-7.736991951626,0.,-37.81663131286));
#5287 = CARTESIAN_POINT('',(-7.494471393463,0.,-37.61940261893));
#5288 = CARTESIAN_POINT('',(-7.24614201917,0.,-37.42968145768));
#5289 = CARTESIAN_POINT('',(-6.738429492878,0.,-37.06565859592));
#5290 = CARTESIAN_POINT('',(-6.479045176832,0.,-36.89135606079));
#5291 = CARTESIAN_POINT('',(-6.214414791725,0.,-36.72496454021));
#5292 = CARTESIAN_POINT('',(-5.944828300292,0.,-36.56667256416));
#5293 = CARTESIAN_POINT('',(-5.670583644161,0.,-36.41665507376));
#5294 = CARTESIAN_POINT('',(-5.391986743853,0.,-36.27507342135));
#5295 = CARTESIAN_POINT('',(-4.855954314164,0.,-36.02283570636));
#5296 = CARTESIAN_POINT('',(-4.599310193917,0.,-35.91049515754));
#5297 = CARTESIAN_POINT('',(-4.339645217249,0.,-35.80516008088));
#5298 = CARTESIAN_POINT('',(-4.077189031813,0.,-35.70692729922));
#5299 = CARTESIAN_POINT('',(-3.812174853716,0.,-35.61588410128));
#5300 = CARTESIAN_POINT('',(-3.544839467513,0.,-35.53210824169));
#5301 = CARTESIAN_POINT('',(-2.985282707946,0.,-35.37334763109));
#5302 = CARTESIAN_POINT('',(-2.692727848339,0.,-35.29953454167));
#5303 = CARTESIAN_POINT('',(-2.398058999935,0.,-35.23431384956));
#5304 = CARTESIAN_POINT('',(-2.10157908125,0.,-35.17775728031));
#5305 = CARTESIAN_POINT('',(-1.80359357677,0.,-35.12992310823));
#5306 = CARTESIAN_POINT('',(-1.50441053695,0.,-35.09085615629));
#5307 = CARTESIAN_POINT('',(-0.925704140623,0.,-35.03248145709));
#5308 = CARTESIAN_POINT('',(-0.646302033848,0.,-35.01196156196));
#5309 = CARTESIAN_POINT('',(-0.366382846111,0.,-34.99905316084));
#5310 = CARTESIAN_POINT('',(-8.619535750818E-02,0.,-34.99377112551));
#5311 = CARTESIAN_POINT('',(0.194011459984,0.,-34.99612014954));
#5312 = CARTESIAN_POINT('',(0.473988442514,0.,-35.00609474828));
#5313 = CARTESIAN_POINT('',(1.065233687312,0.,-35.04329274613));
#5314 = CARTESIAN_POINT('',(1.376386216724,0.,-35.07237367807));
#5315 = CARTESIAN_POINT('',(1.686597570921,0.,-35.11090022175));
#5316 = CARTESIAN_POINT('',(1.995523914448,0.,-35.15883497242));
#5317 = CARTESIAN_POINT('',(2.302823828054,0.,-35.21612495356));
#5318 = CARTESIAN_POINT('',(2.608158308697,0.,-35.28270161683));
#5319 = CARTESIAN_POINT('',(3.120178796778,0.,-35.4107424076));
#5320 = CARTESIAN_POINT('',(3.328072368035,0.,-35.46738103789));
#5321 = CARTESIAN_POINT('',(3.534761289606,0.,-35.52836917149));
#5322 = CARTESIAN_POINT('',(3.740136447656,0.,-35.59367585096));
#5323 = CARTESIAN_POINT('',(3.944089808226,0.,-35.66326672287));
#5324 = CARTESIAN_POINT('',(4.146514417229,0.,-35.73710403783));
#5325 = CARTESIAN_POINT('',(4.638449704493,0.,-35.92830837215));
#5326 = CARTESIAN_POINT('',(4.92615908903,0.,-36.05031209017));
#5327 = CARTESIAN_POINT('',(5.210109199533,0.,-36.18103207175));
#5328 = CARTESIAN_POINT('',(5.48998370287,0.,-36.3203284767));
#5329 = CARTESIAN_POINT('',(5.765473287305,0.,-36.46804735737));
#5330 = CARTESIAN_POINT('',(6.036275662505,0.,-36.62402065877));
#5331 = CARTESIAN_POINT('',(6.567915456564,0.,-36.95211177815));
#5332 = CARTESIAN_POINT('',(6.82875409433,0.,-37.12423034836));
#5333 = CARTESIAN_POINT('',(7.084316254878,0.,-37.30423968405));
#5334 = CARTESIAN_POINT('',(7.334316181756,0.,-37.49194493866));
#5335 = CARTESIAN_POINT('',(7.57847758002,0.,-37.68713866407));
#5336 = CARTESIAN_POINT('',(7.816533616227,0.,-37.88960081062));
#5337 = CARTESIAN_POINT('',(8.279920220653,0.,-38.30859664364));
#5338 = CARTESIAN_POINT('',(8.505251851292,0.,-38.52513129074));
#5339 = CARTESIAN_POINT('',(8.723964503526,0.,-38.74846994524));
#5340 = CARTESIAN_POINT('',(8.935812458866,0.,-38.97836920549));
#5341 = CARTESIAN_POINT('',(9.140561587165,0.,-39.21457499141));
#5342 = CARTESIAN_POINT('',(9.337989346621,0.,-39.45682254446));
#5343 = CARTESIAN_POINT('',(10.208809279526,0.,-40.59416126289));
#5344 = CARTESIAN_POINT('',(10.793135825454,0.,-41.55795904992));
#5345 = CARTESIAN_POINT('',(11.270608353943,0.,-42.58307944464));
#5346 = CARTESIAN_POINT('',(11.633934648065,0.,-43.65524822072));
#5347 = CARTESIAN_POINT('',(11.878027791554,0.,-44.75945398798));
#5348 = CARTESIAN_POINT('',(12.,0.,-45.87992998813));
#5349 = CARTESIAN_POINT('',(12.,0.,-47.));
#5350 = PCURVE('',#718,#5351);
#5351 = DEFINITIONAL_REPRESENTATION('',(#5352),#5559);
#5352 = B_SPLINE_CURVE_WITH_KNOTS('',7,(#5353,#5354,#5355,#5356,#5357,
    #5358,#5359,#5360,#5361,#5362,#5363,#5364,#5365,#5366,#5367,#5368,
    #5369,#5370,#5371,#5372,#5373,#5374,#5375,#5376,#5377,#5378,#5379,
    #5380,#5381,#5382,#5383,#5384,#5385,#5386,#5387,#5388,#5389,#5390,
    #5391,#5392,#5393,#5394,#5395,#5396,#5397,#5398,#5399,#5400,#5401,
    #5402,#5403,#5404,#5405,#5406,#5407,#5408,#5409,#5410,#5411,#5412,
    #5413,#5414,#5415,#5416,#5417,#5418,#5419,#5420,#5421,#5422,#5423,
    #5424,#5425,#5426,#5427,#5428,#5429,#5430,#5431,#5432,#5433,#5434,
    #5435,#5436,#5437,#5438,#5439,#5440,#5441,#5442,#5443,#5444,#5445,
    #5446,#5447,#5448,#5449,#5450,#5451,#5452,#5453,#5454,#5455,#5456,
    #5457,#5458,#5459,#5460,#5461,#5462,#5463,#5464,#5465,#5466,#5467,
    #5468,#5469,#5470,#5471,#5472,#5473,#5474,#5475,#5476,#5477,#5478,
    #5479,#5480,#5481,#5482,#5483,#5484,#5485,#5486,#5487,#5488,#5489,
    #5490,#5491,#5492,#5493,#5494,#5495,#5496,#5497,#5498,#5499,#5500,
    #5501,#5502,#5503,#5504,#5505,#5506,#5507,#5508,#5509,#5510,#5511,
    #5512,#5513,#5514,#5515,#5516,#5517,#5518,#5519,#5520,#5521,#5522,
    #5523,#5524,#5525,#5526,#5527,#5528,#5529,#5530,#5531,#5532,#5533,
    #5534,#5535,#5536,#5537,#5538,#5539,#5540,#5541,#5542,#5543,#5544,
    #5545,#5546,#5547,#5548,#5549,#5550,#5551,#5552,#5553,#5554,#5555,
    #5556,#5557,#5558),.UNSPECIFIED.,.F.,.F.,(8,6,6,6,6,6,6,6,6,6,6,6,6,
    6,6,6,6,6,6,6,6,6,6,6,6,6,6,6,6,6,6,6,6,6,8),(0.,2.100026928079E-02,
    5.000062512473E-02,7.800097149344E-02,0.103001286786,0.128001602078,
    0.152001906279,0.175002199092,0.204002554936,0.232002901305,
    0.260003247674,0.289003603517,0.318003959361,0.347004315205,
    0.367004572406,0.393004898451,0.418005213743,0.445005550163,
    0.460005744828,0.481006014109,0.523006426899,0.566006836224,
    0.591007151516,0.622007524674,0.651007880518,0.680008236361,
    0.706008562407,0.734008908776,0.760009234821,0.789009590665,
    0.809009847865,0.838010203709,0.867010559553,0.896010915397,1.),
  .UNSPECIFIED.);
#5353 = CARTESIAN_POINT('',(6.28318530718,-1.));
#5354 = CARTESIAN_POINT('',(6.264335755203,-1.));
#5355 = CARTESIAN_POINT('',(6.245486199282,-1.));
#5356 = CARTESIAN_POINT('',(6.226636640993,-1.));
#5357 = CARTESIAN_POINT('',(6.207787081915,-1.));
#5358 = CARTESIAN_POINT('',(6.188937523627,-1.));
#5359 = CARTESIAN_POINT('',(6.170087967705,-1.));
#5360 = CARTESIAN_POINT('',(6.125208096426,-1.));
#5361 = CARTESIAN_POINT('',(6.099177757297,-1.));
#5362 = CARTESIAN_POINT('',(6.07314740627,-1.));
#5363 = CARTESIAN_POINT('',(6.047117051279,-1.));
#5364 = CARTESIAN_POINT('',(6.021086700253,-1.));
#5365 = CARTESIAN_POINT('',(5.995056361123,-1.));
#5366 = CARTESIAN_POINT('',(5.943893317226,-1.));
#5367 = CARTESIAN_POINT('',(5.918760575998,-1.));
#5368 = CARTESIAN_POINT('',(5.893627824788,-1.));
#5369 = CARTESIAN_POINT('',(5.868495070252,-1.));
#5370 = CARTESIAN_POINT('',(5.843362319042,-1.));
#5371 = CARTESIAN_POINT('',(5.818229577814,-1.));
#5372 = CARTESIAN_POINT('',(5.77065691513,-1.));
#5373 = CARTESIAN_POINT('',(5.748216967604,-1.));
#5374 = CARTESIAN_POINT('',(5.725777014417,-1.));
#5375 = CARTESIAN_POINT('',(5.703337059343,-1.));
#5376 = CARTESIAN_POINT('',(5.680897106155,-1.));
#5377 = CARTESIAN_POINT('',(5.65845715863,-1.));
#5378 = CARTESIAN_POINT('',(5.61357728245,-1.));
#5379 = CARTESIAN_POINT('',(5.591137334925,-1.));
#5380 = CARTESIAN_POINT('',(5.568697381738,-1.));
#5381 = CARTESIAN_POINT('',(5.546257426663,-1.));
#5382 = CARTESIAN_POINT('',(5.523817473476,-1.));
#5383 = CARTESIAN_POINT('',(5.50137752595,-1.));
#5384 = CARTESIAN_POINT('',(5.457395245929,-1.));
#5385 = CARTESIAN_POINT('',(5.435852896305,-1.));
#5386 = CARTESIAN_POINT('',(5.414310542064,-1.));
#5387 = CARTESIAN_POINT('',(5.392768186285,-1.));
#5388 = CARTESIAN_POINT('',(5.371225832044,-1.));
#5389 = CARTESIAN_POINT('',(5.34968348242,-1.));
#5390 = CARTESIAN_POINT('',(5.307496394983,-1.));
#5391 = CARTESIAN_POINT('',(5.286851643259,-1.));
#5392 = CARTESIAN_POINT('',(5.266206887805,-1.));
#5393 = CARTESIAN_POINT('',(5.245562131107,-1.));
#5394 = CARTESIAN_POINT('',(5.224917375652,-1.));
#5395 = CARTESIAN_POINT('',(5.204272623929,-1.));
#5396 = CARTESIAN_POINT('',(5.157597559121,-1.));
#5397 = CARTESIAN_POINT('',(5.131567219991,-1.));
#5398 = CARTESIAN_POINT('',(5.105536868965,-1.));
#5399 = CARTESIAN_POINT('',(5.079506513973,-1.));
#5400 = CARTESIAN_POINT('',(5.053476162947,-1.));
#5401 = CARTESIAN_POINT('',(5.027445823818,-1.));
#5402 = CARTESIAN_POINT('',(4.976282779921,-1.));
#5403 = CARTESIAN_POINT('',(4.951150038692,-1.));
#5404 = CARTESIAN_POINT('',(4.926017287483,-1.));
#5405 = CARTESIAN_POINT('',(4.900884532946,-1.));
#5406 = CARTESIAN_POINT('',(4.875751781737,-1.));
#5407 = CARTESIAN_POINT('',(4.850619040508,-1.));
#5408 = CARTESIAN_POINT('',(4.80035359132,-1.));
#5409 = CARTESIAN_POINT('',(4.775220850091,-1.));
#5410 = CARTESIAN_POINT('',(4.750088098882,-1.));
#5411 = CARTESIAN_POINT('',(4.724955344345,-1.));
#5412 = CARTESIAN_POINT('',(4.699822593136,-1.));
#5413 = CARTESIAN_POINT('',(4.674689851907,-1.));
#5414 = CARTESIAN_POINT('',(4.62352680801,-1.));
#5415 = CARTESIAN_POINT('',(4.597496468881,-1.));
#5416 = CARTESIAN_POINT('',(4.571466117855,-1.));
#5417 = CARTESIAN_POINT('',(4.545435762863,-1.));
#5418 = CARTESIAN_POINT('',(4.519405411837,-1.));
#5419 = CARTESIAN_POINT('',(4.493375072707,-1.));
#5420 = CARTESIAN_POINT('',(4.441314434102,-1.));
#5421 = CARTESIAN_POINT('',(4.415284094973,-1.));
#5422 = CARTESIAN_POINT('',(4.389253743946,-1.));
#5423 = CARTESIAN_POINT('',(4.363223388955,-1.));
#5424 = CARTESIAN_POINT('',(4.337193037929,-1.));
#5425 = CARTESIAN_POINT('',(4.311162698799,-1.));
#5426 = CARTESIAN_POINT('',(4.259102060194,-1.));
#5427 = CARTESIAN_POINT('',(4.233071721064,-1.));
#5428 = CARTESIAN_POINT('',(4.207041370038,-1.));
#5429 = CARTESIAN_POINT('',(4.181011015047,-1.));
#5430 = CARTESIAN_POINT('',(4.154980664021,-1.));
#5431 = CARTESIAN_POINT('',(4.128950324891,-1.));
#5432 = CARTESIAN_POINT('',(4.084968050659,-1.));
#5433 = CARTESIAN_POINT('',(4.067016092638,-1.));
#5434 = CARTESIAN_POINT('',(4.049064132763,-1.));
#5435 = CARTESIAN_POINT('',(4.03111217227,-1.));
#5436 = CARTESIAN_POINT('',(4.013160212395,-1.));
#5437 = CARTESIAN_POINT('',(3.995208254374,-1.));
#5438 = CARTESIAN_POINT('',(3.9539187655,-1.));
#5439 = CARTESIAN_POINT('',(3.930581220073,-1.));
#5440 = CARTESIAN_POINT('',(3.907243667757,-1.));
#5441 = CARTESIAN_POINT('',(3.883906113146,-1.));
#5442 = CARTESIAN_POINT('',(3.86056856083,-1.));
#5443 = CARTESIAN_POINT('',(3.837231015403,-1.));
#5444 = CARTESIAN_POINT('',(3.791453543368,-1.));
#5445 = CARTESIAN_POINT('',(3.769013595843,-1.));
#5446 = CARTESIAN_POINT('',(3.746573642656,-1.));
#5447 = CARTESIAN_POINT('',(3.724133687581,-1.));
#5448 = CARTESIAN_POINT('',(3.701693734394,-1.));
#5449 = CARTESIAN_POINT('',(3.679253786868,-1.));
#5450 = CARTESIAN_POINT('',(3.632578719318,-1.));
#5451 = CARTESIAN_POINT('',(3.608343575991,-1.));
#5452 = CARTESIAN_POINT('',(3.584108424342,-1.));
#5453 = CARTESIAN_POINT('',(3.559873269921,-1.));
#5454 = CARTESIAN_POINT('',(3.535638118273,-1.));
#5455 = CARTESIAN_POINT('',(3.511402974945,-1.));
#5456 = CARTESIAN_POINT('',(3.473703877703,-1.));
#5457 = CARTESIAN_POINT('',(3.460239909188,-1.));
#5458 = CARTESIAN_POINT('',(3.446775940232,-1.));
#5459 = CARTESIAN_POINT('',(3.43331197113,-1.));
#5460 = CARTESIAN_POINT('',(3.419848002174,-1.));
#5461 = CARTESIAN_POINT('',(3.406384033659,-1.));
#5462 = CARTESIAN_POINT('',(3.374070513901,-1.));
#5463 = CARTESIAN_POINT('',(3.355220957979,-1.));
#5464 = CARTESIAN_POINT('',(3.336371399691,-1.));
#5465 = CARTESIAN_POINT('',(3.317521840613,-1.));
#5466 = CARTESIAN_POINT('',(3.298672282324,-1.));
#5467 = CARTESIAN_POINT('',(3.279822726403,-1.));
#5468 = CARTESIAN_POINT('',(3.223274183364,-1.));
#5469 = CARTESIAN_POINT('',(3.185574829277,-1.));
#5470 = CARTESIAN_POINT('',(3.147875741863,-1.));
#5471 = CARTESIAN_POINT('',(3.110176824088,-1.));
#5472 = CARTESIAN_POINT('',(3.072477736674,-1.));
#5473 = CARTESIAN_POINT('',(3.034778382587,-1.));
#5474 = CARTESIAN_POINT('',(2.958482817369,-1.));
#5475 = CARTESIAN_POINT('',(2.919885835644,-1.));
#5476 = CARTESIAN_POINT('',(2.881289153339,-1.));
#5477 = CARTESIAN_POINT('',(2.842692661501,-1.));
#5478 = CARTESIAN_POINT('',(2.804095979197,-1.));
#5479 = CARTESIAN_POINT('',(2.765498997471,-1.));
#5480 = CARTESIAN_POINT('',(2.704462485226,-1.));
#5481 = CARTESIAN_POINT('',(2.682022537701,-1.));
#5482 = CARTESIAN_POINT('',(2.659582584514,-1.));
#5483 = CARTESIAN_POINT('',(2.637142629439,-1.));
#5484 = CARTESIAN_POINT('',(2.614702676252,-1.));
#5485 = CARTESIAN_POINT('',(2.592262728726,-1.));
#5486 = CARTESIAN_POINT('',(2.541997283386,-1.));
#5487 = CARTESIAN_POINT('',(2.514171748455,-1.));
#5488 = CARTESIAN_POINT('',(2.486346196914,-1.));
#5489 = CARTESIAN_POINT('',(2.458520639837,-1.));
#5490 = CARTESIAN_POINT('',(2.430695088296,-1.));
#5491 = CARTESIAN_POINT('',(2.402869553364,-1.));
#5492 = CARTESIAN_POINT('',(2.349013726811,-1.));
#5493 = CARTESIAN_POINT('',(2.322983387682,-1.));
#5494 = CARTESIAN_POINT('',(2.296953036656,-1.));
#5495 = CARTESIAN_POINT('',(2.270922681664,-1.));
#5496 = CARTESIAN_POINT('',(2.244892330638,-1.));
#5497 = CARTESIAN_POINT('',(2.218861991508,-1.));
#5498 = CARTESIAN_POINT('',(2.166801352903,-1.));
#5499 = CARTESIAN_POINT('',(2.140771013774,-1.));
#5500 = CARTESIAN_POINT('',(2.114740662747,-1.));
#5501 = CARTESIAN_POINT('',(2.088710307756,-1.));
#5502 = CARTESIAN_POINT('',(2.06267995673,-1.));
#5503 = CARTESIAN_POINT('',(2.0366496176,-1.));
#5504 = CARTESIAN_POINT('',(1.987281764352,-1.));
#5505 = CARTESIAN_POINT('',(1.963944218926,-1.));
#5506 = CARTESIAN_POINT('',(1.94060666661,-1.));
#5507 = CARTESIAN_POINT('',(1.917269111998,-1.));
#5508 = CARTESIAN_POINT('',(1.893931559683,-1.));
#5509 = CARTESIAN_POINT('',(1.870594014256,-1.));
#5510 = CARTESIAN_POINT('',(1.822123755717,-1.));
#5511 = CARTESIAN_POINT('',(1.796991014488,-1.));
#5512 = CARTESIAN_POINT('',(1.771858263279,-1.));
#5513 = CARTESIAN_POINT('',(1.746725508742,-1.));
#5514 = CARTESIAN_POINT('',(1.721592757533,-1.));
#5515 = CARTESIAN_POINT('',(1.696460016304,-1.));
#5516 = CARTESIAN_POINT('',(1.647989757765,-1.));
#5517 = CARTESIAN_POINT('',(1.624652212338,-1.));
#5518 = CARTESIAN_POINT('',(1.601314660022,-1.));
#5519 = CARTESIAN_POINT('',(1.577977105411,-1.));
#5520 = CARTESIAN_POINT('',(1.554639553095,-1.));
#5521 = CARTESIAN_POINT('',(1.531302007669,-1.));
#5522 = CARTESIAN_POINT('',(1.481934154421,-1.));
#5523 = CARTESIAN_POINT('',(1.455903815291,-1.));
#5524 = CARTESIAN_POINT('',(1.429873464265,-1.));
#5525 = CARTESIAN_POINT('',(1.403843109273,-1.));
#5526 = CARTESIAN_POINT('',(1.377812758247,-1.));
#5527 = CARTESIAN_POINT('',(1.351782419118,-1.));
#5528 = CARTESIAN_POINT('',(1.307800144885,-1.));
#5529 = CARTESIAN_POINT('',(1.289848186865,-1.));
#5530 = CARTESIAN_POINT('',(1.27189622699,-1.));
#5531 = CARTESIAN_POINT('',(1.253944266497,-1.));
#5532 = CARTESIAN_POINT('',(1.235992306622,-1.));
#5533 = CARTESIAN_POINT('',(1.218040348601,-1.));
#5534 = CARTESIAN_POINT('',(1.174058074369,-1.));
#5535 = CARTESIAN_POINT('',(1.148027735239,-1.));
#5536 = CARTESIAN_POINT('',(1.121997384213,-1.));
#5537 = CARTESIAN_POINT('',(1.095967029222,-1.));
#5538 = CARTESIAN_POINT('',(1.069936678195,-1.));
#5539 = CARTESIAN_POINT('',(1.043906339066,-1.));
#5540 = CARTESIAN_POINT('',(0.991845700461,-1.));
#5541 = CARTESIAN_POINT('',(0.965815361331,-1.));
#5542 = CARTESIAN_POINT('',(0.939785010305,-1.));
#5543 = CARTESIAN_POINT('',(0.913754655313,-1.));
#5544 = CARTESIAN_POINT('',(0.887724304287,-1.));
#5545 = CARTESIAN_POINT('',(0.861693965158,-1.));
#5546 = CARTESIAN_POINT('',(0.809633326552,-1.));
#5547 = CARTESIAN_POINT('',(0.783602987423,-1.));
#5548 = CARTESIAN_POINT('',(0.757572636397,-1.));
#5549 = CARTESIAN_POINT('',(0.731542281405,-1.));
#5550 = CARTESIAN_POINT('',(0.705511930379,-1.));
#5551 = CARTESIAN_POINT('',(0.679481591249,-1.));
#5552 = CARTESIAN_POINT('',(0.560112104291,-1.));
#5553 = CARTESIAN_POINT('',(0.466739085405,-1.));
#5554 = CARTESIAN_POINT('',(0.373393789651,-1.));
#5555 = CARTESIAN_POINT('',(0.280057482295,-1.));
#5556 = CARTESIAN_POINT('',(0.186712186541,-1.));
#5557 = CARTESIAN_POINT('',(9.333916765561E-02,-1.));
#5558 = CARTESIAN_POINT('',(0.,-1.));
#5559 = ( GEOMETRIC_REPRESENTATION_CONTEXT(2) 
PARAMETRIC_REPRESENTATION_CONTEXT() REPRESENTATION_CONTEXT('2D SPACE',''
  ) );
#5560 = PCURVE('',#787,#5561);
#5561 = DEFINITIONAL_REPRESENTATION('',(#5562),#5769);
#5562 = B_SPLINE_CURVE_WITH_KNOTS('',7,(#5563,#5564,#5565,#5566,#5567,
    #5568,#5569,#5570,#5571,#5572,#5573,#5574,#5575,#5576,#5577,#5578,
    #5579,#5580,#5581,#5582,#5583,#5584,#5585,#5586,#5587,#5588,#5589,
    #5590,#5591,#5592,#5593,#5594,#5595,#5596,#5597,#5598,#5599,#5600,
    #5601,#5602,#5603,#5604,#5605,#5606,#5607,#5608,#5609,#5610,#5611,
    #5612,#5613,#5614,#5615,#5616,#5617,#5618,#5619,#5620,#5621,#5622,
    #5623,#5624,#5625,#5626,#5627,#5628,#5629,#5630,#5631,#5632,#5633,
    #5634,#5635,#5636,#5637,#5638,#5639,#5640,#5641,#5642,#5643,#5644,
    #5645,#5646,#5647,#5648,#5649,#5650,#5651,#5652,#5653,#5654,#5655,
    #5656,#5657,#5658,#5659,#5660,#5661,#5662,#5663,#5664,#5665,#5666,
    #5667,#5668,#5669,#5670,#5671,#5672,#5673,#5674,#5675,#5676,#5677,
    #5678,#5679,#5680,#5681,#5682,#5683,#5684,#5685,#5686,#5687,#5688,
    #5689,#5690,#5691,#5692,#5693,#5694,#5695,#5696,#5697,#5698,#5699,
    #5700,#5701,#5702,#5703,#5704,#5705,#5706,#5707,#5708,#5709,#5710,
    #5711,#5712,#5713,#5714,#5715,#5716,#5717,#5718,#5719,#5720,#5721,
    #5722,#5723,#5724,#5725,#5726,#5727,#5728,#5729,#5730,#5731,#5732,
    #5733,#5734,#5735,#5736,#5737,#5738,#5739,#5740,#5741,#5742,#5743,
    #5744,#5745,#5746,#5747,#5748,#5749,#5750,#5751,#5752,#5753,#5754,
    #5755,#5756,#5757,#5758,#5759,#5760,#5761,#5762,#5763,#5764,#5765,
    #5766,#5767,#5768),.UNSPECIFIED.,.T.,.F.,(8,6,6,6,6,6,6,6,6,6,6,6,6,
    6,6,6,6,6,6,6,6,6,6,6,6,6,6,6,6,6,6,6,6,6,8),(0.,2.100026928079E-02,
    5.000062512473E-02,7.800097149344E-02,0.103001286786,0.128001602078,
    0.152001906279,0.175002199092,0.204002554936,0.232002901305,
    0.260003247674,0.289003603517,0.318003959361,0.347004315205,
    0.367004572406,0.393004898451,0.418005213743,0.445005550163,
    0.460005744828,0.481006014109,0.523006426899,0.566006836224,
    0.591007151516,0.622007524674,0.651007880518,0.680008236361,
    0.706008562407,0.734008908776,0.760009234821,0.789009590665,
    0.809009847865,0.838010203709,0.867010559553,0.896010915397,1.),
  .UNSPECIFIED.);
#5563 = CARTESIAN_POINT('',(-12.,24.));
#5564 = CARTESIAN_POINT('',(-12.22619462371,24.));
#5565 = CARTESIAN_POINT('',(-12.45238939,23.995025716698));
#5566 = CARTESIAN_POINT('',(-12.67845278326,23.985077157092));
#5567 = CARTESIAN_POINT('',(-12.90425357347,23.970158650386));
#5568 = CARTESIAN_POINT('',(-13.12966081619,23.950278847993));
#5569 = CARTESIAN_POINT('',(-13.3545438525,23.925450723534));
#5570 = CARTESIAN_POINT('',(-13.88842095907,23.854595625522));
#5571 = CARTESIAN_POINT('',(-14.19682228389,23.804095922436));
#5572 = CARTESIAN_POINT('',(-14.50363236635,23.744238156538));
#5573 = CARTESIAN_POINT('',(-14.80851077509,23.675083388549));
#5574 = CARTESIAN_POINT('',(-15.11112056453,23.596708046941));
#5575 = CARTESIAN_POINT('',(-15.41112827497,23.509203927944));
#5576 = CARTESIAN_POINT('',(-15.99503563047,23.319480927367));
#5577 = CARTESIAN_POINT('',(-16.27913520682,23.217873108946));
#5578 = CARTESIAN_POINT('',(-16.56020575705,23.107951251744));
#5579 = CARTESIAN_POINT('',(-16.83795573607,22.989824468735));
#5580 = CARTESIAN_POINT('',(-17.11209895818,22.8636144744));
#5581 = CARTESIAN_POINT('',(-17.38235459711,22.72945558473));
#5582 = CARTESIAN_POINT('',(-17.88602991196,22.460743912063));
#5583 = CARTESIAN_POINT('',(-18.12029460542,22.327773035853));
#5584 = CARTESIAN_POINT('',(-18.35104534978,22.188686633014));
#5585 = CARTESIAN_POINT('',(-18.57809091404,22.043596580276));
#5586 = CARTESIAN_POINT('',(-18.80124475281,21.892622086667));
#5587 = CARTESIAN_POINT('',(-19.02032500628,21.735889693519));
#5588 = CARTESIAN_POINT('',(-19.44998399424,21.411176855408));
#5589 = CARTESIAN_POINT('',(-19.6605632727,21.243195999336));
#5590 = CARTESIAN_POINT('',(-19.86671518547,21.069724611666));
#5591 = CARTESIAN_POINT('',(-20.06826835729,20.890903106855));
#5592 = CARTESIAN_POINT('',(-20.26505718786,20.706878408401));
#5593 = CARTESIAN_POINT('',(-20.45692185179,20.517803948841));
#5594 = CARTESIAN_POINT('',(-20.823023299,20.137633950028));
#5595 = CARTESIAN_POINT('',(-20.99765862602,19.946921346815));
#5596 = CARTESIAN_POINT('',(-21.16747803811,19.751843359678));
#5597 = CARTESIAN_POINT('',(-21.33235098807,19.552546198979));
#5598 = CARTESIAN_POINT('',(-21.49215262305,19.349180785875));
#5599 = CARTESIAN_POINT('',(-21.64676378459,19.141902752321));
#5600 = CARTESIAN_POINT('',(-21.93915710628,18.72863504814));
#5601 = CARTESIAN_POINT('',(-22.07737233092,18.522951161624));
#5602 = CARTESIAN_POINT('',(-22.21061685976,18.313961891577));
#5603 = CARTESIAN_POINT('',(-22.33879620513,18.101811571476));
#5604 = CARTESIAN_POINT('',(-22.46182121447,17.886647758214));
#5605 = CARTESIAN_POINT('',(-22.57960807031,17.668621232104));
#5606 = CARTESIAN_POINT('',(-22.83388850228,17.169567784972));
#5607 = CARTESIAN_POINT('',(-22.96724684606,16.886942327331));
#5608 = CARTESIAN_POINT('',(-23.09199585768,16.600318771181));
#5609 = CARTESIAN_POINT('',(-23.20799270649,16.310012110712));
#5610 = CARTESIAN_POINT('',(-23.31510919508,16.01634318707));
#5611 = CARTESIAN_POINT('',(-23.41323175929,15.719638688359));
#5612 = CARTESIAN_POINT('',(-23.58822119574,15.13114797995));
#5613 = CARTESIAN_POINT('',(-23.66570471322,14.839543757471));
#5614 = CARTESIAN_POINT('',(-23.73462307628,14.545717740698));
#5615 = CARTESIAN_POINT('',(-23.79490075854,14.249971922926));
#5616 = CARTESIAN_POINT('',(-23.84647565157,13.952611032243));
#5617 = CARTESIAN_POINT('',(-23.88929906496,13.653942531534));
#5618 = CARTESIAN_POINT('',(-23.95737238751,13.054610705431));
#5619 = CARTESIAN_POINT('',(-23.98262243231,12.75394618593));
#5620 = CARTESIAN_POINT('',(-23.99905066632,12.452593266536));
#5621 = CARTESIAN_POINT('',(-24.00663558473,12.150862497935));
#5622 = CARTESIAN_POINT('',(-24.00536937226,11.849064774939));
#5623 = CARTESIAN_POINT('',(-23.99525790315,11.547511336488));
#5624 = CARTESIAN_POINT('',(-23.95670725386,10.934766312688));
#5625 = CARTESIAN_POINT('',(-23.92762632192,10.623613783276));
#5626 = CARTESIAN_POINT('',(-23.88909977824,10.313402429078));
#5627 = CARTESIAN_POINT('',(-23.84116502757,10.004476085552));
#5628 = CARTESIAN_POINT('',(-23.78387504643,9.697176171946));
#5629 = CARTESIAN_POINT('',(-23.71729838316,9.391841691302));
#5630 = CARTESIAN_POINT('',(-23.5657399326,8.78577676961));
#5631 = CARTESIAN_POINT('',(-23.48075779782,8.485044939018));
#5632 = CARTESIAN_POINT('',(-23.38665696785,8.186950301964));
#5633 = CARTESIAN_POINT('',(-23.28353653317,7.891824223826));
#5634 = CARTESIAN_POINT('',(-23.17151046042,7.599992872075));
#5635 = CARTESIAN_POINT('',(-23.05070759243,7.311777216275));
#5636 = CARTESIAN_POINT('',(-22.791835704,6.743208839889));
#5637 = CARTESIAN_POINT('',(-22.65376609004,6.46285481573));
#5638 = CARTESIAN_POINT('',(-22.50720661368,6.186746687037));
#5639 = CARTESIAN_POINT('',(-22.3523147703,5.915192377736));
#5640 = CARTESIAN_POINT('',(-22.18926174327,5.648492004248));
#5641 = CARTESIAN_POINT('',(-22.018232404,5.386937875488));
#5642 = CARTESIAN_POINT('',(-21.71611000327,4.954177573133));
#5643 = CARTESIAN_POINT('',(-21.58909515343,4.780123273186));
#5644 = CARTESIAN_POINT('',(-21.45844578821,4.608744726955));
#5645 = CARTESIAN_POINT('',(-21.32422972153,4.440132849048));
#5646 = CARTESIAN_POINT('',(-21.18651755536,4.274376334756));
#5647 = CARTESIAN_POINT('',(-21.04538267976,4.111561660044));
#5648 = CARTESIAN_POINT('',(-20.71307550395,3.744047995961));
#5649 = CARTESIAN_POINT('',(-20.51959368766,3.541436569503));
#5650 = CARTESIAN_POINT('',(-20.32062341158,3.344124107358));
#5651 = CARTESIAN_POINT('',(-20.11633923199,3.152288493778));
#5652 = CARTESIAN_POINT('',(-19.90692267391,2.966100192089));
#5653 = CARTESIAN_POINT('',(-19.69256223106,2.785722244696));
#5654 = CARTESIAN_POINT('',(-19.26277174964,2.443606442236));
#5655 = CARTESIAN_POINT('',(-19.04769938406,2.281418039177));
#5656 = CARTESIAN_POINT('',(-18.8284100231,2.124883347664));
#5657 = CARTESIAN_POINT('',(-18.60508228913,1.97413343922));
#5658 = CARTESIAN_POINT('',(-18.37789967291,1.829292173129));
#5659 = CARTESIAN_POINT('',(-18.14705053355,1.69047619644));
#5660 = CARTESIAN_POINT('',(-17.65965990719,1.414499213033));
#5661 = CARTESIAN_POINT('',(-17.40253968024,1.278358584445));
#5662 = CARTESIAN_POINT('',(-17.14161096454,1.149510926283));
#5663 = CARTESIAN_POINT('',(-16.87712224669,1.028083347002));
#5664 = CARTESIAN_POINT('',(-16.60932695308,0.914192195427));
#5665 = CARTESIAN_POINT('',(-16.33848344985,0.807943060753));
#5666 = CARTESIAN_POINT('',(-15.91283918262,0.654701695214));
#5667 = CARTESIAN_POINT('',(-15.75996361486,0.602360468914));
#5668 = CARTESIAN_POINT('',(-15.60627339335,0.552423312992));
#5669 = CARTESIAN_POINT('',(-15.45181390328,0.504905369261));
#5670 = CARTESIAN_POINT('',(-15.29663086134,0.45982070201));
#5671 = CARTESIAN_POINT('',(-15.14077031568,0.417182297998));
#5672 = CARTESIAN_POINT('',(-14.7651903423,0.320749751007));
#5673 = CARTESIAN_POINT('',(-14.54486484659,0.269315407148));
#5674 = CARTESIAN_POINT('',(-14.32342954437,0.222731734698));
#5675 = CARTESIAN_POINT('',(-14.10101261945,0.181027176042));
#5676 = CARTESIAN_POINT('',(-13.87774305395,0.144225916129));
#5677 = CARTESIAN_POINT('',(-13.65375062827,0.112347882476));
#5678 = CARTESIAN_POINT('',(-12.97999785191,3.153063187512E-02));
#5679 = CARTESIAN_POINT('',(-12.52845576692,-2.592333757356E-03));
#5680 = CARTESIAN_POINT('',(-12.07558983569,-1.683459609933E-02));
#5681 = CARTESIAN_POINT('',(-11.62244983606,-1.113997116766E-02));
#5682 = CARTESIAN_POINT('',(-11.17008483416,1.447835738996E-02));
#5683 = CARTESIAN_POINT('',(-10.71954286438,5.993784231663E-02));
#5684 = CARTESIAN_POINT('',(-9.813539632846,0.191786450943));
#5685 = CARTESIAN_POINT('',(-9.358207337342,0.279125691074));
#5686 = CARTESIAN_POINT('',(-8.906997197059,0.386940324755));
#5687 = CARTESIAN_POINT('',(-8.461012190566,0.514992962802));
#5688 = CARTESIAN_POINT('',(-8.021334441111,0.662972902537));
#5689 = CARTESIAN_POINT('',(-7.589024856907,0.830496231064));
#5690 = CARTESIAN_POINT('',(-6.918667308428,1.125600274229));
#5691 = CARTESIAN_POINT('',(-6.67505191299,1.240546955911));
#5692 = CARTESIAN_POINT('',(-6.434479820092,1.36185648396));
#5693 = CARTESIAN_POINT('',(-6.197150144738,1.489431704323));
#5694 = CARTESIAN_POINT('',(-5.963257881964,1.623167798521));
#5695 = CARTESIAN_POINT('',(-5.732993906843,1.76295228366));
#5696 = CARTESIAN_POINT('',(-5.225748459617,2.089348692313));
#5697 = CARTESIAN_POINT('',(-4.950816681655,2.279148477702));
#5698 = CARTESIAN_POINT('',(-4.682106162333,2.477834872003));
#5699 = CARTESIAN_POINT('',(-4.419960658363,2.68516223848));
#5700 = CARTESIAN_POINT('',(-4.164711161428,2.900868800246));
#5701 = CARTESIAN_POINT('',(-3.916675898181,3.124676640263));
#5702 = CARTESIAN_POINT('',(-3.451161843276,3.572963905771));
#5703 = CARTESIAN_POINT('',(-3.232742917826,3.796469543658));
#5704 = CARTESIAN_POINT('',(-3.021153423752,4.02656792444));
#5705 = CARTESIAN_POINT('',(-2.816631312866,4.263008048374));
#5706 = CARTESIAN_POINT('',(-2.619402618936,4.505528606537));
#5707 = CARTESIAN_POINT('',(-2.429681457688,4.75385798083));
#5708 = CARTESIAN_POINT('',(-2.06565859592,5.261570507122));
#5709 = CARTESIAN_POINT('',(-1.891356060794,5.520954823168));
#5710 = CARTESIAN_POINT('',(-1.724964540219,5.785585208275));
#5711 = CARTESIAN_POINT('',(-1.566672564162,6.055171699708));
#5712 = CARTESIAN_POINT('',(-1.416655073766,6.329416355839));
#5713 = CARTESIAN_POINT('',(-1.275073421351,6.608013256147));
#5714 = CARTESIAN_POINT('',(-1.022835706367,7.144045685836));
#5715 = CARTESIAN_POINT('',(-0.910495157546,7.400689806083));
#5716 = CARTESIAN_POINT('',(-0.805160080886,7.660354782751));
#5717 = CARTESIAN_POINT('',(-0.706927299223,7.922810968187));
#5718 = CARTESIAN_POINT('',(-0.615884101285,8.187825146284));
#5719 = CARTESIAN_POINT('',(-0.532108241694,8.455160532487));
#5720 = CARTESIAN_POINT('',(-0.373347631094,9.014717292054));
#5721 = CARTESIAN_POINT('',(-0.299534541674,9.307272151661));
#5722 = CARTESIAN_POINT('',(-0.23431384956,9.601941000065));
#5723 = CARTESIAN_POINT('',(-0.177757280318,9.89842091875));
#5724 = CARTESIAN_POINT('',(-0.12992310823,10.19640642323));
#5725 = CARTESIAN_POINT('',(-9.085615629444E-02,10.49558946305));
#5726 = CARTESIAN_POINT('',(-3.248145709872E-02,11.074295859377));
#5727 = CARTESIAN_POINT('',(-1.19615619683E-02,11.353697966152));
#5728 = CARTESIAN_POINT('',(9.468391558727E-04,11.633617153889));
#5729 = CARTESIAN_POINT('',(6.228874484846E-03,11.913804642492));
#5730 = CARTESIAN_POINT('',(3.879850451553E-03,12.194011459984));
#5731 = CARTESIAN_POINT('',(-6.094748289184E-03,12.473988442514));
#5732 = CARTESIAN_POINT('',(-4.329274613085E-02,13.065233687312));
#5733 = CARTESIAN_POINT('',(-7.237367807499E-02,13.376386216724));
#5734 = CARTESIAN_POINT('',(-0.110900221752,13.686597570921));
#5735 = CARTESIAN_POINT('',(-0.158834972427,13.995523914448));
#5736 = CARTESIAN_POINT('',(-0.216124953564,14.302823828054));
#5737 = CARTESIAN_POINT('',(-0.282701616837,14.608158308697));
#5738 = CARTESIAN_POINT('',(-0.410742407605,15.120178796778));
#5739 = CARTESIAN_POINT('',(-0.467381037893,15.328072368035));
#5740 = CARTESIAN_POINT('',(-0.528369171498,15.534761289606));
#5741 = CARTESIAN_POINT('',(-0.593675850965,15.740136447656));
#5742 = CARTESIAN_POINT('',(-0.663266722875,15.944089808226));
#5743 = CARTESIAN_POINT('',(-0.737104037839,16.146514417229));
#5744 = CARTESIAN_POINT('',(-0.92830837215,16.638449704493));
#5745 = CARTESIAN_POINT('',(-1.050312090172,16.92615908903));
#5746 = CARTESIAN_POINT('',(-1.181032071759,17.210109199533));
#5747 = CARTESIAN_POINT('',(-1.3203284767,17.48998370287));
#5748 = CARTESIAN_POINT('',(-1.468047357378,17.765473287305));
#5749 = CARTESIAN_POINT('',(-1.624020658773,18.036275662505));
#5750 = CARTESIAN_POINT('',(-1.952111778153,18.567915456564));
#5751 = CARTESIAN_POINT('',(-2.124230348361,18.82875409433));
#5752 = CARTESIAN_POINT('',(-2.304239684056,19.084316254878));
#5753 = CARTESIAN_POINT('',(-2.491944938664,19.334316181756));
#5754 = CARTESIAN_POINT('',(-2.687138664073,19.57847758002));
#5755 = CARTESIAN_POINT('',(-2.889600810628,19.816533616227));
#5756 = CARTESIAN_POINT('',(-3.30859664364,20.279920220653));
#5757 = CARTESIAN_POINT('',(-3.525131290742,20.505251851292));
#5758 = CARTESIAN_POINT('',(-3.748469945242,20.723964503526));
#5759 = CARTESIAN_POINT('',(-3.978369205496,20.935812458866));
#5760 = CARTESIAN_POINT('',(-4.214574991415,21.140561587165));
#5761 = CARTESIAN_POINT('',(-4.456822544464,21.337989346621));
#5762 = CARTESIAN_POINT('',(-5.594161262899,22.208809279526));
#5763 = CARTESIAN_POINT('',(-6.557959049926,22.793135825454));
#5764 = CARTESIAN_POINT('',(-7.583079444647,23.270608353943));
#5765 = CARTESIAN_POINT('',(-8.655248220725,23.633934648065));
#5766 = CARTESIAN_POINT('',(-9.75945398798,23.878027791554));
#5767 = CARTESIAN_POINT('',(-10.87992998813,24.));
#5768 = CARTESIAN_POINT('',(-12.,24.));
#5769 = ( GEOMETRIC_REPRESENTATION_CONTEXT(2) 
PARAMETRIC_REPRESENTATION_CONTEXT() REPRESENTATION_CONTEXT('2D SPACE',''
  ) );
#5770 = ORIENTED_EDGE('',*,*,#3689,.T.);
#5771 = ORIENTED_EDGE('',*,*,#2889,.T.);
#5772 = ORIENTED_EDGE('',*,*,#2693,.T.);
#5773 = ORIENTED_EDGE('',*,*,#1835,.T.);
#5774 = ORIENTED_EDGE('',*,*,#1668,.T.);
#5775 = ORIENTED_EDGE('',*,*,#862,.T.);
#5776 = ORIENTED_EDGE('',*,*,#624,.T.);
#5777 = ADVANCED_FACE('',(#5778),#787,.T.);
#5778 = FACE_BOUND('',#5779,.T.);
#5779 = EDGE_LOOP('',(#5780,#5781,#5808,#5833,#5834,#5835));
#5780 = ORIENTED_EDGE('',*,*,#772,.T.);
#5781 = ORIENTED_EDGE('',*,*,#5782,.F.);
#5782 = EDGE_CURVE('',#5783,#773,#5785,.T.);
#5783 = VERTEX_POINT('',#5784);
#5784 = CARTESIAN_POINT('',(15.,0.,-47.));
#5785 = SURFACE_CURVE('',#5786,(#5791,#5802),.PCURVE_S1.);
#5786 = ELLIPSE('',#5787,15.,15.);
#5787 = AXIS2_PLACEMENT_3D('',#5788,#5789,#5790);
#5788 = CARTESIAN_POINT('',(0.,0.,-47.));
#5789 = DIRECTION('',(0.,-1.,2.22044604925E-16));
#5790 = DIRECTION('',(1.,0.,0.));
#5791 = PCURVE('',#787,#5792);
#5792 = DEFINITIONAL_REPRESENTATION('',(#5793),#5801);
#5793 = ( BOUNDED_CURVE() B_SPLINE_CURVE(2,(#5794,#5795,#5796,#5797,
#5798,#5799,#5800),.UNSPECIFIED.,.T.,.F.) B_SPLINE_CURVE_WITH_KNOTS((1,2
    ,2,2,2,1),(-2.094395102393,0.,2.094395102393,4.188790204786,
6.28318530718,8.377580409573),.UNSPECIFIED.) CURVE() 
GEOMETRIC_REPRESENTATION_ITEM() RATIONAL_B_SPLINE_CURVE((1.,0.5,1.,0.5,
1.,0.5,1.)) REPRESENTATION_ITEM('') );
#5794 = CARTESIAN_POINT('',(-12.,27.));
#5795 = CARTESIAN_POINT('',(13.980762113533,27.));
#5796 = CARTESIAN_POINT('',(0.990381056767,4.5));
#5797 = CARTESIAN_POINT('',(-12.,-18.));
#5798 = CARTESIAN_POINT('',(-24.99038105676,4.5));
#5799 = CARTESIAN_POINT('',(-37.98076211353,27.));
#5800 = CARTESIAN_POINT('',(-12.,27.));
#5801 = ( GEOMETRIC_REPRESENTATION_CONTEXT(2) 
PARAMETRIC_REPRESENTATION_CONTEXT() REPRESENTATION_CONTEXT('2D SPACE',''
  ) );
#5802 = PCURVE('',#818,#5803);
#5803 = DEFINITIONAL_REPRESENTATION('',(#5804),#5807);
#5804 = B_SPLINE_CURVE_WITH_KNOTS('',1,(#5805,#5806),.UNSPECIFIED.,.F.,
  .F.,(2,2),(0.,0.927295218002),.PIECEWISE_BEZIER_KNOTS.);
#5805 = CARTESIAN_POINT('',(6.28318530718,0.));
#5806 = CARTESIAN_POINT('',(7.210480525181,0.));
#5807 = ( GEOMETRIC_REPRESENTATION_CONTEXT(2) 
PARAMETRIC_REPRESENTATION_CONTEXT() REPRESENTATION_CONTEXT('2D SPACE',''
  ) );
#5808 = ORIENTED_EDGE('',*,*,#5809,.F.);
#5809 = EDGE_CURVE('',#3523,#5783,#5810,.T.);
#5810 = SURFACE_CURVE('',#5811,(#5816,#5827),.PCURVE_S1.);
#5811 = ELLIPSE('',#5812,15.,15.);
#5812 = AXIS2_PLACEMENT_3D('',#5813,#5814,#5815);
#5813 = CARTESIAN_POINT('',(0.,0.,-47.));
#5814 = DIRECTION('',(0.,-1.,2.22044604925E-16));
#5815 = DIRECTION('',(1.,0.,0.));
#5816 = PCURVE('',#787,#5817);
#5817 = DEFINITIONAL_REPRESENTATION('',(#5818),#5826);
#5818 = ( BOUNDED_CURVE() B_SPLINE_CURVE(2,(#5819,#5820,#5821,#5822,
#5823,#5824,#5825),.UNSPECIFIED.,.T.,.F.) B_SPLINE_CURVE_WITH_KNOTS((1,2
    ,2,2,2,1),(-2.094395102393,0.,2.094395102393,4.188790204786,
6.28318530718,8.377580409573),.UNSPECIFIED.) CURVE() 
GEOMETRIC_REPRESENTATION_ITEM() RATIONAL_B_SPLINE_CURVE((1.,0.5,1.,0.5,
1.,0.5,1.)) REPRESENTATION_ITEM('') );
#5819 = CARTESIAN_POINT('',(-12.,27.));
#5820 = CARTESIAN_POINT('',(13.980762113533,27.));
#5821 = CARTESIAN_POINT('',(0.990381056767,4.5));
#5822 = CARTESIAN_POINT('',(-12.,-18.));
#5823 = CARTESIAN_POINT('',(-24.99038105676,4.5));
#5824 = CARTESIAN_POINT('',(-37.98076211353,27.));
#5825 = CARTESIAN_POINT('',(-12.,27.));
#5826 = ( GEOMETRIC_REPRESENTATION_CONTEXT(2) 
PARAMETRIC_REPRESENTATION_CONTEXT() REPRESENTATION_CONTEXT('2D SPACE',''
  ) );
#5827 = PCURVE('',#818,#5828);
#5828 = DEFINITIONAL_REPRESENTATION('',(#5829),#5832);
#5829 = B_SPLINE_CURVE_WITH_KNOTS('',1,(#5830,#5831),.UNSPECIFIED.,.F.,
  .F.,(2,2),(2.214297435588,6.28318530718),.PIECEWISE_BEZIER_KNOTS.);
#5830 = CARTESIAN_POINT('',(2.214297435588,0.));
#5831 = CARTESIAN_POINT('',(6.28318530718,0.));
#5832 = ( GEOMETRIC_REPRESENTATION_CONTEXT(2) 
PARAMETRIC_REPRESENTATION_CONTEXT() REPRESENTATION_CONTEXT('2D SPACE',''
  ) );
#5833 = ORIENTED_EDGE('',*,*,#3668,.T.);
#5834 = ORIENTED_EDGE('',*,*,#5141,.F.);
#5835 = ORIENTED_EDGE('',*,*,#3855,.F.);
#5836 = ADVANCED_FACE('',(#5837),#818,.F.);
#5837 = FACE_BOUND('',#5838,.F.);
#5838 = EDGE_LOOP('',(#5839,#5868,#5895,#5922,#5949,#5950,#5951,#5952,
    #5953,#5954,#5955,#5956));
#5839 = ORIENTED_EDGE('',*,*,#5840,.F.);
#5840 = EDGE_CURVE('',#5841,#1590,#5843,.T.);
#5841 = VERTEX_POINT('',#5842);
#5842 = CARTESIAN_POINT('',(-9.000000000001,-14.,-35.));
#5843 = SURFACE_CURVE('',#5844,(#5850,#5859),.PCURVE_S1.);
#5844 = B_SPLINE_CURVE_WITH_KNOTS('',4,(#5845,#5846,#5847,#5848,#5849),
  .UNSPECIFIED.,.F.,.F.,(5,5),(0.,1.),.PIECEWISE_BEZIER_KNOTS.);
#5845 = CARTESIAN_POINT('',(-9.,-14.,-35.));
#5846 = CARTESIAN_POINT('',(-9.,-10.50000000035,-35.));
#5847 = CARTESIAN_POINT('',(-9.,-6.999999999999,-35.));
#5848 = CARTESIAN_POINT('',(-9.,-3.49999999965,-35.));
#5849 = CARTESIAN_POINT('',(-9.,0.,-35.));
#5850 = PCURVE('',#818,#5851);
#5851 = DEFINITIONAL_REPRESENTATION('',(#5852),#5858);
#5852 = B_SPLINE_CURVE_WITH_KNOTS('',4,(#5853,#5854,#5855,#5856,#5857),
  .UNSPECIFIED.,.F.,.F.,(5,5),(0.,1.),.PIECEWISE_BEZIER_KNOTS.);
#5853 = CARTESIAN_POINT('',(2.214297435588,-13.9999999986));
#5854 = CARTESIAN_POINT('',(2.214297435588,-10.49999999895));
#5855 = CARTESIAN_POINT('',(2.214297435588,-7.000000000001));
#5856 = CARTESIAN_POINT('',(2.214297435588,-3.50000000105));
#5857 = CARTESIAN_POINT('',(2.214297435588,-1.39976208402E-09));
#5858 = ( GEOMETRIC_REPRESENTATION_CONTEXT(2) 
PARAMETRIC_REPRESENTATION_CONTEXT() REPRESENTATION_CONTEXT('2D SPACE',''
  ) );
#5859 = PCURVE('',#100,#5860);
#5860 = DEFINITIONAL_REPRESENTATION('',(#5861),#5867);
#5861 = B_SPLINE_CURVE_WITH_KNOTS('',4,(#5862,#5863,#5864,#5865,#5866),
  .UNSPECIFIED.,.F.,.F.,(5,5),(0.,1.),.PIECEWISE_BEZIER_KNOTS.);
#5862 = CARTESIAN_POINT('',(3.,0.));
#5863 = CARTESIAN_POINT('',(3.,3.49999999965));
#5864 = CARTESIAN_POINT('',(3.,7.000000000001));
#5865 = CARTESIAN_POINT('',(3.,10.50000000035));
#5866 = CARTESIAN_POINT('',(3.,14.));
#5867 = ( GEOMETRIC_REPRESENTATION_CONTEXT(2) 
PARAMETRIC_REPRESENTATION_CONTEXT() REPRESENTATION_CONTEXT('2D SPACE',''
  ) );
#5868 = ORIENTED_EDGE('',*,*,#5869,.T.);
#5869 = EDGE_CURVE('',#5841,#5870,#5872,.T.);
#5870 = VERTEX_POINT('',#5871);
#5871 = CARTESIAN_POINT('',(15.,-14.,-47.));
#5872 = SURFACE_CURVE('',#5873,(#5878,#5884),.PCURVE_S1.);
#5873 = ELLIPSE('',#5874,15.,15.);
#5874 = AXIS2_PLACEMENT_3D('',#5875,#5876,#5877);
#5875 = CARTESIAN_POINT('',(0.,-14.,-47.));
#5876 = DIRECTION('',(0.,-1.,2.22044604925E-16));
#5877 = DIRECTION('',(1.,0.,0.));
#5878 = PCURVE('',#818,#5879);
#5879 = DEFINITIONAL_REPRESENTATION('',(#5880),#5883);
#5880 = B_SPLINE_CURVE_WITH_KNOTS('',1,(#5881,#5882),.UNSPECIFIED.,.F.,
  .F.,(2,2),(2.214297435588,6.28318530718),.PIECEWISE_BEZIER_KNOTS.);
#5881 = CARTESIAN_POINT('',(2.214297435588,-14.));
#5882 = CARTESIAN_POINT('',(6.28318530718,-14.));
#5883 = ( GEOMETRIC_REPRESENTATION_CONTEXT(2) 
PARAMETRIC_REPRESENTATION_CONTEXT() REPRESENTATION_CONTEXT('2D SPACE',''
  ) );
#5884 = PCURVE('',#72,#5885);
#5885 = DEFINITIONAL_REPRESENTATION('',(#5886),#5894);
#5886 = ( BOUNDED_CURVE() B_SPLINE_CURVE(2,(#5887,#5888,#5889,#5890,
#5891,#5892,#5893),.UNSPECIFIED.,.T.,.F.) B_SPLINE_CURVE_WITH_KNOTS((1,2
    ,2,2,2,1),(-2.094395102393,0.,2.094395102393,4.188790204786,
6.28318530718,8.377580409573),.UNSPECIFIED.) CURVE() 
GEOMETRIC_REPRESENTATION_ITEM() RATIONAL_B_SPLINE_CURVE((1.,0.5,1.,0.5,
1.,0.5,1.)) REPRESENTATION_ITEM('') );
#5887 = CARTESIAN_POINT('',(-12.,27.));
#5888 = CARTESIAN_POINT('',(13.980762113533,27.));
#5889 = CARTESIAN_POINT('',(0.990381056767,4.5));
#5890 = CARTESIAN_POINT('',(-12.,-18.));
#5891 = CARTESIAN_POINT('',(-24.99038105676,4.5));
#5892 = CARTESIAN_POINT('',(-37.98076211353,27.));
#5893 = CARTESIAN_POINT('',(-12.,27.));
#5894 = ( GEOMETRIC_REPRESENTATION_CONTEXT(2) 
PARAMETRIC_REPRESENTATION_CONTEXT() REPRESENTATION_CONTEXT('2D SPACE',''
  ) );
#5895 = ORIENTED_EDGE('',*,*,#5896,.T.);
#5896 = EDGE_CURVE('',#5870,#5897,#5899,.T.);
#5897 = VERTEX_POINT('',#5898);
#5898 = CARTESIAN_POINT('',(9.,-14.,-35.));
#5899 = SURFACE_CURVE('',#5900,(#5905,#5911),.PCURVE_S1.);
#5900 = ELLIPSE('',#5901,15.,15.);
#5901 = AXIS2_PLACEMENT_3D('',#5902,#5903,#5904);
#5902 = CARTESIAN_POINT('',(0.,-14.,-47.));
#5903 = DIRECTION('',(0.,-1.,2.22044604925E-16));
#5904 = DIRECTION('',(1.,0.,0.));
#5905 = PCURVE('',#818,#5906);
#5906 = DEFINITIONAL_REPRESENTATION('',(#5907),#5910);
#5907 = B_SPLINE_CURVE_WITH_KNOTS('',1,(#5908,#5909),.UNSPECIFIED.,.F.,
  .F.,(2,2),(0.,0.927295218002),.PIECEWISE_BEZIER_KNOTS.);
#5908 = CARTESIAN_POINT('',(6.28318530718,-14.));
#5909 = CARTESIAN_POINT('',(7.210480525181,-14.));
#5910 = ( GEOMETRIC_REPRESENTATION_CONTEXT(2) 
PARAMETRIC_REPRESENTATION_CONTEXT() REPRESENTATION_CONTEXT('2D SPACE',''
  ) );
#5911 = PCURVE('',#72,#5912);
#5912 = DEFINITIONAL_REPRESENTATION('',(#5913),#5921);
#5913 = ( BOUNDED_CURVE() B_SPLINE_CURVE(2,(#5914,#5915,#5916,#5917,
#5918,#5919,#5920),.UNSPECIFIED.,.T.,.F.) B_SPLINE_CURVE_WITH_KNOTS((1,2
    ,2,2,2,1),(-2.094395102393,0.,2.094395102393,4.188790204786,
6.28318530718,8.377580409573),.UNSPECIFIED.) CURVE() 
GEOMETRIC_REPRESENTATION_ITEM() RATIONAL_B_SPLINE_CURVE((1.,0.5,1.,0.5,
1.,0.5,1.)) REPRESENTATION_ITEM('') );
#5914 = CARTESIAN_POINT('',(-12.,27.));
#5915 = CARTESIAN_POINT('',(13.980762113533,27.));
#5916 = CARTESIAN_POINT('',(0.990381056767,4.5));
#5917 = CARTESIAN_POINT('',(-12.,-18.));
#5918 = CARTESIAN_POINT('',(-24.99038105676,4.5));
#5919 = CARTESIAN_POINT('',(-37.98076211353,27.));
#5920 = CARTESIAN_POINT('',(-12.,27.));
#5921 = ( GEOMETRIC_REPRESENTATION_CONTEXT(2) 
PARAMETRIC_REPRESENTATION_CONTEXT() REPRESENTATION_CONTEXT('2D SPACE',''
  ) );
#5922 = ORIENTED_EDGE('',*,*,#5923,.T.);
#5923 = EDGE_CURVE('',#5897,#799,#5924,.T.);
#5924 = SURFACE_CURVE('',#5925,(#5931,#5940),.PCURVE_S1.);
#5925 = B_SPLINE_CURVE_WITH_KNOTS('',4,(#5926,#5927,#5928,#5929,#5930),
  .UNSPECIFIED.,.F.,.F.,(5,5),(0.,1.),.PIECEWISE_BEZIER_KNOTS.);
#5926 = CARTESIAN_POINT('',(9.,-14.,-35.));
#5927 = CARTESIAN_POINT('',(9.,-10.50000000035,-35.));
#5928 = CARTESIAN_POINT('',(9.,-6.999999999999,-35.));
#5929 = CARTESIAN_POINT('',(9.,-3.49999999965,-35.));
#5930 = CARTESIAN_POINT('',(9.,0.,-35.));
#5931 = PCURVE('',#818,#5932);
#5932 = DEFINITIONAL_REPRESENTATION('',(#5933),#5939);
#5933 = B_SPLINE_CURVE_WITH_KNOTS('',4,(#5934,#5935,#5936,#5937,#5938),
  .UNSPECIFIED.,.F.,.F.,(5,5),(0.,1.),.PIECEWISE_BEZIER_KNOTS.);
#5934 = CARTESIAN_POINT('',(7.210480525181,-13.9999999986));
#5935 = CARTESIAN_POINT('',(7.210480525181,-10.49999999895));
#5936 = CARTESIAN_POINT('',(7.210480525181,-7.000000000001));
#5937 = CARTESIAN_POINT('',(7.210480525181,-3.50000000105));
#5938 = CARTESIAN_POINT('',(7.210480525181,-1.39976208402E-09));
#5939 = ( GEOMETRIC_REPRESENTATION_CONTEXT(2) 
PARAMETRIC_REPRESENTATION_CONTEXT() REPRESENTATION_CONTEXT('2D SPACE',''
  ) );
#5940 = PCURVE('',#389,#5941);
#5941 = DEFINITIONAL_REPRESENTATION('',(#5942),#5948);
#5942 = B_SPLINE_CURVE_WITH_KNOTS('',4,(#5943,#5944,#5945,#5946,#5947),
  .UNSPECIFIED.,.F.,.F.,(5,5),(0.,1.),.PIECEWISE_BEZIER_KNOTS.);
#5943 = CARTESIAN_POINT('',(21.,0.));
#5944 = CARTESIAN_POINT('',(21.,3.49999999965));
#5945 = CARTESIAN_POINT('',(21.,7.000000000001));
#5946 = CARTESIAN_POINT('',(21.,10.50000000035));
#5947 = CARTESIAN_POINT('',(21.,14.));
#5948 = ( GEOMETRIC_REPRESENTATION_CONTEXT(2) 
PARAMETRIC_REPRESENTATION_CONTEXT() REPRESENTATION_CONTEXT('2D SPACE',''
  ) );
#5949 = ORIENTED_EDGE('',*,*,#798,.T.);
#5950 = ORIENTED_EDGE('',*,*,#5782,.F.);
#5951 = ORIENTED_EDGE('',*,*,#5809,.F.);
#5952 = ORIENTED_EDGE('',*,*,#3522,.T.);
#5953 = ORIENTED_EDGE('',*,*,#2863,.F.);
#5954 = ORIENTED_EDGE('',*,*,#2521,.T.);
#5955 = ORIENTED_EDGE('',*,*,#2493,.F.);
#5956 = ORIENTED_EDGE('',*,*,#1613,.T.);
#5957 = ADVANCED_FACE('',(#5958),#389,.F.);
#5958 = FACE_BOUND('',#5959,.F.);
#5959 = EDGE_LOOP('',(#5960,#5961,#5962,#5963,#5984));
#5960 = ORIENTED_EDGE('',*,*,#501,.F.);
#5961 = ORIENTED_EDGE('',*,*,#835,.F.);
#5962 = ORIENTED_EDGE('',*,*,#5923,.F.);
#5963 = ORIENTED_EDGE('',*,*,#5964,.T.);
#5964 = EDGE_CURVE('',#5897,#351,#5965,.T.);
#5965 = SURFACE_CURVE('',#5966,(#5970,#5977),.PCURVE_S1.);
#5966 = LINE('',#5967,#5968);
#5967 = CARTESIAN_POINT('',(-12.,-14.,-35.));
#5968 = VECTOR('',#5969,1.);
#5969 = DIRECTION('',(1.,0.,-0.));
#5970 = PCURVE('',#389,#5971);
#5971 = DEFINITIONAL_REPRESENTATION('',(#5972),#5976);
#5972 = LINE('',#5973,#5974);
#5973 = CARTESIAN_POINT('',(0.,0.));
#5974 = VECTOR('',#5975,1.);
#5975 = DIRECTION('',(1.,0.));
#5976 = ( GEOMETRIC_REPRESENTATION_CONTEXT(2) 
PARAMETRIC_REPRESENTATION_CONTEXT() REPRESENTATION_CONTEXT('2D SPACE',''
  ) );
#5977 = PCURVE('',#72,#5978);
#5978 = DEFINITIONAL_REPRESENTATION('',(#5979),#5983);
#5979 = LINE('',#5980,#5981);
#5980 = CARTESIAN_POINT('',(0.,0.));
#5981 = VECTOR('',#5982,1.);
#5982 = DIRECTION('',(0.,1.));
#5983 = ( GEOMETRIC_REPRESENTATION_CONTEXT(2) 
PARAMETRIC_REPRESENTATION_CONTEXT() REPRESENTATION_CONTEXT('2D SPACE',''
  ) );
#5984 = ORIENTED_EDGE('',*,*,#373,.T.);
#5985 = ADVANCED_FACE('',(#5986,#6012,#6043),#212,.T.);
#5986 = FACE_BOUND('',#5987,.T.);
#5987 = EDGE_LOOP('',(#5988,#5989,#5990,#5991));
#5988 = ORIENTED_EDGE('',*,*,#196,.F.);
#5989 = ORIENTED_EDGE('',*,*,#303,.T.);
#5990 = ORIENTED_EDGE('',*,*,#475,.T.);
#5991 = ORIENTED_EDGE('',*,*,#5992,.F.);
#5992 = EDGE_CURVE('',#169,#453,#5993,.T.);
#5993 = SURFACE_CURVE('',#5994,(#5998,#6005),.PCURVE_S1.);
#5994 = LINE('',#5995,#5996);
#5995 = CARTESIAN_POINT('',(-12.,10.,-26.));
#5996 = VECTOR('',#5997,1.);
#5997 = DIRECTION('',(1.,0.,-0.));
#5998 = PCURVE('',#212,#5999);
#5999 = DEFINITIONAL_REPRESENTATION('',(#6000),#6004);
#6000 = LINE('',#6001,#6002);
#6001 = CARTESIAN_POINT('',(0.,18.));
#6002 = VECTOR('',#6003,1.);
#6003 = DIRECTION('',(1.,0.));
#6004 = ( GEOMETRIC_REPRESENTATION_CONTEXT(2) 
PARAMETRIC_REPRESENTATION_CONTEXT() REPRESENTATION_CONTEXT('2D SPACE',''
  ) );
#6005 = PCURVE('',#184,#6006);
#6006 = DEFINITIONAL_REPRESENTATION('',(#6007),#6011);
#6007 = LINE('',#6008,#6009);
#6008 = CARTESIAN_POINT('',(4.,0.));
#6009 = VECTOR('',#6010,1.);
#6010 = DIRECTION('',(0.,1.));
#6011 = ( GEOMETRIC_REPRESENTATION_CONTEXT(2) 
PARAMETRIC_REPRESENTATION_CONTEXT() REPRESENTATION_CONTEXT('2D SPACE',''
  ) );
#6012 = FACE_BOUND('',#6013,.T.);
#6013 = EDGE_LOOP('',(#6014));
#6014 = ORIENTED_EDGE('',*,*,#6015,.F.);
#6015 = EDGE_CURVE('',#6016,#6016,#6018,.T.);
#6016 = VERTEX_POINT('',#6017);
#6017 = CARTESIAN_POINT('',(-4.3,1.,-26.));
#6018 = SURFACE_CURVE('',#6019,(#6024,#6031),.PCURVE_S1.);
#6019 = CIRCLE('',#6020,1.7);
#6020 = AXIS2_PLACEMENT_3D('',#6021,#6022,#6023);
#6021 = CARTESIAN_POINT('',(-6.,1.,-26.));
#6022 = DIRECTION('',(0.,0.,1.));
#6023 = DIRECTION('',(1.,0.,-0.));
#6024 = PCURVE('',#212,#6025);
#6025 = DEFINITIONAL_REPRESENTATION('',(#6026),#6030);
#6026 = CIRCLE('',#6027,1.7);
#6027 = AXIS2_PLACEMENT_2D('',#6028,#6029);
#6028 = CARTESIAN_POINT('',(6.,9.));
#6029 = DIRECTION('',(1.,0.));
#6030 = ( GEOMETRIC_REPRESENTATION_CONTEXT(2) 
PARAMETRIC_REPRESENTATION_CONTEXT() REPRESENTATION_CONTEXT('2D SPACE',''
  ) );
#6031 = PCURVE('',#6032,#6037);
#6032 = CYLINDRICAL_SURFACE('',#6033,1.7);
#6033 = AXIS2_PLACEMENT_3D('',#6034,#6035,#6036);
#6034 = CARTESIAN_POINT('',(-6.,1.,-31.));
#6035 = DIRECTION('',(0.,0.,1.));
#6036 = DIRECTION('',(1.,0.,-0.));
#6037 = DEFINITIONAL_REPRESENTATION('',(#6038),#6042);
#6038 = LINE('',#6039,#6040);
#6039 = CARTESIAN_POINT('',(0.,5.));
#6040 = VECTOR('',#6041,1.);
#6041 = DIRECTION('',(1.,0.));
#6042 = ( GEOMETRIC_REPRESENTATION_CONTEXT(2) 
PARAMETRIC_REPRESENTATION_CONTEXT() REPRESENTATION_CONTEXT('2D SPACE',''
  ) );
#6043 = FACE_BOUND('',#6044,.T.);
#6044 = EDGE_LOOP('',(#6045));
#6045 = ORIENTED_EDGE('',*,*,#6046,.F.);
#6046 = EDGE_CURVE('',#6047,#6047,#6049,.T.);
#6047 = VERTEX_POINT('',#6048);
#6048 = CARTESIAN_POINT('',(7.7,1.,-26.));
#6049 = SURFACE_CURVE('',#6050,(#6055,#6062),.PCURVE_S1.);
#6050 = CIRCLE('',#6051,1.7);
#6051 = AXIS2_PLACEMENT_3D('',#6052,#6053,#6054);
#6052 = CARTESIAN_POINT('',(6.,1.,-26.));
#6053 = DIRECTION('',(0.,0.,1.));
#6054 = DIRECTION('',(1.,0.,-0.));
#6055 = PCURVE('',#212,#6056);
#6056 = DEFINITIONAL_REPRESENTATION('',(#6057),#6061);
#6057 = CIRCLE('',#6058,1.7);
#6058 = AXIS2_PLACEMENT_2D('',#6059,#6060);
#6059 = CARTESIAN_POINT('',(18.,9.));
#6060 = DIRECTION('',(1.,0.));
#6061 = ( GEOMETRIC_REPRESENTATION_CONTEXT(2) 
PARAMETRIC_REPRESENTATION_CONTEXT() REPRESENTATION_CONTEXT('2D SPACE',''
  ) );
#6062 = PCURVE('',#6063,#6068);
#6063 = CYLINDRICAL_SURFACE('',#6064,1.7);
#6064 = AXIS2_PLACEMENT_3D('',#6065,#6066,#6067);
#6065 = CARTESIAN_POINT('',(6.,1.,-31.));
#6066 = DIRECTION('',(0.,0.,1.));
#6067 = DIRECTION('',(1.,0.,-0.));
#6068 = DEFINITIONAL_REPRESENTATION('',(#6069),#6073);
#6069 = LINE('',#6070,#6071);
#6070 = CARTESIAN_POINT('',(0.,5.));
#6071 = VECTOR('',#6072,1.);
#6072 = DIRECTION('',(1.,0.));
#6073 = ( GEOMETRIC_REPRESENTATION_CONTEXT(2) 
PARAMETRIC_REPRESENTATION_CONTEXT() REPRESENTATION_CONTEXT('2D SPACE',''
  ) );
#6074 = ADVANCED_FACE('',(#6075),#6063,.F.);
#6075 = FACE_BOUND('',#6076,.F.);
#6076 = EDGE_LOOP('',(#6077,#6100,#6101,#6102));
#6077 = ORIENTED_EDGE('',*,*,#6078,.T.);
#6078 = EDGE_CURVE('',#6079,#6047,#6081,.T.);
#6079 = VERTEX_POINT('',#6080);
#6080 = CARTESIAN_POINT('',(7.7,1.,-30.));
#6081 = SEAM_CURVE('',#6082,(#6086,#6093),.PCURVE_S1.);
#6082 = LINE('',#6083,#6084);
#6083 = CARTESIAN_POINT('',(7.7,1.,-31.));
#6084 = VECTOR('',#6085,1.);
#6085 = DIRECTION('',(0.,0.,1.));
#6086 = PCURVE('',#6063,#6087);
#6087 = DEFINITIONAL_REPRESENTATION('',(#6088),#6092);
#6088 = LINE('',#6089,#6090);
#6089 = CARTESIAN_POINT('',(6.28318530718,-0.));
#6090 = VECTOR('',#6091,1.);
#6091 = DIRECTION('',(0.,1.));
#6092 = ( GEOMETRIC_REPRESENTATION_CONTEXT(2) 
PARAMETRIC_REPRESENTATION_CONTEXT() REPRESENTATION_CONTEXT('2D SPACE',''
  ) );
#6093 = PCURVE('',#6063,#6094);
#6094 = DEFINITIONAL_REPRESENTATION('',(#6095),#6099);
#6095 = LINE('',#6096,#6097);
#6096 = CARTESIAN_POINT('',(0.,-0.));
#6097 = VECTOR('',#6098,1.);
#6098 = DIRECTION('',(0.,1.));
#6099 = ( GEOMETRIC_REPRESENTATION_CONTEXT(2) 
PARAMETRIC_REPRESENTATION_CONTEXT() REPRESENTATION_CONTEXT('2D SPACE',''
  ) );
#6100 = ORIENTED_EDGE('',*,*,#6046,.F.);
#6101 = ORIENTED_EDGE('',*,*,#6078,.F.);
#6102 = ORIENTED_EDGE('',*,*,#6103,.T.);
#6103 = EDGE_CURVE('',#6079,#6079,#6104,.T.);
#6104 = SURFACE_CURVE('',#6105,(#6110,#6117),.PCURVE_S1.);
#6105 = CIRCLE('',#6106,1.7);
#6106 = AXIS2_PLACEMENT_3D('',#6107,#6108,#6109);
#6107 = CARTESIAN_POINT('',(6.,1.,-30.));
#6108 = DIRECTION('',(0.,0.,1.));
#6109 = DIRECTION('',(1.,0.,-0.));
#6110 = PCURVE('',#6063,#6111);
#6111 = DEFINITIONAL_REPRESENTATION('',(#6112),#6116);
#6112 = LINE('',#6113,#6114);
#6113 = CARTESIAN_POINT('',(0.,1.));
#6114 = VECTOR('',#6115,1.);
#6115 = DIRECTION('',(1.,0.));
#6116 = ( GEOMETRIC_REPRESENTATION_CONTEXT(2) 
PARAMETRIC_REPRESENTATION_CONTEXT() REPRESENTATION_CONTEXT('2D SPACE',''
  ) );
#6117 = PCURVE('',#156,#6118);
#6118 = DEFINITIONAL_REPRESENTATION('',(#6119),#6123);
#6119 = CIRCLE('',#6120,1.7);
#6120 = AXIS2_PLACEMENT_2D('',#6121,#6122);
#6121 = CARTESIAN_POINT('',(18.,9.));
#6122 = DIRECTION('',(1.,0.));
#6123 = ( GEOMETRIC_REPRESENTATION_CONTEXT(2) 
PARAMETRIC_REPRESENTATION_CONTEXT() REPRESENTATION_CONTEXT('2D SPACE',''
  ) );
#6124 = ADVANCED_FACE('',(#6125),#6032,.F.);
#6125 = FACE_BOUND('',#6126,.F.);
#6126 = EDGE_LOOP('',(#6127,#6150,#6151,#6152));
#6127 = ORIENTED_EDGE('',*,*,#6128,.T.);
#6128 = EDGE_CURVE('',#6129,#6016,#6131,.T.);
#6129 = VERTEX_POINT('',#6130);
#6130 = CARTESIAN_POINT('',(-4.3,1.,-30.));
#6131 = SEAM_CURVE('',#6132,(#6136,#6143),.PCURVE_S1.);
#6132 = LINE('',#6133,#6134);
#6133 = CARTESIAN_POINT('',(-4.3,1.,-31.));
#6134 = VECTOR('',#6135,1.);
#6135 = DIRECTION('',(0.,0.,1.));
#6136 = PCURVE('',#6032,#6137);
#6137 = DEFINITIONAL_REPRESENTATION('',(#6138),#6142);
#6138 = LINE('',#6139,#6140);
#6139 = CARTESIAN_POINT('',(6.28318530718,-0.));
#6140 = VECTOR('',#6141,1.);
#6141 = DIRECTION('',(0.,1.));
#6142 = ( GEOMETRIC_REPRESENTATION_CONTEXT(2) 
PARAMETRIC_REPRESENTATION_CONTEXT() REPRESENTATION_CONTEXT('2D SPACE',''
  ) );
#6143 = PCURVE('',#6032,#6144);
#6144 = DEFINITIONAL_REPRESENTATION('',(#6145),#6149);
#6145 = LINE('',#6146,#6147);
#6146 = CARTESIAN_POINT('',(0.,-0.));
#6147 = VECTOR('',#6148,1.);
#6148 = DIRECTION('',(0.,1.));
#6149 = ( GEOMETRIC_REPRESENTATION_CONTEXT(2) 
PARAMETRIC_REPRESENTATION_CONTEXT() REPRESENTATION_CONTEXT('2D SPACE',''
  ) );
#6150 = ORIENTED_EDGE('',*,*,#6015,.F.);
#6151 = ORIENTED_EDGE('',*,*,#6128,.F.);
#6152 = ORIENTED_EDGE('',*,*,#6153,.T.);
#6153 = EDGE_CURVE('',#6129,#6129,#6154,.T.);
#6154 = SURFACE_CURVE('',#6155,(#6160,#6167),.PCURVE_S1.);
#6155 = CIRCLE('',#6156,1.7);
#6156 = AXIS2_PLACEMENT_3D('',#6157,#6158,#6159);
#6157 = CARTESIAN_POINT('',(-6.,1.,-30.));
#6158 = DIRECTION('',(0.,0.,1.));
#6159 = DIRECTION('',(1.,0.,-0.));
#6160 = PCURVE('',#6032,#6161);
#6161 = DEFINITIONAL_REPRESENTATION('',(#6162),#6166);
#6162 = LINE('',#6163,#6164);
#6163 = CARTESIAN_POINT('',(0.,1.));
#6164 = VECTOR('',#6165,1.);
#6165 = DIRECTION('',(1.,0.));
#6166 = ( GEOMETRIC_REPRESENTATION_CONTEXT(2) 
PARAMETRIC_REPRESENTATION_CONTEXT() REPRESENTATION_CONTEXT('2D SPACE',''
  ) );
#6167 = PCURVE('',#156,#6168);
#6168 = DEFINITIONAL_REPRESENTATION('',(#6169),#6173);
#6169 = CIRCLE('',#6170,1.7);
#6170 = AXIS2_PLACEMENT_2D('',#6171,#6172);
#6171 = CARTESIAN_POINT('',(6.,9.));
#6172 = DIRECTION('',(1.,0.));
#6173 = ( GEOMETRIC_REPRESENTATION_CONTEXT(2) 
PARAMETRIC_REPRESENTATION_CONTEXT() REPRESENTATION_CONTEXT('2D SPACE',''
  ) );
#6174 = ADVANCED_FACE('',(#6175),#184,.T.);
#6175 = FACE_BOUND('',#6176,.T.);
#6176 = EDGE_LOOP('',(#6177,#6198,#6199,#6200));
#6177 = ORIENTED_EDGE('',*,*,#6178,.F.);
#6178 = EDGE_CURVE('',#141,#430,#6179,.T.);
#6179 = SURFACE_CURVE('',#6180,(#6184,#6191),.PCURVE_S1.);
#6180 = LINE('',#6181,#6182);
#6181 = CARTESIAN_POINT('',(-12.,10.,-30.));
#6182 = VECTOR('',#6183,1.);
#6183 = DIRECTION('',(1.,0.,-0.));
#6184 = PCURVE('',#184,#6185);
#6185 = DEFINITIONAL_REPRESENTATION('',(#6186),#6190);
#6186 = LINE('',#6187,#6188);
#6187 = CARTESIAN_POINT('',(0.,0.));
#6188 = VECTOR('',#6189,1.);
#6189 = DIRECTION('',(0.,1.));
#6190 = ( GEOMETRIC_REPRESENTATION_CONTEXT(2) 
PARAMETRIC_REPRESENTATION_CONTEXT() REPRESENTATION_CONTEXT('2D SPACE',''
  ) );
#6191 = PCURVE('',#156,#6192);
#6192 = DEFINITIONAL_REPRESENTATION('',(#6193),#6197);
#6193 = LINE('',#6194,#6195);
#6194 = CARTESIAN_POINT('',(0.,18.));
#6195 = VECTOR('',#6196,1.);
#6196 = DIRECTION('',(1.,0.));
#6197 = ( GEOMETRIC_REPRESENTATION_CONTEXT(2) 
PARAMETRIC_REPRESENTATION_CONTEXT() REPRESENTATION_CONTEXT('2D SPACE',''
  ) );
#6198 = ORIENTED_EDGE('',*,*,#168,.T.);
#6199 = ORIENTED_EDGE('',*,*,#5992,.T.);
#6200 = ORIENTED_EDGE('',*,*,#452,.F.);
#6201 = ADVANCED_FACE('',(#6202,#6232,#6235),#156,.F.);
#6202 = FACE_BOUND('',#6203,.F.);
#6203 = EDGE_LOOP('',(#6204,#6205,#6226,#6227,#6228,#6229,#6230,#6231));
#6204 = ORIENTED_EDGE('',*,*,#140,.F.);
#6205 = ORIENTED_EDGE('',*,*,#6206,.F.);
#6206 = EDGE_CURVE('',#1545,#113,#6207,.T.);
#6207 = SURFACE_CURVE('',#6208,(#6212,#6219),.PCURVE_S1.);
#6208 = LINE('',#6209,#6210);
#6209 = CARTESIAN_POINT('',(-12.,0.,-30.));
#6210 = VECTOR('',#6211,1.);
#6211 = DIRECTION('',(-1.,-0.,0.));
#6212 = PCURVE('',#156,#6213);
#6213 = DEFINITIONAL_REPRESENTATION('',(#6214),#6218);
#6214 = LINE('',#6215,#6216);
#6215 = CARTESIAN_POINT('',(0.,8.));
#6216 = VECTOR('',#6217,1.);
#6217 = DIRECTION('',(-1.,0.));
#6218 = ( GEOMETRIC_REPRESENTATION_CONTEXT(2) 
PARAMETRIC_REPRESENTATION_CONTEXT() REPRESENTATION_CONTEXT('2D SPACE',''
  ) );
#6219 = PCURVE('',#128,#6220);
#6220 = DEFINITIONAL_REPRESENTATION('',(#6221),#6225);
#6221 = LINE('',#6222,#6223);
#6222 = CARTESIAN_POINT('',(5.,0.));
#6223 = VECTOR('',#6224,1.);
#6224 = DIRECTION('',(0.,-1.));
#6225 = ( GEOMETRIC_REPRESENTATION_CONTEXT(2) 
PARAMETRIC_REPRESENTATION_CONTEXT() REPRESENTATION_CONTEXT('2D SPACE',''
  ) );
#6226 = ORIENTED_EDGE('',*,*,#1544,.T.);
#6227 = ORIENTED_EDGE('',*,*,#1520,.F.);
#6228 = ORIENTED_EDGE('',*,*,#574,.T.);
#6229 = ORIENTED_EDGE('',*,*,#550,.F.);
#6230 = ORIENTED_EDGE('',*,*,#429,.T.);
#6231 = ORIENTED_EDGE('',*,*,#6178,.F.);
#6232 = FACE_BOUND('',#6233,.F.);
#6233 = EDGE_LOOP('',(#6234));
#6234 = ORIENTED_EDGE('',*,*,#6153,.F.);
#6235 = FACE_BOUND('',#6236,.F.);
#6236 = EDGE_LOOP('',(#6237));
#6237 = ORIENTED_EDGE('',*,*,#6103,.F.);
#6238 = ADVANCED_FACE('',(#6239),#128,.T.);
#6239 = FACE_BOUND('',#6240,.T.);
#6240 = EDGE_LOOP('',(#6241,#6242,#6243,#6264));
#6241 = ORIENTED_EDGE('',*,*,#6206,.F.);
#6242 = ORIENTED_EDGE('',*,*,#1568,.F.);
#6243 = ORIENTED_EDGE('',*,*,#6244,.F.);
#6244 = EDGE_CURVE('',#85,#1569,#6245,.T.);
#6245 = SURFACE_CURVE('',#6246,(#6250,#6257),.PCURVE_S1.);
#6246 = LINE('',#6247,#6248);
#6247 = CARTESIAN_POINT('',(-12.,0.,-35.));
#6248 = VECTOR('',#6249,1.);
#6249 = DIRECTION('',(1.,0.,-0.));
#6250 = PCURVE('',#128,#6251);
#6251 = DEFINITIONAL_REPRESENTATION('',(#6252),#6256);
#6252 = LINE('',#6253,#6254);
#6253 = CARTESIAN_POINT('',(0.,0.));
#6254 = VECTOR('',#6255,1.);
#6255 = DIRECTION('',(0.,1.));
#6256 = ( GEOMETRIC_REPRESENTATION_CONTEXT(2) 
PARAMETRIC_REPRESENTATION_CONTEXT() REPRESENTATION_CONTEXT('2D SPACE',''
  ) );
#6257 = PCURVE('',#100,#6258);
#6258 = DEFINITIONAL_REPRESENTATION('',(#6259),#6263);
#6259 = LINE('',#6260,#6261);
#6260 = CARTESIAN_POINT('',(0.,14.));
#6261 = VECTOR('',#6262,1.);
#6262 = DIRECTION('',(1.,0.));
#6263 = ( GEOMETRIC_REPRESENTATION_CONTEXT(2) 
PARAMETRIC_REPRESENTATION_CONTEXT() REPRESENTATION_CONTEXT('2D SPACE',''
  ) );
#6264 = ORIENTED_EDGE('',*,*,#112,.T.);
#6265 = ADVANCED_FACE('',(#6266),#100,.F.);
#6266 = FACE_BOUND('',#6267,.F.);
#6267 = EDGE_LOOP('',(#6268,#6269,#6270,#6291,#6292));
#6268 = ORIENTED_EDGE('',*,*,#6244,.F.);
#6269 = ORIENTED_EDGE('',*,*,#84,.F.);
#6270 = ORIENTED_EDGE('',*,*,#6271,.T.);
#6271 = EDGE_CURVE('',#57,#5841,#6272,.T.);
#6272 = SURFACE_CURVE('',#6273,(#6277,#6284),.PCURVE_S1.);
#6273 = LINE('',#6274,#6275);
#6274 = CARTESIAN_POINT('',(-12.,-14.,-35.));
#6275 = VECTOR('',#6276,1.);
#6276 = DIRECTION('',(1.,0.,-0.));
#6277 = PCURVE('',#100,#6278);
#6278 = DEFINITIONAL_REPRESENTATION('',(#6279),#6283);
#6279 = LINE('',#6280,#6281);
#6280 = CARTESIAN_POINT('',(0.,0.));
#6281 = VECTOR('',#6282,1.);
#6282 = DIRECTION('',(1.,0.));
#6283 = ( GEOMETRIC_REPRESENTATION_CONTEXT(2) 
PARAMETRIC_REPRESENTATION_CONTEXT() REPRESENTATION_CONTEXT('2D SPACE',''
  ) );
#6284 = PCURVE('',#72,#6285);
#6285 = DEFINITIONAL_REPRESENTATION('',(#6286),#6290);
#6286 = LINE('',#6287,#6288);
#6287 = CARTESIAN_POINT('',(0.,0.));
#6288 = VECTOR('',#6289,1.);
#6289 = DIRECTION('',(0.,1.));
#6290 = ( GEOMETRIC_REPRESENTATION_CONTEXT(2) 
PARAMETRIC_REPRESENTATION_CONTEXT() REPRESENTATION_CONTEXT('2D SPACE',''
  ) );
#6291 = ORIENTED_EDGE('',*,*,#5840,.T.);
#6292 = ORIENTED_EDGE('',*,*,#1589,.F.);
#6293 = ADVANCED_FACE('',(#6294,#6323),#72,.F.);
#6294 = FACE_BOUND('',#6295,.F.);
#6295 = EDGE_LOOP('',(#6296,#6297,#6298,#6319,#6320,#6321,#6322));
#6296 = ORIENTED_EDGE('',*,*,#6271,.F.);
#6297 = ORIENTED_EDGE('',*,*,#56,.T.);
#6298 = ORIENTED_EDGE('',*,*,#6299,.T.);
#6299 = EDGE_CURVE('',#22,#328,#6300,.T.);
#6300 = SURFACE_CURVE('',#6301,(#6305,#6312),.PCURVE_S1.);
#6301 = LINE('',#6302,#6303);
#6302 = CARTESIAN_POINT('',(-12.,-14.,-29.99));
#6303 = VECTOR('',#6304,1.);
#6304 = DIRECTION('',(1.,0.,-0.));
#6305 = PCURVE('',#72,#6306);
#6306 = DEFINITIONAL_REPRESENTATION('',(#6307),#6311);
#6307 = LINE('',#6308,#6309);
#6308 = CARTESIAN_POINT('',(5.01,0.));
#6309 = VECTOR('',#6310,1.);
#6310 = DIRECTION('',(0.,1.));
#6311 = ( GEOMETRIC_REPRESENTATION_CONTEXT(2) 
PARAMETRIC_REPRESENTATION_CONTEXT() REPRESENTATION_CONTEXT('2D SPACE',''
  ) );
#6312 = PCURVE('',#44,#6313);
#6313 = DEFINITIONAL_REPRESENTATION('',(#6314),#6318);
#6314 = LINE('',#6315,#6316);
#6315 = CARTESIAN_POINT('',(0.,0.));
#6316 = VECTOR('',#6317,1.);
#6317 = DIRECTION('',(1.,0.));
#6318 = ( GEOMETRIC_REPRESENTATION_CONTEXT(2) 
PARAMETRIC_REPRESENTATION_CONTEXT() REPRESENTATION_CONTEXT('2D SPACE',''
  ) );
#6319 = ORIENTED_EDGE('',*,*,#350,.F.);
#6320 = ORIENTED_EDGE('',*,*,#5964,.F.);
#6321 = ORIENTED_EDGE('',*,*,#5896,.F.);
#6322 = ORIENTED_EDGE('',*,*,#5869,.F.);
#6323 = FACE_BOUND('',#6324,.F.);
#6324 = EDGE_LOOP('',(#6325));
#6325 = ORIENTED_EDGE('',*,*,#4510,.F.);
#6326 = ADVANCED_FACE('',(#6327),#44,.T.);
#6327 = FACE_BOUND('',#6328,.T.);
#6328 = EDGE_LOOP('',(#6329,#6330,#6331,#6332));
#6329 = ORIENTED_EDGE('',*,*,#21,.F.);
#6330 = ORIENTED_EDGE('',*,*,#6299,.T.);
#6331 = ORIENTED_EDGE('',*,*,#327,.T.);
#6332 = ORIENTED_EDGE('',*,*,#283,.F.);
#6333 = ( GEOMETRIC_REPRESENTATION_CONTEXT(3) 
GLOBAL_UNCERTAINTY_ASSIGNED_CONTEXT((#6337)) 
GLOBAL_UNIT_ASSIGNED_CONTEXT((#6334,#6335,#6336)) REPRESENTATION_CONTEXT
('Context #1','3D Context with UNIT and UNCERTAINTY') );
#6334 = ( LENGTH_UNIT() NAMED_UNIT(*) SI_UNIT(.MILLI.,.METRE.) );
#6335 = ( NAMED_UNIT(*) PLANE_ANGLE_UNIT() SI_UNIT($,.RADIAN.) );
#6336 = ( NAMED_UNIT(*) SI_UNIT($,.STERADIAN.) SOLID_ANGLE_UNIT() );
#6337 = UNCERTAINTY_MEASURE_WITH_UNIT(LENGTH_MEASURE(2.E-06),#6334,
  'distance_accuracy_value','confusion accuracy');
#6338 = PRODUCT_RELATED_PRODUCT_CATEGORY('part',$,(#7));
ENDSEC;
END-ISO-10303-21;
