ISO-10303-21;
HEADER;
FILE_DESCRIPTION(('Open CASCADE Model'),'2;1');
FILE_NAME('Open CASCADE Shape Model','2026-10-09T11:16:42',('Author'),(
    'Open CASCADE'),'Open CASCADE STEP processor 8.0','build123d',
  'Unknown');
FILE_SCHEMA(('AUTOMOTIVE_DESIGN { 1 0 10303 214 1 1 1 1 }'));
ENDSEC;
DATA;
#1 = APPLICATION_PROTOCOL_DEFINITION('international standard',
  'automotive_design',2000,#2);
#2 = APPLICATION_CONTEXT(
  'core data for automotive mechanical design processes');
#3 = SHAPE_DEFINITION_REPRESENTATION(#4,#10);
#4 = PRODUCT_DEFINITION_SHAPE('','',#5);
#5 = PRODUCT_DEFINITION('design','',#6,#9);
#6 = PRODUCT_DEFINITION_FORMATION('','',#7);
#7 = PRODUCT('COMPOUND','COMPOUND','',(#8));
#8 = PRODUCT_CONTEXT('',#2,'mechanical');
#9 = PRODUCT_DEFINITION_CONTEXT('part definition',#2,'design');
#10 = ADVANCED_BREP_SHAPE_REPRESENTATION('',(#11,#15),#5381);
#11 = AXIS2_PLACEMENT_3D('',#12,#13,#14);
#12 = CARTESIAN_POINT('',(0.,0.,0.));
#13 = DIRECTION('',(0.,0.,1.));
#14 = DIRECTION('',(1.,0.,-0.));
#15 = MANIFOLD_SOLID_BREP('',#16);
#16 = CLOSED_SHELL('',(#17,#261,#399,#449,#499,#676,#1947,#2195,#2816,
    #3059,#5015,#5082,#5130,#5158,#5185,#5222,#5255,#5318,#5349,#5374));
#17 = ADVANCED_FACE('',(#18),#32,.F.);
#18 = FACE_BOUND('',#19,.F.);
#19 = EDGE_LOOP('',(#20,#55,#83,#111,#139,#167,#207,#235));
#20 = ORIENTED_EDGE('',*,*,#21,.T.);
#21 = EDGE_CURVE('',#22,#24,#26,.T.);
#22 = VERTEX_POINT('',#23);
#23 = CARTESIAN_POINT('',(-12.,10.,-29.99));
#24 = VERTEX_POINT('',#25);
#25 = CARTESIAN_POINT('',(-12.,10.,-26.));
#26 = SURFACE_CURVE('',#27,(#31,#43),.PCURVE_S1.);
#27 = LINE('',#28,#29);
#28 = CARTESIAN_POINT('',(-12.,10.,-30.));
#29 = VECTOR('',#30,1.);
#30 = DIRECTION('',(0.,0.,1.));
#31 = PCURVE('',#32,#37);
#32 = PLANE('',#33);
#33 = AXIS2_PLACEMENT_3D('',#34,#35,#36);
#34 = CARTESIAN_POINT('',(-12.,-8.,-30.));
#35 = DIRECTION('',(1.,0.,-0.));
#36 = DIRECTION('',(0.,0.,1.));
#37 = DEFINITIONAL_REPRESENTATION('',(#38),#42);
#38 = LINE('',#39,#40);
#39 = CARTESIAN_POINT('',(0.,-18.));
#40 = VECTOR('',#41,1.);
#41 = DIRECTION('',(1.,0.));
#42 = ( GEOMETRIC_REPRESENTATION_CONTEXT(2) 
PARAMETRIC_REPRESENTATION_CONTEXT() REPRESENTATION_CONTEXT('2D SPACE',''
  ) );
#43 = PCURVE('',#44,#49);
#44 = PLANE('',#45);
#45 = AXIS2_PLACEMENT_3D('',#46,#47,#48);
#46 = CARTESIAN_POINT('',(-12.,10.,-30.));
#47 = DIRECTION('',(-0.,1.,0.));
#48 = DIRECTION('',(0.,0.,1.));
#49 = DEFINITIONAL_REPRESENTATION('',(#50),#54);
#50 = LINE('',#51,#52);
#51 = CARTESIAN_POINT('',(0.,0.));
#52 = VECTOR('',#53,1.);
#53 = DIRECTION('',(1.,0.));
#54 = ( GEOMETRIC_REPRESENTATION_CONTEXT(2) 
PARAMETRIC_REPRESENTATION_CONTEXT() REPRESENTATION_CONTEXT('2D SPACE',''
  ) );
#55 = ORIENTED_EDGE('',*,*,#56,.F.);
#56 = EDGE_CURVE('',#57,#24,#59,.T.);
#57 = VERTEX_POINT('',#58);
#58 = CARTESIAN_POINT('',(-12.,-8.,-26.));
#59 = SURFACE_CURVE('',#60,(#64,#71),.PCURVE_S1.);
#60 = LINE('',#61,#62);
#61 = CARTESIAN_POINT('',(-12.,-8.,-26.));
#62 = VECTOR('',#63,1.);
#63 = DIRECTION('',(-0.,1.,0.));
#64 = PCURVE('',#32,#65);
#65 = DEFINITIONAL_REPRESENTATION('',(#66),#70);
#66 = LINE('',#67,#68);
#67 = CARTESIAN_POINT('',(4.,0.));
#68 = VECTOR('',#69,1.);
#69 = DIRECTION('',(0.,-1.));
#70 = ( GEOMETRIC_REPRESENTATION_CONTEXT(2) 
PARAMETRIC_REPRESENTATION_CONTEXT() REPRESENTATION_CONTEXT('2D SPACE',''
  ) );
#71 = PCURVE('',#72,#77);
#72 = PLANE('',#73);
#73 = AXIS2_PLACEMENT_3D('',#74,#75,#76);
#74 = CARTESIAN_POINT('',(-12.,-8.,-26.));
#75 = DIRECTION('',(0.,0.,1.));
#76 = DIRECTION('',(1.,0.,-0.));
#77 = DEFINITIONAL_REPRESENTATION('',(#78),#82);
#78 = LINE('',#79,#80);
#79 = CARTESIAN_POINT('',(0.,0.));
#80 = VECTOR('',#81,1.);
#81 = DIRECTION('',(0.,1.));
#82 = ( GEOMETRIC_REPRESENTATION_CONTEXT(2) 
PARAMETRIC_REPRESENTATION_CONTEXT() REPRESENTATION_CONTEXT('2D SPACE',''
  ) );
#83 = ORIENTED_EDGE('',*,*,#84,.F.);
#84 = EDGE_CURVE('',#85,#57,#87,.T.);
#85 = VERTEX_POINT('',#86);
#86 = CARTESIAN_POINT('',(-12.,-8.,-30.));
#87 = SURFACE_CURVE('',#88,(#92,#99),.PCURVE_S1.);
#88 = LINE('',#89,#90);
#89 = CARTESIAN_POINT('',(-12.,-8.,-30.));
#90 = VECTOR('',#91,1.);
#91 = DIRECTION('',(0.,0.,1.));
#92 = PCURVE('',#32,#93);
#93 = DEFINITIONAL_REPRESENTATION('',(#94),#98);
#94 = LINE('',#95,#96);
#95 = CARTESIAN_POINT('',(0.,0.));
#96 = VECTOR('',#97,1.);
#97 = DIRECTION('',(1.,0.));
#98 = ( GEOMETRIC_REPRESENTATION_CONTEXT(2) 
PARAMETRIC_REPRESENTATION_CONTEXT() REPRESENTATION_CONTEXT('2D SPACE',''
  ) );
#99 = PCURVE('',#100,#105);
#100 = PLANE('',#101);
#101 = AXIS2_PLACEMENT_3D('',#102,#103,#104);
#102 = CARTESIAN_POINT('',(-12.,-8.,-30.));
#103 = DIRECTION('',(-0.,1.,0.));
#104 = DIRECTION('',(0.,0.,1.));
#105 = DEFINITIONAL_REPRESENTATION('',(#106),#110);
#106 = LINE('',#107,#108);
#107 = CARTESIAN_POINT('',(0.,0.));
#108 = VECTOR('',#109,1.);
#109 = DIRECTION('',(1.,0.));
#110 = ( GEOMETRIC_REPRESENTATION_CONTEXT(2) 
PARAMETRIC_REPRESENTATION_CONTEXT() REPRESENTATION_CONTEXT('2D SPACE',''
  ) );
#111 = ORIENTED_EDGE('',*,*,#112,.T.);
#112 = EDGE_CURVE('',#85,#113,#115,.T.);
#113 = VERTEX_POINT('',#114);
#114 = CARTESIAN_POINT('',(-12.,2.5,-30.));
#115 = SURFACE_CURVE('',#116,(#120,#127),.PCURVE_S1.);
#116 = LINE('',#117,#118);
#117 = CARTESIAN_POINT('',(-12.,-8.,-30.));
#118 = VECTOR('',#119,1.);
#119 = DIRECTION('',(-0.,1.,0.));
#120 = PCURVE('',#32,#121);
#121 = DEFINITIONAL_REPRESENTATION('',(#122),#126);
#122 = LINE('',#123,#124);
#123 = CARTESIAN_POINT('',(0.,0.));
#124 = VECTOR('',#125,1.);
#125 = DIRECTION('',(0.,-1.));
#126 = ( GEOMETRIC_REPRESENTATION_CONTEXT(2) 
PARAMETRIC_REPRESENTATION_CONTEXT() REPRESENTATION_CONTEXT('2D SPACE',''
  ) );
#127 = PCURVE('',#128,#133);
#128 = PLANE('',#129);
#129 = AXIS2_PLACEMENT_3D('',#130,#131,#132);
#130 = CARTESIAN_POINT('',(-12.,-8.,-30.));
#131 = DIRECTION('',(0.,0.,1.));
#132 = DIRECTION('',(1.,0.,-0.));
#133 = DEFINITIONAL_REPRESENTATION('',(#134),#138);
#134 = LINE('',#135,#136);
#135 = CARTESIAN_POINT('',(0.,0.));
#136 = VECTOR('',#137,1.);
#137 = DIRECTION('',(0.,1.));
#138 = ( GEOMETRIC_REPRESENTATION_CONTEXT(2) 
PARAMETRIC_REPRESENTATION_CONTEXT() REPRESENTATION_CONTEXT('2D SPACE',''
  ) );
#139 = ORIENTED_EDGE('',*,*,#140,.F.);
#140 = EDGE_CURVE('',#141,#113,#143,.T.);
#141 = VERTEX_POINT('',#142);
#142 = CARTESIAN_POINT('',(-12.,2.5,-34.05652886152));
#143 = SURFACE_CURVE('',#144,(#148,#155),.PCURVE_S1.);
#144 = LINE('',#145,#146);
#145 = CARTESIAN_POINT('',(-12.,2.5,-35.));
#146 = VECTOR('',#147,1.);
#147 = DIRECTION('',(0.,0.,1.));
#148 = PCURVE('',#32,#149);
#149 = DEFINITIONAL_REPRESENTATION('',(#150),#154);
#150 = LINE('',#151,#152);
#151 = CARTESIAN_POINT('',(-5.,-10.5));
#152 = VECTOR('',#153,1.);
#153 = DIRECTION('',(1.,0.));
#154 = ( GEOMETRIC_REPRESENTATION_CONTEXT(2) 
PARAMETRIC_REPRESENTATION_CONTEXT() REPRESENTATION_CONTEXT('2D SPACE',''
  ) );
#155 = PCURVE('',#156,#161);
#156 = PLANE('',#157);
#157 = AXIS2_PLACEMENT_3D('',#158,#159,#160);
#158 = CARTESIAN_POINT('',(-12.,2.5,-35.));
#159 = DIRECTION('',(-0.,1.,0.));
#160 = DIRECTION('',(0.,0.,1.));
#161 = DEFINITIONAL_REPRESENTATION('',(#162),#166);
#162 = LINE('',#163,#164);
#163 = CARTESIAN_POINT('',(0.,0.));
#164 = VECTOR('',#165,1.);
#165 = DIRECTION('',(1.,0.));
#166 = ( GEOMETRIC_REPRESENTATION_CONTEXT(2) 
PARAMETRIC_REPRESENTATION_CONTEXT() REPRESENTATION_CONTEXT('2D SPACE',''
  ) );
#167 = ORIENTED_EDGE('',*,*,#168,.T.);
#168 = EDGE_CURVE('',#141,#169,#171,.T.);
#169 = VERTEX_POINT('',#170);
#170 = CARTESIAN_POINT('',(-12.,16.5,-34.05652886152));
#171 = SURFACE_CURVE('',#172,(#179,#189),.PCURVE_S1.);
#172 = B_SPLINE_CURVE_WITH_KNOTS('',5,(#173,#174,#175,#176,#177,#178),
  .UNSPECIFIED.,.F.,.F.,(6,6),(0.,1.),.PIECEWISE_BEZIER_KNOTS.);
#173 = CARTESIAN_POINT('',(-12.,2.4999976,-34.05652886152));
#174 = CARTESIAN_POINT('',(-12.,5.332987826941,-34.05652886152));
#175 = CARTESIAN_POINT('',(-12.,8.065957075256,-34.05652886152));
#176 = CARTESIAN_POINT('',(-12.,10.890364814481,-34.05652886152));
#177 = CARTESIAN_POINT('',(-12.,13.781870621666,-34.05652886152));
#178 = CARTESIAN_POINT('',(-12.,16.5,-34.05652886152));
#179 = PCURVE('',#32,#180);
#180 = DEFINITIONAL_REPRESENTATION('',(#181),#188);
#181 = B_SPLINE_CURVE_WITH_KNOTS('',5,(#182,#183,#184,#185,#186,#187),
  .UNSPECIFIED.,.F.,.F.,(6,6),(0.,1.),.PIECEWISE_BEZIER_KNOTS.);
#182 = CARTESIAN_POINT('',(-4.056528861527,-10.4999976));
#183 = CARTESIAN_POINT('',(-4.056528861527,-13.33298782694));
#184 = CARTESIAN_POINT('',(-4.056528861527,-16.06595707525));
#185 = CARTESIAN_POINT('',(-4.056528861527,-18.89036481448));
#186 = CARTESIAN_POINT('',(-4.056528861527,-21.78187062166));
#187 = CARTESIAN_POINT('',(-4.056528861527,-24.5));
#188 = ( GEOMETRIC_REPRESENTATION_CONTEXT(2) 
PARAMETRIC_REPRESENTATION_CONTEXT() REPRESENTATION_CONTEXT('2D SPACE',''
  ) );
#189 = PCURVE('',#190,#198);
#190 = SURFACE_OF_LINEAR_EXTRUSION('',#191,#196);
#191 = ELLIPSE('',#192,23.,14.);
#192 = AXIS2_PLACEMENT_3D('',#193,#194,#195);
#193 = CARTESIAN_POINT('',(0.,16.5,-46.));
#194 = DIRECTION('',(0.,-1.,2.22044604925E-16));
#195 = DIRECTION('',(1.,0.,0.));
#196 = VECTOR('',#197,1.);
#197 = DIRECTION('',(0.,1.,-2.22044604925E-16));
#198 = DEFINITIONAL_REPRESENTATION('',(#199),#206);
#199 = B_SPLINE_CURVE_WITH_KNOTS('',5,(#200,#201,#202,#203,#204,#205),
  .UNSPECIFIED.,.F.,.F.,(6,6),(1.694322841955E-07,1.),
  .PIECEWISE_BEZIER_KNOTS.);
#200 = CARTESIAN_POINT('',(2.119684598438,-14.));
#201 = CARTESIAN_POINT('',(2.119684598438,-11.16701032084));
#202 = CARTESIAN_POINT('',(2.119684598438,-8.434041491119));
#203 = CARTESIAN_POINT('',(2.119684598438,-5.609634202145));
#204 = CARTESIAN_POINT('',(2.119684598438,-2.718128919195));
#205 = CARTESIAN_POINT('',(2.119684598438,-1.39976208402E-09));
#206 = ( GEOMETRIC_REPRESENTATION_CONTEXT(2) 
PARAMETRIC_REPRESENTATION_CONTEXT() REPRESENTATION_CONTEXT('2D SPACE',''
  ) );
#207 = ORIENTED_EDGE('',*,*,#208,.T.);
#208 = EDGE_CURVE('',#169,#209,#211,.T.);
#209 = VERTEX_POINT('',#210);
#210 = CARTESIAN_POINT('',(-12.,16.5,-29.99));
#211 = SURFACE_CURVE('',#212,(#216,#223),.PCURVE_S1.);
#212 = LINE('',#213,#214);
#213 = CARTESIAN_POINT('',(-12.,16.5,-35.));
#214 = VECTOR('',#215,1.);
#215 = DIRECTION('',(0.,0.,1.));
#216 = PCURVE('',#32,#217);
#217 = DEFINITIONAL_REPRESENTATION('',(#218),#222);
#218 = LINE('',#219,#220);
#219 = CARTESIAN_POINT('',(-5.,-24.5));
#220 = VECTOR('',#221,1.);
#221 = DIRECTION('',(1.,0.));
#222 = ( GEOMETRIC_REPRESENTATION_CONTEXT(2) 
PARAMETRIC_REPRESENTATION_CONTEXT() REPRESENTATION_CONTEXT('2D SPACE',''
  ) );
#223 = PCURVE('',#224,#229);
#224 = PLANE('',#225);
#225 = AXIS2_PLACEMENT_3D('',#226,#227,#228);
#226 = CARTESIAN_POINT('',(-12.,16.5,-35.));
#227 = DIRECTION('',(-0.,1.,0.));
#228 = DIRECTION('',(0.,0.,1.));
#229 = DEFINITIONAL_REPRESENTATION('',(#230),#234);
#230 = LINE('',#231,#232);
#231 = CARTESIAN_POINT('',(0.,0.));
#232 = VECTOR('',#233,1.);
#233 = DIRECTION('',(1.,0.));
#234 = ( GEOMETRIC_REPRESENTATION_CONTEXT(2) 
PARAMETRIC_REPRESENTATION_CONTEXT() REPRESENTATION_CONTEXT('2D SPACE',''
  ) );
#235 = ORIENTED_EDGE('',*,*,#236,.F.);
#236 = EDGE_CURVE('',#22,#209,#237,.T.);
#237 = SURFACE_CURVE('',#238,(#242,#249),.PCURVE_S1.);
#238 = LINE('',#239,#240);
#239 = CARTESIAN_POINT('',(-12.,2.5,-29.99));
#240 = VECTOR('',#241,1.);
#241 = DIRECTION('',(-0.,1.,0.));
#242 = PCURVE('',#32,#243);
#243 = DEFINITIONAL_REPRESENTATION('',(#244),#248);
#244 = LINE('',#245,#246);
#245 = CARTESIAN_POINT('',(1.E-02,-10.5));
#246 = VECTOR('',#247,1.);
#247 = DIRECTION('',(0.,-1.));
#248 = ( GEOMETRIC_REPRESENTATION_CONTEXT(2) 
PARAMETRIC_REPRESENTATION_CONTEXT() REPRESENTATION_CONTEXT('2D SPACE',''
  ) );
#249 = PCURVE('',#250,#255);
#250 = PLANE('',#251);
#251 = AXIS2_PLACEMENT_3D('',#252,#253,#254);
#252 = CARTESIAN_POINT('',(-12.,2.5,-29.99));
#253 = DIRECTION('',(0.,0.,1.));
#254 = DIRECTION('',(1.,0.,-0.));
#255 = DEFINITIONAL_REPRESENTATION('',(#256),#260);
#256 = LINE('',#257,#258);
#257 = CARTESIAN_POINT('',(0.,0.));
#258 = VECTOR('',#259,1.);
#259 = DIRECTION('',(0.,1.));
#260 = ( GEOMETRIC_REPRESENTATION_CONTEXT(2) 
PARAMETRIC_REPRESENTATION_CONTEXT() REPRESENTATION_CONTEXT('2D SPACE',''
  ) );
#261 = ADVANCED_FACE('',(#262,#337,#368),#72,.T.);
#262 = FACE_BOUND('',#263,.T.);
#263 = EDGE_LOOP('',(#264,#265,#288,#316));
#264 = ORIENTED_EDGE('',*,*,#56,.F.);
#265 = ORIENTED_EDGE('',*,*,#266,.T.);
#266 = EDGE_CURVE('',#57,#267,#269,.T.);
#267 = VERTEX_POINT('',#268);
#268 = CARTESIAN_POINT('',(12.,-8.,-26.));
#269 = SURFACE_CURVE('',#270,(#274,#281),.PCURVE_S1.);
#270 = LINE('',#271,#272);
#271 = CARTESIAN_POINT('',(-12.,-8.,-26.));
#272 = VECTOR('',#273,1.);
#273 = DIRECTION('',(1.,0.,-0.));
#274 = PCURVE('',#72,#275);
#275 = DEFINITIONAL_REPRESENTATION('',(#276),#280);
#276 = LINE('',#277,#278);
#277 = CARTESIAN_POINT('',(0.,0.));
#278 = VECTOR('',#279,1.);
#279 = DIRECTION('',(1.,0.));
#280 = ( GEOMETRIC_REPRESENTATION_CONTEXT(2) 
PARAMETRIC_REPRESENTATION_CONTEXT() REPRESENTATION_CONTEXT('2D SPACE',''
  ) );
#281 = PCURVE('',#100,#282);
#282 = DEFINITIONAL_REPRESENTATION('',(#283),#287);
#283 = LINE('',#284,#285);
#284 = CARTESIAN_POINT('',(4.,0.));
#285 = VECTOR('',#286,1.);
#286 = DIRECTION('',(0.,1.));
#287 = ( GEOMETRIC_REPRESENTATION_CONTEXT(2) 
PARAMETRIC_REPRESENTATION_CONTEXT() REPRESENTATION_CONTEXT('2D SPACE',''
  ) );
#288 = ORIENTED_EDGE('',*,*,#289,.T.);
#289 = EDGE_CURVE('',#267,#290,#292,.T.);
#290 = VERTEX_POINT('',#291);
#291 = CARTESIAN_POINT('',(12.,10.,-26.));
#292 = SURFACE_CURVE('',#293,(#297,#304),.PCURVE_S1.);
#293 = LINE('',#294,#295);
#294 = CARTESIAN_POINT('',(12.,-8.,-26.));
#295 = VECTOR('',#296,1.);
#296 = DIRECTION('',(-0.,1.,0.));
#297 = PCURVE('',#72,#298);
#298 = DEFINITIONAL_REPRESENTATION('',(#299),#303);
#299 = LINE('',#300,#301);
#300 = CARTESIAN_POINT('',(24.,0.));
#301 = VECTOR('',#302,1.);
#302 = DIRECTION('',(0.,1.));
#303 = ( GEOMETRIC_REPRESENTATION_CONTEXT(2) 
PARAMETRIC_REPRESENTATION_CONTEXT() REPRESENTATION_CONTEXT('2D SPACE',''
  ) );
#304 = PCURVE('',#305,#310);
#305 = PLANE('',#306);
#306 = AXIS2_PLACEMENT_3D('',#307,#308,#309);
#307 = CARTESIAN_POINT('',(12.,-8.,-30.));
#308 = DIRECTION('',(1.,0.,-0.));
#309 = DIRECTION('',(0.,0.,1.));
#310 = DEFINITIONAL_REPRESENTATION('',(#311),#315);
#311 = LINE('',#312,#313);
#312 = CARTESIAN_POINT('',(4.,0.));
#313 = VECTOR('',#314,1.);
#314 = DIRECTION('',(0.,-1.));
#315 = ( GEOMETRIC_REPRESENTATION_CONTEXT(2) 
PARAMETRIC_REPRESENTATION_CONTEXT() REPRESENTATION_CONTEXT('2D SPACE',''
  ) );
#316 = ORIENTED_EDGE('',*,*,#317,.F.);
#317 = EDGE_CURVE('',#24,#290,#318,.T.);
#318 = SURFACE_CURVE('',#319,(#323,#330),.PCURVE_S1.);
#319 = LINE('',#320,#321);
#320 = CARTESIAN_POINT('',(-12.,10.,-26.));
#321 = VECTOR('',#322,1.);
#322 = DIRECTION('',(1.,0.,-0.));
#323 = PCURVE('',#72,#324);
#324 = DEFINITIONAL_REPRESENTATION('',(#325),#329);
#325 = LINE('',#326,#327);
#326 = CARTESIAN_POINT('',(0.,18.));
#327 = VECTOR('',#328,1.);
#328 = DIRECTION('',(1.,0.));
#329 = ( GEOMETRIC_REPRESENTATION_CONTEXT(2) 
PARAMETRIC_REPRESENTATION_CONTEXT() REPRESENTATION_CONTEXT('2D SPACE',''
  ) );
#330 = PCURVE('',#44,#331);
#331 = DEFINITIONAL_REPRESENTATION('',(#332),#336);
#332 = LINE('',#333,#334);
#333 = CARTESIAN_POINT('',(4.,0.));
#334 = VECTOR('',#335,1.);
#335 = DIRECTION('',(0.,1.));
#336 = ( GEOMETRIC_REPRESENTATION_CONTEXT(2) 
PARAMETRIC_REPRESENTATION_CONTEXT() REPRESENTATION_CONTEXT('2D SPACE',''
  ) );
#337 = FACE_BOUND('',#338,.T.);
#338 = EDGE_LOOP('',(#339));
#339 = ORIENTED_EDGE('',*,*,#340,.F.);
#340 = EDGE_CURVE('',#341,#341,#343,.T.);
#341 = VERTEX_POINT('',#342);
#342 = CARTESIAN_POINT('',(-4.3,1.,-26.));
#343 = SURFACE_CURVE('',#344,(#349,#356),.PCURVE_S1.);
#344 = CIRCLE('',#345,1.7);
#345 = AXIS2_PLACEMENT_3D('',#346,#347,#348);
#346 = CARTESIAN_POINT('',(-6.,1.,-26.));
#347 = DIRECTION('',(0.,0.,1.));
#348 = DIRECTION('',(1.,0.,-0.));
#349 = PCURVE('',#72,#350);
#350 = DEFINITIONAL_REPRESENTATION('',(#351),#355);
#351 = CIRCLE('',#352,1.7);
#352 = AXIS2_PLACEMENT_2D('',#353,#354);
#353 = CARTESIAN_POINT('',(6.,9.));
#354 = DIRECTION('',(1.,0.));
#355 = ( GEOMETRIC_REPRESENTATION_CONTEXT(2) 
PARAMETRIC_REPRESENTATION_CONTEXT() REPRESENTATION_CONTEXT('2D SPACE',''
  ) );
#356 = PCURVE('',#357,#362);
#357 = CYLINDRICAL_SURFACE('',#358,1.7);
#358 = AXIS2_PLACEMENT_3D('',#359,#360,#361);
#359 = CARTESIAN_POINT('',(-6.,1.,-31.));
#360 = DIRECTION('',(0.,0.,1.));
#361 = DIRECTION('',(1.,0.,-0.));
#362 = DEFINITIONAL_REPRESENTATION('',(#363),#367);
#363 = LINE('',#364,#365);
#364 = CARTESIAN_POINT('',(0.,5.));
#365 = VECTOR('',#366,1.);
#366 = DIRECTION('',(1.,0.));
#367 = ( GEOMETRIC_REPRESENTATION_CONTEXT(2) 
PARAMETRIC_REPRESENTATION_CONTEXT() REPRESENTATION_CONTEXT('2D SPACE',''
  ) );
#368 = FACE_BOUND('',#369,.T.);
#369 = EDGE_LOOP('',(#370));
#370 = ORIENTED_EDGE('',*,*,#371,.F.);
#371 = EDGE_CURVE('',#372,#372,#374,.T.);
#372 = VERTEX_POINT('',#373);
#373 = CARTESIAN_POINT('',(7.7,1.,-26.));
#374 = SURFACE_CURVE('',#375,(#380,#387),.PCURVE_S1.);
#375 = CIRCLE('',#376,1.7);
#376 = AXIS2_PLACEMENT_3D('',#377,#378,#379);
#377 = CARTESIAN_POINT('',(6.,1.,-26.));
#378 = DIRECTION('',(0.,0.,1.));
#379 = DIRECTION('',(1.,0.,-0.));
#380 = PCURVE('',#72,#381);
#381 = DEFINITIONAL_REPRESENTATION('',(#382),#386);
#382 = CIRCLE('',#383,1.7);
#383 = AXIS2_PLACEMENT_2D('',#384,#385);
#384 = CARTESIAN_POINT('',(18.,9.));
#385 = DIRECTION('',(1.,0.));
#386 = ( GEOMETRIC_REPRESENTATION_CONTEXT(2) 
PARAMETRIC_REPRESENTATION_CONTEXT() REPRESENTATION_CONTEXT('2D SPACE',''
  ) );
#387 = PCURVE('',#388,#393);
#388 = CYLINDRICAL_SURFACE('',#389,1.7);
#389 = AXIS2_PLACEMENT_3D('',#390,#391,#392);
#390 = CARTESIAN_POINT('',(6.,1.,-31.));
#391 = DIRECTION('',(0.,0.,1.));
#392 = DIRECTION('',(1.,0.,-0.));
#393 = DEFINITIONAL_REPRESENTATION('',(#394),#398);
#394 = LINE('',#395,#396);
#395 = CARTESIAN_POINT('',(0.,5.));
#396 = VECTOR('',#397,1.);
#397 = DIRECTION('',(1.,0.));
#398 = ( GEOMETRIC_REPRESENTATION_CONTEXT(2) 
PARAMETRIC_REPRESENTATION_CONTEXT() REPRESENTATION_CONTEXT('2D SPACE',''
  ) );
#399 = ADVANCED_FACE('',(#400),#388,.F.);
#400 = FACE_BOUND('',#401,.F.);
#401 = EDGE_LOOP('',(#402,#425,#426,#427));
#402 = ORIENTED_EDGE('',*,*,#403,.T.);
#403 = EDGE_CURVE('',#404,#372,#406,.T.);
#404 = VERTEX_POINT('',#405);
#405 = CARTESIAN_POINT('',(7.7,1.,-30.));
#406 = SEAM_CURVE('',#407,(#411,#418),.PCURVE_S1.);
#407 = LINE('',#408,#409);
#408 = CARTESIAN_POINT('',(7.7,1.,-31.));
#409 = VECTOR('',#410,1.);
#410 = DIRECTION('',(0.,0.,1.));
#411 = PCURVE('',#388,#412);
#412 = DEFINITIONAL_REPRESENTATION('',(#413),#417);
#413 = LINE('',#414,#415);
#414 = CARTESIAN_POINT('',(6.28318530718,-0.));
#415 = VECTOR('',#416,1.);
#416 = DIRECTION('',(0.,1.));
#417 = ( GEOMETRIC_REPRESENTATION_CONTEXT(2) 
PARAMETRIC_REPRESENTATION_CONTEXT() REPRESENTATION_CONTEXT('2D SPACE',''
  ) );
#418 = PCURVE('',#388,#419);
#419 = DEFINITIONAL_REPRESENTATION('',(#420),#424);
#420 = LINE('',#421,#422);
#421 = CARTESIAN_POINT('',(0.,-0.));
#422 = VECTOR('',#423,1.);
#423 = DIRECTION('',(0.,1.));
#424 = ( GEOMETRIC_REPRESENTATION_CONTEXT(2) 
PARAMETRIC_REPRESENTATION_CONTEXT() REPRESENTATION_CONTEXT('2D SPACE',''
  ) );
#425 = ORIENTED_EDGE('',*,*,#371,.F.);
#426 = ORIENTED_EDGE('',*,*,#403,.F.);
#427 = ORIENTED_EDGE('',*,*,#428,.T.);
#428 = EDGE_CURVE('',#404,#404,#429,.T.);
#429 = SURFACE_CURVE('',#430,(#435,#442),.PCURVE_S1.);
#430 = CIRCLE('',#431,1.7);
#431 = AXIS2_PLACEMENT_3D('',#432,#433,#434);
#432 = CARTESIAN_POINT('',(6.,1.,-30.));
#433 = DIRECTION('',(0.,0.,1.));
#434 = DIRECTION('',(1.,0.,-0.));
#435 = PCURVE('',#388,#436);
#436 = DEFINITIONAL_REPRESENTATION('',(#437),#441);
#437 = LINE('',#438,#439);
#438 = CARTESIAN_POINT('',(0.,1.));
#439 = VECTOR('',#440,1.);
#440 = DIRECTION('',(1.,0.));
#441 = ( GEOMETRIC_REPRESENTATION_CONTEXT(2) 
PARAMETRIC_REPRESENTATION_CONTEXT() REPRESENTATION_CONTEXT('2D SPACE',''
  ) );
#442 = PCURVE('',#128,#443);
#443 = DEFINITIONAL_REPRESENTATION('',(#444),#448);
#444 = CIRCLE('',#445,1.7);
#445 = AXIS2_PLACEMENT_2D('',#446,#447);
#446 = CARTESIAN_POINT('',(18.,9.));
#447 = DIRECTION('',(1.,0.));
#448 = ( GEOMETRIC_REPRESENTATION_CONTEXT(2) 
PARAMETRIC_REPRESENTATION_CONTEXT() REPRESENTATION_CONTEXT('2D SPACE',''
  ) );
#449 = ADVANCED_FACE('',(#450),#357,.F.);
#450 = FACE_BOUND('',#451,.F.);
#451 = EDGE_LOOP('',(#452,#475,#476,#477));
#452 = ORIENTED_EDGE('',*,*,#453,.T.);
#453 = EDGE_CURVE('',#454,#341,#456,.T.);
#454 = VERTEX_POINT('',#455);
#455 = CARTESIAN_POINT('',(-4.3,1.,-30.));
#456 = SEAM_CURVE('',#457,(#461,#468),.PCURVE_S1.);
#457 = LINE('',#458,#459);
#458 = CARTESIAN_POINT('',(-4.3,1.,-31.));
#459 = VECTOR('',#460,1.);
#460 = DIRECTION('',(0.,0.,1.));
#461 = PCURVE('',#357,#462);
#462 = DEFINITIONAL_REPRESENTATION('',(#463),#467);
#463 = LINE('',#464,#465);
#464 = CARTESIAN_POINT('',(6.28318530718,-0.));
#465 = VECTOR('',#466,1.);
#466 = DIRECTION('',(0.,1.));
#467 = ( GEOMETRIC_REPRESENTATION_CONTEXT(2) 
PARAMETRIC_REPRESENTATION_CONTEXT() REPRESENTATION_CONTEXT('2D SPACE',''
  ) );
#468 = PCURVE('',#357,#469);
#469 = DEFINITIONAL_REPRESENTATION('',(#470),#474);
#470 = LINE('',#471,#472);
#471 = CARTESIAN_POINT('',(0.,-0.));
#472 = VECTOR('',#473,1.);
#473 = DIRECTION('',(0.,1.));
#474 = ( GEOMETRIC_REPRESENTATION_CONTEXT(2) 
PARAMETRIC_REPRESENTATION_CONTEXT() REPRESENTATION_CONTEXT('2D SPACE',''
  ) );
#475 = ORIENTED_EDGE('',*,*,#340,.F.);
#476 = ORIENTED_EDGE('',*,*,#453,.F.);
#477 = ORIENTED_EDGE('',*,*,#478,.T.);
#478 = EDGE_CURVE('',#454,#454,#479,.T.);
#479 = SURFACE_CURVE('',#480,(#485,#492),.PCURVE_S1.);
#480 = CIRCLE('',#481,1.7);
#481 = AXIS2_PLACEMENT_3D('',#482,#483,#484);
#482 = CARTESIAN_POINT('',(-6.,1.,-30.));
#483 = DIRECTION('',(0.,0.,1.));
#484 = DIRECTION('',(1.,0.,-0.));
#485 = PCURVE('',#357,#486);
#486 = DEFINITIONAL_REPRESENTATION('',(#487),#491);
#487 = LINE('',#488,#489);
#488 = CARTESIAN_POINT('',(0.,1.));
#489 = VECTOR('',#490,1.);
#490 = DIRECTION('',(1.,0.));
#491 = ( GEOMETRIC_REPRESENTATION_CONTEXT(2) 
PARAMETRIC_REPRESENTATION_CONTEXT() REPRESENTATION_CONTEXT('2D SPACE',''
  ) );
#492 = PCURVE('',#128,#493);
#493 = DEFINITIONAL_REPRESENTATION('',(#494),#498);
#494 = CIRCLE('',#495,1.7);
#495 = AXIS2_PLACEMENT_2D('',#496,#497);
#496 = CARTESIAN_POINT('',(6.,9.));
#497 = DIRECTION('',(1.,0.));
#498 = ( GEOMETRIC_REPRESENTATION_CONTEXT(2) 
PARAMETRIC_REPRESENTATION_CONTEXT() REPRESENTATION_CONTEXT('2D SPACE',''
  ) );
#499 = ADVANCED_FACE('',(#500),#305,.T.);
#500 = FACE_BOUND('',#501,.T.);
#501 = EDGE_LOOP('',(#502,#525,#526,#549,#572,#600,#632,#655));
#502 = ORIENTED_EDGE('',*,*,#503,.T.);
#503 = EDGE_CURVE('',#504,#290,#506,.T.);
#504 = VERTEX_POINT('',#505);
#505 = CARTESIAN_POINT('',(12.,10.,-29.99));
#506 = SURFACE_CURVE('',#507,(#511,#518),.PCURVE_S1.);
#507 = LINE('',#508,#509);
#508 = CARTESIAN_POINT('',(12.,10.,-30.));
#509 = VECTOR('',#510,1.);
#510 = DIRECTION('',(0.,0.,1.));
#511 = PCURVE('',#305,#512);
#512 = DEFINITIONAL_REPRESENTATION('',(#513),#517);
#513 = LINE('',#514,#515);
#514 = CARTESIAN_POINT('',(0.,-18.));
#515 = VECTOR('',#516,1.);
#516 = DIRECTION('',(1.,0.));
#517 = ( GEOMETRIC_REPRESENTATION_CONTEXT(2) 
PARAMETRIC_REPRESENTATION_CONTEXT() REPRESENTATION_CONTEXT('2D SPACE',''
  ) );
#518 = PCURVE('',#44,#519);
#519 = DEFINITIONAL_REPRESENTATION('',(#520),#524);
#520 = LINE('',#521,#522);
#521 = CARTESIAN_POINT('',(0.,24.));
#522 = VECTOR('',#523,1.);
#523 = DIRECTION('',(1.,0.));
#524 = ( GEOMETRIC_REPRESENTATION_CONTEXT(2) 
PARAMETRIC_REPRESENTATION_CONTEXT() REPRESENTATION_CONTEXT('2D SPACE',''
  ) );
#525 = ORIENTED_EDGE('',*,*,#289,.F.);
#526 = ORIENTED_EDGE('',*,*,#527,.F.);
#527 = EDGE_CURVE('',#528,#267,#530,.T.);
#528 = VERTEX_POINT('',#529);
#529 = CARTESIAN_POINT('',(12.,-8.,-30.));
#530 = SURFACE_CURVE('',#531,(#535,#542),.PCURVE_S1.);
#531 = LINE('',#532,#533);
#532 = CARTESIAN_POINT('',(12.,-8.,-30.));
#533 = VECTOR('',#534,1.);
#534 = DIRECTION('',(0.,0.,1.));
#535 = PCURVE('',#305,#536);
#536 = DEFINITIONAL_REPRESENTATION('',(#537),#541);
#537 = LINE('',#538,#539);
#538 = CARTESIAN_POINT('',(0.,0.));
#539 = VECTOR('',#540,1.);
#540 = DIRECTION('',(1.,0.));
#541 = ( GEOMETRIC_REPRESENTATION_CONTEXT(2) 
PARAMETRIC_REPRESENTATION_CONTEXT() REPRESENTATION_CONTEXT('2D SPACE',''
  ) );
#542 = PCURVE('',#100,#543);
#543 = DEFINITIONAL_REPRESENTATION('',(#544),#548);
#544 = LINE('',#545,#546);
#545 = CARTESIAN_POINT('',(0.,24.));
#546 = VECTOR('',#547,1.);
#547 = DIRECTION('',(1.,0.));
#548 = ( GEOMETRIC_REPRESENTATION_CONTEXT(2) 
PARAMETRIC_REPRESENTATION_CONTEXT() REPRESENTATION_CONTEXT('2D SPACE',''
  ) );
#549 = ORIENTED_EDGE('',*,*,#550,.T.);
#550 = EDGE_CURVE('',#528,#551,#553,.T.);
#551 = VERTEX_POINT('',#552);
#552 = CARTESIAN_POINT('',(12.,2.5,-30.));
#553 = SURFACE_CURVE('',#554,(#558,#565),.PCURVE_S1.);
#554 = LINE('',#555,#556);
#555 = CARTESIAN_POINT('',(12.,-8.,-30.));
#556 = VECTOR('',#557,1.);
#557 = DIRECTION('',(-0.,1.,0.));
#558 = PCURVE('',#305,#559);
#559 = DEFINITIONAL_REPRESENTATION('',(#560),#564);
#560 = LINE('',#561,#562);
#561 = CARTESIAN_POINT('',(0.,0.));
#562 = VECTOR('',#563,1.);
#563 = DIRECTION('',(0.,-1.));
#564 = ( GEOMETRIC_REPRESENTATION_CONTEXT(2) 
PARAMETRIC_REPRESENTATION_CONTEXT() REPRESENTATION_CONTEXT('2D SPACE',''
  ) );
#565 = PCURVE('',#128,#566);
#566 = DEFINITIONAL_REPRESENTATION('',(#567),#571);
#567 = LINE('',#568,#569);
#568 = CARTESIAN_POINT('',(24.,0.));
#569 = VECTOR('',#570,1.);
#570 = DIRECTION('',(0.,1.));
#571 = ( GEOMETRIC_REPRESENTATION_CONTEXT(2) 
PARAMETRIC_REPRESENTATION_CONTEXT() REPRESENTATION_CONTEXT('2D SPACE',''
  ) );
#572 = ORIENTED_EDGE('',*,*,#573,.F.);
#573 = EDGE_CURVE('',#574,#551,#576,.T.);
#574 = VERTEX_POINT('',#575);
#575 = CARTESIAN_POINT('',(12.,2.5,-34.05652886152));
#576 = SURFACE_CURVE('',#577,(#581,#588),.PCURVE_S1.);
#577 = LINE('',#578,#579);
#578 = CARTESIAN_POINT('',(12.,2.5,-35.));
#579 = VECTOR('',#580,1.);
#580 = DIRECTION('',(0.,0.,1.));
#581 = PCURVE('',#305,#582);
#582 = DEFINITIONAL_REPRESENTATION('',(#583),#587);
#583 = LINE('',#584,#585);
#584 = CARTESIAN_POINT('',(-5.,-10.5));
#585 = VECTOR('',#586,1.);
#586 = DIRECTION('',(1.,0.));
#587 = ( GEOMETRIC_REPRESENTATION_CONTEXT(2) 
PARAMETRIC_REPRESENTATION_CONTEXT() REPRESENTATION_CONTEXT('2D SPACE',''
  ) );
#588 = PCURVE('',#589,#594);
#589 = PLANE('',#590);
#590 = AXIS2_PLACEMENT_3D('',#591,#592,#593);
#591 = CARTESIAN_POINT('',(-12.,2.5,-35.));
#592 = DIRECTION('',(-0.,1.,0.));
#593 = DIRECTION('',(0.,0.,1.));
#594 = DEFINITIONAL_REPRESENTATION('',(#595),#599);
#595 = LINE('',#596,#597);
#596 = CARTESIAN_POINT('',(0.,24.));
#597 = VECTOR('',#598,1.);
#598 = DIRECTION('',(1.,0.));
#599 = ( GEOMETRIC_REPRESENTATION_CONTEXT(2) 
PARAMETRIC_REPRESENTATION_CONTEXT() REPRESENTATION_CONTEXT('2D SPACE',''
  ) );
#600 = ORIENTED_EDGE('',*,*,#601,.T.);
#601 = EDGE_CURVE('',#574,#602,#604,.T.);
#602 = VERTEX_POINT('',#603);
#603 = CARTESIAN_POINT('',(12.,16.5,-34.05652886152));
#604 = SURFACE_CURVE('',#605,(#612,#622),.PCURVE_S1.);
#605 = B_SPLINE_CURVE_WITH_KNOTS('',5,(#606,#607,#608,#609,#610,#611),
  .UNSPECIFIED.,.F.,.F.,(6,6),(0.,1.),.PIECEWISE_BEZIER_KNOTS.);
#606 = CARTESIAN_POINT('',(12.,2.4999976,-34.05652886152));
#607 = CARTESIAN_POINT('',(12.,5.332987826941,-34.05652886152));
#608 = CARTESIAN_POINT('',(12.,8.065957075256,-34.05652886152));
#609 = CARTESIAN_POINT('',(12.,10.890364814481,-34.05652886152));
#610 = CARTESIAN_POINT('',(12.,13.781870621666,-34.05652886152));
#611 = CARTESIAN_POINT('',(12.,16.5,-34.05652886152));
#612 = PCURVE('',#305,#613);
#613 = DEFINITIONAL_REPRESENTATION('',(#614),#621);
#614 = B_SPLINE_CURVE_WITH_KNOTS('',5,(#615,#616,#617,#618,#619,#620),
  .UNSPECIFIED.,.F.,.F.,(6,6),(0.,1.),.PIECEWISE_BEZIER_KNOTS.);
#615 = CARTESIAN_POINT('',(-4.056528861527,-10.4999976));
#616 = CARTESIAN_POINT('',(-4.056528861527,-13.33298782694));
#617 = CARTESIAN_POINT('',(-4.056528861527,-16.06595707525));
#618 = CARTESIAN_POINT('',(-4.056528861527,-18.89036481448));
#619 = CARTESIAN_POINT('',(-4.056528861527,-21.78187062166));
#620 = CARTESIAN_POINT('',(-4.056528861527,-24.5));
#621 = ( GEOMETRIC_REPRESENTATION_CONTEXT(2) 
PARAMETRIC_REPRESENTATION_CONTEXT() REPRESENTATION_CONTEXT('2D SPACE',''
  ) );
#622 = PCURVE('',#190,#623);
#623 = DEFINITIONAL_REPRESENTATION('',(#624),#631);
#624 = B_SPLINE_CURVE_WITH_KNOTS('',5,(#625,#626,#627,#628,#629,#630),
  .UNSPECIFIED.,.F.,.F.,(6,6),(1.694322841955E-07,1.),
  .PIECEWISE_BEZIER_KNOTS.);
#625 = CARTESIAN_POINT('',(7.305093362331,-14.));
#626 = CARTESIAN_POINT('',(7.305093362331,-11.16701032084));
#627 = CARTESIAN_POINT('',(7.305093362331,-8.434041491119));
#628 = CARTESIAN_POINT('',(7.305093362331,-5.609634202145));
#629 = CARTESIAN_POINT('',(7.305093362331,-2.718128919195));
#630 = CARTESIAN_POINT('',(7.305093362331,-1.39976208402E-09));
#631 = ( GEOMETRIC_REPRESENTATION_CONTEXT(2) 
PARAMETRIC_REPRESENTATION_CONTEXT() REPRESENTATION_CONTEXT('2D SPACE',''
  ) );
#632 = ORIENTED_EDGE('',*,*,#633,.T.);
#633 = EDGE_CURVE('',#602,#634,#636,.T.);
#634 = VERTEX_POINT('',#635);
#635 = CARTESIAN_POINT('',(12.,16.5,-29.99));
#636 = SURFACE_CURVE('',#637,(#641,#648),.PCURVE_S1.);
#637 = LINE('',#638,#639);
#638 = CARTESIAN_POINT('',(12.,16.5,-35.));
#639 = VECTOR('',#640,1.);
#640 = DIRECTION('',(0.,0.,1.));
#641 = PCURVE('',#305,#642);
#642 = DEFINITIONAL_REPRESENTATION('',(#643),#647);
#643 = LINE('',#644,#645);
#644 = CARTESIAN_POINT('',(-5.,-24.5));
#645 = VECTOR('',#646,1.);
#646 = DIRECTION('',(1.,0.));
#647 = ( GEOMETRIC_REPRESENTATION_CONTEXT(2) 
PARAMETRIC_REPRESENTATION_CONTEXT() REPRESENTATION_CONTEXT('2D SPACE',''
  ) );
#648 = PCURVE('',#224,#649);
#649 = DEFINITIONAL_REPRESENTATION('',(#650),#654);
#650 = LINE('',#651,#652);
#651 = CARTESIAN_POINT('',(0.,24.));
#652 = VECTOR('',#653,1.);
#653 = DIRECTION('',(1.,0.));
#654 = ( GEOMETRIC_REPRESENTATION_CONTEXT(2) 
PARAMETRIC_REPRESENTATION_CONTEXT() REPRESENTATION_CONTEXT('2D SPACE',''
  ) );
#655 = ORIENTED_EDGE('',*,*,#656,.F.);
#656 = EDGE_CURVE('',#504,#634,#657,.T.);
#657 = SURFACE_CURVE('',#658,(#662,#669),.PCURVE_S1.);
#658 = LINE('',#659,#660);
#659 = CARTESIAN_POINT('',(12.,2.5,-29.99));
#660 = VECTOR('',#661,1.);
#661 = DIRECTION('',(-0.,1.,0.));
#662 = PCURVE('',#305,#663);
#663 = DEFINITIONAL_REPRESENTATION('',(#664),#668);
#664 = LINE('',#665,#666);
#665 = CARTESIAN_POINT('',(1.E-02,-10.5));
#666 = VECTOR('',#667,1.);
#667 = DIRECTION('',(0.,-1.));
#668 = ( GEOMETRIC_REPRESENTATION_CONTEXT(2) 
PARAMETRIC_REPRESENTATION_CONTEXT() REPRESENTATION_CONTEXT('2D SPACE',''
  ) );
#669 = PCURVE('',#250,#670);
#670 = DEFINITIONAL_REPRESENTATION('',(#671),#675);
#671 = LINE('',#672,#673);
#672 = CARTESIAN_POINT('',(24.,0.));
#673 = VECTOR('',#674,1.);
#674 = DIRECTION('',(0.,1.));
#675 = ( GEOMETRIC_REPRESENTATION_CONTEXT(2) 
PARAMETRIC_REPRESENTATION_CONTEXT() REPRESENTATION_CONTEXT('2D SPACE',''
  ) );
#676 = ADVANCED_FACE('',(#677),#589,.F.);
#677 = FACE_BOUND('',#678,.F.);
#678 = EDGE_LOOP('',(#679,#680,#707,#734,#760,#1334,#1900,#1926));
#679 = ORIENTED_EDGE('',*,*,#573,.F.);
#680 = ORIENTED_EDGE('',*,*,#681,.F.);
#681 = EDGE_CURVE('',#682,#574,#684,.T.);
#682 = VERTEX_POINT('',#683);
#683 = CARTESIAN_POINT('',(23.,2.5,-46.));
#684 = SURFACE_CURVE('',#685,(#690,#701),.PCURVE_S1.);
#685 = ELLIPSE('',#686,23.,14.);
#686 = AXIS2_PLACEMENT_3D('',#687,#688,#689);
#687 = CARTESIAN_POINT('',(0.,2.5,-46.));
#688 = DIRECTION('',(0.,-1.,2.22044604925E-16));
#689 = DIRECTION('',(1.,0.,0.));
#690 = PCURVE('',#589,#691);
#691 = DEFINITIONAL_REPRESENTATION('',(#692),#700);
#692 = ( BOUNDED_CURVE() B_SPLINE_CURVE(2,(#693,#694,#695,#696,#697,#698
,#699),.UNSPECIFIED.,.T.,.F.) B_SPLINE_CURVE_WITH_KNOTS((1,2,2,2,2,1),(
    -2.094395102393,0.,2.094395102393,4.188790204786,6.28318530718,
8.377580409573),.UNSPECIFIED.) CURVE() GEOMETRIC_REPRESENTATION_ITEM() 
RATIONAL_B_SPLINE_CURVE((1.,0.5,1.,0.5,1.,0.5,1.)) REPRESENTATION_ITEM(
  '') );
#693 = CARTESIAN_POINT('',(-11.,35.));
#694 = CARTESIAN_POINT('',(13.248711305964,35.));
#695 = CARTESIAN_POINT('',(1.124355652982,0.5));
#696 = CARTESIAN_POINT('',(-11.,-34.));
#697 = CARTESIAN_POINT('',(-23.12435565298,0.5));
#698 = CARTESIAN_POINT('',(-35.24871130596,35.));
#699 = CARTESIAN_POINT('',(-11.,35.));
#700 = ( GEOMETRIC_REPRESENTATION_CONTEXT(2) 
PARAMETRIC_REPRESENTATION_CONTEXT() REPRESENTATION_CONTEXT('2D SPACE',''
  ) );
#701 = PCURVE('',#190,#702);
#702 = DEFINITIONAL_REPRESENTATION('',(#703),#706);
#703 = B_SPLINE_CURVE_WITH_KNOTS('',1,(#704,#705),.UNSPECIFIED.,.F.,.F.,
  (2,2),(0.,1.021908055152),.PIECEWISE_BEZIER_KNOTS.);
#704 = CARTESIAN_POINT('',(6.28318530718,-14.));
#705 = CARTESIAN_POINT('',(7.305093362331,-14.));
#706 = ( GEOMETRIC_REPRESENTATION_CONTEXT(2) 
PARAMETRIC_REPRESENTATION_CONTEXT() REPRESENTATION_CONTEXT('2D SPACE',''
  ) );
#707 = ORIENTED_EDGE('',*,*,#708,.F.);
#708 = EDGE_CURVE('',#709,#682,#711,.T.);
#709 = VERTEX_POINT('',#710);
#710 = CARTESIAN_POINT('',(8.883140648668,2.5,-58.91367317995));
#711 = SURFACE_CURVE('',#712,(#717,#728),.PCURVE_S1.);
#712 = ELLIPSE('',#713,23.,14.);
#713 = AXIS2_PLACEMENT_3D('',#714,#715,#716);
#714 = CARTESIAN_POINT('',(0.,2.5,-46.));
#715 = DIRECTION('',(0.,-1.,2.22044604925E-16));
#716 = DIRECTION('',(1.,0.,0.));
#717 = PCURVE('',#589,#718);
#718 = DEFINITIONAL_REPRESENTATION('',(#719),#727);
#719 = ( BOUNDED_CURVE() B_SPLINE_CURVE(2,(#720,#721,#722,#723,#724,#725
,#726),.UNSPECIFIED.,.T.,.F.) B_SPLINE_CURVE_WITH_KNOTS((1,2,2,2,2,1),(
    -2.094395102393,0.,2.094395102393,4.188790204786,6.28318530718,
8.377580409573),.UNSPECIFIED.) CURVE() GEOMETRIC_REPRESENTATION_ITEM() 
RATIONAL_B_SPLINE_CURVE((1.,0.5,1.,0.5,1.,0.5,1.)) REPRESENTATION_ITEM(
  '') );
#720 = CARTESIAN_POINT('',(-11.,35.));
#721 = CARTESIAN_POINT('',(13.248711305964,35.));
#722 = CARTESIAN_POINT('',(1.124355652982,0.5));
#723 = CARTESIAN_POINT('',(-11.,-34.));
#724 = CARTESIAN_POINT('',(-23.12435565298,0.5));
#725 = CARTESIAN_POINT('',(-35.24871130596,35.));
#726 = CARTESIAN_POINT('',(-11.,35.));
#727 = ( GEOMETRIC_REPRESENTATION_CONTEXT(2) 
PARAMETRIC_REPRESENTATION_CONTEXT() REPRESENTATION_CONTEXT('2D SPACE',''
  ) );
#728 = PCURVE('',#190,#729);
#729 = DEFINITIONAL_REPRESENTATION('',(#730),#733);
#730 = B_SPLINE_CURVE_WITH_KNOTS('',1,(#731,#732),.UNSPECIFIED.,.F.,.F.,
  (2,2),(2.119684598438,6.28318530718),.PIECEWISE_BEZIER_KNOTS.);
#731 = CARTESIAN_POINT('',(2.119684598438,-14.));
#732 = CARTESIAN_POINT('',(6.28318530718,-14.));
#733 = ( GEOMETRIC_REPRESENTATION_CONTEXT(2) 
PARAMETRIC_REPRESENTATION_CONTEXT() REPRESENTATION_CONTEXT('2D SPACE',''
  ) );
#734 = ORIENTED_EDGE('',*,*,#735,.T.);
#735 = EDGE_CURVE('',#709,#736,#738,.T.);
#736 = VERTEX_POINT('',#737);
#737 = CARTESIAN_POINT('',(8.883140648668,2.5,-55.85543852621));
#738 = SURFACE_CURVE('',#739,(#743,#749),.PCURVE_S1.);
#739 = LINE('',#740,#741);
#740 = CARTESIAN_POINT('',(8.883140648668,2.5,-61.));
#741 = VECTOR('',#742,1.);
#742 = DIRECTION('',(0.,0.,1.));
#743 = PCURVE('',#589,#744);
#744 = DEFINITIONAL_REPRESENTATION('',(#745),#748);
#745 = B_SPLINE_CURVE_WITH_KNOTS('',1,(#746,#747),.UNSPECIFIED.,.F.,.F.,
  (2,2),(-5.999999999062E-07,31.0000006),.PIECEWISE_BEZIER_KNOTS.);
#746 = CARTESIAN_POINT('',(-26.0000006,20.883140648668));
#747 = CARTESIAN_POINT('',(5.0000006,20.883140648668));
#748 = ( GEOMETRIC_REPRESENTATION_CONTEXT(2) 
PARAMETRIC_REPRESENTATION_CONTEXT() REPRESENTATION_CONTEXT('2D SPACE',''
  ) );
#749 = PCURVE('',#750,#755);
#750 = CYLINDRICAL_SURFACE('',#751,3.25);
#751 = AXIS2_PLACEMENT_3D('',#752,#753,#754);
#752 = CARTESIAN_POINT('',(6.,1.,-61.));
#753 = DIRECTION('',(0.,0.,1.));
#754 = DIRECTION('',(1.,0.,-0.));
#755 = DEFINITIONAL_REPRESENTATION('',(#756),#759);
#756 = B_SPLINE_CURVE_WITH_KNOTS('',1,(#757,#758),.UNSPECIFIED.,.F.,.F.,
  (2,2),(-5.999999999062E-07,31.0000006),.PIECEWISE_BEZIER_KNOTS.);
#757 = CARTESIAN_POINT('',(0.479728637676,-5.999999999062E-07));
#758 = CARTESIAN_POINT('',(0.479728637676,31.0000006));
#759 = ( GEOMETRIC_REPRESENTATION_CONTEXT(2) 
PARAMETRIC_REPRESENTATION_CONTEXT() REPRESENTATION_CONTEXT('2D SPACE',''
  ) );
#760 = ORIENTED_EDGE('',*,*,#761,.F.);
#761 = EDGE_CURVE('',#762,#736,#764,.T.);
#762 = VERTEX_POINT('',#763);
#763 = CARTESIAN_POINT('',(20.,2.5,-46.));
#764 = SURFACE_CURVE('',#765,(#950,#1138),.PCURVE_S1.);
#765 = B_SPLINE_CURVE_WITH_KNOTS('',8,(#766,#767,#768,#769,#770,#771,
    #772,#773,#774,#775,#776,#777,#778,#779,#780,#781,#782,#783,#784,
    #785,#786,#787,#788,#789,#790,#791,#792,#793,#794,#795,#796,#797,
    #798,#799,#800,#801,#802,#803,#804,#805,#806,#807,#808,#809,#810,
    #811,#812,#813,#814,#815,#816,#817,#818,#819,#820,#821,#822,#823,
    #824,#825,#826,#827,#828,#829,#830,#831,#832,#833,#834,#835,#836,
    #837,#838,#839,#840,#841,#842,#843,#844,#845,#846,#847,#848,#849,
    #850,#851,#852,#853,#854,#855,#856,#857,#858,#859,#860,#861,#862,
    #863,#864,#865,#866,#867,#868,#869,#870,#871,#872,#873,#874,#875,
    #876,#877,#878,#879,#880,#881,#882,#883,#884,#885,#886,#887,#888,
    #889,#890,#891,#892,#893,#894,#895,#896,#897,#898,#899,#900,#901,
    #902,#903,#904,#905,#906,#907,#908,#909,#910,#911,#912,#913,#914,
    #915,#916,#917,#918,#919,#920,#921,#922,#923,#924,#925,#926,#927,
    #928,#929,#930,#931,#932,#933,#934,#935,#936,#937,#938,#939,#940,
    #941,#942,#943,#944,#945,#946,#947,#948,#949),.UNSPECIFIED.,.T.,.F.,
  (9,7,7,7,7,7,7,7,7,7,7,7,7,7,7,7,7,7,7,7,7,7,7,7,7,7,9),(0.,
    3.148497243757E-02,5.366380163597E-02,8.787523039711E-02,
    0.120594909726,0.150726047861,0.250010176295,0.339977649495,
    0.369609361737,0.402286109504,0.436085481069,0.464725054722,
    0.484589034084,0.500017854842,0.52046087736,0.53151250959,
    0.553690150102,0.587899745284,0.620617670985,0.650747194226,
    0.750026001477,0.839988652822,0.869618776938,0.902293773377,
    0.936091333447,0.964729372147,1.),.UNSPECIFIED.);
#766 = CARTESIAN_POINT('',(20.,2.5,-46.));
#767 = CARTESIAN_POINT('',(20.,2.5,-46.39075677322));
#768 = CARTESIAN_POINT('',(19.971156373755,2.5,-46.78166627365));
#769 = CARTESIAN_POINT('',(19.913429750198,2.5,-47.1698949127));
#770 = CARTESIAN_POINT('',(19.82771888227,2.5,-47.55309974683));
#771 = CARTESIAN_POINT('',(19.715544177979,2.5,-47.9293556788));
#772 = CARTESIAN_POINT('',(19.578828762425,2.5,-48.29710485931));
#773 = CARTESIAN_POINT('',(19.419739878214,2.5,-48.65511974777));
#774 = CARTESIAN_POINT('',(19.114329862706,2.5,-49.24715470457));
#775 = CARTESIAN_POINT('',(18.978070832735,2.5,-49.48666823639));
#776 = CARTESIAN_POINT('',(18.832491808207,2.5,-49.72080067911));
#777 = CARTESIAN_POINT('',(18.678297600701,2.5,-49.94942058565));
#778 = CARTESIAN_POINT('',(18.516162821532,2.5,-50.17246317453));
#779 = CARTESIAN_POINT('',(18.346716169248,2.5,-50.38991970738));
#780 = CARTESIAN_POINT('',(18.170528550078,2.5,-50.601829338));
#781 = CARTESIAN_POINT('',(17.706711944242,2.5,-51.12671889263));
#782 = CARTESIAN_POINT('',(17.410560307873,2.5,-51.43207026846));
#783 = CARTESIAN_POINT('',(17.101466147015,2.5,-51.72469460783));
#784 = CARTESIAN_POINT('',(16.781026789226,2.5,-52.0049845286));
#785 = CARTESIAN_POINT('',(16.450625994943,2.5,-52.27336280956));
#786 = CARTESIAN_POINT('',(16.11143437447,2.5,-52.53028196198));
#787 = CARTESIAN_POINT('',(15.764405091834,2.5,-52.77621878248));
#788 = CARTESIAN_POINT('',(15.071566490986,2.5,-53.23684268291));
#789 = CARTESIAN_POINT('',(14.726443613856,2.5,-53.45237203292));
#790 = CARTESIAN_POINT('',(14.375587012928,2.5,-53.65865600278));
#791 = CARTESIAN_POINT('',(14.019601748613,2.5,-53.85605491169));
#792 = CARTESIAN_POINT('',(13.659014748443,2.5,-54.04489847362));
#793 = CARTESIAN_POINT('',(13.294279799198,2.5,-54.22549444612));
#794 = CARTESIAN_POINT('',(12.925779935635,2.5,-54.39813278676));
#795 = CARTESIAN_POINT('',(12.211300687977,2.5,-54.7149880126));
#796 = CARTESIAN_POINT('',(11.865868723235,2.5,-54.86036327196));
#797 = CARTESIAN_POINT('',(11.517789004258,2.5,-54.99941819445));
#798 = CARTESIAN_POINT('',(11.167294240375,2.5,-55.13234001699));
#799 = CARTESIAN_POINT('',(10.81459320095,2.5,-55.25929863452));
#800 = CARTESIAN_POINT('',(10.459871738759,2.5,-55.38044912031));
#801 = CARTESIAN_POINT('',(10.103293813367,2.5,-55.4959342462));
#802 = CARTESIAN_POINT('',(8.564408566392,2.5,-55.9681887377));
#803 = CARTESIAN_POINT('',(7.365740660499,2.5,-56.27025793418));
#804 = CARTESIAN_POINT('',(6.153538850853,2.5,-56.51709611575));
#805 = CARTESIAN_POINT('',(4.931530618946,2.5,-56.71167796693));
#806 = CARTESIAN_POINT('',(3.702864780429,2.5,-56.85619177088));
#807 = CARTESIAN_POINT('',(2.47011524054,2.5,-56.9520384608));
#808 = CARTESIAN_POINT('',(1.235329141376,2.5,-57.));
#809 = CARTESIAN_POINT('',(-1.119407937316,2.5,-57.));
#810 = CARTESIAN_POINT('',(-2.23851298292,2.5,-56.96061755239));
#811 = CARTESIAN_POINT('',(-3.356082143544,2.5,-56.88189085126));
#812 = CARTESIAN_POINT('',(-4.470561222843,2.5,-56.76330725149));
#813 = CARTESIAN_POINT('',(-5.580084894033,2.5,-56.60392061759));
#814 = CARTESIAN_POINT('',(-6.682457480613,2.5,-56.40227791971));
#815 = CARTESIAN_POINT('',(-7.775142590433,2.5,-56.15637252558));
#816 = CARTESIAN_POINT('',(-9.210880980043,2.5,-55.76644307785));
#817 = CARTESIAN_POINT('',(-9.565190793338,2.5,-55.66470029436));
#818 = CARTESIAN_POINT('',(-9.917976415445,2.5,-55.55771457552));
#819 = CARTESIAN_POINT('',(-10.26910482649,2.5,-55.4453688256));
#820 = CARTESIAN_POINT('',(-10.61842694881,2.5,-55.32753543547));
#821 = CARTESIAN_POINT('',(-10.96577696376,2.5,-55.20407438628));
#822 = CARTESIAN_POINT('',(-11.31097162862,2.5,-55.07483135313));
#823 = CARTESIAN_POINT('',(-12.03187852192,2.5,-54.79054720171));
#824 = CARTESIAN_POINT('',(-12.40706178514,2.5,-54.63422722762));
#825 = CARTESIAN_POINT('',(-12.77910238221,2.5,-54.47044287487));
#826 = CARTESIAN_POINT('',(-13.14768989844,2.5,-54.29894306317));
#827 = CARTESIAN_POINT('',(-13.51246036656,2.5,-54.1194583335));
#828 = CARTESIAN_POINT('',(-13.87299430448,2.5,-53.93169697777));
#829 = CARTESIAN_POINT('',(-14.22881292943,2.5,-53.73533760801));
#830 = CARTESIAN_POINT('',(-14.9419757947,2.5,-53.31764488418));
#831 = CARTESIAN_POINT('',(-15.29888849598,2.5,-53.09572241885));
#832 = CARTESIAN_POINT('',(-15.64955359921,2.5,-52.86383238161));
#833 = CARTESIAN_POINT('',(-15.99325283508,2.5,-52.62154937543));
#834 = CARTESIAN_POINT('',(-16.32911099754,2.5,-52.36844659227));
#835 = CARTESIAN_POINT('',(-16.65609470694,2.5,-52.1040945299));
#836 = CARTESIAN_POINT('',(-16.97300565674,2.5,-51.82805282721));
#837 = CARTESIAN_POINT('',(-17.53729922503,2.5,-51.29565373514));
#838 = CARTESIAN_POINT('',(-17.78784723791,2.5,-51.04278416868));
#839 = CARTESIAN_POINT('',(-18.02928808775,2.5,-50.78096260048));
#840 = CARTESIAN_POINT('',(-18.26061896207,2.5,-50.50997497193));
#841 = CARTESIAN_POINT('',(-18.48067295966,2.5,-50.22968931028));
#842 = CARTESIAN_POINT('',(-18.68814210786,2.5,-49.94007422378));
#843 = CARTESIAN_POINT('',(-18.88160896822,2.5,-49.64122366551));
#844 = CARTESIAN_POINT('',(-19.18302961,2.5,-49.11987773508));
#845 = CARTESIAN_POINT('',(-19.29901019177,2.5,-48.90206465245));
#846 = CARTESIAN_POINT('',(-19.40701552314,2.5,-48.68006742271));
#847 = CARTESIAN_POINT('',(-19.50651669619,2.5,-48.45405989588));
#848 = CARTESIAN_POINT('',(-19.59698222604,2.5,-48.22427654775));
#849 = CARTESIAN_POINT('',(-19.67789626541,2.5,-47.99101983134));
#850 = CARTESIAN_POINT('',(-19.74878175565,2.5,-47.75466939933));
#851 = CARTESIAN_POINT('',(-19.85617893519,2.5,-47.3300747514));
#852 = CARTESIAN_POINT('',(-19.89683444648,2.5,-47.1428609326));
#853 = CARTESIAN_POINT('',(-19.93099916136,2.5,-46.95428212127));
#854 = CARTESIAN_POINT('',(-19.95850798866,2.5,-46.76458294469));
#855 = CARTESIAN_POINT('',(-19.97923091045,2.5,-46.57402274543));
#856 = CARTESIAN_POINT('',(-19.99307726005,2.5,-46.38287604965));
#857 = CARTESIAN_POINT('',(-20.,2.5,-46.19143303522));
#858 = CARTESIAN_POINT('',(-20.,2.5,-45.74635327541));
#859 = CARTESIAN_POINT('',(-19.9878466477,2.5,-45.49267275113));
#860 = CARTESIAN_POINT('',(-19.96353440046,2.5,-45.23969240397));
#861 = CARTESIAN_POINT('',(-19.92721297379,2.5,-44.98808258348));
#862 = CARTESIAN_POINT('',(-19.87916127118,2.5,-44.73845398003));
#863 = CARTESIAN_POINT('',(-19.81976489292,2.5,-44.49136108514));
#864 = CARTESIAN_POINT('',(-19.74949722382,2.5,-44.24730514399));
#865 = CARTESIAN_POINT('',(-19.62533492783,2.5,-43.87668366537));
#866 = CARTESIAN_POINT('',(-19.57874380565,2.5,-43.747637314));
#867 = CARTESIAN_POINT('',(-19.52921331735,2.5,-43.6196608944));
#868 = CARTESIAN_POINT('',(-19.47682969842,2.5,-43.49281000868));
#869 = CARTESIAN_POINT('',(-19.42168171091,2.5,-43.36713297661));
#870 = CARTESIAN_POINT('',(-19.36385951844,2.5,-43.24267129965));
#871 = CARTESIAN_POINT('',(-19.30345356136,2.5,-43.11946012493));
#872 = CARTESIAN_POINT('',(-19.1143298627,2.5,-42.75284529542));
#873 = CARTESIAN_POINT('',(-18.97807083273,2.5,-42.51333176361));
#874 = CARTESIAN_POINT('',(-18.8324918082,2.5,-42.27919932088));
#875 = CARTESIAN_POINT('',(-18.6782976007,2.5,-42.05057941434));
#876 = CARTESIAN_POINT('',(-18.51616282153,2.5,-41.82753682546));
#877 = CARTESIAN_POINT('',(-18.34671616924,2.5,-41.61008029261));
#878 = CARTESIAN_POINT('',(-18.17052855007,2.5,-41.39817066199));
#879 = CARTESIAN_POINT('',(-17.70671194424,2.5,-40.87328110736));
#880 = CARTESIAN_POINT('',(-17.41056030787,2.5,-40.56792973154));
#881 = CARTESIAN_POINT('',(-17.10146614701,2.5,-40.27530539216));
#882 = CARTESIAN_POINT('',(-16.78102678922,2.5,-39.99501547139));
#883 = CARTESIAN_POINT('',(-16.45062599494,2.5,-39.72663719043));
#884 = CARTESIAN_POINT('',(-16.11143437447,2.5,-39.46971803801));
#885 = CARTESIAN_POINT('',(-15.76440509183,2.5,-39.22378121751));
#886 = CARTESIAN_POINT('',(-15.07156649098,2.5,-38.76315731708));
#887 = CARTESIAN_POINT('',(-14.72644361385,2.5,-38.54762796707));
#888 = CARTESIAN_POINT('',(-14.37558701293,2.5,-38.34134399721));
#889 = CARTESIAN_POINT('',(-14.01960174861,2.5,-38.1439450883));
#890 = CARTESIAN_POINT('',(-13.65901474844,2.5,-37.95510152637));
#891 = CARTESIAN_POINT('',(-13.29427979919,2.5,-37.77450555387));
#892 = CARTESIAN_POINT('',(-12.92577993563,2.5,-37.60186721323));
#893 = CARTESIAN_POINT('',(-12.21130068797,2.5,-37.28501198739));
#894 = CARTESIAN_POINT('',(-11.86586872323,2.5,-37.13963672803));
#895 = CARTESIAN_POINT('',(-11.51778900425,2.5,-37.00058180554));
#896 = CARTESIAN_POINT('',(-11.16729424037,2.5,-36.867659983));
#897 = CARTESIAN_POINT('',(-10.81459320095,2.5,-36.74070136547));
#898 = CARTESIAN_POINT('',(-10.45987173876,2.5,-36.61955087968));
#899 = CARTESIAN_POINT('',(-10.10329381336,2.5,-36.50406575379));
#900 = CARTESIAN_POINT('',(-8.564408566393,2.5,-36.03181126229));
#901 = CARTESIAN_POINT('',(-7.365740660508,2.5,-35.72974206581));
#902 = CARTESIAN_POINT('',(-6.153538850828,2.5,-35.48290388423));
#903 = CARTESIAN_POINT('',(-4.931530618987,2.5,-35.28832203308));
#904 = CARTESIAN_POINT('',(-3.702864780397,2.5,-35.1438082291));
#905 = CARTESIAN_POINT('',(-2.470115240555,2.5,-35.04796153919));
#906 = CARTESIAN_POINT('',(-1.235329141374,2.5,-35.));
#907 = CARTESIAN_POINT('',(1.119407937305,2.5,-35.));
#908 = CARTESIAN_POINT('',(2.238512982959,2.5,-35.0393824476));
#909 = CARTESIAN_POINT('',(3.356082143473,2.5,-35.11810914873));
#910 = CARTESIAN_POINT('',(4.470561222919,2.5,-35.2366927485));
#911 = CARTESIAN_POINT('',(5.580084893983,2.5,-35.39607938239));
#912 = CARTESIAN_POINT('',(6.682457480632,2.5,-35.59772208029));
#913 = CARTESIAN_POINT('',(7.77514259043,2.5,-35.84362747441));
#914 = CARTESIAN_POINT('',(9.210880980043,2.5,-36.23355692214));
#915 = CARTESIAN_POINT('',(9.565190793339,2.5,-36.33529970563));
#916 = CARTESIAN_POINT('',(9.917976415445,2.5,-36.44228542447));
#917 = CARTESIAN_POINT('',(10.269104826495,2.5,-36.55463117439));
#918 = CARTESIAN_POINT('',(10.618426948813,2.5,-36.67246456452));
#919 = CARTESIAN_POINT('',(10.965776963768,2.5,-36.79592561371));
#920 = CARTESIAN_POINT('',(11.310971628621,2.5,-36.92516864686));
#921 = CARTESIAN_POINT('',(12.031878521926,2.5,-37.20945279828));
#922 = CARTESIAN_POINT('',(12.407061785141,2.5,-37.36577277237));
#923 = CARTESIAN_POINT('',(12.779102382214,2.5,-37.52955712512));
#924 = CARTESIAN_POINT('',(13.14768989844,2.5,-37.70105693682));
#925 = CARTESIAN_POINT('',(13.512460366561,2.5,-37.88054166649));
#926 = CARTESIAN_POINT('',(13.872994304489,2.5,-38.06830302222));
#927 = CARTESIAN_POINT('',(14.228812929438,2.5,-38.26466239198));
#928 = CARTESIAN_POINT('',(14.941975794706,2.5,-38.68235511581));
#929 = CARTESIAN_POINT('',(15.298888495986,2.5,-38.90427758114));
#930 = CARTESIAN_POINT('',(15.649553599215,2.5,-39.13616761838));
#931 = CARTESIAN_POINT('',(15.993252835083,2.5,-39.37845062456));
#932 = CARTESIAN_POINT('',(16.329110997545,2.5,-39.63155340772));
#933 = CARTESIAN_POINT('',(16.656094706947,2.5,-39.89590547009));
#934 = CARTESIAN_POINT('',(16.973005656749,2.5,-40.17194717278));
#935 = CARTESIAN_POINT('',(17.537299225036,2.5,-40.70434626486));
#936 = CARTESIAN_POINT('',(17.787847237917,2.5,-40.95721583131));
#937 = CARTESIAN_POINT('',(18.029288087756,2.5,-41.21903739951));
#938 = CARTESIAN_POINT('',(18.260618962074,2.5,-41.49002502806));
#939 = CARTESIAN_POINT('',(18.48067295966,2.5,-41.77031068972));
#940 = CARTESIAN_POINT('',(18.688142107867,2.5,-42.05992577621));
#941 = CARTESIAN_POINT('',(18.881608968224,2.5,-42.35877633448));
#942 = CARTESIAN_POINT('',(19.278784485835,2.5,-43.04574269003));
#943 = CARTESIAN_POINT('',(19.474687113518,2.5,-43.43884645335));
#944 = CARTESIAN_POINT('',(19.644118197156,2.5,-43.84493122393));
#945 = CARTESIAN_POINT('',(19.783938913904,2.5,-44.2625528104));
#946 = CARTESIAN_POINT('',(19.89127518056,2.5,-44.68975622952));
#947 = CARTESIAN_POINT('',(19.96377696631,2.5,-45.12400857845));
#948 = CARTESIAN_POINT('',(20.,2.5,-45.56210134235));
#949 = CARTESIAN_POINT('',(20.,2.5,-46.));
#950 = PCURVE('',#589,#951);
#951 = DEFINITIONAL_REPRESENTATION('',(#952),#1137);
#952 = B_SPLINE_CURVE_WITH_KNOTS('',8,(#953,#954,#955,#956,#957,#958,
    #959,#960,#961,#962,#963,#964,#965,#966,#967,#968,#969,#970,#971,
    #972,#973,#974,#975,#976,#977,#978,#979,#980,#981,#982,#983,#984,
    #985,#986,#987,#988,#989,#990,#991,#992,#993,#994,#995,#996,#997,
    #998,#999,#1000,#1001,#1002,#1003,#1004,#1005,#1006,#1007,#1008,
    #1009,#1010,#1011,#1012,#1013,#1014,#1015,#1016,#1017,#1018,#1019,
    #1020,#1021,#1022,#1023,#1024,#1025,#1026,#1027,#1028,#1029,#1030,
    #1031,#1032,#1033,#1034,#1035,#1036,#1037,#1038,#1039,#1040,#1041,
    #1042,#1043,#1044,#1045,#1046,#1047,#1048,#1049,#1050,#1051,#1052,
    #1053,#1054,#1055,#1056,#1057,#1058,#1059,#1060,#1061,#1062,#1063,
    #1064,#1065,#1066,#1067,#1068,#1069,#1070,#1071,#1072,#1073,#1074,
    #1075,#1076,#1077,#1078,#1079,#1080,#1081,#1082,#1083,#1084,#1085,
    #1086,#1087,#1088,#1089,#1090,#1091,#1092,#1093,#1094,#1095,#1096,
    #1097,#1098,#1099,#1100,#1101,#1102,#1103,#1104,#1105,#1106,#1107,
    #1108,#1109,#1110,#1111,#1112,#1113,#1114,#1115,#1116,#1117,#1118,
    #1119,#1120,#1121,#1122,#1123,#1124,#1125,#1126,#1127,#1128,#1129,
    #1130,#1131,#1132,#1133,#1134,#1135,#1136),.UNSPECIFIED.,.T.,.F.,(9,
    7,7,7,7,7,7,7,7,7,7,7,7,7,7,7,7,7,7,7,7,7,7,7,7,7,9),(0.,
    3.148497243757E-02,5.366380163597E-02,8.787523039711E-02,
    0.120594909726,0.150726047861,0.250010176295,0.339977649495,
    0.369609361737,0.402286109504,0.436085481069,0.464725054722,
    0.484589034084,0.500017854842,0.52046087736,0.53151250959,
    0.553690150102,0.587899745284,0.620617670985,0.650747194226,
    0.750026001477,0.839988652822,0.869618776938,0.902293773377,
    0.936091333447,0.964729372147,1.),.UNSPECIFIED.);
#953 = CARTESIAN_POINT('',(-11.,32.));
#954 = CARTESIAN_POINT('',(-11.39075677322,32.));
#955 = CARTESIAN_POINT('',(-11.78166627365,31.971156373755));
#956 = CARTESIAN_POINT('',(-12.1698949127,31.913429750198));
#957 = CARTESIAN_POINT('',(-12.55309974683,31.82771888227));
#958 = CARTESIAN_POINT('',(-12.9293556788,31.715544177979));
#959 = CARTESIAN_POINT('',(-13.29710485931,31.578828762425));
#960 = CARTESIAN_POINT('',(-13.65511974777,31.419739878214));
#961 = CARTESIAN_POINT('',(-14.24715470457,31.114329862706));
#962 = CARTESIAN_POINT('',(-14.48666823639,30.978070832735));
#963 = CARTESIAN_POINT('',(-14.72080067911,30.832491808207));
#964 = CARTESIAN_POINT('',(-14.94942058565,30.678297600701));
#965 = CARTESIAN_POINT('',(-15.17246317453,30.516162821532));
#966 = CARTESIAN_POINT('',(-15.38991970738,30.346716169248));
#967 = CARTESIAN_POINT('',(-15.601829338,30.170528550078));
#968 = CARTESIAN_POINT('',(-16.12671889263,29.706711944242));
#969 = CARTESIAN_POINT('',(-16.43207026846,29.410560307873));
#970 = CARTESIAN_POINT('',(-16.72469460783,29.101466147015));
#971 = CARTESIAN_POINT('',(-17.0049845286,28.781026789226));
#972 = CARTESIAN_POINT('',(-17.27336280956,28.450625994943));
#973 = CARTESIAN_POINT('',(-17.53028196198,28.11143437447));
#974 = CARTESIAN_POINT('',(-17.77621878248,27.764405091834));
#975 = CARTESIAN_POINT('',(-18.23684268291,27.071566490986));
#976 = CARTESIAN_POINT('',(-18.45237203292,26.726443613856));
#977 = CARTESIAN_POINT('',(-18.65865600278,26.375587012928));
#978 = CARTESIAN_POINT('',(-18.85605491169,26.019601748613));
#979 = CARTESIAN_POINT('',(-19.04489847362,25.659014748443));
#980 = CARTESIAN_POINT('',(-19.22549444612,25.294279799198));
#981 = CARTESIAN_POINT('',(-19.39813278676,24.925779935635));
#982 = CARTESIAN_POINT('',(-19.7149880126,24.211300687977));
#983 = CARTESIAN_POINT('',(-19.86036327196,23.865868723235));
#984 = CARTESIAN_POINT('',(-19.99941819445,23.517789004258));
#985 = CARTESIAN_POINT('',(-20.13234001699,23.167294240375));
#986 = CARTESIAN_POINT('',(-20.25929863452,22.81459320095));
#987 = CARTESIAN_POINT('',(-20.38044912031,22.459871738759));
#988 = CARTESIAN_POINT('',(-20.4959342462,22.103293813367));
#989 = CARTESIAN_POINT('',(-20.9681887377,20.564408566392));
#990 = CARTESIAN_POINT('',(-21.27025793418,19.365740660499));
#991 = CARTESIAN_POINT('',(-21.51709611575,18.153538850853));
#992 = CARTESIAN_POINT('',(-21.71167796693,16.931530618946));
#993 = CARTESIAN_POINT('',(-21.85619177088,15.702864780429));
#994 = CARTESIAN_POINT('',(-21.9520384608,14.47011524054));
#995 = CARTESIAN_POINT('',(-22.,13.235329141376));
#996 = CARTESIAN_POINT('',(-22.,10.880592062684));
#997 = CARTESIAN_POINT('',(-21.96061755239,9.76148701708));
#998 = CARTESIAN_POINT('',(-21.88189085126,8.643917856456));
#999 = CARTESIAN_POINT('',(-21.76330725149,7.529438777157));
#1000 = CARTESIAN_POINT('',(-21.60392061759,6.419915105967));
#1001 = CARTESIAN_POINT('',(-21.40227791971,5.317542519387));
#1002 = CARTESIAN_POINT('',(-21.15637252558,4.224857409567));
#1003 = CARTESIAN_POINT('',(-20.76644307785,2.789119019957));
#1004 = CARTESIAN_POINT('',(-20.66470029436,2.434809206662));
#1005 = CARTESIAN_POINT('',(-20.55771457552,2.082023584555));
#1006 = CARTESIAN_POINT('',(-20.4453688256,1.730895173505));
#1007 = CARTESIAN_POINT('',(-20.32753543547,1.381573051187));
#1008 = CARTESIAN_POINT('',(-20.20407438628,1.034223036232));
#1009 = CARTESIAN_POINT('',(-20.07483135313,0.68902837138));
#1010 = CARTESIAN_POINT('',(-19.79054720171,-3.187852192571E-02));
#1011 = CARTESIAN_POINT('',(-19.63422722762,-0.40706178514));
#1012 = CARTESIAN_POINT('',(-19.47044287487,-0.779102382213));
#1013 = CARTESIAN_POINT('',(-19.29894306317,-1.14768989844));
#1014 = CARTESIAN_POINT('',(-19.1194583335,-1.512460366561));
#1015 = CARTESIAN_POINT('',(-18.93169697777,-1.872994304489));
#1016 = CARTESIAN_POINT('',(-18.73533760801,-2.228812929437));
#1017 = CARTESIAN_POINT('',(-18.31764488418,-2.941975794705));
#1018 = CARTESIAN_POINT('',(-18.09572241885,-3.298888495986));
#1019 = CARTESIAN_POINT('',(-17.86383238161,-3.649553599215));
#1020 = CARTESIAN_POINT('',(-17.62154937543,-3.993252835082));
#1021 = CARTESIAN_POINT('',(-17.36844659227,-4.329110997545));
#1022 = CARTESIAN_POINT('',(-17.1040945299,-4.656094706947));
#1023 = CARTESIAN_POINT('',(-16.82805282721,-4.973005656748));
#1024 = CARTESIAN_POINT('',(-16.29565373514,-5.537299225036));
#1025 = CARTESIAN_POINT('',(-16.04278416868,-5.787847237916));
#1026 = CARTESIAN_POINT('',(-15.78096260048,-6.029288087755));
#1027 = CARTESIAN_POINT('',(-15.50997497193,-6.260618962074));
#1028 = CARTESIAN_POINT('',(-15.22968931028,-6.48067295966));
#1029 = CARTESIAN_POINT('',(-14.94007422378,-6.688142107866));
#1030 = CARTESIAN_POINT('',(-14.64122366551,-6.881608968224));
#1031 = CARTESIAN_POINT('',(-14.11987773508,-7.183029610006));
#1032 = CARTESIAN_POINT('',(-13.90206465245,-7.299010191778));
#1033 = CARTESIAN_POINT('',(-13.68006742271,-7.40701552314));
#1034 = CARTESIAN_POINT('',(-13.45405989588,-7.506516696197));
#1035 = CARTESIAN_POINT('',(-13.22427654775,-7.596982226043));
#1036 = CARTESIAN_POINT('',(-12.99101983134,-7.677896265416));
#1037 = CARTESIAN_POINT('',(-12.75466939933,-7.748781755651));
#1038 = CARTESIAN_POINT('',(-12.3300747514,-7.856178935192));
#1039 = CARTESIAN_POINT('',(-12.1428609326,-7.896834446485));
#1040 = CARTESIAN_POINT('',(-11.95428212127,-7.930999161365));
#1041 = CARTESIAN_POINT('',(-11.76458294469,-7.958507988662));
#1042 = CARTESIAN_POINT('',(-11.57402274543,-7.979230910455));
#1043 = CARTESIAN_POINT('',(-11.38287604965,-7.993077260059));
#1044 = CARTESIAN_POINT('',(-11.19143303522,-8.));
#1045 = CARTESIAN_POINT('',(-10.74635327541,-8.));
#1046 = CARTESIAN_POINT('',(-10.49267275113,-7.9878466477));
#1047 = CARTESIAN_POINT('',(-10.23969240397,-7.963534400466));
#1048 = CARTESIAN_POINT('',(-9.988082583481,-7.927212973798));
#1049 = CARTESIAN_POINT('',(-9.73845398003,-7.879161271188));
#1050 = CARTESIAN_POINT('',(-9.491361085145,-7.819764892924));
#1051 = CARTESIAN_POINT('',(-9.247305143992,-7.749497223825));
#1052 = CARTESIAN_POINT('',(-8.876683665375,-7.625334927833));
#1053 = CARTESIAN_POINT('',(-8.747637314001,-7.57874380565));
#1054 = CARTESIAN_POINT('',(-8.619660894404,-7.529213317353));
#1055 = CARTESIAN_POINT('',(-8.492810008684,-7.476829698427));
#1056 = CARTESIAN_POINT('',(-8.367132976614,-7.42168171091));
#1057 = CARTESIAN_POINT('',(-8.242671299652,-7.363859518449));
#1058 = CARTESIAN_POINT('',(-8.119460124939,-7.303453561368));
#1059 = CARTESIAN_POINT('',(-7.752845295424,-7.114329862707));
#1060 = CARTESIAN_POINT('',(-7.51333176361,-6.978070832735));
#1061 = CARTESIAN_POINT('',(-7.279199320882,-6.832491808208));
#1062 = CARTESIAN_POINT('',(-7.050579414348,-6.678297600702));
#1063 = CARTESIAN_POINT('',(-6.827536825467,-6.516162821533));
#1064 = CARTESIAN_POINT('',(-6.610080292618,-6.346716169248));
#1065 = CARTESIAN_POINT('',(-6.398170661999,-6.170528550079));
#1066 = CARTESIAN_POINT('',(-5.873281107369,-5.706711944243));
#1067 = CARTESIAN_POINT('',(-5.56792973154,-5.410560307874));
#1068 = CARTESIAN_POINT('',(-5.275305392168,-5.101466147016));
#1069 = CARTESIAN_POINT('',(-4.995015471394,-4.781026789227));
#1070 = CARTESIAN_POINT('',(-4.726637190432,-4.450625994944));
#1071 = CARTESIAN_POINT('',(-4.469718038013,-4.111434374472));
#1072 = CARTESIAN_POINT('',(-4.223781217514,-3.764405091835));
#1073 = CARTESIAN_POINT('',(-3.763157317089,-3.071566490988));
#1074 = CARTESIAN_POINT('',(-3.547627967077,-2.726443613856));
#1075 = CARTESIAN_POINT('',(-3.341343997216,-2.37558701293));
#1076 = CARTESIAN_POINT('',(-3.143945088309,-2.019601748615));
#1077 = CARTESIAN_POINT('',(-2.955101526376,-1.659014748444));
#1078 = CARTESIAN_POINT('',(-2.774505553872,-1.294279799199));
#1079 = CARTESIAN_POINT('',(-2.601867213235,-0.925779935637));
#1080 = CARTESIAN_POINT('',(-2.285011987399,-0.211300687978));
#1081 = CARTESIAN_POINT('',(-2.139636728037,0.134131276764));
#1082 = CARTESIAN_POINT('',(-2.000581805541,0.482210995741));
#1083 = CARTESIAN_POINT('',(-1.867659983004,0.832705759624));
#1084 = CARTESIAN_POINT('',(-1.740701365473,1.185406799049));
#1085 = CARTESIAN_POINT('',(-1.619550879685,1.54012826124));
#1086 = CARTESIAN_POINT('',(-1.504065753791,1.896706186632));
#1087 = CARTESIAN_POINT('',(-1.031811262298,3.435591433607));
#1088 = CARTESIAN_POINT('',(-0.729742065816,4.634259339492));
#1089 = CARTESIAN_POINT('',(-0.482903884231,5.846461149172));
#1090 = CARTESIAN_POINT('',(-0.288322033087,7.068469381013));
#1091 = CARTESIAN_POINT('',(-0.143808229101,8.297135219603));
#1092 = CARTESIAN_POINT('',(-4.796153919851E-02,9.529884759445));
#1093 = CARTESIAN_POINT('',(-8.171241461241E-14,10.764670858626));
#1094 = CARTESIAN_POINT('',(7.460698725481E-14,13.119407937305));
#1095 = CARTESIAN_POINT('',(-3.93824476019E-02,14.238512982959));
#1096 = CARTESIAN_POINT('',(-0.118109148731,15.356082143473));
#1097 = CARTESIAN_POINT('',(-0.236692748507,16.470561222919));
#1098 = CARTESIAN_POINT('',(-0.396079382395,17.580084893983));
#1099 = CARTESIAN_POINT('',(-0.597722080291,18.682457480632));
#1100 = CARTESIAN_POINT('',(-0.84362747441,19.77514259043));
#1101 = CARTESIAN_POINT('',(-1.233556922146,21.210880980043));
#1102 = CARTESIAN_POINT('',(-1.335299705633,21.565190793339));
#1103 = CARTESIAN_POINT('',(-1.442285424475,21.917976415445));
#1104 = CARTESIAN_POINT('',(-1.554631174399,22.269104826495));
#1105 = CARTESIAN_POINT('',(-1.672464564529,22.618426948813));
#1106 = CARTESIAN_POINT('',(-1.795925613717,22.965776963768));
#1107 = CARTESIAN_POINT('',(-1.925168646861,23.310971628621));
#1108 = CARTESIAN_POINT('',(-2.209452798282,24.031878521926));
#1109 = CARTESIAN_POINT('',(-2.365772772379,24.407061785141));
#1110 = CARTESIAN_POINT('',(-2.529557125123,24.779102382214));
#1111 = CARTESIAN_POINT('',(-2.701056936824,25.14768989844));
#1112 = CARTESIAN_POINT('',(-2.880541666493,25.512460366561));
#1113 = CARTESIAN_POINT('',(-3.068303022227,25.872994304489));
#1114 = CARTESIAN_POINT('',(-3.264662391989,26.228812929438));
#1115 = CARTESIAN_POINT('',(-3.682355115814,26.941975794706));
#1116 = CARTESIAN_POINT('',(-3.904277581143,27.298888495986));
#1117 = CARTESIAN_POINT('',(-4.136167618385,27.649553599215));
#1118 = CARTESIAN_POINT('',(-4.378450624564,27.993252835083));
#1119 = CARTESIAN_POINT('',(-4.631553407727,28.329110997545));
#1120 = CARTESIAN_POINT('',(-4.895905470099,28.656094706947));
#1121 = CARTESIAN_POINT('',(-5.171947172787,28.973005656749));
#1122 = CARTESIAN_POINT('',(-5.70434626486,29.537299225036));
#1123 = CARTESIAN_POINT('',(-5.957215831317,29.787847237917));
#1124 = CARTESIAN_POINT('',(-6.219037399514,30.029288087756));
#1125 = CARTESIAN_POINT('',(-6.490025028069,30.260618962074));
#1126 = CARTESIAN_POINT('',(-6.77031068972,30.48067295966));
#1127 = CARTESIAN_POINT('',(-7.059925776218,30.688142107867));
#1128 = CARTESIAN_POINT('',(-7.358776334487,30.881608968224));
#1129 = CARTESIAN_POINT('',(-8.045742690033,31.278784485835));
#1130 = CARTESIAN_POINT('',(-8.43884645335,31.474687113518));
#1131 = CARTESIAN_POINT('',(-8.844931223933,31.644118197156));
#1132 = CARTESIAN_POINT('',(-9.262552810404,31.783938913904));
#1133 = CARTESIAN_POINT('',(-9.689756229529,31.89127518056));
#1134 = CARTESIAN_POINT('',(-10.12400857845,31.96377696631));
#1135 = CARTESIAN_POINT('',(-10.56210134235,32.));
#1136 = CARTESIAN_POINT('',(-11.,32.));
#1137 = ( GEOMETRIC_REPRESENTATION_CONTEXT(2) 
PARAMETRIC_REPRESENTATION_CONTEXT() REPRESENTATION_CONTEXT('2D SPACE',''
  ) );
#1138 = PCURVE('',#1139,#1147);
#1139 = SURFACE_OF_LINEAR_EXTRUSION('',#1140,#1145);
#1140 = ELLIPSE('',#1141,20.,11.);
#1141 = AXIS2_PLACEMENT_3D('',#1142,#1143,#1144);
#1142 = CARTESIAN_POINT('',(0.,17.5,-46.));
#1143 = DIRECTION('',(0.,-1.,2.22044604925E-16));
#1144 = DIRECTION('',(1.,0.,0.));
#1145 = VECTOR('',#1146,1.);
#1146 = DIRECTION('',(0.,1.,-2.22044604925E-16));
#1147 = DEFINITIONAL_REPRESENTATION('',(#1148),#1333);
#1148 = B_SPLINE_CURVE_WITH_KNOTS('',8,(#1149,#1150,#1151,#1152,#1153,
    #1154,#1155,#1156,#1157,#1158,#1159,#1160,#1161,#1162,#1163,#1164,
    #1165,#1166,#1167,#1168,#1169,#1170,#1171,#1172,#1173,#1174,#1175,
    #1176,#1177,#1178,#1179,#1180,#1181,#1182,#1183,#1184,#1185,#1186,
    #1187,#1188,#1189,#1190,#1191,#1192,#1193,#1194,#1195,#1196,#1197,
    #1198,#1199,#1200,#1201,#1202,#1203,#1204,#1205,#1206,#1207,#1208,
    #1209,#1210,#1211,#1212,#1213,#1214,#1215,#1216,#1217,#1218,#1219,
    #1220,#1221,#1222,#1223,#1224,#1225,#1226,#1227,#1228,#1229,#1230,
    #1231,#1232,#1233,#1234,#1235,#1236,#1237,#1238,#1239,#1240,#1241,
    #1242,#1243,#1244,#1245,#1246,#1247,#1248,#1249,#1250,#1251,#1252,
    #1253,#1254,#1255,#1256,#1257,#1258,#1259,#1260,#1261,#1262,#1263,
    #1264,#1265,#1266,#1267,#1268,#1269,#1270,#1271,#1272,#1273,#1274,
    #1275,#1276,#1277,#1278,#1279,#1280,#1281,#1282,#1283,#1284,#1285,
    #1286,#1287,#1288,#1289,#1290,#1291,#1292,#1293,#1294,#1295,#1296,
    #1297,#1298,#1299,#1300,#1301,#1302,#1303,#1304,#1305,#1306,#1307,
    #1308,#1309,#1310,#1311,#1312,#1313,#1314,#1315,#1316,#1317,#1318,
    #1319,#1320,#1321,#1322,#1323,#1324,#1325,#1326,#1327,#1328,#1329,
    #1330,#1331,#1332),.UNSPECIFIED.,.F.,.F.,(9,7,7,7,7,7,7,7,7,7,7,7,7,
    7,7,7,7,7,7,7,7,7,7,7,7,7,9),(0.,3.148497243757E-02,
    5.366380163597E-02,8.787523039711E-02,0.120594909726,0.150726047861,
    0.250010176295,0.339977649495,0.369609361737,0.402286109504,
    0.436085481069,0.464725054722,0.484589034084,0.500017854842,
    0.52046087736,0.53151250959,0.553690150102,0.587899745284,
    0.620617670985,0.650747194226,0.750026001477,0.839988652822,
    0.869618776938,0.902293773377,0.936091333447,0.964729372147,1.),
  .UNSPECIFIED.);
#1149 = CARTESIAN_POINT('',(6.28318530718,-15.));
#1150 = CARTESIAN_POINT('',(6.247661964159,-15.));
#1151 = CARTESIAN_POINT('',(6.212124738936,-15.));
#1152 = CARTESIAN_POINT('',(6.176762909683,-15.));
#1153 = CARTESIAN_POINT('',(6.141720972153,-15.));
#1154 = CARTESIAN_POINT('',(6.107113053391,-15.));
#1155 = CARTESIAN_POINT('',(6.07303107674,-15.));
#1156 = CARTESIAN_POINT('',(6.039548963129,-15.));
#1157 = CARTESIAN_POINT('',(5.983603213023,-15.));
#1158 = CARTESIAN_POINT('',(5.960796457744,-15.));
#1159 = CARTESIAN_POINT('',(5.938314274785,-15.));
#1160 = CARTESIAN_POINT('',(5.916161121893,-15.));
#1161 = CARTESIAN_POINT('',(5.894337396186,-15.));
#1162 = CARTESIAN_POINT('',(5.872840012762,-15.));
#1163 = CARTESIAN_POINT('',(5.851662693361,-15.));
#1164 = CARTESIAN_POINT('',(5.798608486533,-15.));
#1165 = CARTESIAN_POINT('',(5.767169066623,-15.));
#1166 = CARTESIAN_POINT('',(5.736436607243,-15.));
#1167 = CARTESIAN_POINT('',(5.706372952056,-15.));
#1168 = CARTESIAN_POINT('',(5.676940656029,-15.));
#1169 = CARTESIAN_POINT('',(5.648101241446,-15.));
#1170 = CARTESIAN_POINT('',(5.61981394034,-15.));
#1171 = CARTESIAN_POINT('',(5.56546717806,-15.));
#1172 = CARTESIAN_POINT('',(5.539370582255,-15.));
#1173 = CARTESIAN_POINT('',(5.513710297057,-15.));
#1174 = CARTESIAN_POINT('',(5.488456004334,-15.));
#1175 = CARTESIAN_POINT('',(5.46358032235,-15.));
#1176 = CARTESIAN_POINT('',(5.439057617666,-15.));
#1177 = CARTESIAN_POINT('',(5.414863213361,-15.));
#1178 = CARTESIAN_POINT('',(5.368972792834,-15.));
#1179 = CARTESIAN_POINT('',(5.347231965107,-15.));
#1180 = CARTESIAN_POINT('',(5.325732539174,-15.));
#1181 = CARTESIAN_POINT('',(5.304458230318,-15.));
#1182 = CARTESIAN_POINT('',(5.28339410981,-15.));
#1183 = CARTESIAN_POINT('',(5.262526274401,-15.));
#1184 = CARTESIAN_POINT('',(5.241841515818,-15.));
#1185 = CARTESIAN_POINT('',(5.153730247637,-15.));
#1186 = CARTESIAN_POINT('',(5.088012336422,-15.));
#1187 = CARTESIAN_POINT('',(5.023679548171,-15.));
#1188 = CARTESIAN_POINT('',(4.960400969992,-15.));
#1189 = CARTESIAN_POINT('',(4.897891106774,-15.));
#1190 = CARTESIAN_POINT('',(4.8358947827,-15.));
#1191 = CARTESIAN_POINT('',(4.774155437453,-15.));
#1192 = CARTESIAN_POINT('',(4.656418583519,-15.));
#1193 = CARTESIAN_POINT('',(4.60046331702,-15.));
#1194 = CARTESIAN_POINT('',(4.544317759811,-15.));
#1195 = CARTESIAN_POINT('',(4.48779263166,-15.));
#1196 = CARTESIAN_POINT('',(4.430698352096,-15.));
#1197 = CARTESIAN_POINT('',(4.372827654343,-15.));
#1198 = CARTESIAN_POINT('',(4.313942451216,-15.));
#1199 = CARTESIAN_POINT('',(4.233880401259,-15.));
#1200 = CARTESIAN_POINT('',(4.213900752628,-15.));
#1201 = CARTESIAN_POINT('',(4.193766489647,-15.));
#1202 = CARTESIAN_POINT('',(4.173466267759,-15.));
#1203 = CARTESIAN_POINT('',(4.152988168573,-15.));
#1204 = CARTESIAN_POINT('',(4.132319453155,-15.));
#1205 = CARTESIAN_POINT('',(4.11144631533,-15.));
#1206 = CARTESIAN_POINT('',(4.067093413288,-15.));
#1207 = CARTESIAN_POINT('',(4.04356738638,-15.));
#1208 = CARTESIAN_POINT('',(4.019754497393,-15.));
#1209 = CARTESIAN_POINT('',(3.995633011375,-15.));
#1210 = CARTESIAN_POINT('',(3.97118017332,-15.));
#1211 = CARTESIAN_POINT('',(3.946371558193,-15.));
#1212 = CARTESIAN_POINT('',(3.921180112937,-15.));
#1213 = CARTESIAN_POINT('',(3.869089989475,-15.));
#1214 = CARTESIAN_POINT('',(3.842167026883,-15.));
#1215 = CARTESIAN_POINT('',(3.814769080801,-15.));
#1216 = CARTESIAN_POINT('',(3.786860229134,-15.));
#1217 = CARTESIAN_POINT('',(3.758404940709,-15.));
#1218 = CARTESIAN_POINT('',(3.729366823511,-15.));
#1219 = CARTESIAN_POINT('',(3.699706729978,-15.));
#1220 = CARTESIAN_POINT('',(3.643683341217,-15.));
#1221 = CARTESIAN_POINT('',(3.617514266177,-15.));
#1222 = CARTESIAN_POINT('',(3.590845555522,-15.));
#1223 = CARTESIAN_POINT('',(3.563655863862,-15.));
#1224 = CARTESIAN_POINT('',(3.535929507533,-15.));
#1225 = CARTESIAN_POINT('',(3.507656720759,-15.));
#1226 = CARTESIAN_POINT('',(3.478834599591,-15.));
#1227 = CARTESIAN_POINT('',(3.42910100882,-15.));
#1228 = CARTESIAN_POINT('',(3.408473577205,-15.));
#1229 = CARTESIAN_POINT('',(3.387591607072,-15.));
#1230 = CARTESIAN_POINT('',(3.366463941929,-15.));
#1231 = CARTESIAN_POINT('',(3.345103314502,-15.));
#1232 = CARTESIAN_POINT('',(3.323526879027,-15.));
#1233 = CARTESIAN_POINT('',(3.301757061853,-15.));
#1234 = CARTESIAN_POINT('',(3.262785818303,-15.));
#1235 = CARTESIAN_POINT('',(3.245648617005,-15.));
#1236 = CARTESIAN_POINT('',(3.228425708829,-15.));
#1237 = CARTESIAN_POINT('',(3.211132331842,-15.));
#1238 = CARTESIAN_POINT('',(3.193784572792,-15.));
#1239 = CARTESIAN_POINT('',(3.176399560089,-15.));
#1240 = CARTESIAN_POINT('',(3.158995656792,-15.));
#1241 = CARTESIAN_POINT('',(3.118533860445,-15.));
#1242 = CARTESIAN_POINT('',(3.095471996068,-15.));
#1243 = CARTESIAN_POINT('',(3.072455096125,-15.));
#1244 = CARTESIAN_POINT('',(3.04952540935,-15.));
#1245 = CARTESIAN_POINT('',(3.026720571581,-15.));
#1246 = CARTESIAN_POINT('',(3.004074540781,-15.));
#1247 = CARTESIAN_POINT('',(2.981618293061,-15.));
#1248 = CARTESIAN_POINT('',(2.947358263604,-15.));
#1249 = CARTESIAN_POINT('',(2.935398861852,-15.));
#1250 = CARTESIAN_POINT('',(2.923505834129,-15.));
#1251 = CARTESIAN_POINT('',(2.91168240467,-15.));
#1252 = CARTESIAN_POINT('',(2.899931299517,-15.));
#1253 = CARTESIAN_POINT('',(2.888254783785,-15.));
#1254 = CARTESIAN_POINT('',(2.876654698942,-15.));
#1255 = CARTESIAN_POINT('',(2.842010559433,-15.));
#1256 = CARTESIAN_POINT('',(2.819203804154,-15.));
#1257 = CARTESIAN_POINT('',(2.796721621195,-15.));
#1258 = CARTESIAN_POINT('',(2.774568468304,-15.));
#1259 = CARTESIAN_POINT('',(2.752744742596,-15.));
#1260 = CARTESIAN_POINT('',(2.731247359172,-15.));
#1261 = CARTESIAN_POINT('',(2.710070039771,-15.));
#1262 = CARTESIAN_POINT('',(2.657015832943,-15.));
#1263 = CARTESIAN_POINT('',(2.625576413033,-15.));
#1264 = CARTESIAN_POINT('',(2.594843953654,-15.));
#1265 = CARTESIAN_POINT('',(2.564780298466,-15.));
#1266 = CARTESIAN_POINT('',(2.53534800244,-15.));
#1267 = CARTESIAN_POINT('',(2.506508587856,-15.));
#1268 = CARTESIAN_POINT('',(2.478221286751,-15.));
#1269 = CARTESIAN_POINT('',(2.423874524471,-15.));
#1270 = CARTESIAN_POINT('',(2.397777928666,-15.));
#1271 = CARTESIAN_POINT('',(2.372117643467,-15.));
#1272 = CARTESIAN_POINT('',(2.346863350745,-15.));
#1273 = CARTESIAN_POINT('',(2.32198766876,-15.));
#1274 = CARTESIAN_POINT('',(2.297464964076,-15.));
#1275 = CARTESIAN_POINT('',(2.273270559771,-15.));
#1276 = CARTESIAN_POINT('',(2.227380139245,-15.));
#1277 = CARTESIAN_POINT('',(2.205639311518,-15.));
#1278 = CARTESIAN_POINT('',(2.184139885584,-15.));
#1279 = CARTESIAN_POINT('',(2.162865576729,-15.));
#1280 = CARTESIAN_POINT('',(2.14180145622,-15.));
#1281 = CARTESIAN_POINT('',(2.120933620811,-15.));
#1282 = CARTESIAN_POINT('',(2.100248862229,-15.));
#1283 = CARTESIAN_POINT('',(2.012137594047,-15.));
#1284 = CARTESIAN_POINT('',(1.946419682833,-15.));
#1285 = CARTESIAN_POINT('',(1.882086894581,-15.));
#1286 = CARTESIAN_POINT('',(1.818808316402,-15.));
#1287 = CARTESIAN_POINT('',(1.756298453184,-15.));
#1288 = CARTESIAN_POINT('',(1.69430212911,-15.));
#1289 = CARTESIAN_POINT('',(1.632562783864,-15.));
#1290 = CARTESIAN_POINT('',(1.51482592993,-15.));
#1291 = CARTESIAN_POINT('',(1.458870663428,-15.));
#1292 = CARTESIAN_POINT('',(1.402725106225,-15.));
#1293 = CARTESIAN_POINT('',(1.346199978066,-15.));
#1294 = CARTESIAN_POINT('',(1.289105698508,-15.));
#1295 = CARTESIAN_POINT('',(1.231235000752,-15.));
#1296 = CARTESIAN_POINT('',(1.172349797626,-15.));
#1297 = CARTESIAN_POINT('',(1.092287747669,-15.));
#1298 = CARTESIAN_POINT('',(1.072308099038,-15.));
#1299 = CARTESIAN_POINT('',(1.052173836057,-15.));
#1300 = CARTESIAN_POINT('',(1.031873614169,-15.));
#1301 = CARTESIAN_POINT('',(1.011395514983,-15.));
#1302 = CARTESIAN_POINT('',(0.990726799566,-15.));
#1303 = CARTESIAN_POINT('',(0.96985366174,-15.));
#1304 = CARTESIAN_POINT('',(0.925500759698,-15.));
#1305 = CARTESIAN_POINT('',(0.90197473279,-15.));
#1306 = CARTESIAN_POINT('',(0.878161843803,-15.));
#1307 = CARTESIAN_POINT('',(0.854040357785,-15.));
#1308 = CARTESIAN_POINT('',(0.82958751973,-15.));
#1309 = CARTESIAN_POINT('',(0.804778904604,-15.));
#1310 = CARTESIAN_POINT('',(0.779587459348,-15.));
#1311 = CARTESIAN_POINT('',(0.727497335886,-15.));
#1312 = CARTESIAN_POINT('',(0.700574373293,-15.));
#1313 = CARTESIAN_POINT('',(0.673176427211,-15.));
#1314 = CARTESIAN_POINT('',(0.645267575544,-15.));
#1315 = CARTESIAN_POINT('',(0.616812287119,-15.));
#1316 = CARTESIAN_POINT('',(0.587774169921,-15.));
#1317 = CARTESIAN_POINT('',(0.558114076388,-15.));
#1318 = CARTESIAN_POINT('',(0.502090687627,-15.));
#1319 = CARTESIAN_POINT('',(0.475921612587,-15.));
#1320 = CARTESIAN_POINT('',(0.449252901933,-15.));
#1321 = CARTESIAN_POINT('',(0.422063210272,-15.));
#1322 = CARTESIAN_POINT('',(0.394336853944,-15.));
#1323 = CARTESIAN_POINT('',(0.366064067169,-15.));
#1324 = CARTESIAN_POINT('',(0.337241946001,-15.));
#1325 = CARTESIAN_POINT('',(0.271709059666,-15.));
#1326 = CARTESIAN_POINT('',(0.234684438787,-15.));
#1327 = CARTESIAN_POINT('',(0.196864259395,-15.));
#1328 = CARTESIAN_POINT('',(0.158334610078,-15.));
#1329 = CARTESIAN_POINT('',(0.119209222985,-15.));
#1330 = CARTESIAN_POINT('',(7.963557750313E-02,-15.));
#1331 = CARTESIAN_POINT('',(3.980896887674E-02,-15.));
#1332 = CARTESIAN_POINT('',(0.,-15.));
#1333 = ( GEOMETRIC_REPRESENTATION_CONTEXT(2) 
PARAMETRIC_REPRESENTATION_CONTEXT() REPRESENTATION_CONTEXT('2D SPACE',''
  ) );
#1334 = ORIENTED_EDGE('',*,*,#1335,.F.);
#1335 = EDGE_CURVE('',#1336,#762,#1338,.T.);
#1336 = VERTEX_POINT('',#1337);
#1337 = CARTESIAN_POINT('',(8.883140648668,2.5,-36.14456149095));
#1338 = SURFACE_CURVE('',#1339,(#1524,#1712),.PCURVE_S1.);
#1339 = B_SPLINE_CURVE_WITH_KNOTS('',8,(#1340,#1341,#1342,#1343,#1344,
    #1345,#1346,#1347,#1348,#1349,#1350,#1351,#1352,#1353,#1354,#1355,
    #1356,#1357,#1358,#1359,#1360,#1361,#1362,#1363,#1364,#1365,#1366,
    #1367,#1368,#1369,#1370,#1371,#1372,#1373,#1374,#1375,#1376,#1377,
    #1378,#1379,#1380,#1381,#1382,#1383,#1384,#1385,#1386,#1387,#1388,
    #1389,#1390,#1391,#1392,#1393,#1394,#1395,#1396,#1397,#1398,#1399,
    #1400,#1401,#1402,#1403,#1404,#1405,#1406,#1407,#1408,#1409,#1410,
    #1411,#1412,#1413,#1414,#1415,#1416,#1417,#1418,#1419,#1420,#1421,
    #1422,#1423,#1424,#1425,#1426,#1427,#1428,#1429,#1430,#1431,#1432,
    #1433,#1434,#1435,#1436,#1437,#1438,#1439,#1440,#1441,#1442,#1443,
    #1444,#1445,#1446,#1447,#1448,#1449,#1450,#1451,#1452,#1453,#1454,
    #1455,#1456,#1457,#1458,#1459,#1460,#1461,#1462,#1463,#1464,#1465,
    #1466,#1467,#1468,#1469,#1470,#1471,#1472,#1473,#1474,#1475,#1476,
    #1477,#1478,#1479,#1480,#1481,#1482,#1483,#1484,#1485,#1486,#1487,
    #1488,#1489,#1490,#1491,#1492,#1493,#1494,#1495,#1496,#1497,#1498,
    #1499,#1500,#1501,#1502,#1503,#1504,#1505,#1506,#1507,#1508,#1509,
    #1510,#1511,#1512,#1513,#1514,#1515,#1516,#1517,#1518,#1519,#1520,
    #1521,#1522,#1523),.UNSPECIFIED.,.T.,.F.,(9,7,7,7,7,7,7,7,7,7,7,7,7,
    7,7,7,7,7,7,7,7,7,7,7,7,7,9),(0.,3.148497243757E-02,
    5.366380163597E-02,8.787523039711E-02,0.120594909726,0.150726047861,
    0.250010176295,0.339977649495,0.369609361737,0.402286109504,
    0.436085481069,0.464725054722,0.484589034084,0.500017854842,
    0.52046087736,0.53151250959,0.553690150102,0.587899745284,
    0.620617670985,0.650747194226,0.750026001477,0.839988652822,
    0.869618776938,0.902293773377,0.936091333447,0.964729372147,1.),
  .UNSPECIFIED.);
#1340 = CARTESIAN_POINT('',(20.,2.5,-46.));
#1341 = CARTESIAN_POINT('',(20.,2.5,-46.39075677322));
#1342 = CARTESIAN_POINT('',(19.971156373755,2.5,-46.78166627365));
#1343 = CARTESIAN_POINT('',(19.913429750198,2.5,-47.1698949127));
#1344 = CARTESIAN_POINT('',(19.82771888227,2.5,-47.55309974683));
#1345 = CARTESIAN_POINT('',(19.715544177979,2.5,-47.9293556788));
#1346 = CARTESIAN_POINT('',(19.578828762425,2.5,-48.29710485931));
#1347 = CARTESIAN_POINT('',(19.419739878214,2.5,-48.65511974777));
#1348 = CARTESIAN_POINT('',(19.114329862706,2.5,-49.24715470457));
#1349 = CARTESIAN_POINT('',(18.978070832735,2.5,-49.48666823639));
#1350 = CARTESIAN_POINT('',(18.832491808207,2.5,-49.72080067911));
#1351 = CARTESIAN_POINT('',(18.678297600701,2.5,-49.94942058565));
#1352 = CARTESIAN_POINT('',(18.516162821532,2.5,-50.17246317453));
#1353 = CARTESIAN_POINT('',(18.346716169248,2.5,-50.38991970738));
#1354 = CARTESIAN_POINT('',(18.170528550078,2.5,-50.601829338));
#1355 = CARTESIAN_POINT('',(17.706711944242,2.5,-51.12671889263));
#1356 = CARTESIAN_POINT('',(17.410560307873,2.5,-51.43207026846));
#1357 = CARTESIAN_POINT('',(17.101466147015,2.5,-51.72469460783));
#1358 = CARTESIAN_POINT('',(16.781026789226,2.5,-52.0049845286));
#1359 = CARTESIAN_POINT('',(16.450625994943,2.5,-52.27336280956));
#1360 = CARTESIAN_POINT('',(16.11143437447,2.5,-52.53028196198));
#1361 = CARTESIAN_POINT('',(15.764405091834,2.5,-52.77621878248));
#1362 = CARTESIAN_POINT('',(15.071566490986,2.5,-53.23684268291));
#1363 = CARTESIAN_POINT('',(14.726443613856,2.5,-53.45237203292));
#1364 = CARTESIAN_POINT('',(14.375587012928,2.5,-53.65865600278));
#1365 = CARTESIAN_POINT('',(14.019601748613,2.5,-53.85605491169));
#1366 = CARTESIAN_POINT('',(13.659014748443,2.5,-54.04489847362));
#1367 = CARTESIAN_POINT('',(13.294279799198,2.5,-54.22549444612));
#1368 = CARTESIAN_POINT('',(12.925779935635,2.5,-54.39813278676));
#1369 = CARTESIAN_POINT('',(12.211300687977,2.5,-54.7149880126));
#1370 = CARTESIAN_POINT('',(11.865868723235,2.5,-54.86036327196));
#1371 = CARTESIAN_POINT('',(11.517789004258,2.5,-54.99941819445));
#1372 = CARTESIAN_POINT('',(11.167294240375,2.5,-55.13234001699));
#1373 = CARTESIAN_POINT('',(10.81459320095,2.5,-55.25929863452));
#1374 = CARTESIAN_POINT('',(10.459871738759,2.5,-55.38044912031));
#1375 = CARTESIAN_POINT('',(10.103293813367,2.5,-55.4959342462));
#1376 = CARTESIAN_POINT('',(8.564408566392,2.5,-55.9681887377));
#1377 = CARTESIAN_POINT('',(7.365740660499,2.5,-56.27025793418));
#1378 = CARTESIAN_POINT('',(6.153538850853,2.5,-56.51709611575));
#1379 = CARTESIAN_POINT('',(4.931530618946,2.5,-56.71167796693));
#1380 = CARTESIAN_POINT('',(3.702864780429,2.5,-56.85619177088));
#1381 = CARTESIAN_POINT('',(2.47011524054,2.5,-56.9520384608));
#1382 = CARTESIAN_POINT('',(1.235329141376,2.5,-57.));
#1383 = CARTESIAN_POINT('',(-1.119407937316,2.5,-57.));
#1384 = CARTESIAN_POINT('',(-2.23851298292,2.5,-56.96061755239));
#1385 = CARTESIAN_POINT('',(-3.356082143544,2.5,-56.88189085126));
#1386 = CARTESIAN_POINT('',(-4.470561222843,2.5,-56.76330725149));
#1387 = CARTESIAN_POINT('',(-5.580084894033,2.5,-56.60392061759));
#1388 = CARTESIAN_POINT('',(-6.682457480613,2.5,-56.40227791971));
#1389 = CARTESIAN_POINT('',(-7.775142590433,2.5,-56.15637252558));
#1390 = CARTESIAN_POINT('',(-9.210880980043,2.5,-55.76644307785));
#1391 = CARTESIAN_POINT('',(-9.565190793338,2.5,-55.66470029436));
#1392 = CARTESIAN_POINT('',(-9.917976415445,2.5,-55.55771457552));
#1393 = CARTESIAN_POINT('',(-10.26910482649,2.5,-55.4453688256));
#1394 = CARTESIAN_POINT('',(-10.61842694881,2.5,-55.32753543547));
#1395 = CARTESIAN_POINT('',(-10.96577696376,2.5,-55.20407438628));
#1396 = CARTESIAN_POINT('',(-11.31097162862,2.5,-55.07483135313));
#1397 = CARTESIAN_POINT('',(-12.03187852192,2.5,-54.79054720171));
#1398 = CARTESIAN_POINT('',(-12.40706178514,2.5,-54.63422722762));
#1399 = CARTESIAN_POINT('',(-12.77910238221,2.5,-54.47044287487));
#1400 = CARTESIAN_POINT('',(-13.14768989844,2.5,-54.29894306317));
#1401 = CARTESIAN_POINT('',(-13.51246036656,2.5,-54.1194583335));
#1402 = CARTESIAN_POINT('',(-13.87299430448,2.5,-53.93169697777));
#1403 = CARTESIAN_POINT('',(-14.22881292943,2.5,-53.73533760801));
#1404 = CARTESIAN_POINT('',(-14.9419757947,2.5,-53.31764488418));
#1405 = CARTESIAN_POINT('',(-15.29888849598,2.5,-53.09572241885));
#1406 = CARTESIAN_POINT('',(-15.64955359921,2.5,-52.86383238161));
#1407 = CARTESIAN_POINT('',(-15.99325283508,2.5,-52.62154937543));
#1408 = CARTESIAN_POINT('',(-16.32911099754,2.5,-52.36844659227));
#1409 = CARTESIAN_POINT('',(-16.65609470694,2.5,-52.1040945299));
#1410 = CARTESIAN_POINT('',(-16.97300565674,2.5,-51.82805282721));
#1411 = CARTESIAN_POINT('',(-17.53729922503,2.5,-51.29565373514));
#1412 = CARTESIAN_POINT('',(-17.78784723791,2.5,-51.04278416868));
#1413 = CARTESIAN_POINT('',(-18.02928808775,2.5,-50.78096260048));
#1414 = CARTESIAN_POINT('',(-18.26061896207,2.5,-50.50997497193));
#1415 = CARTESIAN_POINT('',(-18.48067295966,2.5,-50.22968931028));
#1416 = CARTESIAN_POINT('',(-18.68814210786,2.5,-49.94007422378));
#1417 = CARTESIAN_POINT('',(-18.88160896822,2.5,-49.64122366551));
#1418 = CARTESIAN_POINT('',(-19.18302961,2.5,-49.11987773508));
#1419 = CARTESIAN_POINT('',(-19.29901019177,2.5,-48.90206465245));
#1420 = CARTESIAN_POINT('',(-19.40701552314,2.5,-48.68006742271));
#1421 = CARTESIAN_POINT('',(-19.50651669619,2.5,-48.45405989588));
#1422 = CARTESIAN_POINT('',(-19.59698222604,2.5,-48.22427654775));
#1423 = CARTESIAN_POINT('',(-19.67789626541,2.5,-47.99101983134));
#1424 = CARTESIAN_POINT('',(-19.74878175565,2.5,-47.75466939933));
#1425 = CARTESIAN_POINT('',(-19.85617893519,2.5,-47.3300747514));
#1426 = CARTESIAN_POINT('',(-19.89683444648,2.5,-47.1428609326));
#1427 = CARTESIAN_POINT('',(-19.93099916136,2.5,-46.95428212127));
#1428 = CARTESIAN_POINT('',(-19.95850798866,2.5,-46.76458294469));
#1429 = CARTESIAN_POINT('',(-19.97923091045,2.5,-46.57402274543));
#1430 = CARTESIAN_POINT('',(-19.99307726005,2.5,-46.38287604965));
#1431 = CARTESIAN_POINT('',(-20.,2.5,-46.19143303522));
#1432 = CARTESIAN_POINT('',(-20.,2.5,-45.74635327541));
#1433 = CARTESIAN_POINT('',(-19.9878466477,2.5,-45.49267275113));
#1434 = CARTESIAN_POINT('',(-19.96353440046,2.5,-45.23969240397));
#1435 = CARTESIAN_POINT('',(-19.92721297379,2.5,-44.98808258348));
#1436 = CARTESIAN_POINT('',(-19.87916127118,2.5,-44.73845398003));
#1437 = CARTESIAN_POINT('',(-19.81976489292,2.5,-44.49136108514));
#1438 = CARTESIAN_POINT('',(-19.74949722382,2.5,-44.24730514399));
#1439 = CARTESIAN_POINT('',(-19.62533492783,2.5,-43.87668366537));
#1440 = CARTESIAN_POINT('',(-19.57874380565,2.5,-43.747637314));
#1441 = CARTESIAN_POINT('',(-19.52921331735,2.5,-43.6196608944));
#1442 = CARTESIAN_POINT('',(-19.47682969842,2.5,-43.49281000868));
#1443 = CARTESIAN_POINT('',(-19.42168171091,2.5,-43.36713297661));
#1444 = CARTESIAN_POINT('',(-19.36385951844,2.5,-43.24267129965));
#1445 = CARTESIAN_POINT('',(-19.30345356136,2.5,-43.11946012493));
#1446 = CARTESIAN_POINT('',(-19.1143298627,2.5,-42.75284529542));
#1447 = CARTESIAN_POINT('',(-18.97807083273,2.5,-42.51333176361));
#1448 = CARTESIAN_POINT('',(-18.8324918082,2.5,-42.27919932088));
#1449 = CARTESIAN_POINT('',(-18.6782976007,2.5,-42.05057941434));
#1450 = CARTESIAN_POINT('',(-18.51616282153,2.5,-41.82753682546));
#1451 = CARTESIAN_POINT('',(-18.34671616924,2.5,-41.61008029261));
#1452 = CARTESIAN_POINT('',(-18.17052855007,2.5,-41.39817066199));
#1453 = CARTESIAN_POINT('',(-17.70671194424,2.5,-40.87328110736));
#1454 = CARTESIAN_POINT('',(-17.41056030787,2.5,-40.56792973154));
#1455 = CARTESIAN_POINT('',(-17.10146614701,2.5,-40.27530539216));
#1456 = CARTESIAN_POINT('',(-16.78102678922,2.5,-39.99501547139));
#1457 = CARTESIAN_POINT('',(-16.45062599494,2.5,-39.72663719043));
#1458 = CARTESIAN_POINT('',(-16.11143437447,2.5,-39.46971803801));
#1459 = CARTESIAN_POINT('',(-15.76440509183,2.5,-39.22378121751));
#1460 = CARTESIAN_POINT('',(-15.07156649098,2.5,-38.76315731708));
#1461 = CARTESIAN_POINT('',(-14.72644361385,2.5,-38.54762796707));
#1462 = CARTESIAN_POINT('',(-14.37558701293,2.5,-38.34134399721));
#1463 = CARTESIAN_POINT('',(-14.01960174861,2.5,-38.1439450883));
#1464 = CARTESIAN_POINT('',(-13.65901474844,2.5,-37.95510152637));
#1465 = CARTESIAN_POINT('',(-13.29427979919,2.5,-37.77450555387));
#1466 = CARTESIAN_POINT('',(-12.92577993563,2.5,-37.60186721323));
#1467 = CARTESIAN_POINT('',(-12.21130068797,2.5,-37.28501198739));
#1468 = CARTESIAN_POINT('',(-11.86586872323,2.5,-37.13963672803));
#1469 = CARTESIAN_POINT('',(-11.51778900425,2.5,-37.00058180554));
#1470 = CARTESIAN_POINT('',(-11.16729424037,2.5,-36.867659983));
#1471 = CARTESIAN_POINT('',(-10.81459320095,2.5,-36.74070136547));
#1472 = CARTESIAN_POINT('',(-10.45987173876,2.5,-36.61955087968));
#1473 = CARTESIAN_POINT('',(-10.10329381336,2.5,-36.50406575379));
#1474 = CARTESIAN_POINT('',(-8.564408566393,2.5,-36.03181126229));
#1475 = CARTESIAN_POINT('',(-7.365740660508,2.5,-35.72974206581));
#1476 = CARTESIAN_POINT('',(-6.153538850828,2.5,-35.48290388423));
#1477 = CARTESIAN_POINT('',(-4.931530618987,2.5,-35.28832203308));
#1478 = CARTESIAN_POINT('',(-3.702864780397,2.5,-35.1438082291));
#1479 = CARTESIAN_POINT('',(-2.470115240555,2.5,-35.04796153919));
#1480 = CARTESIAN_POINT('',(-1.235329141374,2.5,-35.));
#1481 = CARTESIAN_POINT('',(1.119407937305,2.5,-35.));
#1482 = CARTESIAN_POINT('',(2.238512982959,2.5,-35.0393824476));
#1483 = CARTESIAN_POINT('',(3.356082143473,2.5,-35.11810914873));
#1484 = CARTESIAN_POINT('',(4.470561222919,2.5,-35.2366927485));
#1485 = CARTESIAN_POINT('',(5.580084893983,2.5,-35.39607938239));
#1486 = CARTESIAN_POINT('',(6.682457480632,2.5,-35.59772208029));
#1487 = CARTESIAN_POINT('',(7.77514259043,2.5,-35.84362747441));
#1488 = CARTESIAN_POINT('',(9.210880980043,2.5,-36.23355692214));
#1489 = CARTESIAN_POINT('',(9.565190793339,2.5,-36.33529970563));
#1490 = CARTESIAN_POINT('',(9.917976415445,2.5,-36.44228542447));
#1491 = CARTESIAN_POINT('',(10.269104826495,2.5,-36.55463117439));
#1492 = CARTESIAN_POINT('',(10.618426948813,2.5,-36.67246456452));
#1493 = CARTESIAN_POINT('',(10.965776963768,2.5,-36.79592561371));
#1494 = CARTESIAN_POINT('',(11.310971628621,2.5,-36.92516864686));
#1495 = CARTESIAN_POINT('',(12.031878521926,2.5,-37.20945279828));
#1496 = CARTESIAN_POINT('',(12.407061785141,2.5,-37.36577277237));
#1497 = CARTESIAN_POINT('',(12.779102382214,2.5,-37.52955712512));
#1498 = CARTESIAN_POINT('',(13.14768989844,2.5,-37.70105693682));
#1499 = CARTESIAN_POINT('',(13.512460366561,2.5,-37.88054166649));
#1500 = CARTESIAN_POINT('',(13.872994304489,2.5,-38.06830302222));
#1501 = CARTESIAN_POINT('',(14.228812929438,2.5,-38.26466239198));
#1502 = CARTESIAN_POINT('',(14.941975794706,2.5,-38.68235511581));
#1503 = CARTESIAN_POINT('',(15.298888495986,2.5,-38.90427758114));
#1504 = CARTESIAN_POINT('',(15.649553599215,2.5,-39.13616761838));
#1505 = CARTESIAN_POINT('',(15.993252835083,2.5,-39.37845062456));
#1506 = CARTESIAN_POINT('',(16.329110997545,2.5,-39.63155340772));
#1507 = CARTESIAN_POINT('',(16.656094706947,2.5,-39.89590547009));
#1508 = CARTESIAN_POINT('',(16.973005656749,2.5,-40.17194717278));
#1509 = CARTESIAN_POINT('',(17.537299225036,2.5,-40.70434626486));
#1510 = CARTESIAN_POINT('',(17.787847237917,2.5,-40.95721583131));
#1511 = CARTESIAN_POINT('',(18.029288087756,2.5,-41.21903739951));
#1512 = CARTESIAN_POINT('',(18.260618962074,2.5,-41.49002502806));
#1513 = CARTESIAN_POINT('',(18.48067295966,2.5,-41.77031068972));
#1514 = CARTESIAN_POINT('',(18.688142107867,2.5,-42.05992577621));
#1515 = CARTESIAN_POINT('',(18.881608968224,2.5,-42.35877633448));
#1516 = CARTESIAN_POINT('',(19.278784485835,2.5,-43.04574269003));
#1517 = CARTESIAN_POINT('',(19.474687113518,2.5,-43.43884645335));
#1518 = CARTESIAN_POINT('',(19.644118197156,2.5,-43.84493122393));
#1519 = CARTESIAN_POINT('',(19.783938913904,2.5,-44.2625528104));
#1520 = CARTESIAN_POINT('',(19.89127518056,2.5,-44.68975622952));
#1521 = CARTESIAN_POINT('',(19.96377696631,2.5,-45.12400857845));
#1522 = CARTESIAN_POINT('',(20.,2.5,-45.56210134235));
#1523 = CARTESIAN_POINT('',(20.,2.5,-46.));
#1524 = PCURVE('',#589,#1525);
#1525 = DEFINITIONAL_REPRESENTATION('',(#1526),#1711);
#1526 = B_SPLINE_CURVE_WITH_KNOTS('',8,(#1527,#1528,#1529,#1530,#1531,
    #1532,#1533,#1534,#1535,#1536,#1537,#1538,#1539,#1540,#1541,#1542,
    #1543,#1544,#1545,#1546,#1547,#1548,#1549,#1550,#1551,#1552,#1553,
    #1554,#1555,#1556,#1557,#1558,#1559,#1560,#1561,#1562,#1563,#1564,
    #1565,#1566,#1567,#1568,#1569,#1570,#1571,#1572,#1573,#1574,#1575,
    #1576,#1577,#1578,#1579,#1580,#1581,#1582,#1583,#1584,#1585,#1586,
    #1587,#1588,#1589,#1590,#1591,#1592,#1593,#1594,#1595,#1596,#1597,
    #1598,#1599,#1600,#1601,#1602,#1603,#1604,#1605,#1606,#1607,#1608,
    #1609,#1610,#1611,#1612,#1613,#1614,#1615,#1616,#1617,#1618,#1619,
    #1620,#1621,#1622,#1623,#1624,#1625,#1626,#1627,#1628,#1629,#1630,
    #1631,#1632,#1633,#1634,#1635,#1636,#1637,#1638,#1639,#1640,#1641,
    #1642,#1643,#1644,#1645,#1646,#1647,#1648,#1649,#1650,#1651,#1652,
    #1653,#1654,#1655,#1656,#1657,#1658,#1659,#1660,#1661,#1662,#1663,
    #1664,#1665,#1666,#1667,#1668,#1669,#1670,#1671,#1672,#1673,#1674,
    #1675,#1676,#1677,#1678,#1679,#1680,#1681,#1682,#1683,#1684,#1685,
    #1686,#1687,#1688,#1689,#1690,#1691,#1692,#1693,#1694,#1695,#1696,
    #1697,#1698,#1699,#1700,#1701,#1702,#1703,#1704,#1705,#1706,#1707,
    #1708,#1709,#1710),.UNSPECIFIED.,.T.,.F.,(9,7,7,7,7,7,7,7,7,7,7,7,7,
    7,7,7,7,7,7,7,7,7,7,7,7,7,9),(0.,3.148497243757E-02,
    5.366380163597E-02,8.787523039711E-02,0.120594909726,0.150726047861,
    0.250010176295,0.339977649495,0.369609361737,0.402286109504,
    0.436085481069,0.464725054722,0.484589034084,0.500017854842,
    0.52046087736,0.53151250959,0.553690150102,0.587899745284,
    0.620617670985,0.650747194226,0.750026001477,0.839988652822,
    0.869618776938,0.902293773377,0.936091333447,0.964729372147,1.),
  .UNSPECIFIED.);
#1527 = CARTESIAN_POINT('',(-11.,32.));
#1528 = CARTESIAN_POINT('',(-11.39075677322,32.));
#1529 = CARTESIAN_POINT('',(-11.78166627365,31.971156373755));
#1530 = CARTESIAN_POINT('',(-12.1698949127,31.913429750198));
#1531 = CARTESIAN_POINT('',(-12.55309974683,31.82771888227));
#1532 = CARTESIAN_POINT('',(-12.9293556788,31.715544177979));
#1533 = CARTESIAN_POINT('',(-13.29710485931,31.578828762425));
#1534 = CARTESIAN_POINT('',(-13.65511974777,31.419739878214));
#1535 = CARTESIAN_POINT('',(-14.24715470457,31.114329862706));
#1536 = CARTESIAN_POINT('',(-14.48666823639,30.978070832735));
#1537 = CARTESIAN_POINT('',(-14.72080067911,30.832491808207));
#1538 = CARTESIAN_POINT('',(-14.94942058565,30.678297600701));
#1539 = CARTESIAN_POINT('',(-15.17246317453,30.516162821532));
#1540 = CARTESIAN_POINT('',(-15.38991970738,30.346716169248));
#1541 = CARTESIAN_POINT('',(-15.601829338,30.170528550078));
#1542 = CARTESIAN_POINT('',(-16.12671889263,29.706711944242));
#1543 = CARTESIAN_POINT('',(-16.43207026846,29.410560307873));
#1544 = CARTESIAN_POINT('',(-16.72469460783,29.101466147015));
#1545 = CARTESIAN_POINT('',(-17.0049845286,28.781026789226));
#1546 = CARTESIAN_POINT('',(-17.27336280956,28.450625994943));
#1547 = CARTESIAN_POINT('',(-17.53028196198,28.11143437447));
#1548 = CARTESIAN_POINT('',(-17.77621878248,27.764405091834));
#1549 = CARTESIAN_POINT('',(-18.23684268291,27.071566490986));
#1550 = CARTESIAN_POINT('',(-18.45237203292,26.726443613856));
#1551 = CARTESIAN_POINT('',(-18.65865600278,26.375587012928));
#1552 = CARTESIAN_POINT('',(-18.85605491169,26.019601748613));
#1553 = CARTESIAN_POINT('',(-19.04489847362,25.659014748443));
#1554 = CARTESIAN_POINT('',(-19.22549444612,25.294279799198));
#1555 = CARTESIAN_POINT('',(-19.39813278676,24.925779935635));
#1556 = CARTESIAN_POINT('',(-19.7149880126,24.211300687977));
#1557 = CARTESIAN_POINT('',(-19.86036327196,23.865868723235));
#1558 = CARTESIAN_POINT('',(-19.99941819445,23.517789004258));
#1559 = CARTESIAN_POINT('',(-20.13234001699,23.167294240375));
#1560 = CARTESIAN_POINT('',(-20.25929863452,22.81459320095));
#1561 = CARTESIAN_POINT('',(-20.38044912031,22.459871738759));
#1562 = CARTESIAN_POINT('',(-20.4959342462,22.103293813367));
#1563 = CARTESIAN_POINT('',(-20.9681887377,20.564408566392));
#1564 = CARTESIAN_POINT('',(-21.27025793418,19.365740660499));
#1565 = CARTESIAN_POINT('',(-21.51709611575,18.153538850853));
#1566 = CARTESIAN_POINT('',(-21.71167796693,16.931530618946));
#1567 = CARTESIAN_POINT('',(-21.85619177088,15.702864780429));
#1568 = CARTESIAN_POINT('',(-21.9520384608,14.47011524054));
#1569 = CARTESIAN_POINT('',(-22.,13.235329141376));
#1570 = CARTESIAN_POINT('',(-22.,10.880592062684));
#1571 = CARTESIAN_POINT('',(-21.96061755239,9.76148701708));
#1572 = CARTESIAN_POINT('',(-21.88189085126,8.643917856456));
#1573 = CARTESIAN_POINT('',(-21.76330725149,7.529438777157));
#1574 = CARTESIAN_POINT('',(-21.60392061759,6.419915105967));
#1575 = CARTESIAN_POINT('',(-21.40227791971,5.317542519387));
#1576 = CARTESIAN_POINT('',(-21.15637252558,4.224857409567));
#1577 = CARTESIAN_POINT('',(-20.76644307785,2.789119019957));
#1578 = CARTESIAN_POINT('',(-20.66470029436,2.434809206662));
#1579 = CARTESIAN_POINT('',(-20.55771457552,2.082023584555));
#1580 = CARTESIAN_POINT('',(-20.4453688256,1.730895173505));
#1581 = CARTESIAN_POINT('',(-20.32753543547,1.381573051187));
#1582 = CARTESIAN_POINT('',(-20.20407438628,1.034223036232));
#1583 = CARTESIAN_POINT('',(-20.07483135313,0.68902837138));
#1584 = CARTESIAN_POINT('',(-19.79054720171,-3.187852192571E-02));
#1585 = CARTESIAN_POINT('',(-19.63422722762,-0.40706178514));
#1586 = CARTESIAN_POINT('',(-19.47044287487,-0.779102382213));
#1587 = CARTESIAN_POINT('',(-19.29894306317,-1.14768989844));
#1588 = CARTESIAN_POINT('',(-19.1194583335,-1.512460366561));
#1589 = CARTESIAN_POINT('',(-18.93169697777,-1.872994304489));
#1590 = CARTESIAN_POINT('',(-18.73533760801,-2.228812929437));
#1591 = CARTESIAN_POINT('',(-18.31764488418,-2.941975794705));
#1592 = CARTESIAN_POINT('',(-18.09572241885,-3.298888495986));
#1593 = CARTESIAN_POINT('',(-17.86383238161,-3.649553599215));
#1594 = CARTESIAN_POINT('',(-17.62154937543,-3.993252835082));
#1595 = CARTESIAN_POINT('',(-17.36844659227,-4.329110997545));
#1596 = CARTESIAN_POINT('',(-17.1040945299,-4.656094706947));
#1597 = CARTESIAN_POINT('',(-16.82805282721,-4.973005656748));
#1598 = CARTESIAN_POINT('',(-16.29565373514,-5.537299225036));
#1599 = CARTESIAN_POINT('',(-16.04278416868,-5.787847237916));
#1600 = CARTESIAN_POINT('',(-15.78096260048,-6.029288087755));
#1601 = CARTESIAN_POINT('',(-15.50997497193,-6.260618962074));
#1602 = CARTESIAN_POINT('',(-15.22968931028,-6.48067295966));
#1603 = CARTESIAN_POINT('',(-14.94007422378,-6.688142107866));
#1604 = CARTESIAN_POINT('',(-14.64122366551,-6.881608968224));
#1605 = CARTESIAN_POINT('',(-14.11987773508,-7.183029610006));
#1606 = CARTESIAN_POINT('',(-13.90206465245,-7.299010191778));
#1607 = CARTESIAN_POINT('',(-13.68006742271,-7.40701552314));
#1608 = CARTESIAN_POINT('',(-13.45405989588,-7.506516696197));
#1609 = CARTESIAN_POINT('',(-13.22427654775,-7.596982226043));
#1610 = CARTESIAN_POINT('',(-12.99101983134,-7.677896265416));
#1611 = CARTESIAN_POINT('',(-12.75466939933,-7.748781755651));
#1612 = CARTESIAN_POINT('',(-12.3300747514,-7.856178935192));
#1613 = CARTESIAN_POINT('',(-12.1428609326,-7.896834446485));
#1614 = CARTESIAN_POINT('',(-11.95428212127,-7.930999161365));
#1615 = CARTESIAN_POINT('',(-11.76458294469,-7.958507988662));
#1616 = CARTESIAN_POINT('',(-11.57402274543,-7.979230910455));
#1617 = CARTESIAN_POINT('',(-11.38287604965,-7.993077260059));
#1618 = CARTESIAN_POINT('',(-11.19143303522,-8.));
#1619 = CARTESIAN_POINT('',(-10.74635327541,-8.));
#1620 = CARTESIAN_POINT('',(-10.49267275113,-7.9878466477));
#1621 = CARTESIAN_POINT('',(-10.23969240397,-7.963534400466));
#1622 = CARTESIAN_POINT('',(-9.988082583481,-7.927212973798));
#1623 = CARTESIAN_POINT('',(-9.73845398003,-7.879161271188));
#1624 = CARTESIAN_POINT('',(-9.491361085145,-7.819764892924));
#1625 = CARTESIAN_POINT('',(-9.247305143992,-7.749497223825));
#1626 = CARTESIAN_POINT('',(-8.876683665375,-7.625334927833));
#1627 = CARTESIAN_POINT('',(-8.747637314001,-7.57874380565));
#1628 = CARTESIAN_POINT('',(-8.619660894404,-7.529213317353));
#1629 = CARTESIAN_POINT('',(-8.492810008684,-7.476829698427));
#1630 = CARTESIAN_POINT('',(-8.367132976614,-7.42168171091));
#1631 = CARTESIAN_POINT('',(-8.242671299652,-7.363859518449));
#1632 = CARTESIAN_POINT('',(-8.119460124939,-7.303453561368));
#1633 = CARTESIAN_POINT('',(-7.752845295424,-7.114329862707));
#1634 = CARTESIAN_POINT('',(-7.51333176361,-6.978070832735));
#1635 = CARTESIAN_POINT('',(-7.279199320882,-6.832491808208));
#1636 = CARTESIAN_POINT('',(-7.050579414348,-6.678297600702));
#1637 = CARTESIAN_POINT('',(-6.827536825467,-6.516162821533));
#1638 = CARTESIAN_POINT('',(-6.610080292618,-6.346716169248));
#1639 = CARTESIAN_POINT('',(-6.398170661999,-6.170528550079));
#1640 = CARTESIAN_POINT('',(-5.873281107369,-5.706711944243));
#1641 = CARTESIAN_POINT('',(-5.56792973154,-5.410560307874));
#1642 = CARTESIAN_POINT('',(-5.275305392168,-5.101466147016));
#1643 = CARTESIAN_POINT('',(-4.995015471394,-4.781026789227));
#1644 = CARTESIAN_POINT('',(-4.726637190432,-4.450625994944));
#1645 = CARTESIAN_POINT('',(-4.469718038013,-4.111434374472));
#1646 = CARTESIAN_POINT('',(-4.223781217514,-3.764405091835));
#1647 = CARTESIAN_POINT('',(-3.763157317089,-3.071566490988));
#1648 = CARTESIAN_POINT('',(-3.547627967077,-2.726443613856));
#1649 = CARTESIAN_POINT('',(-3.341343997216,-2.37558701293));
#1650 = CARTESIAN_POINT('',(-3.143945088309,-2.019601748615));
#1651 = CARTESIAN_POINT('',(-2.955101526376,-1.659014748444));
#1652 = CARTESIAN_POINT('',(-2.774505553872,-1.294279799199));
#1653 = CARTESIAN_POINT('',(-2.601867213235,-0.925779935637));
#1654 = CARTESIAN_POINT('',(-2.285011987399,-0.211300687978));
#1655 = CARTESIAN_POINT('',(-2.139636728037,0.134131276764));
#1656 = CARTESIAN_POINT('',(-2.000581805541,0.482210995741));
#1657 = CARTESIAN_POINT('',(-1.867659983004,0.832705759624));
#1658 = CARTESIAN_POINT('',(-1.740701365473,1.185406799049));
#1659 = CARTESIAN_POINT('',(-1.619550879685,1.54012826124));
#1660 = CARTESIAN_POINT('',(-1.504065753791,1.896706186632));
#1661 = CARTESIAN_POINT('',(-1.031811262298,3.435591433607));
#1662 = CARTESIAN_POINT('',(-0.729742065816,4.634259339492));
#1663 = CARTESIAN_POINT('',(-0.482903884231,5.846461149172));
#1664 = CARTESIAN_POINT('',(-0.288322033087,7.068469381013));
#1665 = CARTESIAN_POINT('',(-0.143808229101,8.297135219603));
#1666 = CARTESIAN_POINT('',(-4.796153919851E-02,9.529884759445));
#1667 = CARTESIAN_POINT('',(-8.171241461241E-14,10.764670858626));
#1668 = CARTESIAN_POINT('',(7.460698725481E-14,13.119407937305));
#1669 = CARTESIAN_POINT('',(-3.93824476019E-02,14.238512982959));
#1670 = CARTESIAN_POINT('',(-0.118109148731,15.356082143473));
#1671 = CARTESIAN_POINT('',(-0.236692748507,16.470561222919));
#1672 = CARTESIAN_POINT('',(-0.396079382395,17.580084893983));
#1673 = CARTESIAN_POINT('',(-0.597722080291,18.682457480632));
#1674 = CARTESIAN_POINT('',(-0.84362747441,19.77514259043));
#1675 = CARTESIAN_POINT('',(-1.233556922146,21.210880980043));
#1676 = CARTESIAN_POINT('',(-1.335299705633,21.565190793339));
#1677 = CARTESIAN_POINT('',(-1.442285424475,21.917976415445));
#1678 = CARTESIAN_POINT('',(-1.554631174399,22.269104826495));
#1679 = CARTESIAN_POINT('',(-1.672464564529,22.618426948813));
#1680 = CARTESIAN_POINT('',(-1.795925613717,22.965776963768));
#1681 = CARTESIAN_POINT('',(-1.925168646861,23.310971628621));
#1682 = CARTESIAN_POINT('',(-2.209452798282,24.031878521926));
#1683 = CARTESIAN_POINT('',(-2.365772772379,24.407061785141));
#1684 = CARTESIAN_POINT('',(-2.529557125123,24.779102382214));
#1685 = CARTESIAN_POINT('',(-2.701056936824,25.14768989844));
#1686 = CARTESIAN_POINT('',(-2.880541666493,25.512460366561));
#1687 = CARTESIAN_POINT('',(-3.068303022227,25.872994304489));
#1688 = CARTESIAN_POINT('',(-3.264662391989,26.228812929438));
#1689 = CARTESIAN_POINT('',(-3.682355115814,26.941975794706));
#1690 = CARTESIAN_POINT('',(-3.904277581143,27.298888495986));
#1691 = CARTESIAN_POINT('',(-4.136167618385,27.649553599215));
#1692 = CARTESIAN_POINT('',(-4.378450624564,27.993252835083));
#1693 = CARTESIAN_POINT('',(-4.631553407727,28.329110997545));
#1694 = CARTESIAN_POINT('',(-4.895905470099,28.656094706947));
#1695 = CARTESIAN_POINT('',(-5.171947172787,28.973005656749));
#1696 = CARTESIAN_POINT('',(-5.70434626486,29.537299225036));
#1697 = CARTESIAN_POINT('',(-5.957215831317,29.787847237917));
#1698 = CARTESIAN_POINT('',(-6.219037399514,30.029288087756));
#1699 = CARTESIAN_POINT('',(-6.490025028069,30.260618962074));
#1700 = CARTESIAN_POINT('',(-6.77031068972,30.48067295966));
#1701 = CARTESIAN_POINT('',(-7.059925776218,30.688142107867));
#1702 = CARTESIAN_POINT('',(-7.358776334487,30.881608968224));
#1703 = CARTESIAN_POINT('',(-8.045742690033,31.278784485835));
#1704 = CARTESIAN_POINT('',(-8.43884645335,31.474687113518));
#1705 = CARTESIAN_POINT('',(-8.844931223933,31.644118197156));
#1706 = CARTESIAN_POINT('',(-9.262552810404,31.783938913904));
#1707 = CARTESIAN_POINT('',(-9.689756229529,31.89127518056));
#1708 = CARTESIAN_POINT('',(-10.12400857845,31.96377696631));
#1709 = CARTESIAN_POINT('',(-10.56210134235,32.));
#1710 = CARTESIAN_POINT('',(-11.,32.));
#1711 = ( GEOMETRIC_REPRESENTATION_CONTEXT(2) 
PARAMETRIC_REPRESENTATION_CONTEXT() REPRESENTATION_CONTEXT('2D SPACE',''
  ) );
#1712 = PCURVE('',#1139,#1713);
#1713 = DEFINITIONAL_REPRESENTATION('',(#1714),#1899);
#1714 = B_SPLINE_CURVE_WITH_KNOTS('',8,(#1715,#1716,#1717,#1718,#1719,
    #1720,#1721,#1722,#1723,#1724,#1725,#1726,#1727,#1728,#1729,#1730,
    #1731,#1732,#1733,#1734,#1735,#1736,#1737,#1738,#1739,#1740,#1741,
    #1742,#1743,#1744,#1745,#1746,#1747,#1748,#1749,#1750,#1751,#1752,
    #1753,#1754,#1755,#1756,#1757,#1758,#1759,#1760,#1761,#1762,#1763,
    #1764,#1765,#1766,#1767,#1768,#1769,#1770,#1771,#1772,#1773,#1774,
    #1775,#1776,#1777,#1778,#1779,#1780,#1781,#1782,#1783,#1784,#1785,
    #1786,#1787,#1788,#1789,#1790,#1791,#1792,#1793,#1794,#1795,#1796,
    #1797,#1798,#1799,#1800,#1801,#1802,#1803,#1804,#1805,#1806,#1807,
    #1808,#1809,#1810,#1811,#1812,#1813,#1814,#1815,#1816,#1817,#1818,
    #1819,#1820,#1821,#1822,#1823,#1824,#1825,#1826,#1827,#1828,#1829,
    #1830,#1831,#1832,#1833,#1834,#1835,#1836,#1837,#1838,#1839,#1840,
    #1841,#1842,#1843,#1844,#1845,#1846,#1847,#1848,#1849,#1850,#1851,
    #1852,#1853,#1854,#1855,#1856,#1857,#1858,#1859,#1860,#1861,#1862,
    #1863,#1864,#1865,#1866,#1867,#1868,#1869,#1870,#1871,#1872,#1873,
    #1874,#1875,#1876,#1877,#1878,#1879,#1880,#1881,#1882,#1883,#1884,
    #1885,#1886,#1887,#1888,#1889,#1890,#1891,#1892,#1893,#1894,#1895,
    #1896,#1897,#1898),.UNSPECIFIED.,.F.,.F.,(9,7,7,7,7,7,7,7,7,7,7,7,7,
    7,7,7,7,7,7,7,7,7,7,7,7,7,9),(0.,3.148497243757E-02,
    5.366380163597E-02,8.787523039711E-02,0.120594909726,0.150726047861,
    0.250010176295,0.339977649495,0.369609361737,0.402286109504,
    0.436085481069,0.464725054722,0.484589034084,0.500017854842,
    0.52046087736,0.53151250959,0.553690150102,0.587899745284,
    0.620617670985,0.650747194226,0.750026001477,0.839988652822,
    0.869618776938,0.902293773377,0.936091333447,0.964729372147,1.),
  .UNSPECIFIED.);
#1715 = CARTESIAN_POINT('',(6.28318530718,-15.));
#1716 = CARTESIAN_POINT('',(6.247661964159,-15.));
#1717 = CARTESIAN_POINT('',(6.212124738936,-15.));
#1718 = CARTESIAN_POINT('',(6.176762909683,-15.));
#1719 = CARTESIAN_POINT('',(6.141720972153,-15.));
#1720 = CARTESIAN_POINT('',(6.107113053391,-15.));
#1721 = CARTESIAN_POINT('',(6.07303107674,-15.));
#1722 = CARTESIAN_POINT('',(6.039548963129,-15.));
#1723 = CARTESIAN_POINT('',(5.983603213023,-15.));
#1724 = CARTESIAN_POINT('',(5.960796457744,-15.));
#1725 = CARTESIAN_POINT('',(5.938314274785,-15.));
#1726 = CARTESIAN_POINT('',(5.916161121893,-15.));
#1727 = CARTESIAN_POINT('',(5.894337396186,-15.));
#1728 = CARTESIAN_POINT('',(5.872840012762,-15.));
#1729 = CARTESIAN_POINT('',(5.851662693361,-15.));
#1730 = CARTESIAN_POINT('',(5.798608486533,-15.));
#1731 = CARTESIAN_POINT('',(5.767169066623,-15.));
#1732 = CARTESIAN_POINT('',(5.736436607243,-15.));
#1733 = CARTESIAN_POINT('',(5.706372952056,-15.));
#1734 = CARTESIAN_POINT('',(5.676940656029,-15.));
#1735 = CARTESIAN_POINT('',(5.648101241446,-15.));
#1736 = CARTESIAN_POINT('',(5.61981394034,-15.));
#1737 = CARTESIAN_POINT('',(5.56546717806,-15.));
#1738 = CARTESIAN_POINT('',(5.539370582255,-15.));
#1739 = CARTESIAN_POINT('',(5.513710297057,-15.));
#1740 = CARTESIAN_POINT('',(5.488456004334,-15.));
#1741 = CARTESIAN_POINT('',(5.46358032235,-15.));
#1742 = CARTESIAN_POINT('',(5.439057617666,-15.));
#1743 = CARTESIAN_POINT('',(5.414863213361,-15.));
#1744 = CARTESIAN_POINT('',(5.368972792834,-15.));
#1745 = CARTESIAN_POINT('',(5.347231965107,-15.));
#1746 = CARTESIAN_POINT('',(5.325732539174,-15.));
#1747 = CARTESIAN_POINT('',(5.304458230318,-15.));
#1748 = CARTESIAN_POINT('',(5.28339410981,-15.));
#1749 = CARTESIAN_POINT('',(5.262526274401,-15.));
#1750 = CARTESIAN_POINT('',(5.241841515818,-15.));
#1751 = CARTESIAN_POINT('',(5.153730247637,-15.));
#1752 = CARTESIAN_POINT('',(5.088012336422,-15.));
#1753 = CARTESIAN_POINT('',(5.023679548171,-15.));
#1754 = CARTESIAN_POINT('',(4.960400969992,-15.));
#1755 = CARTESIAN_POINT('',(4.897891106774,-15.));
#1756 = CARTESIAN_POINT('',(4.8358947827,-15.));
#1757 = CARTESIAN_POINT('',(4.774155437453,-15.));
#1758 = CARTESIAN_POINT('',(4.656418583519,-15.));
#1759 = CARTESIAN_POINT('',(4.60046331702,-15.));
#1760 = CARTESIAN_POINT('',(4.544317759811,-15.));
#1761 = CARTESIAN_POINT('',(4.48779263166,-15.));
#1762 = CARTESIAN_POINT('',(4.430698352096,-15.));
#1763 = CARTESIAN_POINT('',(4.372827654343,-15.));
#1764 = CARTESIAN_POINT('',(4.313942451216,-15.));
#1765 = CARTESIAN_POINT('',(4.233880401259,-15.));
#1766 = CARTESIAN_POINT('',(4.213900752628,-15.));
#1767 = CARTESIAN_POINT('',(4.193766489647,-15.));
#1768 = CARTESIAN_POINT('',(4.173466267759,-15.));
#1769 = CARTESIAN_POINT('',(4.152988168573,-15.));
#1770 = CARTESIAN_POINT('',(4.132319453155,-15.));
#1771 = CARTESIAN_POINT('',(4.11144631533,-15.));
#1772 = CARTESIAN_POINT('',(4.067093413288,-15.));
#1773 = CARTESIAN_POINT('',(4.04356738638,-15.));
#1774 = CARTESIAN_POINT('',(4.019754497393,-15.));
#1775 = CARTESIAN_POINT('',(3.995633011375,-15.));
#1776 = CARTESIAN_POINT('',(3.97118017332,-15.));
#1777 = CARTESIAN_POINT('',(3.946371558193,-15.));
#1778 = CARTESIAN_POINT('',(3.921180112937,-15.));
#1779 = CARTESIAN_POINT('',(3.869089989475,-15.));
#1780 = CARTESIAN_POINT('',(3.842167026883,-15.));
#1781 = CARTESIAN_POINT('',(3.814769080801,-15.));
#1782 = CARTESIAN_POINT('',(3.786860229134,-15.));
#1783 = CARTESIAN_POINT('',(3.758404940709,-15.));
#1784 = CARTESIAN_POINT('',(3.729366823511,-15.));
#1785 = CARTESIAN_POINT('',(3.699706729978,-15.));
#1786 = CARTESIAN_POINT('',(3.643683341217,-15.));
#1787 = CARTESIAN_POINT('',(3.617514266177,-15.));
#1788 = CARTESIAN_POINT('',(3.590845555522,-15.));
#1789 = CARTESIAN_POINT('',(3.563655863862,-15.));
#1790 = CARTESIAN_POINT('',(3.535929507533,-15.));
#1791 = CARTESIAN_POINT('',(3.507656720759,-15.));
#1792 = CARTESIAN_POINT('',(3.478834599591,-15.));
#1793 = CARTESIAN_POINT('',(3.42910100882,-15.));
#1794 = CARTESIAN_POINT('',(3.408473577205,-15.));
#1795 = CARTESIAN_POINT('',(3.387591607072,-15.));
#1796 = CARTESIAN_POINT('',(3.366463941929,-15.));
#1797 = CARTESIAN_POINT('',(3.345103314502,-15.));
#1798 = CARTESIAN_POINT('',(3.323526879027,-15.));
#1799 = CARTESIAN_POINT('',(3.301757061853,-15.));
#1800 = CARTESIAN_POINT('',(3.262785818303,-15.));
#1801 = CARTESIAN_POINT('',(3.245648617005,-15.));
#1802 = CARTESIAN_POINT('',(3.228425708829,-15.));
#1803 = CARTESIAN_POINT('',(3.211132331842,-15.));
#1804 = CARTESIAN_POINT('',(3.193784572792,-15.));
#1805 = CARTESIAN_POINT('',(3.176399560089,-15.));
#1806 = CARTESIAN_POINT('',(3.158995656792,-15.));
#1807 = CARTESIAN_POINT('',(3.118533860445,-15.));
#1808 = CARTESIAN_POINT('',(3.095471996068,-15.));
#1809 = CARTESIAN_POINT('',(3.072455096125,-15.));
#1810 = CARTESIAN_POINT('',(3.04952540935,-15.));
#1811 = CARTESIAN_POINT('',(3.026720571581,-15.));
#1812 = CARTESIAN_POINT('',(3.004074540781,-15.));
#1813 = CARTESIAN_POINT('',(2.981618293061,-15.));
#1814 = CARTESIAN_POINT('',(2.947358263604,-15.));
#1815 = CARTESIAN_POINT('',(2.935398861852,-15.));
#1816 = CARTESIAN_POINT('',(2.923505834129,-15.));
#1817 = CARTESIAN_POINT('',(2.91168240467,-15.));
#1818 = CARTESIAN_POINT('',(2.899931299517,-15.));
#1819 = CARTESIAN_POINT('',(2.888254783785,-15.));
#1820 = CARTESIAN_POINT('',(2.876654698942,-15.));
#1821 = CARTESIAN_POINT('',(2.842010559433,-15.));
#1822 = CARTESIAN_POINT('',(2.819203804154,-15.));
#1823 = CARTESIAN_POINT('',(2.796721621195,-15.));
#1824 = CARTESIAN_POINT('',(2.774568468304,-15.));
#1825 = CARTESIAN_POINT('',(2.752744742596,-15.));
#1826 = CARTESIAN_POINT('',(2.731247359172,-15.));
#1827 = CARTESIAN_POINT('',(2.710070039771,-15.));
#1828 = CARTESIAN_POINT('',(2.657015832943,-15.));
#1829 = CARTESIAN_POINT('',(2.625576413033,-15.));
#1830 = CARTESIAN_POINT('',(2.594843953654,-15.));
#1831 = CARTESIAN_POINT('',(2.564780298466,-15.));
#1832 = CARTESIAN_POINT('',(2.53534800244,-15.));
#1833 = CARTESIAN_POINT('',(2.506508587856,-15.));
#1834 = CARTESIAN_POINT('',(2.478221286751,-15.));
#1835 = CARTESIAN_POINT('',(2.423874524471,-15.));
#1836 = CARTESIAN_POINT('',(2.397777928666,-15.));
#1837 = CARTESIAN_POINT('',(2.372117643467,-15.));
#1838 = CARTESIAN_POINT('',(2.346863350745,-15.));
#1839 = CARTESIAN_POINT('',(2.32198766876,-15.));
#1840 = CARTESIAN_POINT('',(2.297464964076,-15.));
#1841 = CARTESIAN_POINT('',(2.273270559771,-15.));
#1842 = CARTESIAN_POINT('',(2.227380139245,-15.));
#1843 = CARTESIAN_POINT('',(2.205639311518,-15.));
#1844 = CARTESIAN_POINT('',(2.184139885584,-15.));
#1845 = CARTESIAN_POINT('',(2.162865576729,-15.));
#1846 = CARTESIAN_POINT('',(2.14180145622,-15.));
#1847 = CARTESIAN_POINT('',(2.120933620811,-15.));
#1848 = CARTESIAN_POINT('',(2.100248862229,-15.));
#1849 = CARTESIAN_POINT('',(2.012137594047,-15.));
#1850 = CARTESIAN_POINT('',(1.946419682833,-15.));
#1851 = CARTESIAN_POINT('',(1.882086894581,-15.));
#1852 = CARTESIAN_POINT('',(1.818808316402,-15.));
#1853 = CARTESIAN_POINT('',(1.756298453184,-15.));
#1854 = CARTESIAN_POINT('',(1.69430212911,-15.));
#1855 = CARTESIAN_POINT('',(1.632562783864,-15.));
#1856 = CARTESIAN_POINT('',(1.51482592993,-15.));
#1857 = CARTESIAN_POINT('',(1.458870663428,-15.));
#1858 = CARTESIAN_POINT('',(1.402725106225,-15.));
#1859 = CARTESIAN_POINT('',(1.346199978066,-15.));
#1860 = CARTESIAN_POINT('',(1.289105698508,-15.));
#1861 = CARTESIAN_POINT('',(1.231235000752,-15.));
#1862 = CARTESIAN_POINT('',(1.172349797626,-15.));
#1863 = CARTESIAN_POINT('',(1.092287747669,-15.));
#1864 = CARTESIAN_POINT('',(1.072308099038,-15.));
#1865 = CARTESIAN_POINT('',(1.052173836057,-15.));
#1866 = CARTESIAN_POINT('',(1.031873614169,-15.));
#1867 = CARTESIAN_POINT('',(1.011395514983,-15.));
#1868 = CARTESIAN_POINT('',(0.990726799566,-15.));
#1869 = CARTESIAN_POINT('',(0.96985366174,-15.));
#1870 = CARTESIAN_POINT('',(0.925500759698,-15.));
#1871 = CARTESIAN_POINT('',(0.90197473279,-15.));
#1872 = CARTESIAN_POINT('',(0.878161843803,-15.));
#1873 = CARTESIAN_POINT('',(0.854040357785,-15.));
#1874 = CARTESIAN_POINT('',(0.82958751973,-15.));
#1875 = CARTESIAN_POINT('',(0.804778904604,-15.));
#1876 = CARTESIAN_POINT('',(0.779587459348,-15.));
#1877 = CARTESIAN_POINT('',(0.727497335886,-15.));
#1878 = CARTESIAN_POINT('',(0.700574373293,-15.));
#1879 = CARTESIAN_POINT('',(0.673176427211,-15.));
#1880 = CARTESIAN_POINT('',(0.645267575544,-15.));
#1881 = CARTESIAN_POINT('',(0.616812287119,-15.));
#1882 = CARTESIAN_POINT('',(0.587774169921,-15.));
#1883 = CARTESIAN_POINT('',(0.558114076388,-15.));
#1884 = CARTESIAN_POINT('',(0.502090687627,-15.));
#1885 = CARTESIAN_POINT('',(0.475921612587,-15.));
#1886 = CARTESIAN_POINT('',(0.449252901933,-15.));
#1887 = CARTESIAN_POINT('',(0.422063210272,-15.));
#1888 = CARTESIAN_POINT('',(0.394336853944,-15.));
#1889 = CARTESIAN_POINT('',(0.366064067169,-15.));
#1890 = CARTESIAN_POINT('',(0.337241946001,-15.));
#1891 = CARTESIAN_POINT('',(0.271709059666,-15.));
#1892 = CARTESIAN_POINT('',(0.234684438787,-15.));
#1893 = CARTESIAN_POINT('',(0.196864259395,-15.));
#1894 = CARTESIAN_POINT('',(0.158334610078,-15.));
#1895 = CARTESIAN_POINT('',(0.119209222985,-15.));
#1896 = CARTESIAN_POINT('',(7.963557750313E-02,-15.));
#1897 = CARTESIAN_POINT('',(3.980896887674E-02,-15.));
#1898 = CARTESIAN_POINT('',(0.,-15.));
#1899 = ( GEOMETRIC_REPRESENTATION_CONTEXT(2) 
PARAMETRIC_REPRESENTATION_CONTEXT() REPRESENTATION_CONTEXT('2D SPACE',''
  ) );
#1900 = ORIENTED_EDGE('',*,*,#1901,.T.);
#1901 = EDGE_CURVE('',#1336,#1902,#1904,.T.);
#1902 = VERTEX_POINT('',#1903);
#1903 = CARTESIAN_POINT('',(8.883140648668,2.5,-30.));
#1904 = SURFACE_CURVE('',#1905,(#1909,#1915),.PCURVE_S1.);
#1905 = LINE('',#1906,#1907);
#1906 = CARTESIAN_POINT('',(8.883140648668,2.5,-61.));
#1907 = VECTOR('',#1908,1.);
#1908 = DIRECTION('',(0.,0.,1.));
#1909 = PCURVE('',#589,#1910);
#1910 = DEFINITIONAL_REPRESENTATION('',(#1911),#1914);
#1911 = B_SPLINE_CURVE_WITH_KNOTS('',1,(#1912,#1913),.UNSPECIFIED.,.F.,
  .F.,(2,2),(-5.999999999062E-07,31.0000006),.PIECEWISE_BEZIER_KNOTS.);
#1912 = CARTESIAN_POINT('',(-26.0000006,20.883140648668));
#1913 = CARTESIAN_POINT('',(5.0000006,20.883140648668));
#1914 = ( GEOMETRIC_REPRESENTATION_CONTEXT(2) 
PARAMETRIC_REPRESENTATION_CONTEXT() REPRESENTATION_CONTEXT('2D SPACE',''
  ) );
#1915 = PCURVE('',#1916,#1921);
#1916 = CYLINDRICAL_SURFACE('',#1917,3.25);
#1917 = AXIS2_PLACEMENT_3D('',#1918,#1919,#1920);
#1918 = CARTESIAN_POINT('',(6.,1.,-61.));
#1919 = DIRECTION('',(0.,0.,1.));
#1920 = DIRECTION('',(1.,0.,-0.));
#1921 = DEFINITIONAL_REPRESENTATION('',(#1922),#1925);
#1922 = B_SPLINE_CURVE_WITH_KNOTS('',1,(#1923,#1924),.UNSPECIFIED.,.F.,
  .F.,(2,2),(-5.999999999062E-07,31.0000006),.PIECEWISE_BEZIER_KNOTS.);
#1923 = CARTESIAN_POINT('',(0.479728637676,-5.999999999062E-07));
#1924 = CARTESIAN_POINT('',(0.479728637676,31.0000006));
#1925 = ( GEOMETRIC_REPRESENTATION_CONTEXT(2) 
PARAMETRIC_REPRESENTATION_CONTEXT() REPRESENTATION_CONTEXT('2D SPACE',''
  ) );
#1926 = ORIENTED_EDGE('',*,*,#1927,.F.);
#1927 = EDGE_CURVE('',#551,#1902,#1928,.T.);
#1928 = SURFACE_CURVE('',#1929,(#1933,#1940),.PCURVE_S1.);
#1929 = LINE('',#1930,#1931);
#1930 = CARTESIAN_POINT('',(-12.,2.5,-30.));
#1931 = VECTOR('',#1932,1.);
#1932 = DIRECTION('',(-1.,-0.,0.));
#1933 = PCURVE('',#589,#1934);
#1934 = DEFINITIONAL_REPRESENTATION('',(#1935),#1939);
#1935 = LINE('',#1936,#1937);
#1936 = CARTESIAN_POINT('',(5.,0.));
#1937 = VECTOR('',#1938,1.);
#1938 = DIRECTION('',(0.,-1.));
#1939 = ( GEOMETRIC_REPRESENTATION_CONTEXT(2) 
PARAMETRIC_REPRESENTATION_CONTEXT() REPRESENTATION_CONTEXT('2D SPACE',''
  ) );
#1940 = PCURVE('',#128,#1941);
#1941 = DEFINITIONAL_REPRESENTATION('',(#1942),#1946);
#1942 = LINE('',#1943,#1944);
#1943 = CARTESIAN_POINT('',(0.,10.5));
#1944 = VECTOR('',#1945,1.);
#1945 = DIRECTION('',(-1.,0.));
#1946 = ( GEOMETRIC_REPRESENTATION_CONTEXT(2) 
PARAMETRIC_REPRESENTATION_CONTEXT() REPRESENTATION_CONTEXT('2D SPACE',''
  ) );
#1947 = ADVANCED_FACE('',(#1948),#750,.F.);
#1948 = FACE_BOUND('',#1949,.F.);
#1949 = EDGE_LOOP('',(#1950,#2060,#2086,#2194));
#1950 = ORIENTED_EDGE('',*,*,#1951,.F.);
#1951 = EDGE_CURVE('',#1952,#709,#1954,.T.);
#1952 = VERTEX_POINT('',#1953);
#1953 = CARTESIAN_POINT('',(3.116859351332,2.5,-59.87085293229));
#1954 = SURFACE_CURVE('',#1955,(#1988,#2024),.PCURVE_S1.);
#1955 = B_SPLINE_CURVE_WITH_KNOTS('',7,(#1956,#1957,#1958,#1959,#1960,
    #1961,#1962,#1963,#1964,#1965,#1966,#1967,#1968,#1969,#1970,#1971,
    #1972,#1973,#1974,#1975,#1976,#1977,#1978,#1979,#1980,#1981,#1982,
    #1983,#1984,#1985,#1986,#1987),.UNSPECIFIED.,.F.,.F.,(8,6,6,6,6,8),(
    0.,0.254288347892,0.388455737661,0.62625755928,0.716236093206,1.),
  .UNSPECIFIED.);
#1956 = CARTESIAN_POINT('',(3.116859039173,2.4999994,-59.87085295828));
#1957 = CARTESIAN_POINT('',(3.220739171108,2.699666855467,
    -59.86220433689));
#1958 = CARTESIAN_POINT('',(3.342465439965,2.89423584702,-59.85172747558
    ));
#1959 = CARTESIAN_POINT('',(3.482704695042,3.082644959155,
    -59.83915334424));
#1960 = CARTESIAN_POINT('',(3.642179290623,3.263170739666,
    -59.82414162112));
#1961 = CARTESIAN_POINT('',(3.821436201568,3.433517300242,
    -59.80627824617));
#1962 = CARTESIAN_POINT('',(4.02068015795,3.590880230936,-59.78509234663
    ));
#1963 = CARTESIAN_POINT('',(4.35521444394,3.806434309539,-59.74690215695
    ));
#1964 = CARTESIAN_POINT('',(4.476185954699,3.876313287828,
    -59.73265800879));
#1965 = CARTESIAN_POINT('',(4.60245904667,3.941098296244,-59.71729926751
    ));
#1966 = CARTESIAN_POINT('',(4.733801049231,4.000221922881,
    -59.70077433686));
#1967 = CARTESIAN_POINT('',(4.869852393455,4.053095605739,
    -59.68304697455));
#1968 = CARTESIAN_POINT('',(5.010094749375,4.099151976252,
    -59.66410835305));
#1969 = CARTESIAN_POINT('',(5.408528637401,4.206596737992,
    -59.60834571198));
#1970 = CARTESIAN_POINT('',(5.675178190038,4.252625890571,-59.5688626445
    ));
#1971 = CARTESIAN_POINT('',(5.947933536413,4.272441284292,
    -59.52597214111));
#1972 = CARTESIAN_POINT('',(6.221195590325,4.265083820869,
    -59.48032793046));
#1973 = CARTESIAN_POINT('',(6.489746420991,4.231237733609,
    -59.43284770921));
#1974 = CARTESIAN_POINT('',(6.748793838756,4.17303841796,-59.38466331927
    ));
#1975 = CARTESIAN_POINT('',(7.086865240125,4.064429038067,
    -59.31897625009));
#1976 = CARTESIAN_POINT('',(7.17784428014,4.031618369511,-59.30099147267
    ));
#1977 = CARTESIAN_POINT('',(7.266849627576,3.995968330303,
    -59.28310269731));
#1978 = CARTESIAN_POINT('',(7.353764133993,3.957641223517,
    -59.26535516523));
#1979 = CARTESIAN_POINT('',(7.438498734592,3.916799698972,
    -59.24779005184));
#1980 = CARTESIAN_POINT('',(7.520988462447,3.87360188352,-59.23044427233
    ));
#1981 = CARTESIAN_POINT('',(7.854113959676,3.685002293405,
    -59.15944125152));
#1982 = CARTESIAN_POINT('',(8.083812435603,3.520111211264,
    -59.10813354867));
#1983 = CARTESIAN_POINT('',(8.289785974655,3.337911867219,
    -59.06026944544));
#1984 = CARTESIAN_POINT('',(8.472082200159,3.142118343169,
    -59.01652660625));
#1985 = CARTESIAN_POINT('',(8.63122881778,2.935803463652,-58.97735629719
    ));
#1986 = CARTESIAN_POINT('',(8.768012378704,2.721287442435,-58.9430158171
    ));
#1987 = CARTESIAN_POINT('',(8.883140960827,2.4999994,-58.91367310039));
#1988 = PCURVE('',#750,#1989);
#1989 = DEFINITIONAL_REPRESENTATION('',(#1990),#2023);
#1990 = B_SPLINE_CURVE_WITH_KNOTS('',7,(#1991,#1992,#1993,#1994,#1995,
    #1996,#1997,#1998,#1999,#2000,#2001,#2002,#2003,#2004,#2005,#2006,
    #2007,#2008,#2009,#2010,#2011,#2012,#2013,#2014,#2015,#2016,#2017,
    #2018,#2019,#2020,#2021,#2022),.UNSPECIFIED.,.F.,.F.,(8,6,6,6,6,8),(
    0.,0.254288347892,0.388455737661,0.62625755928,0.716236093206,1.),
  .UNSPECIFIED.);
#1991 = CARTESIAN_POINT('',(2.66186422402,1.129147041718));
#1992 = CARTESIAN_POINT('',(2.592610775029,1.13779566311));
#1993 = CARTESIAN_POINT('',(2.522214340398,1.148272524415));
#1994 = CARTESIAN_POINT('',(2.450329112345,1.160846655758));
#1995 = CARTESIAN_POINT('',(2.376695900011,1.175858378872));
#1996 = CARTESIAN_POINT('',(2.301101491885,1.193721753824));
#1997 = CARTESIAN_POINT('',(2.223340956763,1.214907653365));
#1998 = CARTESIAN_POINT('',(2.100889952459,1.253097843042));
#1999 = CARTESIAN_POINT('',(2.057954864498,1.267341991205));
#2000 = CARTESIAN_POINT('',(2.014373720084,1.282700732481));
#2001 = CARTESIAN_POINT('',(1.970161363903,1.299225663133));
#2002 = CARTESIAN_POINT('',(1.925350319562,1.316953025446));
#2003 = CARTESIAN_POINT('',(1.87999746396,1.33589164695));
#2004 = CARTESIAN_POINT('',(1.753023044526,1.391654288019));
#2005 = CARTESIAN_POINT('',(1.670119335877,1.431137355493));
#2006 = CARTESIAN_POINT('',(1.586627802942,1.474027858883));
#2007 = CARTESIAN_POINT('',(1.503248735335,1.519672069539));
#2008 = CARTESIAN_POINT('',(1.420579494427,1.567152290787));
#2009 = CARTESIAN_POINT('',(1.339215205463,1.615336680721));
#2010 = CARTESIAN_POINT('',(1.229957020464,1.681023749904));
#2011 = CARTESIAN_POINT('',(1.200217214478,1.699008527324));
#2012 = CARTESIAN_POINT('',(1.170744195967,1.716897302683));
#2013 = CARTESIAN_POINT('',(1.141547026172,1.734644834764));
#2014 = CARTESIAN_POINT('',(1.112630224355,1.752209948154));
#2015 = CARTESIAN_POINT('',(1.083994444176,1.769555727668));
#2016 = CARTESIAN_POINT('',(0.966207191454,1.840558748479));
#2017 = CARTESIAN_POINT('',(0.879707354875,1.891866451322));
#2018 = CARTESIAN_POINT('',(0.795768343459,1.939730554555));
#2019 = CARTESIAN_POINT('',(0.714115184898,1.983473393744));
#2020 = CARTESIAN_POINT('',(0.63445997906,2.022643702804));
#2021 = CARTESIAN_POINT('',(0.556480848352,2.056984182893));
#2022 = CARTESIAN_POINT('',(0.479728429569,2.086326899603));
#2023 = ( GEOMETRIC_REPRESENTATION_CONTEXT(2) 
PARAMETRIC_REPRESENTATION_CONTEXT() REPRESENTATION_CONTEXT('2D SPACE',''
  ) );
#2024 = PCURVE('',#190,#2025);
#2025 = DEFINITIONAL_REPRESENTATION('',(#2026),#2059);
#2026 = B_SPLINE_CURVE_WITH_KNOTS('',7,(#2027,#2028,#2029,#2030,#2031,
    #2032,#2033,#2034,#2035,#2036,#2037,#2038,#2039,#2040,#2041,#2042,
    #2043,#2044,#2045,#2046,#2047,#2048,#2049,#2050,#2051,#2052,#2053,
    #2054,#2055,#2056,#2057,#2058),.UNSPECIFIED.,.F.,.F.,(8,6,6,6,6,8),(
    0.,0.254288347892,0.388455737661,0.62625755928,0.716236093206,1.),
  .UNSPECIFIED.);
#2027 = CARTESIAN_POINT('',(4.848322835436,-14.0000006));
#2028 = CARTESIAN_POINT('',(4.852881414843,-13.80033314453));
#2029 = CARTESIAN_POINT('',(4.858226451061,-13.60576415298));
#2030 = CARTESIAN_POINT('',(4.864389435599,-13.41735504084));
#2031 = CARTESIAN_POINT('',(4.871405161155,-13.23682926033));
#2032 = CARTESIAN_POINT('',(4.879302075928,-13.06648269975));
#2033 = CARTESIAN_POINT('',(4.888095355504,-12.90911976906));
#2034 = CARTESIAN_POINT('',(4.90289391626,-12.69356569046));
#2035 = CARTESIAN_POINT('',(4.908250964658,-12.62368671217));
#2036 = CARTESIAN_POINT('',(4.913849461578,-12.55890170375));
#2037 = CARTESIAN_POINT('',(4.91968045219,-12.49977807711));
#2038 = CARTESIAN_POINT('',(4.925729477849,-12.44690439426));
#2039 = CARTESIAN_POINT('',(4.93197504282,-12.40084802374));
#2040 = CARTESIAN_POINT('',(4.949750260002,-12.293403262));
#2041 = CARTESIAN_POINT('',(4.961680860853,-12.24737410942));
#2042 = CARTESIAN_POINT('',(4.973927112376,-12.2275587157));
#2043 = CARTESIAN_POINT('',(4.986244787753,-12.23491617913));
#2044 = CARTESIAN_POINT('',(4.998401567241,-12.26876226639));
#2045 = CARTESIAN_POINT('',(5.010177722092,-12.32696158204));
#2046 = CARTESIAN_POINT('',(5.025607164244,-12.43557096193));
#2047 = CARTESIAN_POINT('',(5.029766092009,-12.46838163048));
#2048 = CARTESIAN_POINT('',(5.033841310446,-12.50403166969));
#2049 = CARTESIAN_POINT('',(5.037827087327,-12.54235877648));
#2050 = CARTESIAN_POINT('',(5.041718919861,-12.58320030102));
#2051 = CARTESIAN_POINT('',(5.045513374173,-12.62639811648));
#2052 = CARTESIAN_POINT('',(5.060859371773,-12.81499770659));
#2053 = CARTESIAN_POINT('',(5.07149628403,-12.97988878873));
#2054 = CARTESIAN_POINT('',(5.081080934665,-13.16208813278));
#2055 = CARTESIAN_POINT('',(5.08959982444,-13.35788165683));
#2056 = CARTESIAN_POINT('',(5.097063197133,-13.56419653634));
#2057 = CARTESIAN_POINT('',(5.103496208505,-13.77871255756));
#2058 = CARTESIAN_POINT('',(5.10892288044,-14.0000006));
#2059 = ( GEOMETRIC_REPRESENTATION_CONTEXT(2) 
PARAMETRIC_REPRESENTATION_CONTEXT() REPRESENTATION_CONTEXT('2D SPACE',''
  ) );
#2060 = ORIENTED_EDGE('',*,*,#2061,.T.);
#2061 = EDGE_CURVE('',#1952,#2062,#2064,.T.);
#2062 = VERTEX_POINT('',#2063);
#2063 = CARTESIAN_POINT('',(3.116859351332,2.5,-56.86560027593));
#2064 = SURFACE_CURVE('',#2065,(#2069,#2075),.PCURVE_S1.);
#2065 = LINE('',#2066,#2067);
#2066 = CARTESIAN_POINT('',(3.116859351332,2.5,-61.));
#2067 = VECTOR('',#2068,1.);
#2068 = DIRECTION('',(0.,0.,1.));
#2069 = PCURVE('',#750,#2070);
#2070 = DEFINITIONAL_REPRESENTATION('',(#2071),#2074);
#2071 = B_SPLINE_CURVE_WITH_KNOTS('',1,(#2072,#2073),.UNSPECIFIED.,.F.,
  .F.,(2,2),(-5.999999999062E-07,31.0000006),.PIECEWISE_BEZIER_KNOTS.);
#2072 = CARTESIAN_POINT('',(2.661864015914,-5.999999999062E-07));
#2073 = CARTESIAN_POINT('',(2.661864015914,31.0000006));
#2074 = ( GEOMETRIC_REPRESENTATION_CONTEXT(2) 
PARAMETRIC_REPRESENTATION_CONTEXT() REPRESENTATION_CONTEXT('2D SPACE',''
  ) );
#2075 = PCURVE('',#2076,#2081);
#2076 = PLANE('',#2077);
#2077 = AXIS2_PLACEMENT_3D('',#2078,#2079,#2080);
#2078 = CARTESIAN_POINT('',(-12.,2.5,-35.));
#2079 = DIRECTION('',(-0.,1.,0.));
#2080 = DIRECTION('',(0.,0.,1.));
#2081 = DEFINITIONAL_REPRESENTATION('',(#2082),#2085);
#2082 = B_SPLINE_CURVE_WITH_KNOTS('',1,(#2083,#2084),.UNSPECIFIED.,.F.,
  .F.,(2,2),(-5.999999999062E-07,31.0000006),.PIECEWISE_BEZIER_KNOTS.);
#2083 = CARTESIAN_POINT('',(-26.0000006,15.116859351332));
#2084 = CARTESIAN_POINT('',(5.0000006,15.116859351332));
#2085 = ( GEOMETRIC_REPRESENTATION_CONTEXT(2) 
PARAMETRIC_REPRESENTATION_CONTEXT() REPRESENTATION_CONTEXT('2D SPACE',''
  ) );
#2086 = ORIENTED_EDGE('',*,*,#2087,.T.);
#2087 = EDGE_CURVE('',#2062,#736,#2088,.T.);
#2088 = SURFACE_CURVE('',#2089,(#2122,#2158),.PCURVE_S1.);
#2089 = B_SPLINE_CURVE_WITH_KNOTS('',7,(#2090,#2091,#2092,#2093,#2094,
    #2095,#2096,#2097,#2098,#2099,#2100,#2101,#2102,#2103,#2104,#2105,
    #2106,#2107,#2108,#2109,#2110,#2111,#2112,#2113,#2114,#2115,#2116,
    #2117,#2118,#2119,#2120,#2121),.UNSPECIFIED.,.F.,.F.,(8,6,6,6,6,8),(
    0.,0.25391914689,0.38127028665,0.628923891396,0.714082670812,1.),
  .UNSPECIFIED.);
#2090 = CARTESIAN_POINT('',(3.116858727013,2.4999988,-56.86560032772));
#2091 = CARTESIAN_POINT('',(3.22076317619,2.699713097017,-56.85658414063
    ));
#2092 = CARTESIAN_POINT('',(3.342518635409,2.89431994923,-56.84565970879
    ));
#2093 = CARTESIAN_POINT('',(3.482787981044,3.082752676961,
    -56.83254516831));
#2094 = CARTESIAN_POINT('',(3.642285984882,3.263283601989,-56.8168838944
    ));
#2095 = CARTESIAN_POINT('',(3.821549181054,3.433612760199,
    -56.79824115989));
#2096 = CARTESIAN_POINT('',(4.020765299323,3.590934123312,
    -56.77612147659));
#2097 = CARTESIAN_POINT('',(4.349448306377,3.802719437341,-56.7369089198
    ));
#2098 = CARTESIAN_POINT('',(4.464120136441,3.869323719691,-56.7228140355
    ));
#2099 = CARTESIAN_POINT('',(4.583566787875,3.931345099921,
    -56.70766665044));
#2100 = CARTESIAN_POINT('',(4.707590495015,3.98830074966,-56.69141911649
    ));
#2101 = CARTESIAN_POINT('',(4.835890352423,4.039690309252,
    -56.67403646124));
#2102 = CARTESIAN_POINT('',(4.96803765082,4.085028118583,-56.65550606804
    ));
#2103 = CARTESIAN_POINT('',(5.366758912892,4.199461227411,
    -56.59763176861));
#2104 = CARTESIAN_POINT('',(5.643646248113,4.250900518938,
    -56.55498073448));
#2105 = CARTESIAN_POINT('',(5.927595850959,4.273987677337,
    -56.50834991868));
#2106 = CARTESIAN_POINT('',(6.212314784094,4.267570826179,
    -56.45846709035));
#2107 = CARTESIAN_POINT('',(6.491945982443,4.232402677174,
    -56.40639144904));
#2108 = CARTESIAN_POINT('',(6.761137172534,4.1709111238,-56.35345757629)
  );
#2109 = CARTESIAN_POINT('',(7.102516195171,4.058661986013,
    -56.28313165829));
#2110 = CARTESIAN_POINT('',(7.188216067947,4.027287798337,
    -56.26517892108));
#2111 = CARTESIAN_POINT('',(7.272144086699,3.993394032766,
    -56.24731125936));
#2112 = CARTESIAN_POINT('',(7.354204299811,3.957116935664,
    -56.22956864142));
#2113 = CARTESIAN_POINT('',(7.434322769426,3.918592673645,
    -56.21198775399));
#2114 = CARTESIAN_POINT('',(7.512444588611,3.877953730626,-56.194601834)
  );
#2115 = CARTESIAN_POINT('',(7.843987760036,3.692202003619,
    -56.11982198202));
#2116 = CARTESIAN_POINT('',(8.076032032898,3.526915517573,-56.0648407562
    ));
#2117 = CARTESIAN_POINT('',(8.284124088313,3.34392510671,-56.01342751165
    ));
#2118 = CARTESIAN_POINT('',(8.468278785537,3.147004464249,-55.966348184)
  );
#2119 = CARTESIAN_POINT('',(8.62900005027,2.939280972832,-55.92413052546
    ));
#2120 = CARTESIAN_POINT('',(8.767057222377,2.723123456798,
    -55.88708941998));
#2121 = CARTESIAN_POINT('',(8.883141272987,2.4999988,-55.8554383383));
#2122 = PCURVE('',#750,#2123);
#2123 = DEFINITIONAL_REPRESENTATION('',(#2124),#2157);
#2124 = B_SPLINE_CURVE_WITH_KNOTS('',7,(#2125,#2126,#2127,#2128,#2129,
    #2130,#2131,#2132,#2133,#2134,#2135,#2136,#2137,#2138,#2139,#2140,
    #2141,#2142,#2143,#2144,#2145,#2146,#2147,#2148,#2149,#2150,#2151,
    #2152,#2153,#2154,#2155,#2156),.UNSPECIFIED.,.F.,.F.,(8,6,6,6,6,8),(
    0.,0.25391914689,0.38127028665,0.628923891396,0.714082670812,1.),
  .UNSPECIFIED.);
#2125 = CARTESIAN_POINT('',(2.661864432127,4.134399672271));
#2126 = CARTESIAN_POINT('',(2.592594743926,4.143415859369));
#2127 = CARTESIAN_POINT('',(2.522183851807,4.154340291206));
#2128 = CARTESIAN_POINT('',(2.450287455642,4.167454831686));
#2129 = CARTESIAN_POINT('',(2.376648538852,4.183116105592));
#2130 = CARTESIAN_POINT('',(2.301056366267,4.20175884011));
#2131 = CARTESIAN_POINT('',(2.223309953377,4.223878523409));
#2132 = CARTESIAN_POINT('',(2.10300047538,4.263091080191));
#2133 = CARTESIAN_POINT('',(2.062240543716,4.277185964496));
#2134 = CARTESIAN_POINT('',(2.020903262113,4.292333349558));
#2135 = CARTESIAN_POINT('',(1.979000993998,4.308580883506));
#2136 = CARTESIAN_POINT('',(1.9365608249,4.32596353876));
#2137 = CARTESIAN_POINT('',(1.893629588223,4.344493931956));
#2138 = CARTESIAN_POINT('',(1.765993425877,4.402368231385));
#2139 = CARTESIAN_POINT('',(1.679737049072,4.445019265511));
#2140 = CARTESIAN_POINT('',(1.592819952143,4.491650081313));
#2141 = CARTESIAN_POINT('',(1.506019184184,4.541532909644));
#2142 = CARTESIAN_POINT('',(1.419994715538,4.593608550951));
#2143 = CARTESIAN_POINT('',(1.335400934089,4.646542423701));
#2144 = CARTESIAN_POINT('',(1.224828670736,4.716868341709));
#2145 = CARTESIAN_POINT('',(1.196763524304,4.734821078914));
#2146 = CARTESIAN_POINT('',(1.168937057575,4.752688740637));
#2147 = CARTESIAN_POINT('',(1.141356235033,4.770431358576));
#2148 = CARTESIAN_POINT('',(1.114024470566,4.788012246003));
#2149 = CARTESIAN_POINT('',(1.086942124207,4.805398165998));
#2150 = CARTESIAN_POINT('',(0.970009096855,4.88017801798));
#2151 = CARTESIAN_POINT('',(0.882862673213,4.935159243794));
#2152 = CARTESIAN_POINT('',(0.79828897188,4.986572488342));
#2153 = CARTESIAN_POINT('',(0.716007576215,5.033651815994));
#2154 = CARTESIAN_POINT('',(0.635725707514,5.075869474534));
#2155 = CARTESIAN_POINT('',(0.557117650448,5.112910580014));
#2156 = CARTESIAN_POINT('',(0.479728221463,5.144561661699));
#2157 = ( GEOMETRIC_REPRESENTATION_CONTEXT(2) 
PARAMETRIC_REPRESENTATION_CONTEXT() REPRESENTATION_CONTEXT('2D SPACE',''
  ) );
#2158 = PCURVE('',#1139,#2159);
#2159 = DEFINITIONAL_REPRESENTATION('',(#2160),#2193);
#2160 = B_SPLINE_CURVE_WITH_KNOTS('',7,(#2161,#2162,#2163,#2164,#2165,
    #2166,#2167,#2168,#2169,#2170,#2171,#2172,#2173,#2174,#2175,#2176,
    #2177,#2178,#2179,#2180,#2181,#2182,#2183,#2184,#2185,#2186,#2187,
    #2188,#2189,#2190,#2191,#2192),.UNSPECIFIED.,.F.,.F.,(8,6,6,6,6,8),(
    0.,0.25391914689,0.38127028665,0.628923891396,0.714082670812,1.),
  .UNSPECIFIED.);
#2161 = CARTESIAN_POINT('',(4.868869739262,-15.0000012));
#2162 = CARTESIAN_POINT('',(4.874129222891,-14.80028690298));
#2163 = CARTESIAN_POINT('',(4.880297384938,-14.60568005077));
#2164 = CARTESIAN_POINT('',(4.887411205028,-14.41724732303));
#2165 = CARTESIAN_POINT('',(4.895511625071,-14.23671639801));
#2166 = CARTESIAN_POINT('',(4.904632652919,-14.0663872398));
#2167 = CARTESIAN_POINT('',(4.914793353301,-13.90906587668));
#2168 = CARTESIAN_POINT('',(4.931609682842,-13.69728056265));
#2169 = CARTESIAN_POINT('',(4.937484593789,-13.6306762803));
#2170 = CARTESIAN_POINT('',(4.943613393918,-13.56865490007));
#2171 = CARTESIAN_POINT('',(4.949987742697,-13.51169925034));
#2172 = CARTESIAN_POINT('',(4.956594166885,-13.46030969074));
#2173 = CARTESIAN_POINT('',(4.963412657051,-13.41497188141));
#2174 = CARTESIAN_POINT('',(4.984031286715,-13.30053877258));
#2175 = CARTESIAN_POINT('',(4.9984067413,-13.24909948106));
#2176 = CARTESIAN_POINT('',(5.01322005958,-13.22601232266));
#2177 = CARTESIAN_POINT('',(5.028156337668,-13.23242917382));
#2178 = CARTESIAN_POINT('',(5.042914217099,-13.26759732282));
#2179 = CARTESIAN_POINT('',(5.057206544885,-13.3290888762));
#2180 = CARTESIAN_POINT('',(5.075433528552,-13.44133801398));
#2181 = CARTESIAN_POINT('',(5.080018740283,-13.47271220166));
#2182 = CARTESIAN_POINT('',(5.084518441648,-13.50660596723));
#2183 = CARTESIAN_POINT('',(5.088927004547,-13.54288306433));
#2184 = CARTESIAN_POINT('',(5.093239908797,-13.58140732635));
#2185 = CARTESIAN_POINT('',(5.097453607974,-13.62204626937));
#2186 = CARTESIAN_POINT('',(5.115370563055,-13.80779799638));
#2187 = CARTESIAN_POINT('',(5.128001669014,-13.97308448242));
#2188 = CARTESIAN_POINT('',(5.139405950628,-14.15607489329));
#2189 = CARTESIAN_POINT('',(5.149558661244,-14.35299553575));
#2190 = CARTESIAN_POINT('',(5.158463664869,-14.56071902716));
#2191 = CARTESIAN_POINT('',(5.166143916995,-14.7768765432));
#2192 = CARTESIAN_POINT('',(5.172622190781,-15.0000012));
#2193 = ( GEOMETRIC_REPRESENTATION_CONTEXT(2) 
PARAMETRIC_REPRESENTATION_CONTEXT() REPRESENTATION_CONTEXT('2D SPACE',''
  ) );
#2194 = ORIENTED_EDGE('',*,*,#735,.F.);
#2195 = ADVANCED_FACE('',(#2196),#2076,.F.);
#2196 = FACE_BOUND('',#2197,.F.);
#2197 = EDGE_LOOP('',(#2198,#2199,#2226,#2252));
#2198 = ORIENTED_EDGE('',*,*,#2061,.F.);
#2199 = ORIENTED_EDGE('',*,*,#2200,.F.);
#2200 = EDGE_CURVE('',#2201,#1952,#2203,.T.);
#2201 = VERTEX_POINT('',#2202);
#2202 = CARTESIAN_POINT('',(-3.116859351332,2.5,-59.87085293229));
#2203 = SURFACE_CURVE('',#2204,(#2209,#2220),.PCURVE_S1.);
#2204 = ELLIPSE('',#2205,23.,14.);
#2205 = AXIS2_PLACEMENT_3D('',#2206,#2207,#2208);
#2206 = CARTESIAN_POINT('',(0.,2.5,-46.));
#2207 = DIRECTION('',(0.,-1.,2.22044604925E-16));
#2208 = DIRECTION('',(1.,0.,0.));
#2209 = PCURVE('',#2076,#2210);
#2210 = DEFINITIONAL_REPRESENTATION('',(#2211),#2219);
#2211 = ( BOUNDED_CURVE() B_SPLINE_CURVE(2,(#2212,#2213,#2214,#2215,
#2216,#2217,#2218),.UNSPECIFIED.,.T.,.F.) B_SPLINE_CURVE_WITH_KNOTS((1,2
    ,2,2,2,1),(-2.094395102393,0.,2.094395102393,4.188790204786,
6.28318530718,8.377580409573),.UNSPECIFIED.) CURVE() 
GEOMETRIC_REPRESENTATION_ITEM() RATIONAL_B_SPLINE_CURVE((1.,0.5,1.,0.5,
1.,0.5,1.)) REPRESENTATION_ITEM('') );
#2212 = CARTESIAN_POINT('',(-11.,35.));
#2213 = CARTESIAN_POINT('',(13.248711305964,35.));
#2214 = CARTESIAN_POINT('',(1.124355652982,0.5));
#2215 = CARTESIAN_POINT('',(-11.,-34.));
#2216 = CARTESIAN_POINT('',(-23.12435565298,0.5));
#2217 = CARTESIAN_POINT('',(-35.24871130596,35.));
#2218 = CARTESIAN_POINT('',(-11.,35.));
#2219 = ( GEOMETRIC_REPRESENTATION_CONTEXT(2) 
PARAMETRIC_REPRESENTATION_CONTEXT() REPRESENTATION_CONTEXT('2D SPACE',''
  ) );
#2220 = PCURVE('',#190,#2221);
#2221 = DEFINITIONAL_REPRESENTATION('',(#2222),#2225);
#2222 = B_SPLINE_CURVE_WITH_KNOTS('',1,(#2223,#2224),.UNSPECIFIED.,.F.,
  .F.,(2,2),(2.119684598438,6.28318530718),.PIECEWISE_BEZIER_KNOTS.);
#2223 = CARTESIAN_POINT('',(2.119684598438,-14.));
#2224 = CARTESIAN_POINT('',(6.28318530718,-14.));
#2225 = ( GEOMETRIC_REPRESENTATION_CONTEXT(2) 
PARAMETRIC_REPRESENTATION_CONTEXT() REPRESENTATION_CONTEXT('2D SPACE',''
  ) );
#2226 = ORIENTED_EDGE('',*,*,#2227,.T.);
#2227 = EDGE_CURVE('',#2201,#2228,#2230,.T.);
#2228 = VERTEX_POINT('',#2229);
#2229 = CARTESIAN_POINT('',(-3.116859351332,2.5,-56.86560027225));
#2230 = SURFACE_CURVE('',#2231,(#2235,#2241),.PCURVE_S1.);
#2231 = LINE('',#2232,#2233);
#2232 = CARTESIAN_POINT('',(-3.116859351332,2.5,-61.));
#2233 = VECTOR('',#2234,1.);
#2234 = DIRECTION('',(0.,0.,1.));
#2235 = PCURVE('',#2076,#2236);
#2236 = DEFINITIONAL_REPRESENTATION('',(#2237),#2240);
#2237 = B_SPLINE_CURVE_WITH_KNOTS('',1,(#2238,#2239),.UNSPECIFIED.,.F.,
  .F.,(2,2),(-5.999999999062E-07,31.0000006),.PIECEWISE_BEZIER_KNOTS.);
#2238 = CARTESIAN_POINT('',(-26.0000006,8.883140648668));
#2239 = CARTESIAN_POINT('',(5.0000006,8.883140648668));
#2240 = ( GEOMETRIC_REPRESENTATION_CONTEXT(2) 
PARAMETRIC_REPRESENTATION_CONTEXT() REPRESENTATION_CONTEXT('2D SPACE',''
  ) );
#2241 = PCURVE('',#2242,#2247);
#2242 = CYLINDRICAL_SURFACE('',#2243,3.25);
#2243 = AXIS2_PLACEMENT_3D('',#2244,#2245,#2246);
#2244 = CARTESIAN_POINT('',(-6.,1.,-61.));
#2245 = DIRECTION('',(0.,0.,1.));
#2246 = DIRECTION('',(1.,0.,-0.));
#2247 = DEFINITIONAL_REPRESENTATION('',(#2248),#2251);
#2248 = B_SPLINE_CURVE_WITH_KNOTS('',1,(#2249,#2250),.UNSPECIFIED.,.F.,
  .F.,(2,2),(-5.999999999062E-07,31.0000006),.PIECEWISE_BEZIER_KNOTS.);
#2249 = CARTESIAN_POINT('',(0.479728637676,-5.999999999062E-07));
#2250 = CARTESIAN_POINT('',(0.479728637676,31.0000006));
#2251 = ( GEOMETRIC_REPRESENTATION_CONTEXT(2) 
PARAMETRIC_REPRESENTATION_CONTEXT() REPRESENTATION_CONTEXT('2D SPACE',''
  ) );
#2252 = ORIENTED_EDGE('',*,*,#2253,.F.);
#2253 = EDGE_CURVE('',#2062,#2228,#2254,.T.);
#2254 = SURFACE_CURVE('',#2255,(#2440,#2628),.PCURVE_S1.);
#2255 = B_SPLINE_CURVE_WITH_KNOTS('',8,(#2256,#2257,#2258,#2259,#2260,
    #2261,#2262,#2263,#2264,#2265,#2266,#2267,#2268,#2269,#2270,#2271,
    #2272,#2273,#2274,#2275,#2276,#2277,#2278,#2279,#2280,#2281,#2282,
    #2283,#2284,#2285,#2286,#2287,#2288,#2289,#2290,#2291,#2292,#2293,
    #2294,#2295,#2296,#2297,#2298,#2299,#2300,#2301,#2302,#2303,#2304,
    #2305,#2306,#2307,#2308,#2309,#2310,#2311,#2312,#2313,#2314,#2315,
    #2316,#2317,#2318,#2319,#2320,#2321,#2322,#2323,#2324,#2325,#2326,
    #2327,#2328,#2329,#2330,#2331,#2332,#2333,#2334,#2335,#2336,#2337,
    #2338,#2339,#2340,#2341,#2342,#2343,#2344,#2345,#2346,#2347,#2348,
    #2349,#2350,#2351,#2352,#2353,#2354,#2355,#2356,#2357,#2358,#2359,
    #2360,#2361,#2362,#2363,#2364,#2365,#2366,#2367,#2368,#2369,#2370,
    #2371,#2372,#2373,#2374,#2375,#2376,#2377,#2378,#2379,#2380,#2381,
    #2382,#2383,#2384,#2385,#2386,#2387,#2388,#2389,#2390,#2391,#2392,
    #2393,#2394,#2395,#2396,#2397,#2398,#2399,#2400,#2401,#2402,#2403,
    #2404,#2405,#2406,#2407,#2408,#2409,#2410,#2411,#2412,#2413,#2414,
    #2415,#2416,#2417,#2418,#2419,#2420,#2421,#2422,#2423,#2424,#2425,
    #2426,#2427,#2428,#2429,#2430,#2431,#2432,#2433,#2434,#2435,#2436,
    #2437,#2438,#2439),.UNSPECIFIED.,.T.,.F.,(9,7,7,7,7,7,7,7,7,7,7,7,7,
    7,7,7,7,7,7,7,7,7,7,7,7,7,9),(0.,3.148497243757E-02,
    5.366380163597E-02,8.787523039711E-02,0.120594909726,0.150726047861,
    0.250010176295,0.339977649495,0.369609361737,0.402286109504,
    0.436085481069,0.464725054722,0.484589034084,0.500017854842,
    0.52046087736,0.53151250959,0.553690150102,0.587899745284,
    0.620617670985,0.650747194226,0.750026001477,0.839988652822,
    0.869618776938,0.902293773377,0.936091333447,0.964729372147,1.),
  .UNSPECIFIED.);
#2256 = CARTESIAN_POINT('',(20.,2.5,-46.));
#2257 = CARTESIAN_POINT('',(20.,2.5,-46.39075677322));
#2258 = CARTESIAN_POINT('',(19.971156373755,2.5,-46.78166627365));
#2259 = CARTESIAN_POINT('',(19.913429750198,2.5,-47.1698949127));
#2260 = CARTESIAN_POINT('',(19.82771888227,2.5,-47.55309974683));
#2261 = CARTESIAN_POINT('',(19.715544177979,2.5,-47.9293556788));
#2262 = CARTESIAN_POINT('',(19.578828762425,2.5,-48.29710485931));
#2263 = CARTESIAN_POINT('',(19.419739878214,2.5,-48.65511974777));
#2264 = CARTESIAN_POINT('',(19.114329862706,2.5,-49.24715470457));
#2265 = CARTESIAN_POINT('',(18.978070832735,2.5,-49.48666823639));
#2266 = CARTESIAN_POINT('',(18.832491808207,2.5,-49.72080067911));
#2267 = CARTESIAN_POINT('',(18.678297600701,2.5,-49.94942058565));
#2268 = CARTESIAN_POINT('',(18.516162821532,2.5,-50.17246317453));
#2269 = CARTESIAN_POINT('',(18.346716169248,2.5,-50.38991970738));
#2270 = CARTESIAN_POINT('',(18.170528550078,2.5,-50.601829338));
#2271 = CARTESIAN_POINT('',(17.706711944242,2.5,-51.12671889263));
#2272 = CARTESIAN_POINT('',(17.410560307873,2.5,-51.43207026846));
#2273 = CARTESIAN_POINT('',(17.101466147015,2.5,-51.72469460783));
#2274 = CARTESIAN_POINT('',(16.781026789226,2.5,-52.0049845286));
#2275 = CARTESIAN_POINT('',(16.450625994943,2.5,-52.27336280956));
#2276 = CARTESIAN_POINT('',(16.11143437447,2.5,-52.53028196198));
#2277 = CARTESIAN_POINT('',(15.764405091834,2.5,-52.77621878248));
#2278 = CARTESIAN_POINT('',(15.071566490986,2.5,-53.23684268291));
#2279 = CARTESIAN_POINT('',(14.726443613856,2.5,-53.45237203292));
#2280 = CARTESIAN_POINT('',(14.375587012928,2.5,-53.65865600278));
#2281 = CARTESIAN_POINT('',(14.019601748613,2.5,-53.85605491169));
#2282 = CARTESIAN_POINT('',(13.659014748443,2.5,-54.04489847362));
#2283 = CARTESIAN_POINT('',(13.294279799198,2.5,-54.22549444612));
#2284 = CARTESIAN_POINT('',(12.925779935635,2.5,-54.39813278676));
#2285 = CARTESIAN_POINT('',(12.211300687977,2.5,-54.7149880126));
#2286 = CARTESIAN_POINT('',(11.865868723235,2.5,-54.86036327196));
#2287 = CARTESIAN_POINT('',(11.517789004258,2.5,-54.99941819445));
#2288 = CARTESIAN_POINT('',(11.167294240375,2.5,-55.13234001699));
#2289 = CARTESIAN_POINT('',(10.81459320095,2.5,-55.25929863452));
#2290 = CARTESIAN_POINT('',(10.459871738759,2.5,-55.38044912031));
#2291 = CARTESIAN_POINT('',(10.103293813367,2.5,-55.4959342462));
#2292 = CARTESIAN_POINT('',(8.564408566392,2.5,-55.9681887377));
#2293 = CARTESIAN_POINT('',(7.365740660499,2.5,-56.27025793418));
#2294 = CARTESIAN_POINT('',(6.153538850853,2.5,-56.51709611575));
#2295 = CARTESIAN_POINT('',(4.931530618946,2.5,-56.71167796693));
#2296 = CARTESIAN_POINT('',(3.702864780429,2.5,-56.85619177088));
#2297 = CARTESIAN_POINT('',(2.47011524054,2.5,-56.9520384608));
#2298 = CARTESIAN_POINT('',(1.235329141376,2.5,-57.));
#2299 = CARTESIAN_POINT('',(-1.119407937316,2.5,-57.));
#2300 = CARTESIAN_POINT('',(-2.23851298292,2.5,-56.96061755239));
#2301 = CARTESIAN_POINT('',(-3.356082143544,2.5,-56.88189085126));
#2302 = CARTESIAN_POINT('',(-4.470561222843,2.5,-56.76330725149));
#2303 = CARTESIAN_POINT('',(-5.580084894033,2.5,-56.60392061759));
#2304 = CARTESIAN_POINT('',(-6.682457480613,2.5,-56.40227791971));
#2305 = CARTESIAN_POINT('',(-7.775142590433,2.5,-56.15637252558));
#2306 = CARTESIAN_POINT('',(-9.210880980043,2.5,-55.76644307785));
#2307 = CARTESIAN_POINT('',(-9.565190793338,2.5,-55.66470029436));
#2308 = CARTESIAN_POINT('',(-9.917976415445,2.5,-55.55771457552));
#2309 = CARTESIAN_POINT('',(-10.26910482649,2.5,-55.4453688256));
#2310 = CARTESIAN_POINT('',(-10.61842694881,2.5,-55.32753543547));
#2311 = CARTESIAN_POINT('',(-10.96577696376,2.5,-55.20407438628));
#2312 = CARTESIAN_POINT('',(-11.31097162862,2.5,-55.07483135313));
#2313 = CARTESIAN_POINT('',(-12.03187852192,2.5,-54.79054720171));
#2314 = CARTESIAN_POINT('',(-12.40706178514,2.5,-54.63422722762));
#2315 = CARTESIAN_POINT('',(-12.77910238221,2.5,-54.47044287487));
#2316 = CARTESIAN_POINT('',(-13.14768989844,2.5,-54.29894306317));
#2317 = CARTESIAN_POINT('',(-13.51246036656,2.5,-54.1194583335));
#2318 = CARTESIAN_POINT('',(-13.87299430448,2.5,-53.93169697777));
#2319 = CARTESIAN_POINT('',(-14.22881292943,2.5,-53.73533760801));
#2320 = CARTESIAN_POINT('',(-14.9419757947,2.5,-53.31764488418));
#2321 = CARTESIAN_POINT('',(-15.29888849598,2.5,-53.09572241885));
#2322 = CARTESIAN_POINT('',(-15.64955359921,2.5,-52.86383238161));
#2323 = CARTESIAN_POINT('',(-15.99325283508,2.5,-52.62154937543));
#2324 = CARTESIAN_POINT('',(-16.32911099754,2.5,-52.36844659227));
#2325 = CARTESIAN_POINT('',(-16.65609470694,2.5,-52.1040945299));
#2326 = CARTESIAN_POINT('',(-16.97300565674,2.5,-51.82805282721));
#2327 = CARTESIAN_POINT('',(-17.53729922503,2.5,-51.29565373514));
#2328 = CARTESIAN_POINT('',(-17.78784723791,2.5,-51.04278416868));
#2329 = CARTESIAN_POINT('',(-18.02928808775,2.5,-50.78096260048));
#2330 = CARTESIAN_POINT('',(-18.26061896207,2.5,-50.50997497193));
#2331 = CARTESIAN_POINT('',(-18.48067295966,2.5,-50.22968931028));
#2332 = CARTESIAN_POINT('',(-18.68814210786,2.5,-49.94007422378));
#2333 = CARTESIAN_POINT('',(-18.88160896822,2.5,-49.64122366551));
#2334 = CARTESIAN_POINT('',(-19.18302961,2.5,-49.11987773508));
#2335 = CARTESIAN_POINT('',(-19.29901019177,2.5,-48.90206465245));
#2336 = CARTESIAN_POINT('',(-19.40701552314,2.5,-48.68006742271));
#2337 = CARTESIAN_POINT('',(-19.50651669619,2.5,-48.45405989588));
#2338 = CARTESIAN_POINT('',(-19.59698222604,2.5,-48.22427654775));
#2339 = CARTESIAN_POINT('',(-19.67789626541,2.5,-47.99101983134));
#2340 = CARTESIAN_POINT('',(-19.74878175565,2.5,-47.75466939933));
#2341 = CARTESIAN_POINT('',(-19.85617893519,2.5,-47.3300747514));
#2342 = CARTESIAN_POINT('',(-19.89683444648,2.5,-47.1428609326));
#2343 = CARTESIAN_POINT('',(-19.93099916136,2.5,-46.95428212127));
#2344 = CARTESIAN_POINT('',(-19.95850798866,2.5,-46.76458294469));
#2345 = CARTESIAN_POINT('',(-19.97923091045,2.5,-46.57402274543));
#2346 = CARTESIAN_POINT('',(-19.99307726005,2.5,-46.38287604965));
#2347 = CARTESIAN_POINT('',(-20.,2.5,-46.19143303522));
#2348 = CARTESIAN_POINT('',(-20.,2.5,-45.74635327541));
#2349 = CARTESIAN_POINT('',(-19.9878466477,2.5,-45.49267275113));
#2350 = CARTESIAN_POINT('',(-19.96353440046,2.5,-45.23969240397));
#2351 = CARTESIAN_POINT('',(-19.92721297379,2.5,-44.98808258348));
#2352 = CARTESIAN_POINT('',(-19.87916127118,2.5,-44.73845398003));
#2353 = CARTESIAN_POINT('',(-19.81976489292,2.5,-44.49136108514));
#2354 = CARTESIAN_POINT('',(-19.74949722382,2.5,-44.24730514399));
#2355 = CARTESIAN_POINT('',(-19.62533492783,2.5,-43.87668366537));
#2356 = CARTESIAN_POINT('',(-19.57874380565,2.5,-43.747637314));
#2357 = CARTESIAN_POINT('',(-19.52921331735,2.5,-43.6196608944));
#2358 = CARTESIAN_POINT('',(-19.47682969842,2.5,-43.49281000868));
#2359 = CARTESIAN_POINT('',(-19.42168171091,2.5,-43.36713297661));
#2360 = CARTESIAN_POINT('',(-19.36385951844,2.5,-43.24267129965));
#2361 = CARTESIAN_POINT('',(-19.30345356136,2.5,-43.11946012493));
#2362 = CARTESIAN_POINT('',(-19.1143298627,2.5,-42.75284529542));
#2363 = CARTESIAN_POINT('',(-18.97807083273,2.5,-42.51333176361));
#2364 = CARTESIAN_POINT('',(-18.8324918082,2.5,-42.27919932088));
#2365 = CARTESIAN_POINT('',(-18.6782976007,2.5,-42.05057941434));
#2366 = CARTESIAN_POINT('',(-18.51616282153,2.5,-41.82753682546));
#2367 = CARTESIAN_POINT('',(-18.34671616924,2.5,-41.61008029261));
#2368 = CARTESIAN_POINT('',(-18.17052855007,2.5,-41.39817066199));
#2369 = CARTESIAN_POINT('',(-17.70671194424,2.5,-40.87328110736));
#2370 = CARTESIAN_POINT('',(-17.41056030787,2.5,-40.56792973154));
#2371 = CARTESIAN_POINT('',(-17.10146614701,2.5,-40.27530539216));
#2372 = CARTESIAN_POINT('',(-16.78102678922,2.5,-39.99501547139));
#2373 = CARTESIAN_POINT('',(-16.45062599494,2.5,-39.72663719043));
#2374 = CARTESIAN_POINT('',(-16.11143437447,2.5,-39.46971803801));
#2375 = CARTESIAN_POINT('',(-15.76440509183,2.5,-39.22378121751));
#2376 = CARTESIAN_POINT('',(-15.07156649098,2.5,-38.76315731708));
#2377 = CARTESIAN_POINT('',(-14.72644361385,2.5,-38.54762796707));
#2378 = CARTESIAN_POINT('',(-14.37558701293,2.5,-38.34134399721));
#2379 = CARTESIAN_POINT('',(-14.01960174861,2.5,-38.1439450883));
#2380 = CARTESIAN_POINT('',(-13.65901474844,2.5,-37.95510152637));
#2381 = CARTESIAN_POINT('',(-13.29427979919,2.5,-37.77450555387));
#2382 = CARTESIAN_POINT('',(-12.92577993563,2.5,-37.60186721323));
#2383 = CARTESIAN_POINT('',(-12.21130068797,2.5,-37.28501198739));
#2384 = CARTESIAN_POINT('',(-11.86586872323,2.5,-37.13963672803));
#2385 = CARTESIAN_POINT('',(-11.51778900425,2.5,-37.00058180554));
#2386 = CARTESIAN_POINT('',(-11.16729424037,2.5,-36.867659983));
#2387 = CARTESIAN_POINT('',(-10.81459320095,2.5,-36.74070136547));
#2388 = CARTESIAN_POINT('',(-10.45987173876,2.5,-36.61955087968));
#2389 = CARTESIAN_POINT('',(-10.10329381336,2.5,-36.50406575379));
#2390 = CARTESIAN_POINT('',(-8.564408566393,2.5,-36.03181126229));
#2391 = CARTESIAN_POINT('',(-7.365740660508,2.5,-35.72974206581));
#2392 = CARTESIAN_POINT('',(-6.153538850828,2.5,-35.48290388423));
#2393 = CARTESIAN_POINT('',(-4.931530618987,2.5,-35.28832203308));
#2394 = CARTESIAN_POINT('',(-3.702864780397,2.5,-35.1438082291));
#2395 = CARTESIAN_POINT('',(-2.470115240555,2.5,-35.04796153919));
#2396 = CARTESIAN_POINT('',(-1.235329141374,2.5,-35.));
#2397 = CARTESIAN_POINT('',(1.119407937305,2.5,-35.));
#2398 = CARTESIAN_POINT('',(2.238512982959,2.5,-35.0393824476));
#2399 = CARTESIAN_POINT('',(3.356082143473,2.5,-35.11810914873));
#2400 = CARTESIAN_POINT('',(4.470561222919,2.5,-35.2366927485));
#2401 = CARTESIAN_POINT('',(5.580084893983,2.5,-35.39607938239));
#2402 = CARTESIAN_POINT('',(6.682457480632,2.5,-35.59772208029));
#2403 = CARTESIAN_POINT('',(7.77514259043,2.5,-35.84362747441));
#2404 = CARTESIAN_POINT('',(9.210880980043,2.5,-36.23355692214));
#2405 = CARTESIAN_POINT('',(9.565190793339,2.5,-36.33529970563));
#2406 = CARTESIAN_POINT('',(9.917976415445,2.5,-36.44228542447));
#2407 = CARTESIAN_POINT('',(10.269104826495,2.5,-36.55463117439));
#2408 = CARTESIAN_POINT('',(10.618426948813,2.5,-36.67246456452));
#2409 = CARTESIAN_POINT('',(10.965776963768,2.5,-36.79592561371));
#2410 = CARTESIAN_POINT('',(11.310971628621,2.5,-36.92516864686));
#2411 = CARTESIAN_POINT('',(12.031878521926,2.5,-37.20945279828));
#2412 = CARTESIAN_POINT('',(12.407061785141,2.5,-37.36577277237));
#2413 = CARTESIAN_POINT('',(12.779102382214,2.5,-37.52955712512));
#2414 = CARTESIAN_POINT('',(13.14768989844,2.5,-37.70105693682));
#2415 = CARTESIAN_POINT('',(13.512460366561,2.5,-37.88054166649));
#2416 = CARTESIAN_POINT('',(13.872994304489,2.5,-38.06830302222));
#2417 = CARTESIAN_POINT('',(14.228812929438,2.5,-38.26466239198));
#2418 = CARTESIAN_POINT('',(14.941975794706,2.5,-38.68235511581));
#2419 = CARTESIAN_POINT('',(15.298888495986,2.5,-38.90427758114));
#2420 = CARTESIAN_POINT('',(15.649553599215,2.5,-39.13616761838));
#2421 = CARTESIAN_POINT('',(15.993252835083,2.5,-39.37845062456));
#2422 = CARTESIAN_POINT('',(16.329110997545,2.5,-39.63155340772));
#2423 = CARTESIAN_POINT('',(16.656094706947,2.5,-39.89590547009));
#2424 = CARTESIAN_POINT('',(16.973005656749,2.5,-40.17194717278));
#2425 = CARTESIAN_POINT('',(17.537299225036,2.5,-40.70434626486));
#2426 = CARTESIAN_POINT('',(17.787847237917,2.5,-40.95721583131));
#2427 = CARTESIAN_POINT('',(18.029288087756,2.5,-41.21903739951));
#2428 = CARTESIAN_POINT('',(18.260618962074,2.5,-41.49002502806));
#2429 = CARTESIAN_POINT('',(18.48067295966,2.5,-41.77031068972));
#2430 = CARTESIAN_POINT('',(18.688142107867,2.5,-42.05992577621));
#2431 = CARTESIAN_POINT('',(18.881608968224,2.5,-42.35877633448));
#2432 = CARTESIAN_POINT('',(19.278784485835,2.5,-43.04574269003));
#2433 = CARTESIAN_POINT('',(19.474687113518,2.5,-43.43884645335));
#2434 = CARTESIAN_POINT('',(19.644118197156,2.5,-43.84493122393));
#2435 = CARTESIAN_POINT('',(19.783938913904,2.5,-44.2625528104));
#2436 = CARTESIAN_POINT('',(19.89127518056,2.5,-44.68975622952));
#2437 = CARTESIAN_POINT('',(19.96377696631,2.5,-45.12400857845));
#2438 = CARTESIAN_POINT('',(20.,2.5,-45.56210134235));
#2439 = CARTESIAN_POINT('',(20.,2.5,-46.));
#2440 = PCURVE('',#2076,#2441);
#2441 = DEFINITIONAL_REPRESENTATION('',(#2442),#2627);
#2442 = B_SPLINE_CURVE_WITH_KNOTS('',8,(#2443,#2444,#2445,#2446,#2447,
    #2448,#2449,#2450,#2451,#2452,#2453,#2454,#2455,#2456,#2457,#2458,
    #2459,#2460,#2461,#2462,#2463,#2464,#2465,#2466,#2467,#2468,#2469,
    #2470,#2471,#2472,#2473,#2474,#2475,#2476,#2477,#2478,#2479,#2480,
    #2481,#2482,#2483,#2484,#2485,#2486,#2487,#2488,#2489,#2490,#2491,
    #2492,#2493,#2494,#2495,#2496,#2497,#2498,#2499,#2500,#2501,#2502,
    #2503,#2504,#2505,#2506,#2507,#2508,#2509,#2510,#2511,#2512,#2513,
    #2514,#2515,#2516,#2517,#2518,#2519,#2520,#2521,#2522,#2523,#2524,
    #2525,#2526,#2527,#2528,#2529,#2530,#2531,#2532,#2533,#2534,#2535,
    #2536,#2537,#2538,#2539,#2540,#2541,#2542,#2543,#2544,#2545,#2546,
    #2547,#2548,#2549,#2550,#2551,#2552,#2553,#2554,#2555,#2556,#2557,
    #2558,#2559,#2560,#2561,#2562,#2563,#2564,#2565,#2566,#2567,#2568,
    #2569,#2570,#2571,#2572,#2573,#2574,#2575,#2576,#2577,#2578,#2579,
    #2580,#2581,#2582,#2583,#2584,#2585,#2586,#2587,#2588,#2589,#2590,
    #2591,#2592,#2593,#2594,#2595,#2596,#2597,#2598,#2599,#2600,#2601,
    #2602,#2603,#2604,#2605,#2606,#2607,#2608,#2609,#2610,#2611,#2612,
    #2613,#2614,#2615,#2616,#2617,#2618,#2619,#2620,#2621,#2622,#2623,
    #2624,#2625,#2626),.UNSPECIFIED.,.T.,.F.,(9,7,7,7,7,7,7,7,7,7,7,7,7,
    7,7,7,7,7,7,7,7,7,7,7,7,7,9),(0.,3.148497243757E-02,
    5.366380163597E-02,8.787523039711E-02,0.120594909726,0.150726047861,
    0.250010176295,0.339977649495,0.369609361737,0.402286109504,
    0.436085481069,0.464725054722,0.484589034084,0.500017854842,
    0.52046087736,0.53151250959,0.553690150102,0.587899745284,
    0.620617670985,0.650747194226,0.750026001477,0.839988652822,
    0.869618776938,0.902293773377,0.936091333447,0.964729372147,1.),
  .UNSPECIFIED.);
#2443 = CARTESIAN_POINT('',(-11.,32.));
#2444 = CARTESIAN_POINT('',(-11.39075677322,32.));
#2445 = CARTESIAN_POINT('',(-11.78166627365,31.971156373755));
#2446 = CARTESIAN_POINT('',(-12.1698949127,31.913429750198));
#2447 = CARTESIAN_POINT('',(-12.55309974683,31.82771888227));
#2448 = CARTESIAN_POINT('',(-12.9293556788,31.715544177979));
#2449 = CARTESIAN_POINT('',(-13.29710485931,31.578828762425));
#2450 = CARTESIAN_POINT('',(-13.65511974777,31.419739878214));
#2451 = CARTESIAN_POINT('',(-14.24715470457,31.114329862706));
#2452 = CARTESIAN_POINT('',(-14.48666823639,30.978070832735));
#2453 = CARTESIAN_POINT('',(-14.72080067911,30.832491808207));
#2454 = CARTESIAN_POINT('',(-14.94942058565,30.678297600701));
#2455 = CARTESIAN_POINT('',(-15.17246317453,30.516162821532));
#2456 = CARTESIAN_POINT('',(-15.38991970738,30.346716169248));
#2457 = CARTESIAN_POINT('',(-15.601829338,30.170528550078));
#2458 = CARTESIAN_POINT('',(-16.12671889263,29.706711944242));
#2459 = CARTESIAN_POINT('',(-16.43207026846,29.410560307873));
#2460 = CARTESIAN_POINT('',(-16.72469460783,29.101466147015));
#2461 = CARTESIAN_POINT('',(-17.0049845286,28.781026789226));
#2462 = CARTESIAN_POINT('',(-17.27336280956,28.450625994943));
#2463 = CARTESIAN_POINT('',(-17.53028196198,28.11143437447));
#2464 = CARTESIAN_POINT('',(-17.77621878248,27.764405091834));
#2465 = CARTESIAN_POINT('',(-18.23684268291,27.071566490986));
#2466 = CARTESIAN_POINT('',(-18.45237203292,26.726443613856));
#2467 = CARTESIAN_POINT('',(-18.65865600278,26.375587012928));
#2468 = CARTESIAN_POINT('',(-18.85605491169,26.019601748613));
#2469 = CARTESIAN_POINT('',(-19.04489847362,25.659014748443));
#2470 = CARTESIAN_POINT('',(-19.22549444612,25.294279799198));
#2471 = CARTESIAN_POINT('',(-19.39813278676,24.925779935635));
#2472 = CARTESIAN_POINT('',(-19.7149880126,24.211300687977));
#2473 = CARTESIAN_POINT('',(-19.86036327196,23.865868723235));
#2474 = CARTESIAN_POINT('',(-19.99941819445,23.517789004258));
#2475 = CARTESIAN_POINT('',(-20.13234001699,23.167294240375));
#2476 = CARTESIAN_POINT('',(-20.25929863452,22.81459320095));
#2477 = CARTESIAN_POINT('',(-20.38044912031,22.459871738759));
#2478 = CARTESIAN_POINT('',(-20.4959342462,22.103293813367));
#2479 = CARTESIAN_POINT('',(-20.9681887377,20.564408566392));
#2480 = CARTESIAN_POINT('',(-21.27025793418,19.365740660499));
#2481 = CARTESIAN_POINT('',(-21.51709611575,18.153538850853));
#2482 = CARTESIAN_POINT('',(-21.71167796693,16.931530618946));
#2483 = CARTESIAN_POINT('',(-21.85619177088,15.702864780429));
#2484 = CARTESIAN_POINT('',(-21.9520384608,14.47011524054));
#2485 = CARTESIAN_POINT('',(-22.,13.235329141376));
#2486 = CARTESIAN_POINT('',(-22.,10.880592062684));
#2487 = CARTESIAN_POINT('',(-21.96061755239,9.76148701708));
#2488 = CARTESIAN_POINT('',(-21.88189085126,8.643917856456));
#2489 = CARTESIAN_POINT('',(-21.76330725149,7.529438777157));
#2490 = CARTESIAN_POINT('',(-21.60392061759,6.419915105967));
#2491 = CARTESIAN_POINT('',(-21.40227791971,5.317542519387));
#2492 = CARTESIAN_POINT('',(-21.15637252558,4.224857409567));
#2493 = CARTESIAN_POINT('',(-20.76644307785,2.789119019957));
#2494 = CARTESIAN_POINT('',(-20.66470029436,2.434809206662));
#2495 = CARTESIAN_POINT('',(-20.55771457552,2.082023584555));
#2496 = CARTESIAN_POINT('',(-20.4453688256,1.730895173505));
#2497 = CARTESIAN_POINT('',(-20.32753543547,1.381573051187));
#2498 = CARTESIAN_POINT('',(-20.20407438628,1.034223036232));
#2499 = CARTESIAN_POINT('',(-20.07483135313,0.68902837138));
#2500 = CARTESIAN_POINT('',(-19.79054720171,-3.187852192571E-02));
#2501 = CARTESIAN_POINT('',(-19.63422722762,-0.40706178514));
#2502 = CARTESIAN_POINT('',(-19.47044287487,-0.779102382213));
#2503 = CARTESIAN_POINT('',(-19.29894306317,-1.14768989844));
#2504 = CARTESIAN_POINT('',(-19.1194583335,-1.512460366561));
#2505 = CARTESIAN_POINT('',(-18.93169697777,-1.872994304489));
#2506 = CARTESIAN_POINT('',(-18.73533760801,-2.228812929437));
#2507 = CARTESIAN_POINT('',(-18.31764488418,-2.941975794705));
#2508 = CARTESIAN_POINT('',(-18.09572241885,-3.298888495986));
#2509 = CARTESIAN_POINT('',(-17.86383238161,-3.649553599215));
#2510 = CARTESIAN_POINT('',(-17.62154937543,-3.993252835082));
#2511 = CARTESIAN_POINT('',(-17.36844659227,-4.329110997545));
#2512 = CARTESIAN_POINT('',(-17.1040945299,-4.656094706947));
#2513 = CARTESIAN_POINT('',(-16.82805282721,-4.973005656748));
#2514 = CARTESIAN_POINT('',(-16.29565373514,-5.537299225036));
#2515 = CARTESIAN_POINT('',(-16.04278416868,-5.787847237916));
#2516 = CARTESIAN_POINT('',(-15.78096260048,-6.029288087755));
#2517 = CARTESIAN_POINT('',(-15.50997497193,-6.260618962074));
#2518 = CARTESIAN_POINT('',(-15.22968931028,-6.48067295966));
#2519 = CARTESIAN_POINT('',(-14.94007422378,-6.688142107866));
#2520 = CARTESIAN_POINT('',(-14.64122366551,-6.881608968224));
#2521 = CARTESIAN_POINT('',(-14.11987773508,-7.183029610006));
#2522 = CARTESIAN_POINT('',(-13.90206465245,-7.299010191778));
#2523 = CARTESIAN_POINT('',(-13.68006742271,-7.40701552314));
#2524 = CARTESIAN_POINT('',(-13.45405989588,-7.506516696197));
#2525 = CARTESIAN_POINT('',(-13.22427654775,-7.596982226043));
#2526 = CARTESIAN_POINT('',(-12.99101983134,-7.677896265416));
#2527 = CARTESIAN_POINT('',(-12.75466939933,-7.748781755651));
#2528 = CARTESIAN_POINT('',(-12.3300747514,-7.856178935192));
#2529 = CARTESIAN_POINT('',(-12.1428609326,-7.896834446485));
#2530 = CARTESIAN_POINT('',(-11.95428212127,-7.930999161365));
#2531 = CARTESIAN_POINT('',(-11.76458294469,-7.958507988662));
#2532 = CARTESIAN_POINT('',(-11.57402274543,-7.979230910455));
#2533 = CARTESIAN_POINT('',(-11.38287604965,-7.993077260059));
#2534 = CARTESIAN_POINT('',(-11.19143303522,-8.));
#2535 = CARTESIAN_POINT('',(-10.74635327541,-8.));
#2536 = CARTESIAN_POINT('',(-10.49267275113,-7.9878466477));
#2537 = CARTESIAN_POINT('',(-10.23969240397,-7.963534400466));
#2538 = CARTESIAN_POINT('',(-9.988082583481,-7.927212973798));
#2539 = CARTESIAN_POINT('',(-9.73845398003,-7.879161271188));
#2540 = CARTESIAN_POINT('',(-9.491361085145,-7.819764892924));
#2541 = CARTESIAN_POINT('',(-9.247305143992,-7.749497223825));
#2542 = CARTESIAN_POINT('',(-8.876683665375,-7.625334927833));
#2543 = CARTESIAN_POINT('',(-8.747637314001,-7.57874380565));
#2544 = CARTESIAN_POINT('',(-8.619660894404,-7.529213317353));
#2545 = CARTESIAN_POINT('',(-8.492810008684,-7.476829698427));
#2546 = CARTESIAN_POINT('',(-8.367132976614,-7.42168171091));
#2547 = CARTESIAN_POINT('',(-8.242671299652,-7.363859518449));
#2548 = CARTESIAN_POINT('',(-8.119460124939,-7.303453561368));
#2549 = CARTESIAN_POINT('',(-7.752845295424,-7.114329862707));
#2550 = CARTESIAN_POINT('',(-7.51333176361,-6.978070832735));
#2551 = CARTESIAN_POINT('',(-7.279199320882,-6.832491808208));
#2552 = CARTESIAN_POINT('',(-7.050579414348,-6.678297600702));
#2553 = CARTESIAN_POINT('',(-6.827536825467,-6.516162821533));
#2554 = CARTESIAN_POINT('',(-6.610080292618,-6.346716169248));
#2555 = CARTESIAN_POINT('',(-6.398170661999,-6.170528550079));
#2556 = CARTESIAN_POINT('',(-5.873281107369,-5.706711944243));
#2557 = CARTESIAN_POINT('',(-5.56792973154,-5.410560307874));
#2558 = CARTESIAN_POINT('',(-5.275305392168,-5.101466147016));
#2559 = CARTESIAN_POINT('',(-4.995015471394,-4.781026789227));
#2560 = CARTESIAN_POINT('',(-4.726637190432,-4.450625994944));
#2561 = CARTESIAN_POINT('',(-4.469718038013,-4.111434374472));
#2562 = CARTESIAN_POINT('',(-4.223781217514,-3.764405091835));
#2563 = CARTESIAN_POINT('',(-3.763157317089,-3.071566490988));
#2564 = CARTESIAN_POINT('',(-3.547627967077,-2.726443613856));
#2565 = CARTESIAN_POINT('',(-3.341343997216,-2.37558701293));
#2566 = CARTESIAN_POINT('',(-3.143945088309,-2.019601748615));
#2567 = CARTESIAN_POINT('',(-2.955101526376,-1.659014748444));
#2568 = CARTESIAN_POINT('',(-2.774505553872,-1.294279799199));
#2569 = CARTESIAN_POINT('',(-2.601867213235,-0.925779935637));
#2570 = CARTESIAN_POINT('',(-2.285011987399,-0.211300687978));
#2571 = CARTESIAN_POINT('',(-2.139636728037,0.134131276764));
#2572 = CARTESIAN_POINT('',(-2.000581805541,0.482210995741));
#2573 = CARTESIAN_POINT('',(-1.867659983004,0.832705759624));
#2574 = CARTESIAN_POINT('',(-1.740701365473,1.185406799049));
#2575 = CARTESIAN_POINT('',(-1.619550879685,1.54012826124));
#2576 = CARTESIAN_POINT('',(-1.504065753791,1.896706186632));
#2577 = CARTESIAN_POINT('',(-1.031811262298,3.435591433607));
#2578 = CARTESIAN_POINT('',(-0.729742065816,4.634259339492));
#2579 = CARTESIAN_POINT('',(-0.482903884231,5.846461149172));
#2580 = CARTESIAN_POINT('',(-0.288322033087,7.068469381013));
#2581 = CARTESIAN_POINT('',(-0.143808229101,8.297135219603));
#2582 = CARTESIAN_POINT('',(-4.796153919851E-02,9.529884759445));
#2583 = CARTESIAN_POINT('',(-8.171241461241E-14,10.764670858626));
#2584 = CARTESIAN_POINT('',(7.460698725481E-14,13.119407937305));
#2585 = CARTESIAN_POINT('',(-3.93824476019E-02,14.238512982959));
#2586 = CARTESIAN_POINT('',(-0.118109148731,15.356082143473));
#2587 = CARTESIAN_POINT('',(-0.236692748507,16.470561222919));
#2588 = CARTESIAN_POINT('',(-0.396079382395,17.580084893983));
#2589 = CARTESIAN_POINT('',(-0.597722080291,18.682457480632));
#2590 = CARTESIAN_POINT('',(-0.84362747441,19.77514259043));
#2591 = CARTESIAN_POINT('',(-1.233556922146,21.210880980043));
#2592 = CARTESIAN_POINT('',(-1.335299705633,21.565190793339));
#2593 = CARTESIAN_POINT('',(-1.442285424475,21.917976415445));
#2594 = CARTESIAN_POINT('',(-1.554631174399,22.269104826495));
#2595 = CARTESIAN_POINT('',(-1.672464564529,22.618426948813));
#2596 = CARTESIAN_POINT('',(-1.795925613717,22.965776963768));
#2597 = CARTESIAN_POINT('',(-1.925168646861,23.310971628621));
#2598 = CARTESIAN_POINT('',(-2.209452798282,24.031878521926));
#2599 = CARTESIAN_POINT('',(-2.365772772379,24.407061785141));
#2600 = CARTESIAN_POINT('',(-2.529557125123,24.779102382214));
#2601 = CARTESIAN_POINT('',(-2.701056936824,25.14768989844));
#2602 = CARTESIAN_POINT('',(-2.880541666493,25.512460366561));
#2603 = CARTESIAN_POINT('',(-3.068303022227,25.872994304489));
#2604 = CARTESIAN_POINT('',(-3.264662391989,26.228812929438));
#2605 = CARTESIAN_POINT('',(-3.682355115814,26.941975794706));
#2606 = CARTESIAN_POINT('',(-3.904277581143,27.298888495986));
#2607 = CARTESIAN_POINT('',(-4.136167618385,27.649553599215));
#2608 = CARTESIAN_POINT('',(-4.378450624564,27.993252835083));
#2609 = CARTESIAN_POINT('',(-4.631553407727,28.329110997545));
#2610 = CARTESIAN_POINT('',(-4.895905470099,28.656094706947));
#2611 = CARTESIAN_POINT('',(-5.171947172787,28.973005656749));
#2612 = CARTESIAN_POINT('',(-5.70434626486,29.537299225036));
#2613 = CARTESIAN_POINT('',(-5.957215831317,29.787847237917));
#2614 = CARTESIAN_POINT('',(-6.219037399514,30.029288087756));
#2615 = CARTESIAN_POINT('',(-6.490025028069,30.260618962074));
#2616 = CARTESIAN_POINT('',(-6.77031068972,30.48067295966));
#2617 = CARTESIAN_POINT('',(-7.059925776218,30.688142107867));
#2618 = CARTESIAN_POINT('',(-7.358776334487,30.881608968224));
#2619 = CARTESIAN_POINT('',(-8.045742690033,31.278784485835));
#2620 = CARTESIAN_POINT('',(-8.43884645335,31.474687113518));
#2621 = CARTESIAN_POINT('',(-8.844931223933,31.644118197156));
#2622 = CARTESIAN_POINT('',(-9.262552810404,31.783938913904));
#2623 = CARTESIAN_POINT('',(-9.689756229529,31.89127518056));
#2624 = CARTESIAN_POINT('',(-10.12400857845,31.96377696631));
#2625 = CARTESIAN_POINT('',(-10.56210134235,32.));
#2626 = CARTESIAN_POINT('',(-11.,32.));
#2627 = ( GEOMETRIC_REPRESENTATION_CONTEXT(2) 
PARAMETRIC_REPRESENTATION_CONTEXT() REPRESENTATION_CONTEXT('2D SPACE',''
  ) );
#2628 = PCURVE('',#1139,#2629);
#2629 = DEFINITIONAL_REPRESENTATION('',(#2630),#2815);
#2630 = B_SPLINE_CURVE_WITH_KNOTS('',8,(#2631,#2632,#2633,#2634,#2635,
    #2636,#2637,#2638,#2639,#2640,#2641,#2642,#2643,#2644,#2645,#2646,
    #2647,#2648,#2649,#2650,#2651,#2652,#2653,#2654,#2655,#2656,#2657,
    #2658,#2659,#2660,#2661,#2662,#2663,#2664,#2665,#2666,#2667,#2668,
    #2669,#2670,#2671,#2672,#2673,#2674,#2675,#2676,#2677,#2678,#2679,
    #2680,#2681,#2682,#2683,#2684,#2685,#2686,#2687,#2688,#2689,#2690,
    #2691,#2692,#2693,#2694,#2695,#2696,#2697,#2698,#2699,#2700,#2701,
    #2702,#2703,#2704,#2705,#2706,#2707,#2708,#2709,#2710,#2711,#2712,
    #2713,#2714,#2715,#2716,#2717,#2718,#2719,#2720,#2721,#2722,#2723,
    #2724,#2725,#2726,#2727,#2728,#2729,#2730,#2731,#2732,#2733,#2734,
    #2735,#2736,#2737,#2738,#2739,#2740,#2741,#2742,#2743,#2744,#2745,
    #2746,#2747,#2748,#2749,#2750,#2751,#2752,#2753,#2754,#2755,#2756,
    #2757,#2758,#2759,#2760,#2761,#2762,#2763,#2764,#2765,#2766,#2767,
    #2768,#2769,#2770,#2771,#2772,#2773,#2774,#2775,#2776,#2777,#2778,
    #2779,#2780,#2781,#2782,#2783,#2784,#2785,#2786,#2787,#2788,#2789,
    #2790,#2791,#2792,#2793,#2794,#2795,#2796,#2797,#2798,#2799,#2800,
    #2801,#2802,#2803,#2804,#2805,#2806,#2807,#2808,#2809,#2810,#2811,
    #2812,#2813,#2814),.UNSPECIFIED.,.F.,.F.,(9,7,7,7,7,7,7,7,7,7,7,7,7,
    7,7,7,7,7,7,7,7,7,7,7,7,7,9),(0.,3.148497243757E-02,
    5.366380163597E-02,8.787523039711E-02,0.120594909726,0.150726047861,
    0.250010176295,0.339977649495,0.369609361737,0.402286109504,
    0.436085481069,0.464725054722,0.484589034084,0.500017854842,
    0.52046087736,0.53151250959,0.553690150102,0.587899745284,
    0.620617670985,0.650747194226,0.750026001477,0.839988652822,
    0.869618776938,0.902293773377,0.936091333447,0.964729372147,1.),
  .UNSPECIFIED.);
#2631 = CARTESIAN_POINT('',(6.28318530718,-15.));
#2632 = CARTESIAN_POINT('',(6.247661964159,-15.));
#2633 = CARTESIAN_POINT('',(6.212124738936,-15.));
#2634 = CARTESIAN_POINT('',(6.176762909683,-15.));
#2635 = CARTESIAN_POINT('',(6.141720972153,-15.));
#2636 = CARTESIAN_POINT('',(6.107113053391,-15.));
#2637 = CARTESIAN_POINT('',(6.07303107674,-15.));
#2638 = CARTESIAN_POINT('',(6.039548963129,-15.));
#2639 = CARTESIAN_POINT('',(5.983603213023,-15.));
#2640 = CARTESIAN_POINT('',(5.960796457744,-15.));
#2641 = CARTESIAN_POINT('',(5.938314274785,-15.));
#2642 = CARTESIAN_POINT('',(5.916161121893,-15.));
#2643 = CARTESIAN_POINT('',(5.894337396186,-15.));
#2644 = CARTESIAN_POINT('',(5.872840012762,-15.));
#2645 = CARTESIAN_POINT('',(5.851662693361,-15.));
#2646 = CARTESIAN_POINT('',(5.798608486533,-15.));
#2647 = CARTESIAN_POINT('',(5.767169066623,-15.));
#2648 = CARTESIAN_POINT('',(5.736436607243,-15.));
#2649 = CARTESIAN_POINT('',(5.706372952056,-15.));
#2650 = CARTESIAN_POINT('',(5.676940656029,-15.));
#2651 = CARTESIAN_POINT('',(5.648101241446,-15.));
#2652 = CARTESIAN_POINT('',(5.61981394034,-15.));
#2653 = CARTESIAN_POINT('',(5.56546717806,-15.));
#2654 = CARTESIAN_POINT('',(5.539370582255,-15.));
#2655 = CARTESIAN_POINT('',(5.513710297057,-15.));
#2656 = CARTESIAN_POINT('',(5.488456004334,-15.));
#2657 = CARTESIAN_POINT('',(5.46358032235,-15.));
#2658 = CARTESIAN_POINT('',(5.439057617666,-15.));
#2659 = CARTESIAN_POINT('',(5.414863213361,-15.));
#2660 = CARTESIAN_POINT('',(5.368972792834,-15.));
#2661 = CARTESIAN_POINT('',(5.347231965107,-15.));
#2662 = CARTESIAN_POINT('',(5.325732539174,-15.));
#2663 = CARTESIAN_POINT('',(5.304458230318,-15.));
#2664 = CARTESIAN_POINT('',(5.28339410981,-15.));
#2665 = CARTESIAN_POINT('',(5.262526274401,-15.));
#2666 = CARTESIAN_POINT('',(5.241841515818,-15.));
#2667 = CARTESIAN_POINT('',(5.153730247637,-15.));
#2668 = CARTESIAN_POINT('',(5.088012336422,-15.));
#2669 = CARTESIAN_POINT('',(5.023679548171,-15.));
#2670 = CARTESIAN_POINT('',(4.960400969992,-15.));
#2671 = CARTESIAN_POINT('',(4.897891106774,-15.));
#2672 = CARTESIAN_POINT('',(4.8358947827,-15.));
#2673 = CARTESIAN_POINT('',(4.774155437453,-15.));
#2674 = CARTESIAN_POINT('',(4.656418583519,-15.));
#2675 = CARTESIAN_POINT('',(4.60046331702,-15.));
#2676 = CARTESIAN_POINT('',(4.544317759811,-15.));
#2677 = CARTESIAN_POINT('',(4.48779263166,-15.));
#2678 = CARTESIAN_POINT('',(4.430698352096,-15.));
#2679 = CARTESIAN_POINT('',(4.372827654343,-15.));
#2680 = CARTESIAN_POINT('',(4.313942451216,-15.));
#2681 = CARTESIAN_POINT('',(4.233880401259,-15.));
#2682 = CARTESIAN_POINT('',(4.213900752628,-15.));
#2683 = CARTESIAN_POINT('',(4.193766489647,-15.));
#2684 = CARTESIAN_POINT('',(4.173466267759,-15.));
#2685 = CARTESIAN_POINT('',(4.152988168573,-15.));
#2686 = CARTESIAN_POINT('',(4.132319453155,-15.));
#2687 = CARTESIAN_POINT('',(4.11144631533,-15.));
#2688 = CARTESIAN_POINT('',(4.067093413288,-15.));
#2689 = CARTESIAN_POINT('',(4.04356738638,-15.));
#2690 = CARTESIAN_POINT('',(4.019754497393,-15.));
#2691 = CARTESIAN_POINT('',(3.995633011375,-15.));
#2692 = CARTESIAN_POINT('',(3.97118017332,-15.));
#2693 = CARTESIAN_POINT('',(3.946371558193,-15.));
#2694 = CARTESIAN_POINT('',(3.921180112937,-15.));
#2695 = CARTESIAN_POINT('',(3.869089989475,-15.));
#2696 = CARTESIAN_POINT('',(3.842167026883,-15.));
#2697 = CARTESIAN_POINT('',(3.814769080801,-15.));
#2698 = CARTESIAN_POINT('',(3.786860229134,-15.));
#2699 = CARTESIAN_POINT('',(3.758404940709,-15.));
#2700 = CARTESIAN_POINT('',(3.729366823511,-15.));
#2701 = CARTESIAN_POINT('',(3.699706729978,-15.));
#2702 = CARTESIAN_POINT('',(3.643683341217,-15.));
#2703 = CARTESIAN_POINT('',(3.617514266177,-15.));
#2704 = CARTESIAN_POINT('',(3.590845555522,-15.));
#2705 = CARTESIAN_POINT('',(3.563655863862,-15.));
#2706 = CARTESIAN_POINT('',(3.535929507533,-15.));
#2707 = CARTESIAN_POINT('',(3.507656720759,-15.));
#2708 = CARTESIAN_POINT('',(3.478834599591,-15.));
#2709 = CARTESIAN_POINT('',(3.42910100882,-15.));
#2710 = CARTESIAN_POINT('',(3.408473577205,-15.));
#2711 = CARTESIAN_POINT('',(3.387591607072,-15.));
#2712 = CARTESIAN_POINT('',(3.366463941929,-15.));
#2713 = CARTESIAN_POINT('',(3.345103314502,-15.));
#2714 = CARTESIAN_POINT('',(3.323526879027,-15.));
#2715 = CARTESIAN_POINT('',(3.301757061853,-15.));
#2716 = CARTESIAN_POINT('',(3.262785818303,-15.));
#2717 = CARTESIAN_POINT('',(3.245648617005,-15.));
#2718 = CARTESIAN_POINT('',(3.228425708829,-15.));
#2719 = CARTESIAN_POINT('',(3.211132331842,-15.));
#2720 = CARTESIAN_POINT('',(3.193784572792,-15.));
#2721 = CARTESIAN_POINT('',(3.176399560089,-15.));
#2722 = CARTESIAN_POINT('',(3.158995656792,-15.));
#2723 = CARTESIAN_POINT('',(3.118533860445,-15.));
#2724 = CARTESIAN_POINT('',(3.095471996068,-15.));
#2725 = CARTESIAN_POINT('',(3.072455096125,-15.));
#2726 = CARTESIAN_POINT('',(3.04952540935,-15.));
#2727 = CARTESIAN_POINT('',(3.026720571581,-15.));
#2728 = CARTESIAN_POINT('',(3.004074540781,-15.));
#2729 = CARTESIAN_POINT('',(2.981618293061,-15.));
#2730 = CARTESIAN_POINT('',(2.947358263604,-15.));
#2731 = CARTESIAN_POINT('',(2.935398861852,-15.));
#2732 = CARTESIAN_POINT('',(2.923505834129,-15.));
#2733 = CARTESIAN_POINT('',(2.91168240467,-15.));
#2734 = CARTESIAN_POINT('',(2.899931299517,-15.));
#2735 = CARTESIAN_POINT('',(2.888254783785,-15.));
#2736 = CARTESIAN_POINT('',(2.876654698942,-15.));
#2737 = CARTESIAN_POINT('',(2.842010559433,-15.));
#2738 = CARTESIAN_POINT('',(2.819203804154,-15.));
#2739 = CARTESIAN_POINT('',(2.796721621195,-15.));
#2740 = CARTESIAN_POINT('',(2.774568468304,-15.));
#2741 = CARTESIAN_POINT('',(2.752744742596,-15.));
#2742 = CARTESIAN_POINT('',(2.731247359172,-15.));
#2743 = CARTESIAN_POINT('',(2.710070039771,-15.));
#2744 = CARTESIAN_POINT('',(2.657015832943,-15.));
#2745 = CARTESIAN_POINT('',(2.625576413033,-15.));
#2746 = CARTESIAN_POINT('',(2.594843953654,-15.));
#2747 = CARTESIAN_POINT('',(2.564780298466,-15.));
#2748 = CARTESIAN_POINT('',(2.53534800244,-15.));
#2749 = CARTESIAN_POINT('',(2.506508587856,-15.));
#2750 = CARTESIAN_POINT('',(2.478221286751,-15.));
#2751 = CARTESIAN_POINT('',(2.423874524471,-15.));
#2752 = CARTESIAN_POINT('',(2.397777928666,-15.));
#2753 = CARTESIAN_POINT('',(2.372117643467,-15.));
#2754 = CARTESIAN_POINT('',(2.346863350745,-15.));
#2755 = CARTESIAN_POINT('',(2.32198766876,-15.));
#2756 = CARTESIAN_POINT('',(2.297464964076,-15.));
#2757 = CARTESIAN_POINT('',(2.273270559771,-15.));
#2758 = CARTESIAN_POINT('',(2.227380139245,-15.));
#2759 = CARTESIAN_POINT('',(2.205639311518,-15.));
#2760 = CARTESIAN_POINT('',(2.184139885584,-15.));
#2761 = CARTESIAN_POINT('',(2.162865576729,-15.));
#2762 = CARTESIAN_POINT('',(2.14180145622,-15.));
#2763 = CARTESIAN_POINT('',(2.120933620811,-15.));
#2764 = CARTESIAN_POINT('',(2.100248862229,-15.));
#2765 = CARTESIAN_POINT('',(2.012137594047,-15.));
#2766 = CARTESIAN_POINT('',(1.946419682833,-15.));
#2767 = CARTESIAN_POINT('',(1.882086894581,-15.));
#2768 = CARTESIAN_POINT('',(1.818808316402,-15.));
#2769 = CARTESIAN_POINT('',(1.756298453184,-15.));
#2770 = CARTESIAN_POINT('',(1.69430212911,-15.));
#2771 = CARTESIAN_POINT('',(1.632562783864,-15.));
#2772 = CARTESIAN_POINT('',(1.51482592993,-15.));
#2773 = CARTESIAN_POINT('',(1.458870663428,-15.));
#2774 = CARTESIAN_POINT('',(1.402725106225,-15.));
#2775 = CARTESIAN_POINT('',(1.346199978066,-15.));
#2776 = CARTESIAN_POINT('',(1.289105698508,-15.));
#2777 = CARTESIAN_POINT('',(1.231235000752,-15.));
#2778 = CARTESIAN_POINT('',(1.172349797626,-15.));
#2779 = CARTESIAN_POINT('',(1.092287747669,-15.));
#2780 = CARTESIAN_POINT('',(1.072308099038,-15.));
#2781 = CARTESIAN_POINT('',(1.052173836057,-15.));
#2782 = CARTESIAN_POINT('',(1.031873614169,-15.));
#2783 = CARTESIAN_POINT('',(1.011395514983,-15.));
#2784 = CARTESIAN_POINT('',(0.990726799566,-15.));
#2785 = CARTESIAN_POINT('',(0.96985366174,-15.));
#2786 = CARTESIAN_POINT('',(0.925500759698,-15.));
#2787 = CARTESIAN_POINT('',(0.90197473279,-15.));
#2788 = CARTESIAN_POINT('',(0.878161843803,-15.));
#2789 = CARTESIAN_POINT('',(0.854040357785,-15.));
#2790 = CARTESIAN_POINT('',(0.82958751973,-15.));
#2791 = CARTESIAN_POINT('',(0.804778904604,-15.));
#2792 = CARTESIAN_POINT('',(0.779587459348,-15.));
#2793 = CARTESIAN_POINT('',(0.727497335886,-15.));
#2794 = CARTESIAN_POINT('',(0.700574373293,-15.));
#2795 = CARTESIAN_POINT('',(0.673176427211,-15.));
#2796 = CARTESIAN_POINT('',(0.645267575544,-15.));
#2797 = CARTESIAN_POINT('',(0.616812287119,-15.));
#2798 = CARTESIAN_POINT('',(0.587774169921,-15.));
#2799 = CARTESIAN_POINT('',(0.558114076388,-15.));
#2800 = CARTESIAN_POINT('',(0.502090687627,-15.));
#2801 = CARTESIAN_POINT('',(0.475921612587,-15.));
#2802 = CARTESIAN_POINT('',(0.449252901933,-15.));
#2803 = CARTESIAN_POINT('',(0.422063210272,-15.));
#2804 = CARTESIAN_POINT('',(0.394336853944,-15.));
#2805 = CARTESIAN_POINT('',(0.366064067169,-15.));
#2806 = CARTESIAN_POINT('',(0.337241946001,-15.));
#2807 = CARTESIAN_POINT('',(0.271709059666,-15.));
#2808 = CARTESIAN_POINT('',(0.234684438787,-15.));
#2809 = CARTESIAN_POINT('',(0.196864259395,-15.));
#2810 = CARTESIAN_POINT('',(0.158334610078,-15.));
#2811 = CARTESIAN_POINT('',(0.119209222985,-15.));
#2812 = CARTESIAN_POINT('',(7.963557750313E-02,-15.));
#2813 = CARTESIAN_POINT('',(3.980896887674E-02,-15.));
#2814 = CARTESIAN_POINT('',(0.,-15.));
#2815 = ( GEOMETRIC_REPRESENTATION_CONTEXT(2) 
PARAMETRIC_REPRESENTATION_CONTEXT() REPRESENTATION_CONTEXT('2D SPACE',''
  ) );
#2816 = ADVANCED_FACE('',(#2817),#2242,.F.);
#2817 = FACE_BOUND('',#2818,.F.);
#2818 = EDGE_LOOP('',(#2819,#2929,#2950,#3058));
#2819 = ORIENTED_EDGE('',*,*,#2820,.F.);
#2820 = EDGE_CURVE('',#2821,#2201,#2823,.T.);
#2821 = VERTEX_POINT('',#2822);
#2822 = CARTESIAN_POINT('',(-8.883140648668,2.5,-58.91367317995));
#2823 = SURFACE_CURVE('',#2824,(#2857,#2893),.PCURVE_S1.);
#2824 = B_SPLINE_CURVE_WITH_KNOTS('',7,(#2825,#2826,#2827,#2828,#2829,
    #2830,#2831,#2832,#2833,#2834,#2835,#2836,#2837,#2838,#2839,#2840,
    #2841,#2842,#2843,#2844,#2845,#2846,#2847,#2848,#2849,#2850,#2851,
    #2852,#2853,#2854,#2855,#2856),.UNSPECIFIED.,.F.,.F.,(8,6,6,6,6,8),(
    0.,0.284229372474,0.417188297582,0.65834188588,0.74587489539,1.),
  .UNSPECIFIED.);
#2825 = CARTESIAN_POINT('',(-8.883140960827,2.4999994,-58.91367310039));
#2826 = CARTESIAN_POINT('',(-8.767807250598,2.72168171809,
    -58.94306809792));
#2827 = CARTESIAN_POINT('',(-8.630741846589,2.936566864891,
    -58.97747855154));
#2828 = CARTESIAN_POINT('',(-8.471232467601,3.143219627814,
    -59.01673574031));
#2829 = CARTESIAN_POINT('',(-8.288487575009,3.339306008163,
    -59.06058099187));
#2830 = CARTESIAN_POINT('',(-8.081977519681,3.521733444363,
    -59.10855992023));
#2831 = CARTESIAN_POINT('',(-7.851657851956,3.686763336827,
    -59.15998975239));
#2832 = CARTESIAN_POINT('',(-7.479396492123,3.896972528605,
    -59.23929734163));
#2833 = CARTESIAN_POINT('',(-7.355747766153,3.959141897872,
    -59.26512296375));
#2834 = CARTESIAN_POINT('',(-7.227243176447,4.015997412298,
    -59.29139182201));
#2835 = CARTESIAN_POINT('',(-7.09413439159,4.067015157362,
    -59.31797639907));
#2836 = CARTESIAN_POINT('',(-6.956790171035,4.111656926951,
    -59.3447296367));
#2837 = CARTESIAN_POINT('',(-6.815724641265,4.149409630536,
    -59.37148724483));
#2838 = CARTESIAN_POINT('',(-6.410296407007,4.235042858019,
    -59.44628773809));
#2839 = CARTESIAN_POINT('',(-6.137862302458,4.26640901796,
    -59.49414521293));
#2840 = CARTESIAN_POINT('',(-5.860526478619,4.27054374722,
    -59.54016963394));
#2841 = CARTESIAN_POINT('',(-5.584116188782,4.246725539918,
    -59.58328401415));
#2842 = CARTESIAN_POINT('',(-5.31405981502,4.195907821994,
    -59.62282946338));
#2843 = CARTESIAN_POINT('',(-5.055319113242,4.120622756371,
    -59.65847875668));
#2844 = CARTESIAN_POINT('',(-4.723978986843,3.990527870264,
    -59.70163184741));
#2845 = CARTESIAN_POINT('',(-4.637655642087,3.953168697233,
    -59.7126173012));
#2846 = CARTESIAN_POINT('',(-4.553378809377,3.913251985531,
    -59.72310020126));
#2847 = CARTESIAN_POINT('',(-4.471248631745,3.870936733345,
    -59.73308979546));
#2848 = CARTESIAN_POINT('',(-4.391339022917,3.826380726263,
    -59.74259916363));
#2849 = CARTESIAN_POINT('',(-4.313701477187,3.779736201074,-59.751643957
    ));
#2850 = CARTESIAN_POINT('',(-4.019663908114,3.590077418516,
    -59.78520040086));
#2851 = CARTESIAN_POINT('',(-3.820674350795,3.432793056142,
    -59.80635415508));
#2852 = CARTESIAN_POINT('',(-3.641637281191,3.262556957958,
    -59.82419263658));
#2853 = CARTESIAN_POINT('',(-3.482347298568,3.082164730781,
    -59.83918539032));
#2854 = CARTESIAN_POINT('',(-3.342258584146,2.893905228286,
    -59.85174527873));
#2855 = CARTESIAN_POINT('',(-3.22065082984,2.69949705518,-59.86221169181
    ));
#2856 = CARTESIAN_POINT('',(-3.116859039173,2.4999994,-59.87085295828));
#2857 = PCURVE('',#2242,#2858);
#2858 = DEFINITIONAL_REPRESENTATION('',(#2859),#2892);
#2859 = B_SPLINE_CURVE_WITH_KNOTS('',7,(#2860,#2861,#2862,#2863,#2864,
    #2865,#2866,#2867,#2868,#2869,#2870,#2871,#2872,#2873,#2874,#2875,
    #2876,#2877,#2878,#2879,#2880,#2881,#2882,#2883,#2884,#2885,#2886,
    #2887,#2888,#2889,#2890,#2891),.UNSPECIFIED.,.F.,.F.,(8,6,6,6,6,8),(
    0.,0.284229372474,0.417188297582,0.65834188588,0.74587489539,1.),
  .UNSPECIFIED.);
#2860 = CARTESIAN_POINT('',(2.66186422402,2.086326899603));
#2861 = CARTESIAN_POINT('',(2.584975053112,2.056931902079));
#2862 = CARTESIAN_POINT('',(2.506855141025,2.022521448454));
#2863 = CARTESIAN_POINT('',(2.427052234903,1.983264259689));
#2864 = CARTESIAN_POINT('',(2.345242829622,1.939419008126));
#2865 = CARTESIAN_POINT('',(2.261137739236,1.891440079764));
#2866 = CARTESIAN_POINT('',(2.174460914647,1.840010247602));
#2867 = CARTESIAN_POINT('',(2.042918791681,1.760702658364));
#2868 = CARTESIAN_POINT('',(2.000384188784,1.734877036246));
#2869 = CARTESIAN_POINT('',(1.95723199403,1.708608177985));
#2870 = CARTESIAN_POINT('',(1.913473253398,1.682023600923));
#2871 = CARTESIAN_POINT('',(1.869135002519,1.655270363299));
#2872 = CARTESIAN_POINT('',(1.824266649119,1.628512755169));
#2873 = CARTESIAN_POINT('',(1.696767220079,1.553712261907));
#2874 = CARTESIAN_POINT('',(1.612756476267,1.505854787062));
#2875 = CARTESIAN_POINT('',(1.528094340994,1.45983036606));
#2876 = CARTESIAN_POINT('',(1.44349534224,1.41671598585));
#2877 = CARTESIAN_POINT('',(1.359587811653,1.377170536619));
#2878 = CARTESIAN_POINT('',(1.277016548659,1.341521243319));
#2879 = CARTESIAN_POINT('',(1.167488909283,1.298368152584));
#2880 = CARTESIAN_POINT('',(1.138564197835,1.287382698795));
#2881 = CARTESIAN_POINT('',(1.109897384592,1.276899798733));
#2882 = CARTESIAN_POINT('',(1.081497722345,1.266910204536));
#2883 = CARTESIAN_POINT('',(1.053370160851,1.257400836369));
#2884 = CARTESIAN_POINT('',(1.025515934512,1.248356043));
#2885 = CARTESIAN_POINT('',(0.917855039829,1.214799599132));
#2886 = CARTESIAN_POINT('',(0.840169825909,1.19364584492));
#2887 = CARTESIAN_POINT('',(0.764646442799,1.175807363415));
#2888 = CARTESIAN_POINT('',(0.691080323486,1.160814609678));
#2889 = CARTESIAN_POINT('',(0.619258690492,1.148254721265));
#2890 = CARTESIAN_POINT('',(0.548922984359,1.137788308189));
#2891 = CARTESIAN_POINT('',(0.479728429569,1.129147041718));
#2892 = ( GEOMETRIC_REPRESENTATION_CONTEXT(2) 
PARAMETRIC_REPRESENTATION_CONTEXT() REPRESENTATION_CONTEXT('2D SPACE',''
  ) );
#2893 = PCURVE('',#190,#2894);
#2894 = DEFINITIONAL_REPRESENTATION('',(#2895),#2928);
#2895 = B_SPLINE_CURVE_WITH_KNOTS('',7,(#2896,#2897,#2898,#2899,#2900,
    #2901,#2902,#2903,#2904,#2905,#2906,#2907,#2908,#2909,#2910,#2911,
    #2912,#2913,#2914,#2915,#2916,#2917,#2918,#2919,#2920,#2921,#2922,
    #2923,#2924,#2925,#2926,#2927),.UNSPECIFIED.,.F.,.F.,(8,6,6,6,6,8),(
    0.,0.284229372474,0.417188297582,0.65834188588,0.74587489539,1.),
  .UNSPECIFIED.);
#2896 = CARTESIAN_POINT('',(4.31585508033,-14.0000006));
#2897 = CARTESIAN_POINT('',(4.321291421131,-13.77831828191));
#2898 = CARTESIAN_POINT('',(4.327737666097,-13.5634331351));
#2899 = CARTESIAN_POINT('',(4.335217985311,-13.35678037218));
#2900 = CARTESIAN_POINT('',(4.343757701426,-13.16069399183));
#2901 = CARTESIAN_POINT('',(4.353367060867,-12.97826655563));
#2902 = CARTESIAN_POINT('',(4.364032323875,-12.81323666317));
#2903 = CARTESIAN_POINT('',(4.381180310634,-12.60302747139));
#2904 = CARTESIAN_POINT('',(4.386863915998,-12.54085810212));
#2905 = CARTESIAN_POINT('',(4.392757519454,-12.4840025877));
#2906 = CARTESIAN_POINT('',(4.39884814385,-12.43298484263));
#2907 = CARTESIAN_POINT('',(4.405117657248,-12.38834307304));
#2908 = CARTESIAN_POINT('',(4.411541641598,-12.35059036946));
#2909 = CARTESIAN_POINT('',(4.429960890133,-12.26495714198));
#2910 = CARTESIAN_POINT('',(4.442288156025,-12.23359098204));
#2911 = CARTESIAN_POINT('',(4.454784123079,-12.22945625278));
#2912 = CARTESIAN_POINT('',(4.467187719394,-12.25327446008));
#2913 = CARTESIAN_POINT('',(4.47926249304,-12.304092178));
#2914 = CARTESIAN_POINT('',(4.490795872454,-12.37937724362));
#2915 = CARTESIAN_POINT('',(4.505528029976,-12.50947212973));
#2916 = CARTESIAN_POINT('',(4.509362325002,-12.54683130276));
#2917 = CARTESIAN_POINT('',(4.51310219919,-12.58674801446));
#2918 = CARTESIAN_POINT('',(4.516743610643,-12.62906326665));
#2919 = CARTESIAN_POINT('',(4.520283669834,-12.67361927373));
#2920 = CARTESIAN_POINT('',(4.523720460451,-12.72026379892));
#2921 = CARTESIAN_POINT('',(4.536727455611,-12.90992258148));
#2922 = CARTESIAN_POINT('',(4.545509446971,-13.06720694385));
#2923 = CARTESIAN_POINT('',(4.553396644045,-13.23744304204));
#2924 = CARTESIAN_POINT('',(4.560404231424,-13.41783526921));
#2925 = CARTESIAN_POINT('',(4.56656059279,-13.60609477171));
#2926 = CARTESIAN_POINT('',(4.571900422613,-13.80050294482));
#2927 = CARTESIAN_POINT('',(4.576455125334,-14.0000006));
#2928 = ( GEOMETRIC_REPRESENTATION_CONTEXT(2) 
PARAMETRIC_REPRESENTATION_CONTEXT() REPRESENTATION_CONTEXT('2D SPACE',''
  ) );
#2929 = ORIENTED_EDGE('',*,*,#2930,.T.);
#2930 = EDGE_CURVE('',#2821,#2931,#2933,.T.);
#2931 = VERTEX_POINT('',#2932);
#2932 = CARTESIAN_POINT('',(-8.883140648668,2.5,-55.85543850904));
#2933 = SURFACE_CURVE('',#2934,(#2938,#2944),.PCURVE_S1.);
#2934 = LINE('',#2935,#2936);
#2935 = CARTESIAN_POINT('',(-8.883140648668,2.5,-61.));
#2936 = VECTOR('',#2937,1.);
#2937 = DIRECTION('',(0.,0.,1.));
#2938 = PCURVE('',#2242,#2939);
#2939 = DEFINITIONAL_REPRESENTATION('',(#2940),#2943);
#2940 = B_SPLINE_CURVE_WITH_KNOTS('',1,(#2941,#2942),.UNSPECIFIED.,.F.,
  .F.,(2,2),(-5.999999999062E-07,31.0000006),.PIECEWISE_BEZIER_KNOTS.);
#2941 = CARTESIAN_POINT('',(2.661864015914,-5.999999999062E-07));
#2942 = CARTESIAN_POINT('',(2.661864015914,31.0000006));
#2943 = ( GEOMETRIC_REPRESENTATION_CONTEXT(2) 
PARAMETRIC_REPRESENTATION_CONTEXT() REPRESENTATION_CONTEXT('2D SPACE',''
  ) );
#2944 = PCURVE('',#156,#2945);
#2945 = DEFINITIONAL_REPRESENTATION('',(#2946),#2949);
#2946 = B_SPLINE_CURVE_WITH_KNOTS('',1,(#2947,#2948),.UNSPECIFIED.,.F.,
  .F.,(2,2),(-5.999999999062E-07,31.0000006),.PIECEWISE_BEZIER_KNOTS.);
#2947 = CARTESIAN_POINT('',(-26.0000006,3.116859351332));
#2948 = CARTESIAN_POINT('',(5.0000006,3.116859351332));
#2949 = ( GEOMETRIC_REPRESENTATION_CONTEXT(2) 
PARAMETRIC_REPRESENTATION_CONTEXT() REPRESENTATION_CONTEXT('2D SPACE',''
  ) );
#2950 = ORIENTED_EDGE('',*,*,#2951,.T.);
#2951 = EDGE_CURVE('',#2931,#2228,#2952,.T.);
#2952 = SURFACE_CURVE('',#2953,(#2986,#3022),.PCURVE_S1.);
#2953 = B_SPLINE_CURVE_WITH_KNOTS('',7,(#2954,#2955,#2956,#2957,#2958,
    #2959,#2960,#2961,#2962,#2963,#2964,#2965,#2966,#2967,#2968,#2969,
    #2970,#2971,#2972,#2973,#2974,#2975,#2976,#2977,#2978,#2979,#2980,
    #2981,#2982,#2983,#2984,#2985),.UNSPECIFIED.,.F.,.F.,(8,6,6,6,6,8),(
    0.,0.284335925473,0.417468703795,0.660045099736,0.747152373612,1.),
  .UNSPECIFIED.);
#2954 = CARTESIAN_POINT('',(-8.883140960827,2.4999994,-55.85543842341));
#2955 = CARTESIAN_POINT('',(-8.767676730474,2.721932590133,
    -55.88692050564));
#2956 = CARTESIAN_POINT('',(-8.630471856489,2.936975832556,
    -55.92373562593));
#2957 = CARTESIAN_POINT('',(-8.47084760361,3.143680955582,
    -55.96567335503));
#2958 = CARTESIAN_POINT('',(-8.288049196815,3.339720903288,
    -56.01242383169));
#2959 = CARTESIAN_POINT('',(-8.081578122797,3.522027832402,
    -56.06346997608));
#2960 = CARTESIAN_POINT('',(-7.851409575962,3.686901885308,
    -56.11806263662));
#2961 = CARTESIAN_POINT('',(-7.479422625087,3.896958543569,
    -56.20208761816));
#2962 = CARTESIAN_POINT('',(-7.355799571711,3.959115724512,
    -56.2294413689));
#2963 = CARTESIAN_POINT('',(-7.227331960181,4.015957241602,
    -56.25723881769));
#2964 = CARTESIAN_POINT('',(-7.094267991415,4.066962942792,
    -56.28534477983));
#2965 = CARTESIAN_POINT('',(-6.9569715925,4.111597587466,-56.31360434147
    ));
#2966 = CARTESIAN_POINT('',(-6.815950460053,4.1493496945,-56.34184540746
    ));
#2967 = CARTESIAN_POINT('',(-6.40941552671,4.235251184568,
    -56.42096765055));
#2968 = CARTESIAN_POINT('',(-6.135686831662,4.266683928405,
    -56.47160407957));
#2969 = CARTESIAN_POINT('',(-5.856950740555,4.270630074526,
    -56.52022408255));
#2970 = CARTESIAN_POINT('',(-5.579098520584,4.246333742554,
    -56.56569469642));
#2971 = CARTESIAN_POINT('',(-5.307631078583,4.194739712262,
    -56.60733394642));
#2972 = CARTESIAN_POINT('',(-5.04759060496,4.118397304736,
    -56.64481078651));
#2973 = CARTESIAN_POINT('',(-4.715700405781,3.986966692842,
    -56.68997309696));
#2974 = CARTESIAN_POINT('',(-4.629908710744,3.949557998044,
    -56.70137756182));
#2975 = CARTESIAN_POINT('',(-4.546143937142,3.909619746959,
    -56.71225887482));
#2976 = CARTESIAN_POINT('',(-4.464505040939,3.867308278012,
    -56.7226271129));
#2977 = CARTESIAN_POINT('',(-4.385065296789,3.822778804339,
    -56.7324962136));
#2978 = CARTESIAN_POINT('',(-4.307876005848,3.776181188105,
    -56.74188268847));
#2979 = CARTESIAN_POINT('',(-4.01553997692,3.586800075645,
    -56.77670134227));
#2980 = CARTESIAN_POINT('',(-3.81763090455,3.429883917579,
    -56.79864844203));
#2981 = CARTESIAN_POINT('',(-3.639497750625,3.260123755398,
    -56.81715758433));
#2982 = CARTESIAN_POINT('',(-3.480949117129,3.08028055061,
    -56.83271707757));
#2983 = CARTESIAN_POINT('',(-3.341454237174,2.8926181857,-56.84575520127
    ));
#2984 = CARTESIAN_POINT('',(-3.220308690215,2.698839430405,
    -56.85662357719));
#2985 = CARTESIAN_POINT('',(-3.116859039173,2.4999994,-56.86560030064));
#2986 = PCURVE('',#2242,#2987);
#2987 = DEFINITIONAL_REPRESENTATION('',(#2988),#3021);
#2988 = B_SPLINE_CURVE_WITH_KNOTS('',7,(#2989,#2990,#2991,#2992,#2993,
    #2994,#2995,#2996,#2997,#2998,#2999,#3000,#3001,#3002,#3003,#3004,
    #3005,#3006,#3007,#3008,#3009,#3010,#3011,#3012,#3013,#3014,#3015,
    #3016,#3017,#3018,#3019,#3020),.UNSPECIFIED.,.F.,.F.,(8,6,6,6,6,8),(
    0.,0.284335925473,0.417468703795,0.660045099736,0.747152373612,1.),
  .UNSPECIFIED.);
#2989 = CARTESIAN_POINT('',(2.66186422402,5.144561576586));
#2990 = CARTESIAN_POINT('',(2.584888039661,5.113079494359));
#2991 = CARTESIAN_POINT('',(2.506705169016,5.076264374062));
#2992 = CARTESIAN_POINT('',(2.426869125245,5.034326644966));
#2993 = CARTESIAN_POINT('',(2.345059099404,4.987576168306));
#2994 = CARTESIAN_POINT('',(2.260986238392,4.93653002392));
#2995 = CARTESIAN_POINT('',(2.174373433342,4.881937363379));
#2996 = CARTESIAN_POINT('',(2.04292790925,4.79791238184));
#2997 = CARTESIAN_POINT('',(2.000402038216,4.770558631091));
#2998 = CARTESIAN_POINT('',(1.957261927656,4.742761182305));
#2999 = CARTESIAN_POINT('',(1.913517274236,4.714655220167));
#3000 = CARTESIAN_POINT('',(1.869193588223,4.686395658522));
#3001 = CARTESIAN_POINT('',(1.824338443221,4.65815459254));
#3002 = CARTESIAN_POINT('',(1.696488783721,4.579032349444));
#3003 = CARTESIAN_POINT('',(1.612084705024,4.52839592043));
#3004 = CARTESIAN_POINT('',(1.527002441342,4.479775917443));
#3005 = CARTESIAN_POINT('',(1.441960836587,4.434305303578));
#3006 = CARTESIAN_POINT('',(1.357593660221,4.392666053578));
#3007 = CARTESIAN_POINT('',(1.274553132381,4.355189213482));
#3008 = CARTESIAN_POINT('',(1.164717274189,4.310026903036));
#3009 = CARTESIAN_POINT('',(1.135936269428,4.298622438175));
#3010 = CARTESIAN_POINT('',(1.107408534165,4.287741125178));
#3011 = CARTESIAN_POINT('',(1.07914330308,4.277372887094));
#3012 = CARTESIAN_POINT('',(1.051145594386,4.2675037864));
#3013 = CARTESIAN_POINT('',(1.023416783973,4.258117311522));
#3014 = CARTESIAN_POINT('',(0.916241957128,4.223298657726));
#3015 = CARTESIAN_POINT('',(0.838882742713,4.201351557961));
#3016 = CARTESIAN_POINT('',(0.763655875469,4.182842415665));
#3017 = CARTESIAN_POINT('',(0.690362183988,4.167282922424));
#3018 = CARTESIAN_POINT('',(0.618793127785,4.154244798728));
#3019 = CARTESIAN_POINT('',(0.548694891184,4.143376422801));
#3020 = CARTESIAN_POINT('',(0.479728429569,4.134399699358));
#3021 = ( GEOMETRIC_REPRESENTATION_CONTEXT(2) 
PARAMETRIC_REPRESENTATION_CONTEXT() REPRESENTATION_CONTEXT('2D SPACE',''
  ) );
#3022 = PCURVE('',#1139,#3023);
#3023 = DEFINITIONAL_REPRESENTATION('',(#3024),#3057);
#3024 = B_SPLINE_CURVE_WITH_KNOTS('',7,(#3025,#3026,#3027,#3028,#3029,
    #3030,#3031,#3032,#3033,#3034,#3035,#3036,#3037,#3038,#3039,#3040,
    #3041,#3042,#3043,#3044,#3045,#3046,#3047,#3048,#3049,#3050,#3051,
    #3052,#3053,#3054,#3055,#3056),.UNSPECIFIED.,.F.,.F.,(8,6,6,6,6,8),(
    0.,0.284335925473,0.417468703795,0.660045099736,0.747152373612,1.),
  .UNSPECIFIED.);
#3025 = CARTESIAN_POINT('',(4.252155787409,-15.0000006));
#3026 = CARTESIAN_POINT('',(4.258599470984,-14.77806740986));
#3027 = CARTESIAN_POINT('',(4.26623241748,-14.56302416744));
#3028 = CARTESIAN_POINT('',(4.275076967962,-14.35631904441));
#3029 = CARTESIAN_POINT('',(4.285155604361,-14.16027909671));
#3030 = CARTESIAN_POINT('',(4.296472324688,-13.97797216759));
#3031 = CARTESIAN_POINT('',(4.309003368893,-13.81309811469));
#3032 = CARTESIAN_POINT('',(4.329110195319,-13.60304145643));
#3033 = CARTESIAN_POINT('',(4.335772630525,-13.54088427548));
#3034 = CARTESIAN_POINT('',(4.342674888905,-13.48404275839));
#3035 = CARTESIAN_POINT('',(4.349801399513,-13.4330370572));
#3036 = CARTESIAN_POINT('',(4.357130730743,-13.38840241253));
#3037 = CARTESIAN_POINT('',(4.364634339369,-13.3506503055));
#3038 = CARTESIAN_POINT('',(4.386196224472,-13.26474881543));
#3039 = CARTESIAN_POINT('',(4.400634296176,-13.23331607159));
#3040 = CARTESIAN_POINT('',(4.415251637124,-13.22936992547));
#3041 = CARTESIAN_POINT('',(4.429742133463,-13.25366625744));
#3042 = CARTESIAN_POINT('',(4.443830621759,-13.30526028773));
#3043 = CARTESIAN_POINT('',(4.457270340872,-13.38160269526));
#3044 = CARTESIAN_POINT('',(4.474365200991,-13.51303330715));
#3045 = CARTESIAN_POINT('',(4.478778233915,-13.55044200195));
#3046 = CARTESIAN_POINT('',(4.483081616032,-13.59038025304));
#3047 = CARTESIAN_POINT('',(4.487270882434,-13.63269172198));
#3048 = CARTESIAN_POINT('',(4.491342868232,-13.67722119566));
#3049 = CARTESIAN_POINT('',(4.495295503188,-13.72381881189));
#3050 = CARTESIAN_POINT('',(4.510251111241,-13.91319992435));
#3051 = CARTESIAN_POINT('',(4.520344668811,-14.07011608242));
#3052 = CARTESIAN_POINT('',(4.529407940298,-14.2398762446));
#3053 = CARTESIAN_POINT('',(4.537460014421,-14.41971944939));
#3054 = CARTESIAN_POINT('',(4.544534498287,-14.6073818143));
#3055 = CARTESIAN_POINT('',(4.550671743247,-14.80116056959));
#3056 = CARTESIAN_POINT('',(4.555908205707,-15.0000006));
#3057 = ( GEOMETRIC_REPRESENTATION_CONTEXT(2) 
PARAMETRIC_REPRESENTATION_CONTEXT() REPRESENTATION_CONTEXT('2D SPACE',''
  ) );
#3058 = ORIENTED_EDGE('',*,*,#2227,.F.);
#3059 = ADVANCED_FACE('',(#3060),#1139,.T.);
#3060 = FACE_BOUND('',#3061,.T.);
#3061 = EDGE_LOOP('',(#3062,#3628,#3649,#3650,#3760,#4331,#4446,#5010,
    #5011,#5012,#5013,#5014));
#3062 = ORIENTED_EDGE('',*,*,#3063,.T.);
#3063 = EDGE_CURVE('',#3064,#3064,#3066,.T.);
#3064 = VERTEX_POINT('',#3065);
#3065 = CARTESIAN_POINT('',(20.,16.5,-46.));
#3066 = SURFACE_CURVE('',#3067,(#3252,#3440),.PCURVE_S1.);
#3067 = B_SPLINE_CURVE_WITH_KNOTS('',8,(#3068,#3069,#3070,#3071,#3072,
    #3073,#3074,#3075,#3076,#3077,#3078,#3079,#3080,#3081,#3082,#3083,
    #3084,#3085,#3086,#3087,#3088,#3089,#3090,#3091,#3092,#3093,#3094,
    #3095,#3096,#3097,#3098,#3099,#3100,#3101,#3102,#3103,#3104,#3105,
    #3106,#3107,#3108,#3109,#3110,#3111,#3112,#3113,#3114,#3115,#3116,
    #3117,#3118,#3119,#3120,#3121,#3122,#3123,#3124,#3125,#3126,#3127,
    #3128,#3129,#3130,#3131,#3132,#3133,#3134,#3135,#3136,#3137,#3138,
    #3139,#3140,#3141,#3142,#3143,#3144,#3145,#3146,#3147,#3148,#3149,
    #3150,#3151,#3152,#3153,#3154,#3155,#3156,#3157,#3158,#3159,#3160,
    #3161,#3162,#3163,#3164,#3165,#3166,#3167,#3168,#3169,#3170,#3171,
    #3172,#3173,#3174,#3175,#3176,#3177,#3178,#3179,#3180,#3181,#3182,
    #3183,#3184,#3185,#3186,#3187,#3188,#3189,#3190,#3191,#3192,#3193,
    #3194,#3195,#3196,#3197,#3198,#3199,#3200,#3201,#3202,#3203,#3204,
    #3205,#3206,#3207,#3208,#3209,#3210,#3211,#3212,#3213,#3214,#3215,
    #3216,#3217,#3218,#3219,#3220,#3221,#3222,#3223,#3224,#3225,#3226,
    #3227,#3228,#3229,#3230,#3231,#3232,#3233,#3234,#3235,#3236,#3237,
    #3238,#3239,#3240,#3241,#3242,#3243,#3244,#3245,#3246,#3247,#3248,
    #3249,#3250,#3251),.UNSPECIFIED.,.T.,.F.,(9,7,7,7,7,7,7,7,7,7,7,7,7,
    7,7,7,7,7,7,7,7,7,7,7,7,7,9),(0.,3.148497243757E-02,
    5.366380163597E-02,8.787523039711E-02,0.120594909726,0.150726047861,
    0.250010176295,0.339977649495,0.369609361737,0.402286109504,
    0.436085481069,0.464725054722,0.484589034084,0.500017854842,
    0.52046087736,0.53151250959,0.553690150102,0.587899745284,
    0.620617670985,0.650747194226,0.750026001477,0.839988652822,
    0.869618776938,0.902293773377,0.936091333447,0.964729372147,1.),
  .UNSPECIFIED.);
#3068 = CARTESIAN_POINT('',(20.,16.5,-46.));
#3069 = CARTESIAN_POINT('',(20.,16.5,-46.39075677322));
#3070 = CARTESIAN_POINT('',(19.971156373755,16.5,-46.78166627365));
#3071 = CARTESIAN_POINT('',(19.913429750198,16.5,-47.1698949127));
#3072 = CARTESIAN_POINT('',(19.82771888227,16.5,-47.55309974683));
#3073 = CARTESIAN_POINT('',(19.715544177979,16.5,-47.9293556788));
#3074 = CARTESIAN_POINT('',(19.578828762425,16.5,-48.29710485931));
#3075 = CARTESIAN_POINT('',(19.419739878214,16.5,-48.65511974777));
#3076 = CARTESIAN_POINT('',(19.114329862706,16.5,-49.24715470457));
#3077 = CARTESIAN_POINT('',(18.978070832735,16.5,-49.48666823639));
#3078 = CARTESIAN_POINT('',(18.832491808207,16.5,-49.72080067911));
#3079 = CARTESIAN_POINT('',(18.678297600701,16.5,-49.94942058565));
#3080 = CARTESIAN_POINT('',(18.516162821532,16.5,-50.17246317453));
#3081 = CARTESIAN_POINT('',(18.346716169248,16.5,-50.38991970738));
#3082 = CARTESIAN_POINT('',(18.170528550078,16.5,-50.601829338));
#3083 = CARTESIAN_POINT('',(17.706711944242,16.5,-51.12671889263));
#3084 = CARTESIAN_POINT('',(17.410560307873,16.5,-51.43207026846));
#3085 = CARTESIAN_POINT('',(17.101466147015,16.5,-51.72469460783));
#3086 = CARTESIAN_POINT('',(16.781026789226,16.5,-52.0049845286));
#3087 = CARTESIAN_POINT('',(16.450625994943,16.5,-52.27336280956));
#3088 = CARTESIAN_POINT('',(16.11143437447,16.5,-52.53028196198));
#3089 = CARTESIAN_POINT('',(15.764405091834,16.5,-52.77621878248));
#3090 = CARTESIAN_POINT('',(15.071566490986,16.5,-53.23684268291));
#3091 = CARTESIAN_POINT('',(14.726443613856,16.5,-53.45237203292));
#3092 = CARTESIAN_POINT('',(14.375587012928,16.5,-53.65865600278));
#3093 = CARTESIAN_POINT('',(14.019601748613,16.5,-53.85605491169));
#3094 = CARTESIAN_POINT('',(13.659014748443,16.5,-54.04489847362));
#3095 = CARTESIAN_POINT('',(13.294279799198,16.5,-54.22549444612));
#3096 = CARTESIAN_POINT('',(12.925779935635,16.5,-54.39813278676));
#3097 = CARTESIAN_POINT('',(12.211300687977,16.5,-54.7149880126));
#3098 = CARTESIAN_POINT('',(11.865868723235,16.5,-54.86036327196));
#3099 = CARTESIAN_POINT('',(11.517789004258,16.5,-54.99941819445));
#3100 = CARTESIAN_POINT('',(11.167294240375,16.5,-55.13234001699));
#3101 = CARTESIAN_POINT('',(10.81459320095,16.5,-55.25929863452));
#3102 = CARTESIAN_POINT('',(10.459871738759,16.5,-55.38044912031));
#3103 = CARTESIAN_POINT('',(10.103293813367,16.5,-55.4959342462));
#3104 = CARTESIAN_POINT('',(8.564408566392,16.5,-55.9681887377));
#3105 = CARTESIAN_POINT('',(7.365740660499,16.5,-56.27025793418));
#3106 = CARTESIAN_POINT('',(6.153538850853,16.5,-56.51709611575));
#3107 = CARTESIAN_POINT('',(4.931530618946,16.5,-56.71167796693));
#3108 = CARTESIAN_POINT('',(3.702864780429,16.5,-56.85619177088));
#3109 = CARTESIAN_POINT('',(2.47011524054,16.5,-56.9520384608));
#3110 = CARTESIAN_POINT('',(1.235329141376,16.5,-57.));
#3111 = CARTESIAN_POINT('',(-1.119407937316,16.5,-57.));
#3112 = CARTESIAN_POINT('',(-2.23851298292,16.5,-56.96061755239));
#3113 = CARTESIAN_POINT('',(-3.356082143544,16.5,-56.88189085126));
#3114 = CARTESIAN_POINT('',(-4.470561222843,16.5,-56.76330725149));
#3115 = CARTESIAN_POINT('',(-5.580084894033,16.5,-56.60392061759));
#3116 = CARTESIAN_POINT('',(-6.682457480613,16.5,-56.40227791971));
#3117 = CARTESIAN_POINT('',(-7.775142590433,16.5,-56.15637252558));
#3118 = CARTESIAN_POINT('',(-9.210880980043,16.5,-55.76644307785));
#3119 = CARTESIAN_POINT('',(-9.565190793338,16.5,-55.66470029436));
#3120 = CARTESIAN_POINT('',(-9.917976415445,16.5,-55.55771457552));
#3121 = CARTESIAN_POINT('',(-10.26910482649,16.5,-55.4453688256));
#3122 = CARTESIAN_POINT('',(-10.61842694881,16.5,-55.32753543547));
#3123 = CARTESIAN_POINT('',(-10.96577696376,16.5,-55.20407438628));
#3124 = CARTESIAN_POINT('',(-11.31097162862,16.5,-55.07483135313));
#3125 = CARTESIAN_POINT('',(-12.03187852192,16.5,-54.79054720171));
#3126 = CARTESIAN_POINT('',(-12.40706178514,16.5,-54.63422722762));
#3127 = CARTESIAN_POINT('',(-12.77910238221,16.5,-54.47044287487));
#3128 = CARTESIAN_POINT('',(-13.14768989844,16.5,-54.29894306317));
#3129 = CARTESIAN_POINT('',(-13.51246036656,16.5,-54.1194583335));
#3130 = CARTESIAN_POINT('',(-13.87299430448,16.5,-53.93169697777));
#3131 = CARTESIAN_POINT('',(-14.22881292943,16.5,-53.73533760801));
#3132 = CARTESIAN_POINT('',(-14.9419757947,16.5,-53.31764488418));
#3133 = CARTESIAN_POINT('',(-15.29888849598,16.5,-53.09572241885));
#3134 = CARTESIAN_POINT('',(-15.64955359921,16.5,-52.86383238161));
#3135 = CARTESIAN_POINT('',(-15.99325283508,16.5,-52.62154937543));
#3136 = CARTESIAN_POINT('',(-16.32911099754,16.5,-52.36844659227));
#3137 = CARTESIAN_POINT('',(-16.65609470694,16.5,-52.1040945299));
#3138 = CARTESIAN_POINT('',(-16.97300565674,16.5,-51.82805282721));
#3139 = CARTESIAN_POINT('',(-17.53729922503,16.5,-51.29565373514));
#3140 = CARTESIAN_POINT('',(-17.78784723791,16.5,-51.04278416868));
#3141 = CARTESIAN_POINT('',(-18.02928808775,16.5,-50.78096260048));
#3142 = CARTESIAN_POINT('',(-18.26061896207,16.5,-50.50997497193));
#3143 = CARTESIAN_POINT('',(-18.48067295966,16.5,-50.22968931028));
#3144 = CARTESIAN_POINT('',(-18.68814210786,16.5,-49.94007422378));
#3145 = CARTESIAN_POINT('',(-18.88160896822,16.5,-49.64122366551));
#3146 = CARTESIAN_POINT('',(-19.18302961,16.5,-49.11987773508));
#3147 = CARTESIAN_POINT('',(-19.29901019177,16.5,-48.90206465245));
#3148 = CARTESIAN_POINT('',(-19.40701552314,16.5,-48.68006742271));
#3149 = CARTESIAN_POINT('',(-19.50651669619,16.5,-48.45405989588));
#3150 = CARTESIAN_POINT('',(-19.59698222604,16.5,-48.22427654775));
#3151 = CARTESIAN_POINT('',(-19.67789626541,16.5,-47.99101983134));
#3152 = CARTESIAN_POINT('',(-19.74878175565,16.5,-47.75466939933));
#3153 = CARTESIAN_POINT('',(-19.85617893519,16.5,-47.3300747514));
#3154 = CARTESIAN_POINT('',(-19.89683444648,16.5,-47.1428609326));
#3155 = CARTESIAN_POINT('',(-19.93099916136,16.5,-46.95428212127));
#3156 = CARTESIAN_POINT('',(-19.95850798866,16.5,-46.76458294469));
#3157 = CARTESIAN_POINT('',(-19.97923091045,16.5,-46.57402274543));
#3158 = CARTESIAN_POINT('',(-19.99307726005,16.5,-46.38287604965));
#3159 = CARTESIAN_POINT('',(-20.,16.5,-46.19143303522));
#3160 = CARTESIAN_POINT('',(-20.,16.5,-45.74635327541));
#3161 = CARTESIAN_POINT('',(-19.9878466477,16.5,-45.49267275113));
#3162 = CARTESIAN_POINT('',(-19.96353440046,16.5,-45.23969240397));
#3163 = CARTESIAN_POINT('',(-19.92721297379,16.5,-44.98808258348));
#3164 = CARTESIAN_POINT('',(-19.87916127118,16.5,-44.73845398003));
#3165 = CARTESIAN_POINT('',(-19.81976489292,16.5,-44.49136108514));
#3166 = CARTESIAN_POINT('',(-19.74949722382,16.5,-44.24730514399));
#3167 = CARTESIAN_POINT('',(-19.62533492783,16.5,-43.87668366537));
#3168 = CARTESIAN_POINT('',(-19.57874380565,16.5,-43.747637314));
#3169 = CARTESIAN_POINT('',(-19.52921331735,16.5,-43.6196608944));
#3170 = CARTESIAN_POINT('',(-19.47682969842,16.5,-43.49281000868));
#3171 = CARTESIAN_POINT('',(-19.42168171091,16.5,-43.36713297661));
#3172 = CARTESIAN_POINT('',(-19.36385951844,16.5,-43.24267129965));
#3173 = CARTESIAN_POINT('',(-19.30345356136,16.5,-43.11946012493));
#3174 = CARTESIAN_POINT('',(-19.1143298627,16.5,-42.75284529542));
#3175 = CARTESIAN_POINT('',(-18.97807083273,16.5,-42.51333176361));
#3176 = CARTESIAN_POINT('',(-18.8324918082,16.5,-42.27919932088));
#3177 = CARTESIAN_POINT('',(-18.6782976007,16.5,-42.05057941434));
#3178 = CARTESIAN_POINT('',(-18.51616282153,16.5,-41.82753682546));
#3179 = CARTESIAN_POINT('',(-18.34671616924,16.5,-41.61008029261));
#3180 = CARTESIAN_POINT('',(-18.17052855007,16.5,-41.39817066199));
#3181 = CARTESIAN_POINT('',(-17.70671194424,16.5,-40.87328110736));
#3182 = CARTESIAN_POINT('',(-17.41056030787,16.5,-40.56792973154));
#3183 = CARTESIAN_POINT('',(-17.10146614701,16.5,-40.27530539216));
#3184 = CARTESIAN_POINT('',(-16.78102678922,16.5,-39.99501547139));
#3185 = CARTESIAN_POINT('',(-16.45062599494,16.5,-39.72663719043));
#3186 = CARTESIAN_POINT('',(-16.11143437447,16.5,-39.46971803801));
#3187 = CARTESIAN_POINT('',(-15.76440509183,16.5,-39.22378121751));
#3188 = CARTESIAN_POINT('',(-15.07156649098,16.5,-38.76315731708));
#3189 = CARTESIAN_POINT('',(-14.72644361385,16.5,-38.54762796707));
#3190 = CARTESIAN_POINT('',(-14.37558701293,16.5,-38.34134399721));
#3191 = CARTESIAN_POINT('',(-14.01960174861,16.5,-38.1439450883));
#3192 = CARTESIAN_POINT('',(-13.65901474844,16.5,-37.95510152637));
#3193 = CARTESIAN_POINT('',(-13.29427979919,16.5,-37.77450555387));
#3194 = CARTESIAN_POINT('',(-12.92577993563,16.5,-37.60186721323));
#3195 = CARTESIAN_POINT('',(-12.21130068797,16.5,-37.28501198739));
#3196 = CARTESIAN_POINT('',(-11.86586872323,16.5,-37.13963672803));
#3197 = CARTESIAN_POINT('',(-11.51778900425,16.5,-37.00058180554));
#3198 = CARTESIAN_POINT('',(-11.16729424037,16.5,-36.867659983));
#3199 = CARTESIAN_POINT('',(-10.81459320095,16.5,-36.74070136547));
#3200 = CARTESIAN_POINT('',(-10.45987173876,16.5,-36.61955087968));
#3201 = CARTESIAN_POINT('',(-10.10329381336,16.5,-36.50406575379));
#3202 = CARTESIAN_POINT('',(-8.564408566393,16.5,-36.03181126229));
#3203 = CARTESIAN_POINT('',(-7.365740660508,16.5,-35.72974206581));
#3204 = CARTESIAN_POINT('',(-6.153538850828,16.5,-35.48290388423));
#3205 = CARTESIAN_POINT('',(-4.931530618987,16.5,-35.28832203308));
#3206 = CARTESIAN_POINT('',(-3.702864780397,16.5,-35.1438082291));
#3207 = CARTESIAN_POINT('',(-2.470115240555,16.5,-35.04796153919));
#3208 = CARTESIAN_POINT('',(-1.235329141374,16.5,-35.));
#3209 = CARTESIAN_POINT('',(1.119407937305,16.5,-35.));
#3210 = CARTESIAN_POINT('',(2.238512982959,16.5,-35.0393824476));
#3211 = CARTESIAN_POINT('',(3.356082143473,16.5,-35.11810914873));
#3212 = CARTESIAN_POINT('',(4.470561222919,16.5,-35.2366927485));
#3213 = CARTESIAN_POINT('',(5.580084893983,16.5,-35.39607938239));
#3214 = CARTESIAN_POINT('',(6.682457480632,16.5,-35.59772208029));
#3215 = CARTESIAN_POINT('',(7.77514259043,16.5,-35.84362747441));
#3216 = CARTESIAN_POINT('',(9.210880980043,16.5,-36.23355692214));
#3217 = CARTESIAN_POINT('',(9.565190793339,16.5,-36.33529970563));
#3218 = CARTESIAN_POINT('',(9.917976415445,16.5,-36.44228542447));
#3219 = CARTESIAN_POINT('',(10.269104826495,16.5,-36.55463117439));
#3220 = CARTESIAN_POINT('',(10.618426948813,16.5,-36.67246456452));
#3221 = CARTESIAN_POINT('',(10.965776963768,16.5,-36.79592561371));
#3222 = CARTESIAN_POINT('',(11.310971628621,16.5,-36.92516864686));
#3223 = CARTESIAN_POINT('',(12.031878521926,16.5,-37.20945279828));
#3224 = CARTESIAN_POINT('',(12.407061785141,16.5,-37.36577277237));
#3225 = CARTESIAN_POINT('',(12.779102382214,16.5,-37.52955712512));
#3226 = CARTESIAN_POINT('',(13.14768989844,16.5,-37.70105693682));
#3227 = CARTESIAN_POINT('',(13.512460366561,16.5,-37.88054166649));
#3228 = CARTESIAN_POINT('',(13.872994304489,16.5,-38.06830302222));
#3229 = CARTESIAN_POINT('',(14.228812929438,16.5,-38.26466239198));
#3230 = CARTESIAN_POINT('',(14.941975794706,16.5,-38.68235511581));
#3231 = CARTESIAN_POINT('',(15.298888495986,16.5,-38.90427758114));
#3232 = CARTESIAN_POINT('',(15.649553599215,16.5,-39.13616761838));
#3233 = CARTESIAN_POINT('',(15.993252835083,16.5,-39.37845062456));
#3234 = CARTESIAN_POINT('',(16.329110997545,16.5,-39.63155340772));
#3235 = CARTESIAN_POINT('',(16.656094706947,16.5,-39.89590547009));
#3236 = CARTESIAN_POINT('',(16.973005656749,16.5,-40.17194717278));
#3237 = CARTESIAN_POINT('',(17.537299225036,16.5,-40.70434626486));
#3238 = CARTESIAN_POINT('',(17.787847237917,16.5,-40.95721583131));
#3239 = CARTESIAN_POINT('',(18.029288087756,16.5,-41.21903739951));
#3240 = CARTESIAN_POINT('',(18.260618962074,16.5,-41.49002502806));
#3241 = CARTESIAN_POINT('',(18.48067295966,16.5,-41.77031068972));
#3242 = CARTESIAN_POINT('',(18.688142107867,16.5,-42.05992577621));
#3243 = CARTESIAN_POINT('',(18.881608968224,16.5,-42.35877633448));
#3244 = CARTESIAN_POINT('',(19.278784485835,16.5,-43.04574269003));
#3245 = CARTESIAN_POINT('',(19.474687113518,16.5,-43.43884645335));
#3246 = CARTESIAN_POINT('',(19.644118197156,16.5,-43.84493122393));
#3247 = CARTESIAN_POINT('',(19.783938913904,16.5,-44.2625528104));
#3248 = CARTESIAN_POINT('',(19.89127518056,16.5,-44.68975622952));
#3249 = CARTESIAN_POINT('',(19.96377696631,16.5,-45.12400857845));
#3250 = CARTESIAN_POINT('',(20.,16.5,-45.56210134235));
#3251 = CARTESIAN_POINT('',(20.,16.5,-46.));
#3252 = PCURVE('',#1139,#3253);
#3253 = DEFINITIONAL_REPRESENTATION('',(#3254),#3439);
#3254 = B_SPLINE_CURVE_WITH_KNOTS('',8,(#3255,#3256,#3257,#3258,#3259,
    #3260,#3261,#3262,#3263,#3264,#3265,#3266,#3267,#3268,#3269,#3270,
    #3271,#3272,#3273,#3274,#3275,#3276,#3277,#3278,#3279,#3280,#3281,
    #3282,#3283,#3284,#3285,#3286,#3287,#3288,#3289,#3290,#3291,#3292,
    #3293,#3294,#3295,#3296,#3297,#3298,#3299,#3300,#3301,#3302,#3303,
    #3304,#3305,#3306,#3307,#3308,#3309,#3310,#3311,#3312,#3313,#3314,
    #3315,#3316,#3317,#3318,#3319,#3320,#3321,#3322,#3323,#3324,#3325,
    #3326,#3327,#3328,#3329,#3330,#3331,#3332,#3333,#3334,#3335,#3336,
    #3337,#3338,#3339,#3340,#3341,#3342,#3343,#3344,#3345,#3346,#3347,
    #3348,#3349,#3350,#3351,#3352,#3353,#3354,#3355,#3356,#3357,#3358,
    #3359,#3360,#3361,#3362,#3363,#3364,#3365,#3366,#3367,#3368,#3369,
    #3370,#3371,#3372,#3373,#3374,#3375,#3376,#3377,#3378,#3379,#3380,
    #3381,#3382,#3383,#3384,#3385,#3386,#3387,#3388,#3389,#3390,#3391,
    #3392,#3393,#3394,#3395,#3396,#3397,#3398,#3399,#3400,#3401,#3402,
    #3403,#3404,#3405,#3406,#3407,#3408,#3409,#3410,#3411,#3412,#3413,
    #3414,#3415,#3416,#3417,#3418,#3419,#3420,#3421,#3422,#3423,#3424,
    #3425,#3426,#3427,#3428,#3429,#3430,#3431,#3432,#3433,#3434,#3435,
    #3436,#3437,#3438),.UNSPECIFIED.,.F.,.F.,(9,7,7,7,7,7,7,7,7,7,7,7,7,
    7,7,7,7,7,7,7,7,7,7,7,7,7,9),(0.,3.148497243757E-02,
    5.366380163597E-02,8.787523039711E-02,0.120594909726,0.150726047861,
    0.250010176295,0.339977649495,0.369609361737,0.402286109504,
    0.436085481069,0.464725054722,0.484589034084,0.500017854842,
    0.52046087736,0.53151250959,0.553690150102,0.587899745284,
    0.620617670985,0.650747194226,0.750026001477,0.839988652822,
    0.869618776938,0.902293773377,0.936091333447,0.964729372147,1.),
  .UNSPECIFIED.);
#3255 = CARTESIAN_POINT('',(6.28318530718,-1.));
#3256 = CARTESIAN_POINT('',(6.247661964159,-1.));
#3257 = CARTESIAN_POINT('',(6.212124738936,-1.));
#3258 = CARTESIAN_POINT('',(6.176762909683,-1.));
#3259 = CARTESIAN_POINT('',(6.141720972153,-1.));
#3260 = CARTESIAN_POINT('',(6.107113053391,-1.));
#3261 = CARTESIAN_POINT('',(6.07303107674,-1.));
#3262 = CARTESIAN_POINT('',(6.039548963129,-1.));
#3263 = CARTESIAN_POINT('',(5.983603213023,-1.));
#3264 = CARTESIAN_POINT('',(5.960796457744,-1.));
#3265 = CARTESIAN_POINT('',(5.938314274785,-1.));
#3266 = CARTESIAN_POINT('',(5.916161121893,-1.));
#3267 = CARTESIAN_POINT('',(5.894337396186,-1.));
#3268 = CARTESIAN_POINT('',(5.872840012762,-1.));
#3269 = CARTESIAN_POINT('',(5.851662693361,-1.));
#3270 = CARTESIAN_POINT('',(5.798608486533,-1.));
#3271 = CARTESIAN_POINT('',(5.767169066623,-1.));
#3272 = CARTESIAN_POINT('',(5.736436607243,-1.));
#3273 = CARTESIAN_POINT('',(5.706372952056,-1.));
#3274 = CARTESIAN_POINT('',(5.676940656029,-1.));
#3275 = CARTESIAN_POINT('',(5.648101241446,-1.));
#3276 = CARTESIAN_POINT('',(5.61981394034,-1.));
#3277 = CARTESIAN_POINT('',(5.56546717806,-1.));
#3278 = CARTESIAN_POINT('',(5.539370582255,-1.));
#3279 = CARTESIAN_POINT('',(5.513710297057,-1.));
#3280 = CARTESIAN_POINT('',(5.488456004334,-1.));
#3281 = CARTESIAN_POINT('',(5.46358032235,-1.));
#3282 = CARTESIAN_POINT('',(5.439057617666,-1.));
#3283 = CARTESIAN_POINT('',(5.414863213361,-1.));
#3284 = CARTESIAN_POINT('',(5.368972792834,-1.));
#3285 = CARTESIAN_POINT('',(5.347231965107,-1.));
#3286 = CARTESIAN_POINT('',(5.325732539174,-1.));
#3287 = CARTESIAN_POINT('',(5.304458230318,-1.));
#3288 = CARTESIAN_POINT('',(5.28339410981,-1.));
#3289 = CARTESIAN_POINT('',(5.262526274401,-1.));
#3290 = CARTESIAN_POINT('',(5.241841515818,-1.));
#3291 = CARTESIAN_POINT('',(5.153730247637,-1.));
#3292 = CARTESIAN_POINT('',(5.088012336422,-1.));
#3293 = CARTESIAN_POINT('',(5.023679548171,-1.));
#3294 = CARTESIAN_POINT('',(4.960400969992,-1.));
#3295 = CARTESIAN_POINT('',(4.897891106774,-1.));
#3296 = CARTESIAN_POINT('',(4.8358947827,-1.));
#3297 = CARTESIAN_POINT('',(4.774155437453,-1.));
#3298 = CARTESIAN_POINT('',(4.656418583519,-1.));
#3299 = CARTESIAN_POINT('',(4.60046331702,-1.));
#3300 = CARTESIAN_POINT('',(4.544317759811,-1.));
#3301 = CARTESIAN_POINT('',(4.48779263166,-1.));
#3302 = CARTESIAN_POINT('',(4.430698352096,-1.));
#3303 = CARTESIAN_POINT('',(4.372827654343,-1.));
#3304 = CARTESIAN_POINT('',(4.313942451216,-1.));
#3305 = CARTESIAN_POINT('',(4.233880401259,-1.));
#3306 = CARTESIAN_POINT('',(4.213900752628,-1.));
#3307 = CARTESIAN_POINT('',(4.193766489647,-1.));
#3308 = CARTESIAN_POINT('',(4.173466267759,-1.));
#3309 = CARTESIAN_POINT('',(4.152988168573,-1.));
#3310 = CARTESIAN_POINT('',(4.132319453155,-1.));
#3311 = CARTESIAN_POINT('',(4.11144631533,-1.));
#3312 = CARTESIAN_POINT('',(4.067093413288,-1.));
#3313 = CARTESIAN_POINT('',(4.04356738638,-1.));
#3314 = CARTESIAN_POINT('',(4.019754497393,-1.));
#3315 = CARTESIAN_POINT('',(3.995633011375,-1.));
#3316 = CARTESIAN_POINT('',(3.97118017332,-1.));
#3317 = CARTESIAN_POINT('',(3.946371558193,-1.));
#3318 = CARTESIAN_POINT('',(3.921180112937,-1.));
#3319 = CARTESIAN_POINT('',(3.869089989475,-1.));
#3320 = CARTESIAN_POINT('',(3.842167026883,-1.));
#3321 = CARTESIAN_POINT('',(3.814769080801,-1.));
#3322 = CARTESIAN_POINT('',(3.786860229134,-1.));
#3323 = CARTESIAN_POINT('',(3.758404940709,-1.));
#3324 = CARTESIAN_POINT('',(3.729366823511,-1.));
#3325 = CARTESIAN_POINT('',(3.699706729978,-1.));
#3326 = CARTESIAN_POINT('',(3.643683341217,-1.));
#3327 = CARTESIAN_POINT('',(3.617514266177,-1.));
#3328 = CARTESIAN_POINT('',(3.590845555522,-1.));
#3329 = CARTESIAN_POINT('',(3.563655863862,-1.));
#3330 = CARTESIAN_POINT('',(3.535929507533,-1.));
#3331 = CARTESIAN_POINT('',(3.507656720759,-1.));
#3332 = CARTESIAN_POINT('',(3.478834599591,-1.));
#3333 = CARTESIAN_POINT('',(3.42910100882,-1.));
#3334 = CARTESIAN_POINT('',(3.408473577205,-1.));
#3335 = CARTESIAN_POINT('',(3.387591607072,-1.));
#3336 = CARTESIAN_POINT('',(3.366463941929,-1.));
#3337 = CARTESIAN_POINT('',(3.345103314502,-1.));
#3338 = CARTESIAN_POINT('',(3.323526879027,-1.));
#3339 = CARTESIAN_POINT('',(3.301757061853,-1.));
#3340 = CARTESIAN_POINT('',(3.262785818303,-1.));
#3341 = CARTESIAN_POINT('',(3.245648617005,-1.));
#3342 = CARTESIAN_POINT('',(3.228425708829,-1.));
#3343 = CARTESIAN_POINT('',(3.211132331842,-1.));
#3344 = CARTESIAN_POINT('',(3.193784572792,-1.));
#3345 = CARTESIAN_POINT('',(3.176399560089,-1.));
#3346 = CARTESIAN_POINT('',(3.158995656792,-1.));
#3347 = CARTESIAN_POINT('',(3.118533860445,-1.));
#3348 = CARTESIAN_POINT('',(3.095471996068,-1.));
#3349 = CARTESIAN_POINT('',(3.072455096125,-1.));
#3350 = CARTESIAN_POINT('',(3.04952540935,-1.));
#3351 = CARTESIAN_POINT('',(3.026720571581,-1.));
#3352 = CARTESIAN_POINT('',(3.004074540781,-1.));
#3353 = CARTESIAN_POINT('',(2.981618293061,-1.));
#3354 = CARTESIAN_POINT('',(2.947358263604,-1.));
#3355 = CARTESIAN_POINT('',(2.935398861852,-1.));
#3356 = CARTESIAN_POINT('',(2.923505834129,-1.));
#3357 = CARTESIAN_POINT('',(2.91168240467,-1.));
#3358 = CARTESIAN_POINT('',(2.899931299517,-1.));
#3359 = CARTESIAN_POINT('',(2.888254783785,-1.));
#3360 = CARTESIAN_POINT('',(2.876654698942,-1.));
#3361 = CARTESIAN_POINT('',(2.842010559433,-1.));
#3362 = CARTESIAN_POINT('',(2.819203804154,-1.));
#3363 = CARTESIAN_POINT('',(2.796721621195,-1.));
#3364 = CARTESIAN_POINT('',(2.774568468304,-1.));
#3365 = CARTESIAN_POINT('',(2.752744742596,-1.));
#3366 = CARTESIAN_POINT('',(2.731247359172,-1.));
#3367 = CARTESIAN_POINT('',(2.710070039771,-1.));
#3368 = CARTESIAN_POINT('',(2.657015832943,-1.));
#3369 = CARTESIAN_POINT('',(2.625576413033,-1.));
#3370 = CARTESIAN_POINT('',(2.594843953654,-1.));
#3371 = CARTESIAN_POINT('',(2.564780298466,-1.));
#3372 = CARTESIAN_POINT('',(2.53534800244,-1.));
#3373 = CARTESIAN_POINT('',(2.506508587856,-1.));
#3374 = CARTESIAN_POINT('',(2.478221286751,-1.));
#3375 = CARTESIAN_POINT('',(2.423874524471,-1.));
#3376 = CARTESIAN_POINT('',(2.397777928666,-1.));
#3377 = CARTESIAN_POINT('',(2.372117643467,-1.));
#3378 = CARTESIAN_POINT('',(2.346863350745,-1.));
#3379 = CARTESIAN_POINT('',(2.32198766876,-1.));
#3380 = CARTESIAN_POINT('',(2.297464964076,-1.));
#3381 = CARTESIAN_POINT('',(2.273270559771,-1.));
#3382 = CARTESIAN_POINT('',(2.227380139245,-1.));
#3383 = CARTESIAN_POINT('',(2.205639311518,-1.));
#3384 = CARTESIAN_POINT('',(2.184139885584,-1.));
#3385 = CARTESIAN_POINT('',(2.162865576729,-1.));
#3386 = CARTESIAN_POINT('',(2.14180145622,-1.));
#3387 = CARTESIAN_POINT('',(2.120933620811,-1.));
#3388 = CARTESIAN_POINT('',(2.100248862229,-1.));
#3389 = CARTESIAN_POINT('',(2.012137594047,-1.));
#3390 = CARTESIAN_POINT('',(1.946419682833,-1.));
#3391 = CARTESIAN_POINT('',(1.882086894581,-1.));
#3392 = CARTESIAN_POINT('',(1.818808316402,-1.));
#3393 = CARTESIAN_POINT('',(1.756298453184,-1.));
#3394 = CARTESIAN_POINT('',(1.69430212911,-1.));
#3395 = CARTESIAN_POINT('',(1.632562783864,-1.));
#3396 = CARTESIAN_POINT('',(1.51482592993,-1.));
#3397 = CARTESIAN_POINT('',(1.458870663428,-1.));
#3398 = CARTESIAN_POINT('',(1.402725106225,-1.));
#3399 = CARTESIAN_POINT('',(1.346199978066,-1.));
#3400 = CARTESIAN_POINT('',(1.289105698508,-1.));
#3401 = CARTESIAN_POINT('',(1.231235000752,-1.));
#3402 = CARTESIAN_POINT('',(1.172349797626,-1.));
#3403 = CARTESIAN_POINT('',(1.092287747669,-1.));
#3404 = CARTESIAN_POINT('',(1.072308099038,-1.));
#3405 = CARTESIAN_POINT('',(1.052173836057,-1.));
#3406 = CARTESIAN_POINT('',(1.031873614169,-1.));
#3407 = CARTESIAN_POINT('',(1.011395514983,-1.));
#3408 = CARTESIAN_POINT('',(0.990726799566,-1.));
#3409 = CARTESIAN_POINT('',(0.96985366174,-1.));
#3410 = CARTESIAN_POINT('',(0.925500759698,-1.));
#3411 = CARTESIAN_POINT('',(0.90197473279,-1.));
#3412 = CARTESIAN_POINT('',(0.878161843803,-1.));
#3413 = CARTESIAN_POINT('',(0.854040357785,-1.));
#3414 = CARTESIAN_POINT('',(0.82958751973,-1.));
#3415 = CARTESIAN_POINT('',(0.804778904604,-1.));
#3416 = CARTESIAN_POINT('',(0.779587459348,-1.));
#3417 = CARTESIAN_POINT('',(0.727497335886,-1.));
#3418 = CARTESIAN_POINT('',(0.700574373293,-1.));
#3419 = CARTESIAN_POINT('',(0.673176427211,-1.));
#3420 = CARTESIAN_POINT('',(0.645267575544,-1.));
#3421 = CARTESIAN_POINT('',(0.616812287119,-1.));
#3422 = CARTESIAN_POINT('',(0.587774169921,-1.));
#3423 = CARTESIAN_POINT('',(0.558114076388,-1.));
#3424 = CARTESIAN_POINT('',(0.502090687627,-1.));
#3425 = CARTESIAN_POINT('',(0.475921612587,-1.));
#3426 = CARTESIAN_POINT('',(0.449252901933,-1.));
#3427 = CARTESIAN_POINT('',(0.422063210272,-1.));
#3428 = CARTESIAN_POINT('',(0.394336853944,-1.));
#3429 = CARTESIAN_POINT('',(0.366064067169,-1.));
#3430 = CARTESIAN_POINT('',(0.337241946001,-1.));
#3431 = CARTESIAN_POINT('',(0.271709059666,-1.));
#3432 = CARTESIAN_POINT('',(0.234684438787,-1.));
#3433 = CARTESIAN_POINT('',(0.196864259395,-1.));
#3434 = CARTESIAN_POINT('',(0.158334610078,-1.));
#3435 = CARTESIAN_POINT('',(0.119209222985,-1.));
#3436 = CARTESIAN_POINT('',(7.963557750313E-02,-1.));
#3437 = CARTESIAN_POINT('',(3.980896887674E-02,-1.));
#3438 = CARTESIAN_POINT('',(0.,-1.));
#3439 = ( GEOMETRIC_REPRESENTATION_CONTEXT(2) 
PARAMETRIC_REPRESENTATION_CONTEXT() REPRESENTATION_CONTEXT('2D SPACE',''
  ) );
#3440 = PCURVE('',#224,#3441);
#3441 = DEFINITIONAL_REPRESENTATION('',(#3442),#3627);
#3442 = B_SPLINE_CURVE_WITH_KNOTS('',8,(#3443,#3444,#3445,#3446,#3447,
    #3448,#3449,#3450,#3451,#3452,#3453,#3454,#3455,#3456,#3457,#3458,
    #3459,#3460,#3461,#3462,#3463,#3464,#3465,#3466,#3467,#3468,#3469,
    #3470,#3471,#3472,#3473,#3474,#3475,#3476,#3477,#3478,#3479,#3480,
    #3481,#3482,#3483,#3484,#3485,#3486,#3487,#3488,#3489,#3490,#3491,
    #3492,#3493,#3494,#3495,#3496,#3497,#3498,#3499,#3500,#3501,#3502,
    #3503,#3504,#3505,#3506,#3507,#3508,#3509,#3510,#3511,#3512,#3513,
    #3514,#3515,#3516,#3517,#3518,#3519,#3520,#3521,#3522,#3523,#3524,
    #3525,#3526,#3527,#3528,#3529,#3530,#3531,#3532,#3533,#3534,#3535,
    #3536,#3537,#3538,#3539,#3540,#3541,#3542,#3543,#3544,#3545,#3546,
    #3547,#3548,#3549,#3550,#3551,#3552,#3553,#3554,#3555,#3556,#3557,
    #3558,#3559,#3560,#3561,#3562,#3563,#3564,#3565,#3566,#3567,#3568,
    #3569,#3570,#3571,#3572,#3573,#3574,#3575,#3576,#3577,#3578,#3579,
    #3580,#3581,#3582,#3583,#3584,#3585,#3586,#3587,#3588,#3589,#3590,
    #3591,#3592,#3593,#3594,#3595,#3596,#3597,#3598,#3599,#3600,#3601,
    #3602,#3603,#3604,#3605,#3606,#3607,#3608,#3609,#3610,#3611,#3612,
    #3613,#3614,#3615,#3616,#3617,#3618,#3619,#3620,#3621,#3622,#3623,
    #3624,#3625,#3626),.UNSPECIFIED.,.T.,.F.,(9,7,7,7,7,7,7,7,7,7,7,7,7,
    7,7,7,7,7,7,7,7,7,7,7,7,7,9),(0.,3.148497243757E-02,
    5.366380163597E-02,8.787523039711E-02,0.120594909726,0.150726047861,
    0.250010176295,0.339977649495,0.369609361737,0.402286109504,
    0.436085481069,0.464725054722,0.484589034084,0.500017854842,
    0.52046087736,0.53151250959,0.553690150102,0.587899745284,
    0.620617670985,0.650747194226,0.750026001477,0.839988652822,
    0.869618776938,0.902293773377,0.936091333447,0.964729372147,1.),
  .UNSPECIFIED.);
#3443 = CARTESIAN_POINT('',(-11.,32.));
#3444 = CARTESIAN_POINT('',(-11.39075677322,32.));
#3445 = CARTESIAN_POINT('',(-11.78166627365,31.971156373755));
#3446 = CARTESIAN_POINT('',(-12.1698949127,31.913429750198));
#3447 = CARTESIAN_POINT('',(-12.55309974683,31.82771888227));
#3448 = CARTESIAN_POINT('',(-12.9293556788,31.715544177979));
#3449 = CARTESIAN_POINT('',(-13.29710485931,31.578828762425));
#3450 = CARTESIAN_POINT('',(-13.65511974777,31.419739878214));
#3451 = CARTESIAN_POINT('',(-14.24715470457,31.114329862706));
#3452 = CARTESIAN_POINT('',(-14.48666823639,30.978070832735));
#3453 = CARTESIAN_POINT('',(-14.72080067911,30.832491808207));
#3454 = CARTESIAN_POINT('',(-14.94942058565,30.678297600701));
#3455 = CARTESIAN_POINT('',(-15.17246317453,30.516162821532));
#3456 = CARTESIAN_POINT('',(-15.38991970738,30.346716169248));
#3457 = CARTESIAN_POINT('',(-15.601829338,30.170528550078));
#3458 = CARTESIAN_POINT('',(-16.12671889263,29.706711944242));
#3459 = CARTESIAN_POINT('',(-16.43207026846,29.410560307873));
#3460 = CARTESIAN_POINT('',(-16.72469460783,29.101466147015));
#3461 = CARTESIAN_POINT('',(-17.0049845286,28.781026789226));
#3462 = CARTESIAN_POINT('',(-17.27336280956,28.450625994943));
#3463 = CARTESIAN_POINT('',(-17.53028196198,28.11143437447));
#3464 = CARTESIAN_POINT('',(-17.77621878248,27.764405091834));
#3465 = CARTESIAN_POINT('',(-18.23684268291,27.071566490986));
#3466 = CARTESIAN_POINT('',(-18.45237203292,26.726443613856));
#3467 = CARTESIAN_POINT('',(-18.65865600278,26.375587012928));
#3468 = CARTESIAN_POINT('',(-18.85605491169,26.019601748613));
#3469 = CARTESIAN_POINT('',(-19.04489847362,25.659014748443));
#3470 = CARTESIAN_POINT('',(-19.22549444612,25.294279799198));
#3471 = CARTESIAN_POINT('',(-19.39813278676,24.925779935635));
#3472 = CARTESIAN_POINT('',(-19.7149880126,24.211300687977));
#3473 = CARTESIAN_POINT('',(-19.86036327196,23.865868723235));
#3474 = CARTESIAN_POINT('',(-19.99941819445,23.517789004258));
#3475 = CARTESIAN_POINT('',(-20.13234001699,23.167294240375));
#3476 = CARTESIAN_POINT('',(-20.25929863452,22.81459320095));
#3477 = CARTESIAN_POINT('',(-20.38044912031,22.459871738759));
#3478 = CARTESIAN_POINT('',(-20.4959342462,22.103293813367));
#3479 = CARTESIAN_POINT('',(-20.9681887377,20.564408566392));
#3480 = CARTESIAN_POINT('',(-21.27025793418,19.365740660499));
#3481 = CARTESIAN_POINT('',(-21.51709611575,18.153538850853));
#3482 = CARTESIAN_POINT('',(-21.71167796693,16.931530618946));
#3483 = CARTESIAN_POINT('',(-21.85619177088,15.702864780429));
#3484 = CARTESIAN_POINT('',(-21.9520384608,14.47011524054));
#3485 = CARTESIAN_POINT('',(-22.,13.235329141376));
#3486 = CARTESIAN_POINT('',(-22.,10.880592062684));
#3487 = CARTESIAN_POINT('',(-21.96061755239,9.76148701708));
#3488 = CARTESIAN_POINT('',(-21.88189085126,8.643917856456));
#3489 = CARTESIAN_POINT('',(-21.76330725149,7.529438777157));
#3490 = CARTESIAN_POINT('',(-21.60392061759,6.419915105967));
#3491 = CARTESIAN_POINT('',(-21.40227791971,5.317542519387));
#3492 = CARTESIAN_POINT('',(-21.15637252558,4.224857409567));
#3493 = CARTESIAN_POINT('',(-20.76644307785,2.789119019957));
#3494 = CARTESIAN_POINT('',(-20.66470029436,2.434809206662));
#3495 = CARTESIAN_POINT('',(-20.55771457552,2.082023584555));
#3496 = CARTESIAN_POINT('',(-20.4453688256,1.730895173505));
#3497 = CARTESIAN_POINT('',(-20.32753543547,1.381573051187));
#3498 = CARTESIAN_POINT('',(-20.20407438628,1.034223036232));
#3499 = CARTESIAN_POINT('',(-20.07483135313,0.68902837138));
#3500 = CARTESIAN_POINT('',(-19.79054720171,-3.187852192571E-02));
#3501 = CARTESIAN_POINT('',(-19.63422722762,-0.40706178514));
#3502 = CARTESIAN_POINT('',(-19.47044287487,-0.779102382213));
#3503 = CARTESIAN_POINT('',(-19.29894306317,-1.14768989844));
#3504 = CARTESIAN_POINT('',(-19.1194583335,-1.512460366561));
#3505 = CARTESIAN_POINT('',(-18.93169697777,-1.872994304489));
#3506 = CARTESIAN_POINT('',(-18.73533760801,-2.228812929437));
#3507 = CARTESIAN_POINT('',(-18.31764488418,-2.941975794705));
#3508 = CARTESIAN_POINT('',(-18.09572241885,-3.298888495986));
#3509 = CARTESIAN_POINT('',(-17.86383238161,-3.649553599215));
#3510 = CARTESIAN_POINT('',(-17.62154937543,-3.993252835082));
#3511 = CARTESIAN_POINT('',(-17.36844659227,-4.329110997545));
#3512 = CARTESIAN_POINT('',(-17.1040945299,-4.656094706947));
#3513 = CARTESIAN_POINT('',(-16.82805282721,-4.973005656748));
#3514 = CARTESIAN_POINT('',(-16.29565373514,-5.537299225036));
#3515 = CARTESIAN_POINT('',(-16.04278416868,-5.787847237916));
#3516 = CARTESIAN_POINT('',(-15.78096260048,-6.029288087755));
#3517 = CARTESIAN_POINT('',(-15.50997497193,-6.260618962074));
#3518 = CARTESIAN_POINT('',(-15.22968931028,-6.48067295966));
#3519 = CARTESIAN_POINT('',(-14.94007422378,-6.688142107866));
#3520 = CARTESIAN_POINT('',(-14.64122366551,-6.881608968224));
#3521 = CARTESIAN_POINT('',(-14.11987773508,-7.183029610006));
#3522 = CARTESIAN_POINT('',(-13.90206465245,-7.299010191778));
#3523 = CARTESIAN_POINT('',(-13.68006742271,-7.40701552314));
#3524 = CARTESIAN_POINT('',(-13.45405989588,-7.506516696197));
#3525 = CARTESIAN_POINT('',(-13.22427654775,-7.596982226043));
#3526 = CARTESIAN_POINT('',(-12.99101983134,-7.677896265416));
#3527 = CARTESIAN_POINT('',(-12.75466939933,-7.748781755651));
#3528 = CARTESIAN_POINT('',(-12.3300747514,-7.856178935192));
#3529 = CARTESIAN_POINT('',(-12.1428609326,-7.896834446485));
#3530 = CARTESIAN_POINT('',(-11.95428212127,-7.930999161365));
#3531 = CARTESIAN_POINT('',(-11.76458294469,-7.958507988662));
#3532 = CARTESIAN_POINT('',(-11.57402274543,-7.979230910455));
#3533 = CARTESIAN_POINT('',(-11.38287604965,-7.993077260059));
#3534 = CARTESIAN_POINT('',(-11.19143303522,-8.));
#3535 = CARTESIAN_POINT('',(-10.74635327541,-8.));
#3536 = CARTESIAN_POINT('',(-10.49267275113,-7.9878466477));
#3537 = CARTESIAN_POINT('',(-10.23969240397,-7.963534400466));
#3538 = CARTESIAN_POINT('',(-9.988082583481,-7.927212973798));
#3539 = CARTESIAN_POINT('',(-9.73845398003,-7.879161271188));
#3540 = CARTESIAN_POINT('',(-9.491361085145,-7.819764892924));
#3541 = CARTESIAN_POINT('',(-9.247305143992,-7.749497223825));
#3542 = CARTESIAN_POINT('',(-8.876683665375,-7.625334927833));
#3543 = CARTESIAN_POINT('',(-8.747637314001,-7.57874380565));
#3544 = CARTESIAN_POINT('',(-8.619660894404,-7.529213317353));
#3545 = CARTESIAN_POINT('',(-8.492810008684,-7.476829698427));
#3546 = CARTESIAN_POINT('',(-8.367132976614,-7.42168171091));
#3547 = CARTESIAN_POINT('',(-8.242671299652,-7.363859518449));
#3548 = CARTESIAN_POINT('',(-8.119460124939,-7.303453561368));
#3549 = CARTESIAN_POINT('',(-7.752845295424,-7.114329862707));
#3550 = CARTESIAN_POINT('',(-7.51333176361,-6.978070832735));
#3551 = CARTESIAN_POINT('',(-7.279199320882,-6.832491808208));
#3552 = CARTESIAN_POINT('',(-7.050579414348,-6.678297600702));
#3553 = CARTESIAN_POINT('',(-6.827536825467,-6.516162821533));
#3554 = CARTESIAN_POINT('',(-6.610080292618,-6.346716169248));
#3555 = CARTESIAN_POINT('',(-6.398170661999,-6.170528550079));
#3556 = CARTESIAN_POINT('',(-5.873281107369,-5.706711944243));
#3557 = CARTESIAN_POINT('',(-5.56792973154,-5.410560307874));
#3558 = CARTESIAN_POINT('',(-5.275305392168,-5.101466147016));
#3559 = CARTESIAN_POINT('',(-4.995015471394,-4.781026789227));
#3560 = CARTESIAN_POINT('',(-4.726637190432,-4.450625994944));
#3561 = CARTESIAN_POINT('',(-4.469718038013,-4.111434374472));
#3562 = CARTESIAN_POINT('',(-4.223781217514,-3.764405091835));
#3563 = CARTESIAN_POINT('',(-3.763157317089,-3.071566490988));
#3564 = CARTESIAN_POINT('',(-3.547627967077,-2.726443613856));
#3565 = CARTESIAN_POINT('',(-3.341343997216,-2.37558701293));
#3566 = CARTESIAN_POINT('',(-3.143945088309,-2.019601748615));
#3567 = CARTESIAN_POINT('',(-2.955101526376,-1.659014748444));
#3568 = CARTESIAN_POINT('',(-2.774505553872,-1.294279799199));
#3569 = CARTESIAN_POINT('',(-2.601867213235,-0.925779935637));
#3570 = CARTESIAN_POINT('',(-2.285011987399,-0.211300687978));
#3571 = CARTESIAN_POINT('',(-2.139636728037,0.134131276764));
#3572 = CARTESIAN_POINT('',(-2.000581805541,0.482210995741));
#3573 = CARTESIAN_POINT('',(-1.867659983004,0.832705759624));
#3574 = CARTESIAN_POINT('',(-1.740701365473,1.185406799049));
#3575 = CARTESIAN_POINT('',(-1.619550879685,1.54012826124));
#3576 = CARTESIAN_POINT('',(-1.504065753791,1.896706186632));
#3577 = CARTESIAN_POINT('',(-1.031811262298,3.435591433607));
#3578 = CARTESIAN_POINT('',(-0.729742065816,4.634259339492));
#3579 = CARTESIAN_POINT('',(-0.482903884231,5.846461149172));
#3580 = CARTESIAN_POINT('',(-0.288322033087,7.068469381013));
#3581 = CARTESIAN_POINT('',(-0.143808229101,8.297135219603));
#3582 = CARTESIAN_POINT('',(-4.796153919851E-02,9.529884759445));
#3583 = CARTESIAN_POINT('',(-8.171241461241E-14,10.764670858626));
#3584 = CARTESIAN_POINT('',(7.460698725481E-14,13.119407937305));
#3585 = CARTESIAN_POINT('',(-3.93824476019E-02,14.238512982959));
#3586 = CARTESIAN_POINT('',(-0.118109148731,15.356082143473));
#3587 = CARTESIAN_POINT('',(-0.236692748507,16.470561222919));
#3588 = CARTESIAN_POINT('',(-0.396079382395,17.580084893983));
#3589 = CARTESIAN_POINT('',(-0.597722080291,18.682457480632));
#3590 = CARTESIAN_POINT('',(-0.84362747441,19.77514259043));
#3591 = CARTESIAN_POINT('',(-1.233556922146,21.210880980043));
#3592 = CARTESIAN_POINT('',(-1.335299705633,21.565190793339));
#3593 = CARTESIAN_POINT('',(-1.442285424475,21.917976415445));
#3594 = CARTESIAN_POINT('',(-1.554631174399,22.269104826495));
#3595 = CARTESIAN_POINT('',(-1.672464564529,22.618426948813));
#3596 = CARTESIAN_POINT('',(-1.795925613717,22.965776963768));
#3597 = CARTESIAN_POINT('',(-1.925168646861,23.310971628621));
#3598 = CARTESIAN_POINT('',(-2.209452798282,24.031878521926));
#3599 = CARTESIAN_POINT('',(-2.365772772379,24.407061785141));
#3600 = CARTESIAN_POINT('',(-2.529557125123,24.779102382214));
#3601 = CARTESIAN_POINT('',(-2.701056936824,25.14768989844));
#3602 = CARTESIAN_POINT('',(-2.880541666493,25.512460366561));
#3603 = CARTESIAN_POINT('',(-3.068303022227,25.872994304489));
#3604 = CARTESIAN_POINT('',(-3.264662391989,26.228812929438));
#3605 = CARTESIAN_POINT('',(-3.682355115814,26.941975794706));
#3606 = CARTESIAN_POINT('',(-3.904277581143,27.298888495986));
#3607 = CARTESIAN_POINT('',(-4.136167618385,27.649553599215));
#3608 = CARTESIAN_POINT('',(-4.378450624564,27.993252835083));
#3609 = CARTESIAN_POINT('',(-4.631553407727,28.329110997545));
#3610 = CARTESIAN_POINT('',(-4.895905470099,28.656094706947));
#3611 = CARTESIAN_POINT('',(-5.171947172787,28.973005656749));
#3612 = CARTESIAN_POINT('',(-5.70434626486,29.537299225036));
#3613 = CARTESIAN_POINT('',(-5.957215831317,29.787847237917));
#3614 = CARTESIAN_POINT('',(-6.219037399514,30.029288087756));
#3615 = CARTESIAN_POINT('',(-6.490025028069,30.260618962074));
#3616 = CARTESIAN_POINT('',(-6.77031068972,30.48067295966));
#3617 = CARTESIAN_POINT('',(-7.059925776218,30.688142107867));
#3618 = CARTESIAN_POINT('',(-7.358776334487,30.881608968224));
#3619 = CARTESIAN_POINT('',(-8.045742690033,31.278784485835));
#3620 = CARTESIAN_POINT('',(-8.43884645335,31.474687113518));
#3621 = CARTESIAN_POINT('',(-8.844931223933,31.644118197156));
#3622 = CARTESIAN_POINT('',(-9.262552810404,31.783938913904));
#3623 = CARTESIAN_POINT('',(-9.689756229529,31.89127518056));
#3624 = CARTESIAN_POINT('',(-10.12400857845,31.96377696631));
#3625 = CARTESIAN_POINT('',(-10.56210134235,32.));
#3626 = CARTESIAN_POINT('',(-11.,32.));
#3627 = ( GEOMETRIC_REPRESENTATION_CONTEXT(2) 
PARAMETRIC_REPRESENTATION_CONTEXT() REPRESENTATION_CONTEXT('2D SPACE',''
  ) );
#3628 = ORIENTED_EDGE('',*,*,#3629,.T.);
#3629 = EDGE_CURVE('',#3064,#762,#3630,.T.);
#3630 = SEAM_CURVE('',#3631,(#3635,#3642),.PCURVE_S1.);
#3631 = LINE('',#3632,#3633);
#3632 = CARTESIAN_POINT('',(20.,17.5,-46.));
#3633 = VECTOR('',#3634,1.);
#3634 = DIRECTION('',(0.,-1.,2.22044604925E-16));
#3635 = PCURVE('',#1139,#3636);
#3636 = DEFINITIONAL_REPRESENTATION('',(#3637),#3641);
#3637 = LINE('',#3638,#3639);
#3638 = CARTESIAN_POINT('',(6.28318530718,0.));
#3639 = VECTOR('',#3640,1.);
#3640 = DIRECTION('',(0.,-1.));
#3641 = ( GEOMETRIC_REPRESENTATION_CONTEXT(2) 
PARAMETRIC_REPRESENTATION_CONTEXT() REPRESENTATION_CONTEXT('2D SPACE',''
  ) );
#3642 = PCURVE('',#1139,#3643);
#3643 = DEFINITIONAL_REPRESENTATION('',(#3644),#3648);
#3644 = LINE('',#3645,#3646);
#3645 = CARTESIAN_POINT('',(0.,0.));
#3646 = VECTOR('',#3647,1.);
#3647 = DIRECTION('',(0.,-1.));
#3648 = ( GEOMETRIC_REPRESENTATION_CONTEXT(2) 
PARAMETRIC_REPRESENTATION_CONTEXT() REPRESENTATION_CONTEXT('2D SPACE',''
  ) );
#3649 = ORIENTED_EDGE('',*,*,#1335,.F.);
#3650 = ORIENTED_EDGE('',*,*,#3651,.T.);
#3651 = EDGE_CURVE('',#1336,#3652,#3654,.T.);
#3652 = VERTEX_POINT('',#3653);
#3653 = CARTESIAN_POINT('',(3.116859351332,2.5,-35.13439972774));
#3654 = SURFACE_CURVE('',#3655,(#3688,#3724),.PCURVE_S1.);
#3655 = B_SPLINE_CURVE_WITH_KNOTS('',7,(#3656,#3657,#3658,#3659,#3660,
    #3661,#3662,#3663,#3664,#3665,#3666,#3667,#3668,#3669,#3670,#3671,
    #3672,#3673,#3674,#3675,#3676,#3677,#3678,#3679,#3680,#3681,#3682,
    #3683,#3684,#3685,#3686,#3687),.UNSPECIFIED.,.F.,.F.,(8,6,6,6,6,8),(
    0.,0.284335815944,0.417468389188,0.660041767335,0.747149962146,1.),
  .UNSPECIFIED.);
#3656 = CARTESIAN_POINT('',(8.883141272987,2.4999988,-36.14456166169));
#3657 = CARTESIAN_POINT('',(8.767677111306,2.721931970942,
    -36.11307959681));
#3658 = CARTESIAN_POINT('',(8.630472313737,2.936975200014,
    -36.07626449502));
#3659 = CARTESIAN_POINT('',(8.470848145675,3.143680316519,-36.0343267854
    ));
#3660 = CARTESIAN_POINT('',(8.288049832572,3.339720266698,
    -35.98757632886));
#3661 = CARTESIAN_POINT('',(8.081578860862,3.522027210221,
    -35.93653020461));
#3662 = CARTESIAN_POINT('',(7.851410423679,3.686901293082,
    -35.88193756332));
#3663 = CARTESIAN_POINT('',(7.47942377692,3.896957946299,-35.79791263805
    ));
#3664 = CARTESIAN_POINT('',(7.355800926255,3.959115088315,
    -35.77055892717));
#3665 = CARTESIAN_POINT('',(7.227333528711,4.015956584033,
    -35.74276151852));
#3666 = CARTESIAN_POINT('',(7.094269783494,4.066962283624,
    -35.71465559612));
#3667 = CARTESIAN_POINT('',(6.956973615286,4.111596948609,
    -35.68639607305));
#3668 = CARTESIAN_POINT('',(6.815952717417,4.149349099606,
    -35.65815504366));
#3669 = CARTESIAN_POINT('',(6.409421305593,4.235250178313,-35.5790334527
    ));
#3670 = CARTESIAN_POINT('',(6.135696177664,4.266683040837,
    -35.52839762984));
#3671 = CARTESIAN_POINT('',(5.856963647937,4.270630045458,
    -35.47977815259));
#3672 = CARTESIAN_POINT('',(5.579114754983,4.246335281334,
    -35.43430794834));
#3673 = CARTESIAN_POINT('',(5.307650227592,4.194743428498,
    -35.39266898398));
#3674 = CARTESIAN_POINT('',(5.04761212996,4.118403650823,-35.35519231354
    ));
#3675 = CARTESIAN_POINT('',(4.715722318924,3.986976152546,
    -35.31002982348));
#3676 = CARTESIAN_POINT('',(4.629929258136,3.949567605201,
    -35.29862512143));
#3677 = CARTESIAN_POINT('',(4.546163144116,3.909629418751,
    -35.28774358426));
#3678 = CARTESIAN_POINT('',(4.464522939861,3.867317936799,
    -35.27737513525));
#3679 = CARTESIAN_POINT('',(4.385081925511,3.822788378099,
    -35.26750583684));
#3680 = CARTESIAN_POINT('',(4.307891406385,3.776190610534,
    -35.25811917717));
#3681 = CARTESIAN_POINT('',(4.015550985206,3.586808815932,-35.2232998778
    ));
#3682 = CARTESIAN_POINT('',(3.817639060334,3.429891717828,
    -35.20135240415));
#3683 = CARTESIAN_POINT('',(3.639503446682,3.260130259248,-35.1828429733
    ));
#3684 = CARTESIAN_POINT('',(3.480952753334,3.080285500174,
    -35.16728326103));
#3685 = CARTESIAN_POINT('',(3.341456200284,2.892621401822,
    -35.15424497371));
#3686 = CARTESIAN_POINT('',(3.220309344084,2.698840788268,
    -35.14337647861));
#3687 = CARTESIAN_POINT('',(3.116858727013,2.4999988,-35.13439967227));
#3688 = PCURVE('',#1139,#3689);
#3689 = DEFINITIONAL_REPRESENTATION('',(#3690),#3723);
#3690 = B_SPLINE_CURVE_WITH_KNOTS('',7,(#3691,#3692,#3693,#3694,#3695,
    #3696,#3697,#3698,#3699,#3700,#3701,#3702,#3703,#3704,#3705,#3706,
    #3707,#3708,#3709,#3710,#3711,#3712,#3713,#3714,#3715,#3716,#3717,
    #3718,#3719,#3720,#3721,#3722),.UNSPECIFIED.,.F.,.F.,(8,6,6,6,6,8),(
    0.,0.284335815944,0.417468389188,0.660041767335,0.747149962146,1.),
  .UNSPECIFIED.);
#3691 = CARTESIAN_POINT('',(1.110563116398,-15.0000012));
#3692 = CARTESIAN_POINT('',(1.117006796197,-14.77806802905));
#3693 = CARTESIAN_POINT('',(1.124639738521,-14.56302479998));
#3694 = CARTESIAN_POINT('',(1.133484284414,-14.35631968348));
#3695 = CARTESIAN_POINT('',(1.143562915796,-14.1602797333));
#3696 = CARTESIAN_POINT('',(1.15487963071,-13.97797278977));
#3697 = CARTESIAN_POINT('',(1.16741066919,-13.81309870691));
#3698 = CARTESIAN_POINT('',(1.187517479606,-13.6030420537));
#3699 = CARTESIAN_POINT('',(1.194179904058,-13.54088491168));
#3700 = CARTESIAN_POINT('',(1.201082151147,-13.48404341596));
#3701 = CARTESIAN_POINT('',(1.208208650028,-13.43303771637));
#3702 = CARTESIAN_POINT('',(1.215537969228,-13.38840305139));
#3703 = CARTESIAN_POINT('',(1.223041565696,-13.35065090039));
#3704 = CARTESIAN_POINT('',(1.244603265031,-13.26474982168));
#3705 = CARTESIAN_POINT('',(1.259041150184,-13.23331695916));
#3706 = CARTESIAN_POINT('',(1.273658307092,-13.22936995454));
#3707 = CARTESIAN_POINT('',(1.288148633517,-13.25366471866));
#3708 = CARTESIAN_POINT('',(1.30223697454,-13.3052565715));
#3709 = CARTESIAN_POINT('',(1.315676574848,-13.38159634917));
#3710 = CARTESIAN_POINT('',(1.332771420049,-13.51302384745));
#3711 = CARTESIAN_POINT('',(1.337184524412,-13.55043239479));
#3712 = CARTESIAN_POINT('',(1.341487976435,-13.59037058124));
#3713 = CARTESIAN_POINT('',(1.345677310873,-13.6326820632));
#3714 = CARTESIAN_POINT('',(1.349749362577,-13.6772116219));
#3715 = CARTESIAN_POINT('',(1.353702061119,-13.72380938946));
#3716 = CARTESIAN_POINT('',(1.36865789623,-13.91319118406));
#3717 = CARTESIAN_POINT('',(1.378751600284,-14.07010828217));
#3718 = CARTESIAN_POINT('',(1.38781499745,-14.23986974075));
#3719 = CARTESIAN_POINT('',(1.39586717644,-14.41971449982));
#3720 = CARTESIAN_POINT('',(1.402941745262,-14.60737859817));
#3721 = CARTESIAN_POINT('',(1.409079056573,-14.80115921173));
#3722 = CARTESIAN_POINT('',(1.414315567918,-15.0000012));
#3723 = ( GEOMETRIC_REPRESENTATION_CONTEXT(2) 
PARAMETRIC_REPRESENTATION_CONTEXT() REPRESENTATION_CONTEXT('2D SPACE',''
  ) );
#3724 = PCURVE('',#1916,#3725);
#3725 = DEFINITIONAL_REPRESENTATION('',(#3726),#3759);
#3726 = B_SPLINE_CURVE_WITH_KNOTS('',7,(#3727,#3728,#3729,#3730,#3731,
    #3732,#3733,#3734,#3735,#3736,#3737,#3738,#3739,#3740,#3741,#3742,
    #3743,#3744,#3745,#3746,#3747,#3748,#3749,#3750,#3751,#3752,#3753,
    #3754,#3755,#3756,#3757,#3758),.UNSPECIFIED.,.F.,.F.,(8,6,6,6,6,8),(
    0.,0.284335815944,0.417468389188,0.660041767335,0.747149962146,1.),
  .UNSPECIFIED.);
#3727 = CARTESIAN_POINT('',(0.479728221463,24.855438338301));
#3728 = CARTESIAN_POINT('',(0.556704390831,24.886920403183));
#3729 = CARTESIAN_POINT('',(0.634887245542,24.923735504974));
#3730 = CARTESIAN_POINT('',(0.714723272095,24.965673214593));
#3731 = CARTESIAN_POINT('',(0.796533279283,25.012423671135));
#3732 = CARTESIAN_POINT('',(0.880606120141,25.063469795383));
#3733 = CARTESIAN_POINT('',(0.967218903522,25.118062436674));
#3734 = CARTESIAN_POINT('',(1.098664345369,25.202087361945));
#3735 = CARTESIAN_POINT('',(1.141190155507,25.229441072829));
#3736 = CARTESIAN_POINT('',(1.18433020356,25.257238481478));
#3737 = CARTESIAN_POINT('',(1.228074793031,25.28534440388));
#3738 = CARTESIAN_POINT('',(1.272398413902,25.313603926949));
#3739 = CARTESIAN_POINT('',(1.317253492958,25.341844956338));
#3740 = CARTESIAN_POINT('',(1.445102066155,25.4209665473));
#3741 = CARTESIAN_POINT('',(1.529505072326,25.471602370157));
#3742 = CARTESIAN_POINT('',(1.614586271376,25.520221847407));
#3743 = CARTESIAN_POINT('',(1.699626842894,25.565692051655));
#3744 = CARTESIAN_POINT('',(1.783993035533,25.607331016019));
#3745 = CARTESIAN_POINT('',(1.867032644452,25.644807686452));
#3746 = CARTESIAN_POINT('',(1.976868038872,25.689970176516));
#3747 = CARTESIAN_POINT('',(2.005649410061,25.701374878561));
#3748 = CARTESIAN_POINT('',(2.034177508069,25.71225641574));
#3749 = CARTESIAN_POINT('',(2.062443097276,25.722624864742));
#3750 = CARTESIAN_POINT('',(2.090441158798,25.732494163151));
#3751 = CARTESIAN_POINT('',(2.118170316284,25.741880822825));
#3752 = CARTESIAN_POINT('',(2.225346391501,25.776700122191));
#3753 = CARTESIAN_POINT('',(2.302706461182,25.798647595847));
#3754 = CARTESIAN_POINT('',(2.377934135528,25.817157026697));
#3755 = CARTESIAN_POINT('',(2.451228590095,25.832716738966));
#3756 = CARTESIAN_POINT('',(2.522798370291,25.84575502629));
#3757 = CARTESIAN_POINT('',(2.592897298906,25.856623521382));
#3758 = CARTESIAN_POINT('',(2.661864432127,25.865600327729));
#3759 = ( GEOMETRIC_REPRESENTATION_CONTEXT(2) 
PARAMETRIC_REPRESENTATION_CONTEXT() REPRESENTATION_CONTEXT('2D SPACE',''
  ) );
#3760 = ORIENTED_EDGE('',*,*,#3761,.F.);
#3761 = EDGE_CURVE('',#3762,#3652,#3764,.T.);
#3762 = VERTEX_POINT('',#3763);
#3763 = CARTESIAN_POINT('',(-3.116859351332,2.5,-35.13439972406));
#3764 = SURFACE_CURVE('',#3765,(#3950,#4138),.PCURVE_S1.);
#3765 = B_SPLINE_CURVE_WITH_KNOTS('',8,(#3766,#3767,#3768,#3769,#3770,
    #3771,#3772,#3773,#3774,#3775,#3776,#3777,#3778,#3779,#3780,#3781,
    #3782,#3783,#3784,#3785,#3786,#3787,#3788,#3789,#3790,#3791,#3792,
    #3793,#3794,#3795,#3796,#3797,#3798,#3799,#3800,#3801,#3802,#3803,
    #3804,#3805,#3806,#3807,#3808,#3809,#3810,#3811,#3812,#3813,#3814,
    #3815,#3816,#3817,#3818,#3819,#3820,#3821,#3822,#3823,#3824,#3825,
    #3826,#3827,#3828,#3829,#3830,#3831,#3832,#3833,#3834,#3835,#3836,
    #3837,#3838,#3839,#3840,#3841,#3842,#3843,#3844,#3845,#3846,#3847,
    #3848,#3849,#3850,#3851,#3852,#3853,#3854,#3855,#3856,#3857,#3858,
    #3859,#3860,#3861,#3862,#3863,#3864,#3865,#3866,#3867,#3868,#3869,
    #3870,#3871,#3872,#3873,#3874,#3875,#3876,#3877,#3878,#3879,#3880,
    #3881,#3882,#3883,#3884,#3885,#3886,#3887,#3888,#3889,#3890,#3891,
    #3892,#3893,#3894,#3895,#3896,#3897,#3898,#3899,#3900,#3901,#3902,
    #3903,#3904,#3905,#3906,#3907,#3908,#3909,#3910,#3911,#3912,#3913,
    #3914,#3915,#3916,#3917,#3918,#3919,#3920,#3921,#3922,#3923,#3924,
    #3925,#3926,#3927,#3928,#3929,#3930,#3931,#3932,#3933,#3934,#3935,
    #3936,#3937,#3938,#3939,#3940,#3941,#3942,#3943,#3944,#3945,#3946,
    #3947,#3948,#3949),.UNSPECIFIED.,.T.,.F.,(9,7,7,7,7,7,7,7,7,7,7,7,7,
    7,7,7,7,7,7,7,7,7,7,7,7,7,9),(0.,3.148497243757E-02,
    5.366380163597E-02,8.787523039711E-02,0.120594909726,0.150726047861,
    0.250010176295,0.339977649495,0.369609361737,0.402286109504,
    0.436085481069,0.464725054722,0.484589034084,0.500017854842,
    0.52046087736,0.53151250959,0.553690150102,0.587899745284,
    0.620617670985,0.650747194226,0.750026001477,0.839988652822,
    0.869618776938,0.902293773377,0.936091333447,0.964729372147,1.),
  .UNSPECIFIED.);
#3766 = CARTESIAN_POINT('',(20.,2.5,-46.));
#3767 = CARTESIAN_POINT('',(20.,2.5,-46.39075677322));
#3768 = CARTESIAN_POINT('',(19.971156373755,2.5,-46.78166627365));
#3769 = CARTESIAN_POINT('',(19.913429750198,2.5,-47.1698949127));
#3770 = CARTESIAN_POINT('',(19.82771888227,2.5,-47.55309974683));
#3771 = CARTESIAN_POINT('',(19.715544177979,2.5,-47.9293556788));
#3772 = CARTESIAN_POINT('',(19.578828762425,2.5,-48.29710485931));
#3773 = CARTESIAN_POINT('',(19.419739878214,2.5,-48.65511974777));
#3774 = CARTESIAN_POINT('',(19.114329862706,2.5,-49.24715470457));
#3775 = CARTESIAN_POINT('',(18.978070832735,2.5,-49.48666823639));
#3776 = CARTESIAN_POINT('',(18.832491808207,2.5,-49.72080067911));
#3777 = CARTESIAN_POINT('',(18.678297600701,2.5,-49.94942058565));
#3778 = CARTESIAN_POINT('',(18.516162821532,2.5,-50.17246317453));
#3779 = CARTESIAN_POINT('',(18.346716169248,2.5,-50.38991970738));
#3780 = CARTESIAN_POINT('',(18.170528550078,2.5,-50.601829338));
#3781 = CARTESIAN_POINT('',(17.706711944242,2.5,-51.12671889263));
#3782 = CARTESIAN_POINT('',(17.410560307873,2.5,-51.43207026846));
#3783 = CARTESIAN_POINT('',(17.101466147015,2.5,-51.72469460783));
#3784 = CARTESIAN_POINT('',(16.781026789226,2.5,-52.0049845286));
#3785 = CARTESIAN_POINT('',(16.450625994943,2.5,-52.27336280956));
#3786 = CARTESIAN_POINT('',(16.11143437447,2.5,-52.53028196198));
#3787 = CARTESIAN_POINT('',(15.764405091834,2.5,-52.77621878248));
#3788 = CARTESIAN_POINT('',(15.071566490986,2.5,-53.23684268291));
#3789 = CARTESIAN_POINT('',(14.726443613856,2.5,-53.45237203292));
#3790 = CARTESIAN_POINT('',(14.375587012928,2.5,-53.65865600278));
#3791 = CARTESIAN_POINT('',(14.019601748613,2.5,-53.85605491169));
#3792 = CARTESIAN_POINT('',(13.659014748443,2.5,-54.04489847362));
#3793 = CARTESIAN_POINT('',(13.294279799198,2.5,-54.22549444612));
#3794 = CARTESIAN_POINT('',(12.925779935635,2.5,-54.39813278676));
#3795 = CARTESIAN_POINT('',(12.211300687977,2.5,-54.7149880126));
#3796 = CARTESIAN_POINT('',(11.865868723235,2.5,-54.86036327196));
#3797 = CARTESIAN_POINT('',(11.517789004258,2.5,-54.99941819445));
#3798 = CARTESIAN_POINT('',(11.167294240375,2.5,-55.13234001699));
#3799 = CARTESIAN_POINT('',(10.81459320095,2.5,-55.25929863452));
#3800 = CARTESIAN_POINT('',(10.459871738759,2.5,-55.38044912031));
#3801 = CARTESIAN_POINT('',(10.103293813367,2.5,-55.4959342462));
#3802 = CARTESIAN_POINT('',(8.564408566392,2.5,-55.9681887377));
#3803 = CARTESIAN_POINT('',(7.365740660499,2.5,-56.27025793418));
#3804 = CARTESIAN_POINT('',(6.153538850853,2.5,-56.51709611575));
#3805 = CARTESIAN_POINT('',(4.931530618946,2.5,-56.71167796693));
#3806 = CARTESIAN_POINT('',(3.702864780429,2.5,-56.85619177088));
#3807 = CARTESIAN_POINT('',(2.47011524054,2.5,-56.9520384608));
#3808 = CARTESIAN_POINT('',(1.235329141376,2.5,-57.));
#3809 = CARTESIAN_POINT('',(-1.119407937316,2.5,-57.));
#3810 = CARTESIAN_POINT('',(-2.23851298292,2.5,-56.96061755239));
#3811 = CARTESIAN_POINT('',(-3.356082143544,2.5,-56.88189085126));
#3812 = CARTESIAN_POINT('',(-4.470561222843,2.5,-56.76330725149));
#3813 = CARTESIAN_POINT('',(-5.580084894033,2.5,-56.60392061759));
#3814 = CARTESIAN_POINT('',(-6.682457480613,2.5,-56.40227791971));
#3815 = CARTESIAN_POINT('',(-7.775142590433,2.5,-56.15637252558));
#3816 = CARTESIAN_POINT('',(-9.210880980043,2.5,-55.76644307785));
#3817 = CARTESIAN_POINT('',(-9.565190793338,2.5,-55.66470029436));
#3818 = CARTESIAN_POINT('',(-9.917976415445,2.5,-55.55771457552));
#3819 = CARTESIAN_POINT('',(-10.26910482649,2.5,-55.4453688256));
#3820 = CARTESIAN_POINT('',(-10.61842694881,2.5,-55.32753543547));
#3821 = CARTESIAN_POINT('',(-10.96577696376,2.5,-55.20407438628));
#3822 = CARTESIAN_POINT('',(-11.31097162862,2.5,-55.07483135313));
#3823 = CARTESIAN_POINT('',(-12.03187852192,2.5,-54.79054720171));
#3824 = CARTESIAN_POINT('',(-12.40706178514,2.5,-54.63422722762));
#3825 = CARTESIAN_POINT('',(-12.77910238221,2.5,-54.47044287487));
#3826 = CARTESIAN_POINT('',(-13.14768989844,2.5,-54.29894306317));
#3827 = CARTESIAN_POINT('',(-13.51246036656,2.5,-54.1194583335));
#3828 = CARTESIAN_POINT('',(-13.87299430448,2.5,-53.93169697777));
#3829 = CARTESIAN_POINT('',(-14.22881292943,2.5,-53.73533760801));
#3830 = CARTESIAN_POINT('',(-14.9419757947,2.5,-53.31764488418));
#3831 = CARTESIAN_POINT('',(-15.29888849598,2.5,-53.09572241885));
#3832 = CARTESIAN_POINT('',(-15.64955359921,2.5,-52.86383238161));
#3833 = CARTESIAN_POINT('',(-15.99325283508,2.5,-52.62154937543));
#3834 = CARTESIAN_POINT('',(-16.32911099754,2.5,-52.36844659227));
#3835 = CARTESIAN_POINT('',(-16.65609470694,2.5,-52.1040945299));
#3836 = CARTESIAN_POINT('',(-16.97300565674,2.5,-51.82805282721));
#3837 = CARTESIAN_POINT('',(-17.53729922503,2.5,-51.29565373514));
#3838 = CARTESIAN_POINT('',(-17.78784723791,2.5,-51.04278416868));
#3839 = CARTESIAN_POINT('',(-18.02928808775,2.5,-50.78096260048));
#3840 = CARTESIAN_POINT('',(-18.26061896207,2.5,-50.50997497193));
#3841 = CARTESIAN_POINT('',(-18.48067295966,2.5,-50.22968931028));
#3842 = CARTESIAN_POINT('',(-18.68814210786,2.5,-49.94007422378));
#3843 = CARTESIAN_POINT('',(-18.88160896822,2.5,-49.64122366551));
#3844 = CARTESIAN_POINT('',(-19.18302961,2.5,-49.11987773508));
#3845 = CARTESIAN_POINT('',(-19.29901019177,2.5,-48.90206465245));
#3846 = CARTESIAN_POINT('',(-19.40701552314,2.5,-48.68006742271));
#3847 = CARTESIAN_POINT('',(-19.50651669619,2.5,-48.45405989588));
#3848 = CARTESIAN_POINT('',(-19.59698222604,2.5,-48.22427654775));
#3849 = CARTESIAN_POINT('',(-19.67789626541,2.5,-47.99101983134));
#3850 = CARTESIAN_POINT('',(-19.74878175565,2.5,-47.75466939933));
#3851 = CARTESIAN_POINT('',(-19.85617893519,2.5,-47.3300747514));
#3852 = CARTESIAN_POINT('',(-19.89683444648,2.5,-47.1428609326));
#3853 = CARTESIAN_POINT('',(-19.93099916136,2.5,-46.95428212127));
#3854 = CARTESIAN_POINT('',(-19.95850798866,2.5,-46.76458294469));
#3855 = CARTESIAN_POINT('',(-19.97923091045,2.5,-46.57402274543));
#3856 = CARTESIAN_POINT('',(-19.99307726005,2.5,-46.38287604965));
#3857 = CARTESIAN_POINT('',(-20.,2.5,-46.19143303522));
#3858 = CARTESIAN_POINT('',(-20.,2.5,-45.74635327541));
#3859 = CARTESIAN_POINT('',(-19.9878466477,2.5,-45.49267275113));
#3860 = CARTESIAN_POINT('',(-19.96353440046,2.5,-45.23969240397));
#3861 = CARTESIAN_POINT('',(-19.92721297379,2.5,-44.98808258348));
#3862 = CARTESIAN_POINT('',(-19.87916127118,2.5,-44.73845398003));
#3863 = CARTESIAN_POINT('',(-19.81976489292,2.5,-44.49136108514));
#3864 = CARTESIAN_POINT('',(-19.74949722382,2.5,-44.24730514399));
#3865 = CARTESIAN_POINT('',(-19.62533492783,2.5,-43.87668366537));
#3866 = CARTESIAN_POINT('',(-19.57874380565,2.5,-43.747637314));
#3867 = CARTESIAN_POINT('',(-19.52921331735,2.5,-43.6196608944));
#3868 = CARTESIAN_POINT('',(-19.47682969842,2.5,-43.49281000868));
#3869 = CARTESIAN_POINT('',(-19.42168171091,2.5,-43.36713297661));
#3870 = CARTESIAN_POINT('',(-19.36385951844,2.5,-43.24267129965));
#3871 = CARTESIAN_POINT('',(-19.30345356136,2.5,-43.11946012493));
#3872 = CARTESIAN_POINT('',(-19.1143298627,2.5,-42.75284529542));
#3873 = CARTESIAN_POINT('',(-18.97807083273,2.5,-42.51333176361));
#3874 = CARTESIAN_POINT('',(-18.8324918082,2.5,-42.27919932088));
#3875 = CARTESIAN_POINT('',(-18.6782976007,2.5,-42.05057941434));
#3876 = CARTESIAN_POINT('',(-18.51616282153,2.5,-41.82753682546));
#3877 = CARTESIAN_POINT('',(-18.34671616924,2.5,-41.61008029261));
#3878 = CARTESIAN_POINT('',(-18.17052855007,2.5,-41.39817066199));
#3879 = CARTESIAN_POINT('',(-17.70671194424,2.5,-40.87328110736));
#3880 = CARTESIAN_POINT('',(-17.41056030787,2.5,-40.56792973154));
#3881 = CARTESIAN_POINT('',(-17.10146614701,2.5,-40.27530539216));
#3882 = CARTESIAN_POINT('',(-16.78102678922,2.5,-39.99501547139));
#3883 = CARTESIAN_POINT('',(-16.45062599494,2.5,-39.72663719043));
#3884 = CARTESIAN_POINT('',(-16.11143437447,2.5,-39.46971803801));
#3885 = CARTESIAN_POINT('',(-15.76440509183,2.5,-39.22378121751));
#3886 = CARTESIAN_POINT('',(-15.07156649098,2.5,-38.76315731708));
#3887 = CARTESIAN_POINT('',(-14.72644361385,2.5,-38.54762796707));
#3888 = CARTESIAN_POINT('',(-14.37558701293,2.5,-38.34134399721));
#3889 = CARTESIAN_POINT('',(-14.01960174861,2.5,-38.1439450883));
#3890 = CARTESIAN_POINT('',(-13.65901474844,2.5,-37.95510152637));
#3891 = CARTESIAN_POINT('',(-13.29427979919,2.5,-37.77450555387));
#3892 = CARTESIAN_POINT('',(-12.92577993563,2.5,-37.60186721323));
#3893 = CARTESIAN_POINT('',(-12.21130068797,2.5,-37.28501198739));
#3894 = CARTESIAN_POINT('',(-11.86586872323,2.5,-37.13963672803));
#3895 = CARTESIAN_POINT('',(-11.51778900425,2.5,-37.00058180554));
#3896 = CARTESIAN_POINT('',(-11.16729424037,2.5,-36.867659983));
#3897 = CARTESIAN_POINT('',(-10.81459320095,2.5,-36.74070136547));
#3898 = CARTESIAN_POINT('',(-10.45987173876,2.5,-36.61955087968));
#3899 = CARTESIAN_POINT('',(-10.10329381336,2.5,-36.50406575379));
#3900 = CARTESIAN_POINT('',(-8.564408566393,2.5,-36.03181126229));
#3901 = CARTESIAN_POINT('',(-7.365740660508,2.5,-35.72974206581));
#3902 = CARTESIAN_POINT('',(-6.153538850828,2.5,-35.48290388423));
#3903 = CARTESIAN_POINT('',(-4.931530618987,2.5,-35.28832203308));
#3904 = CARTESIAN_POINT('',(-3.702864780397,2.5,-35.1438082291));
#3905 = CARTESIAN_POINT('',(-2.470115240555,2.5,-35.04796153919));
#3906 = CARTESIAN_POINT('',(-1.235329141374,2.5,-35.));
#3907 = CARTESIAN_POINT('',(1.119407937305,2.5,-35.));
#3908 = CARTESIAN_POINT('',(2.238512982959,2.5,-35.0393824476));
#3909 = CARTESIAN_POINT('',(3.356082143473,2.5,-35.11810914873));
#3910 = CARTESIAN_POINT('',(4.470561222919,2.5,-35.2366927485));
#3911 = CARTESIAN_POINT('',(5.580084893983,2.5,-35.39607938239));
#3912 = CARTESIAN_POINT('',(6.682457480632,2.5,-35.59772208029));
#3913 = CARTESIAN_POINT('',(7.77514259043,2.5,-35.84362747441));
#3914 = CARTESIAN_POINT('',(9.210880980043,2.5,-36.23355692214));
#3915 = CARTESIAN_POINT('',(9.565190793339,2.5,-36.33529970563));
#3916 = CARTESIAN_POINT('',(9.917976415445,2.5,-36.44228542447));
#3917 = CARTESIAN_POINT('',(10.269104826495,2.5,-36.55463117439));
#3918 = CARTESIAN_POINT('',(10.618426948813,2.5,-36.67246456452));
#3919 = CARTESIAN_POINT('',(10.965776963768,2.5,-36.79592561371));
#3920 = CARTESIAN_POINT('',(11.310971628621,2.5,-36.92516864686));
#3921 = CARTESIAN_POINT('',(12.031878521926,2.5,-37.20945279828));
#3922 = CARTESIAN_POINT('',(12.407061785141,2.5,-37.36577277237));
#3923 = CARTESIAN_POINT('',(12.779102382214,2.5,-37.52955712512));
#3924 = CARTESIAN_POINT('',(13.14768989844,2.5,-37.70105693682));
#3925 = CARTESIAN_POINT('',(13.512460366561,2.5,-37.88054166649));
#3926 = CARTESIAN_POINT('',(13.872994304489,2.5,-38.06830302222));
#3927 = CARTESIAN_POINT('',(14.228812929438,2.5,-38.26466239198));
#3928 = CARTESIAN_POINT('',(14.941975794706,2.5,-38.68235511581));
#3929 = CARTESIAN_POINT('',(15.298888495986,2.5,-38.90427758114));
#3930 = CARTESIAN_POINT('',(15.649553599215,2.5,-39.13616761838));
#3931 = CARTESIAN_POINT('',(15.993252835083,2.5,-39.37845062456));
#3932 = CARTESIAN_POINT('',(16.329110997545,2.5,-39.63155340772));
#3933 = CARTESIAN_POINT('',(16.656094706947,2.5,-39.89590547009));
#3934 = CARTESIAN_POINT('',(16.973005656749,2.5,-40.17194717278));
#3935 = CARTESIAN_POINT('',(17.537299225036,2.5,-40.70434626486));
#3936 = CARTESIAN_POINT('',(17.787847237917,2.5,-40.95721583131));
#3937 = CARTESIAN_POINT('',(18.029288087756,2.5,-41.21903739951));
#3938 = CARTESIAN_POINT('',(18.260618962074,2.5,-41.49002502806));
#3939 = CARTESIAN_POINT('',(18.48067295966,2.5,-41.77031068972));
#3940 = CARTESIAN_POINT('',(18.688142107867,2.5,-42.05992577621));
#3941 = CARTESIAN_POINT('',(18.881608968224,2.5,-42.35877633448));
#3942 = CARTESIAN_POINT('',(19.278784485835,2.5,-43.04574269003));
#3943 = CARTESIAN_POINT('',(19.474687113518,2.5,-43.43884645335));
#3944 = CARTESIAN_POINT('',(19.644118197156,2.5,-43.84493122393));
#3945 = CARTESIAN_POINT('',(19.783938913904,2.5,-44.2625528104));
#3946 = CARTESIAN_POINT('',(19.89127518056,2.5,-44.68975622952));
#3947 = CARTESIAN_POINT('',(19.96377696631,2.5,-45.12400857845));
#3948 = CARTESIAN_POINT('',(20.,2.5,-45.56210134235));
#3949 = CARTESIAN_POINT('',(20.,2.5,-46.));
#3950 = PCURVE('',#1139,#3951);
#3951 = DEFINITIONAL_REPRESENTATION('',(#3952),#4137);
#3952 = B_SPLINE_CURVE_WITH_KNOTS('',8,(#3953,#3954,#3955,#3956,#3957,
    #3958,#3959,#3960,#3961,#3962,#3963,#3964,#3965,#3966,#3967,#3968,
    #3969,#3970,#3971,#3972,#3973,#3974,#3975,#3976,#3977,#3978,#3979,
    #3980,#3981,#3982,#3983,#3984,#3985,#3986,#3987,#3988,#3989,#3990,
    #3991,#3992,#3993,#3994,#3995,#3996,#3997,#3998,#3999,#4000,#4001,
    #4002,#4003,#4004,#4005,#4006,#4007,#4008,#4009,#4010,#4011,#4012,
    #4013,#4014,#4015,#4016,#4017,#4018,#4019,#4020,#4021,#4022,#4023,
    #4024,#4025,#4026,#4027,#4028,#4029,#4030,#4031,#4032,#4033,#4034,
    #4035,#4036,#4037,#4038,#4039,#4040,#4041,#4042,#4043,#4044,#4045,
    #4046,#4047,#4048,#4049,#4050,#4051,#4052,#4053,#4054,#4055,#4056,
    #4057,#4058,#4059,#4060,#4061,#4062,#4063,#4064,#4065,#4066,#4067,
    #4068,#4069,#4070,#4071,#4072,#4073,#4074,#4075,#4076,#4077,#4078,
    #4079,#4080,#4081,#4082,#4083,#4084,#4085,#4086,#4087,#4088,#4089,
    #4090,#4091,#4092,#4093,#4094,#4095,#4096,#4097,#4098,#4099,#4100,
    #4101,#4102,#4103,#4104,#4105,#4106,#4107,#4108,#4109,#4110,#4111,
    #4112,#4113,#4114,#4115,#4116,#4117,#4118,#4119,#4120,#4121,#4122,
    #4123,#4124,#4125,#4126,#4127,#4128,#4129,#4130,#4131,#4132,#4133,
    #4134,#4135,#4136),.UNSPECIFIED.,.F.,.F.,(9,7,7,7,7,7,7,7,7,7,7,7,7,
    7,7,7,7,7,7,7,7,7,7,7,7,7,9),(0.,3.148497243757E-02,
    5.366380163597E-02,8.787523039711E-02,0.120594909726,0.150726047861,
    0.250010176295,0.339977649495,0.369609361737,0.402286109504,
    0.436085481069,0.464725054722,0.484589034084,0.500017854842,
    0.52046087736,0.53151250959,0.553690150102,0.587899745284,
    0.620617670985,0.650747194226,0.750026001477,0.839988652822,
    0.869618776938,0.902293773377,0.936091333447,0.964729372147,1.),
  .UNSPECIFIED.);
#3953 = CARTESIAN_POINT('',(6.28318530718,-15.));
#3954 = CARTESIAN_POINT('',(6.247661964159,-15.));
#3955 = CARTESIAN_POINT('',(6.212124738936,-15.));
#3956 = CARTESIAN_POINT('',(6.176762909683,-15.));
#3957 = CARTESIAN_POINT('',(6.141720972153,-15.));
#3958 = CARTESIAN_POINT('',(6.107113053391,-15.));
#3959 = CARTESIAN_POINT('',(6.07303107674,-15.));
#3960 = CARTESIAN_POINT('',(6.039548963129,-15.));
#3961 = CARTESIAN_POINT('',(5.983603213023,-15.));
#3962 = CARTESIAN_POINT('',(5.960796457744,-15.));
#3963 = CARTESIAN_POINT('',(5.938314274785,-15.));
#3964 = CARTESIAN_POINT('',(5.916161121893,-15.));
#3965 = CARTESIAN_POINT('',(5.894337396186,-15.));
#3966 = CARTESIAN_POINT('',(5.872840012762,-15.));
#3967 = CARTESIAN_POINT('',(5.851662693361,-15.));
#3968 = CARTESIAN_POINT('',(5.798608486533,-15.));
#3969 = CARTESIAN_POINT('',(5.767169066623,-15.));
#3970 = CARTESIAN_POINT('',(5.736436607243,-15.));
#3971 = CARTESIAN_POINT('',(5.706372952056,-15.));
#3972 = CARTESIAN_POINT('',(5.676940656029,-15.));
#3973 = CARTESIAN_POINT('',(5.648101241446,-15.));
#3974 = CARTESIAN_POINT('',(5.61981394034,-15.));
#3975 = CARTESIAN_POINT('',(5.56546717806,-15.));
#3976 = CARTESIAN_POINT('',(5.539370582255,-15.));
#3977 = CARTESIAN_POINT('',(5.513710297057,-15.));
#3978 = CARTESIAN_POINT('',(5.488456004334,-15.));
#3979 = CARTESIAN_POINT('',(5.46358032235,-15.));
#3980 = CARTESIAN_POINT('',(5.439057617666,-15.));
#3981 = CARTESIAN_POINT('',(5.414863213361,-15.));
#3982 = CARTESIAN_POINT('',(5.368972792834,-15.));
#3983 = CARTESIAN_POINT('',(5.347231965107,-15.));
#3984 = CARTESIAN_POINT('',(5.325732539174,-15.));
#3985 = CARTESIAN_POINT('',(5.304458230318,-15.));
#3986 = CARTESIAN_POINT('',(5.28339410981,-15.));
#3987 = CARTESIAN_POINT('',(5.262526274401,-15.));
#3988 = CARTESIAN_POINT('',(5.241841515818,-15.));
#3989 = CARTESIAN_POINT('',(5.153730247637,-15.));
#3990 = CARTESIAN_POINT('',(5.088012336422,-15.));
#3991 = CARTESIAN_POINT('',(5.023679548171,-15.));
#3992 = CARTESIAN_POINT('',(4.960400969992,-15.));
#3993 = CARTESIAN_POINT('',(4.897891106774,-15.));
#3994 = CARTESIAN_POINT('',(4.8358947827,-15.));
#3995 = CARTESIAN_POINT('',(4.774155437453,-15.));
#3996 = CARTESIAN_POINT('',(4.656418583519,-15.));
#3997 = CARTESIAN_POINT('',(4.60046331702,-15.));
#3998 = CARTESIAN_POINT('',(4.544317759811,-15.));
#3999 = CARTESIAN_POINT('',(4.48779263166,-15.));
#4000 = CARTESIAN_POINT('',(4.430698352096,-15.));
#4001 = CARTESIAN_POINT('',(4.372827654343,-15.));
#4002 = CARTESIAN_POINT('',(4.313942451216,-15.));
#4003 = CARTESIAN_POINT('',(4.233880401259,-15.));
#4004 = CARTESIAN_POINT('',(4.213900752628,-15.));
#4005 = CARTESIAN_POINT('',(4.193766489647,-15.));
#4006 = CARTESIAN_POINT('',(4.173466267759,-15.));
#4007 = CARTESIAN_POINT('',(4.152988168573,-15.));
#4008 = CARTESIAN_POINT('',(4.132319453155,-15.));
#4009 = CARTESIAN_POINT('',(4.11144631533,-15.));
#4010 = CARTESIAN_POINT('',(4.067093413288,-15.));
#4011 = CARTESIAN_POINT('',(4.04356738638,-15.));
#4012 = CARTESIAN_POINT('',(4.019754497393,-15.));
#4013 = CARTESIAN_POINT('',(3.995633011375,-15.));
#4014 = CARTESIAN_POINT('',(3.97118017332,-15.));
#4015 = CARTESIAN_POINT('',(3.946371558193,-15.));
#4016 = CARTESIAN_POINT('',(3.921180112937,-15.));
#4017 = CARTESIAN_POINT('',(3.869089989475,-15.));
#4018 = CARTESIAN_POINT('',(3.842167026883,-15.));
#4019 = CARTESIAN_POINT('',(3.814769080801,-15.));
#4020 = CARTESIAN_POINT('',(3.786860229134,-15.));
#4021 = CARTESIAN_POINT('',(3.758404940709,-15.));
#4022 = CARTESIAN_POINT('',(3.729366823511,-15.));
#4023 = CARTESIAN_POINT('',(3.699706729978,-15.));
#4024 = CARTESIAN_POINT('',(3.643683341217,-15.));
#4025 = CARTESIAN_POINT('',(3.617514266177,-15.));
#4026 = CARTESIAN_POINT('',(3.590845555522,-15.));
#4027 = CARTESIAN_POINT('',(3.563655863862,-15.));
#4028 = CARTESIAN_POINT('',(3.535929507533,-15.));
#4029 = CARTESIAN_POINT('',(3.507656720759,-15.));
#4030 = CARTESIAN_POINT('',(3.478834599591,-15.));
#4031 = CARTESIAN_POINT('',(3.42910100882,-15.));
#4032 = CARTESIAN_POINT('',(3.408473577205,-15.));
#4033 = CARTESIAN_POINT('',(3.387591607072,-15.));
#4034 = CARTESIAN_POINT('',(3.366463941929,-15.));
#4035 = CARTESIAN_POINT('',(3.345103314502,-15.));
#4036 = CARTESIAN_POINT('',(3.323526879027,-15.));
#4037 = CARTESIAN_POINT('',(3.301757061853,-15.));
#4038 = CARTESIAN_POINT('',(3.262785818303,-15.));
#4039 = CARTESIAN_POINT('',(3.245648617005,-15.));
#4040 = CARTESIAN_POINT('',(3.228425708829,-15.));
#4041 = CARTESIAN_POINT('',(3.211132331842,-15.));
#4042 = CARTESIAN_POINT('',(3.193784572792,-15.));
#4043 = CARTESIAN_POINT('',(3.176399560089,-15.));
#4044 = CARTESIAN_POINT('',(3.158995656792,-15.));
#4045 = CARTESIAN_POINT('',(3.118533860445,-15.));
#4046 = CARTESIAN_POINT('',(3.095471996068,-15.));
#4047 = CARTESIAN_POINT('',(3.072455096125,-15.));
#4048 = CARTESIAN_POINT('',(3.04952540935,-15.));
#4049 = CARTESIAN_POINT('',(3.026720571581,-15.));
#4050 = CARTESIAN_POINT('',(3.004074540781,-15.));
#4051 = CARTESIAN_POINT('',(2.981618293061,-15.));
#4052 = CARTESIAN_POINT('',(2.947358263604,-15.));
#4053 = CARTESIAN_POINT('',(2.935398861852,-15.));
#4054 = CARTESIAN_POINT('',(2.923505834129,-15.));
#4055 = CARTESIAN_POINT('',(2.91168240467,-15.));
#4056 = CARTESIAN_POINT('',(2.899931299517,-15.));
#4057 = CARTESIAN_POINT('',(2.888254783785,-15.));
#4058 = CARTESIAN_POINT('',(2.876654698942,-15.));
#4059 = CARTESIAN_POINT('',(2.842010559433,-15.));
#4060 = CARTESIAN_POINT('',(2.819203804154,-15.));
#4061 = CARTESIAN_POINT('',(2.796721621195,-15.));
#4062 = CARTESIAN_POINT('',(2.774568468304,-15.));
#4063 = CARTESIAN_POINT('',(2.752744742596,-15.));
#4064 = CARTESIAN_POINT('',(2.731247359172,-15.));
#4065 = CARTESIAN_POINT('',(2.710070039771,-15.));
#4066 = CARTESIAN_POINT('',(2.657015832943,-15.));
#4067 = CARTESIAN_POINT('',(2.625576413033,-15.));
#4068 = CARTESIAN_POINT('',(2.594843953654,-15.));
#4069 = CARTESIAN_POINT('',(2.564780298466,-15.));
#4070 = CARTESIAN_POINT('',(2.53534800244,-15.));
#4071 = CARTESIAN_POINT('',(2.506508587856,-15.));
#4072 = CARTESIAN_POINT('',(2.478221286751,-15.));
#4073 = CARTESIAN_POINT('',(2.423874524471,-15.));
#4074 = CARTESIAN_POINT('',(2.397777928666,-15.));
#4075 = CARTESIAN_POINT('',(2.372117643467,-15.));
#4076 = CARTESIAN_POINT('',(2.346863350745,-15.));
#4077 = CARTESIAN_POINT('',(2.32198766876,-15.));
#4078 = CARTESIAN_POINT('',(2.297464964076,-15.));
#4079 = CARTESIAN_POINT('',(2.273270559771,-15.));
#4080 = CARTESIAN_POINT('',(2.227380139245,-15.));
#4081 = CARTESIAN_POINT('',(2.205639311518,-15.));
#4082 = CARTESIAN_POINT('',(2.184139885584,-15.));
#4083 = CARTESIAN_POINT('',(2.162865576729,-15.));
#4084 = CARTESIAN_POINT('',(2.14180145622,-15.));
#4085 = CARTESIAN_POINT('',(2.120933620811,-15.));
#4086 = CARTESIAN_POINT('',(2.100248862229,-15.));
#4087 = CARTESIAN_POINT('',(2.012137594047,-15.));
#4088 = CARTESIAN_POINT('',(1.946419682833,-15.));
#4089 = CARTESIAN_POINT('',(1.882086894581,-15.));
#4090 = CARTESIAN_POINT('',(1.818808316402,-15.));
#4091 = CARTESIAN_POINT('',(1.756298453184,-15.));
#4092 = CARTESIAN_POINT('',(1.69430212911,-15.));
#4093 = CARTESIAN_POINT('',(1.632562783864,-15.));
#4094 = CARTESIAN_POINT('',(1.51482592993,-15.));
#4095 = CARTESIAN_POINT('',(1.458870663428,-15.));
#4096 = CARTESIAN_POINT('',(1.402725106225,-15.));
#4097 = CARTESIAN_POINT('',(1.346199978066,-15.));
#4098 = CARTESIAN_POINT('',(1.289105698508,-15.));
#4099 = CARTESIAN_POINT('',(1.231235000752,-15.));
#4100 = CARTESIAN_POINT('',(1.172349797626,-15.));
#4101 = CARTESIAN_POINT('',(1.092287747669,-15.));
#4102 = CARTESIAN_POINT('',(1.072308099038,-15.));
#4103 = CARTESIAN_POINT('',(1.052173836057,-15.));
#4104 = CARTESIAN_POINT('',(1.031873614169,-15.));
#4105 = CARTESIAN_POINT('',(1.011395514983,-15.));
#4106 = CARTESIAN_POINT('',(0.990726799566,-15.));
#4107 = CARTESIAN_POINT('',(0.96985366174,-15.));
#4108 = CARTESIAN_POINT('',(0.925500759698,-15.));
#4109 = CARTESIAN_POINT('',(0.90197473279,-15.));
#4110 = CARTESIAN_POINT('',(0.878161843803,-15.));
#4111 = CARTESIAN_POINT('',(0.854040357785,-15.));
#4112 = CARTESIAN_POINT('',(0.82958751973,-15.));
#4113 = CARTESIAN_POINT('',(0.804778904604,-15.));
#4114 = CARTESIAN_POINT('',(0.779587459348,-15.));
#4115 = CARTESIAN_POINT('',(0.727497335886,-15.));
#4116 = CARTESIAN_POINT('',(0.700574373293,-15.));
#4117 = CARTESIAN_POINT('',(0.673176427211,-15.));
#4118 = CARTESIAN_POINT('',(0.645267575544,-15.));
#4119 = CARTESIAN_POINT('',(0.616812287119,-15.));
#4120 = CARTESIAN_POINT('',(0.587774169921,-15.));
#4121 = CARTESIAN_POINT('',(0.558114076388,-15.));
#4122 = CARTESIAN_POINT('',(0.502090687627,-15.));
#4123 = CARTESIAN_POINT('',(0.475921612587,-15.));
#4124 = CARTESIAN_POINT('',(0.449252901933,-15.));
#4125 = CARTESIAN_POINT('',(0.422063210272,-15.));
#4126 = CARTESIAN_POINT('',(0.394336853944,-15.));
#4127 = CARTESIAN_POINT('',(0.366064067169,-15.));
#4128 = CARTESIAN_POINT('',(0.337241946001,-15.));
#4129 = CARTESIAN_POINT('',(0.271709059666,-15.));
#4130 = CARTESIAN_POINT('',(0.234684438787,-15.));
#4131 = CARTESIAN_POINT('',(0.196864259395,-15.));
#4132 = CARTESIAN_POINT('',(0.158334610078,-15.));
#4133 = CARTESIAN_POINT('',(0.119209222985,-15.));
#4134 = CARTESIAN_POINT('',(7.963557750313E-02,-15.));
#4135 = CARTESIAN_POINT('',(3.980896887674E-02,-15.));
#4136 = CARTESIAN_POINT('',(0.,-15.));
#4137 = ( GEOMETRIC_REPRESENTATION_CONTEXT(2) 
PARAMETRIC_REPRESENTATION_CONTEXT() REPRESENTATION_CONTEXT('2D SPACE',''
  ) );
#4138 = PCURVE('',#4139,#4144);
#4139 = PLANE('',#4140);
#4140 = AXIS2_PLACEMENT_3D('',#4141,#4142,#4143);
#4141 = CARTESIAN_POINT('',(-12.,2.5,-35.));
#4142 = DIRECTION('',(-0.,1.,0.));
#4143 = DIRECTION('',(0.,0.,1.));
#4144 = DEFINITIONAL_REPRESENTATION('',(#4145),#4330);
#4145 = B_SPLINE_CURVE_WITH_KNOTS('',8,(#4146,#4147,#4148,#4149,#4150,
    #4151,#4152,#4153,#4154,#4155,#4156,#4157,#4158,#4159,#4160,#4161,
    #4162,#4163,#4164,#4165,#4166,#4167,#4168,#4169,#4170,#4171,#4172,
    #4173,#4174,#4175,#4176,#4177,#4178,#4179,#4180,#4181,#4182,#4183,
    #4184,#4185,#4186,#4187,#4188,#4189,#4190,#4191,#4192,#4193,#4194,
    #4195,#4196,#4197,#4198,#4199,#4200,#4201,#4202,#4203,#4204,#4205,
    #4206,#4207,#4208,#4209,#4210,#4211,#4212,#4213,#4214,#4215,#4216,
    #4217,#4218,#4219,#4220,#4221,#4222,#4223,#4224,#4225,#4226,#4227,
    #4228,#4229,#4230,#4231,#4232,#4233,#4234,#4235,#4236,#4237,#4238,
    #4239,#4240,#4241,#4242,#4243,#4244,#4245,#4246,#4247,#4248,#4249,
    #4250,#4251,#4252,#4253,#4254,#4255,#4256,#4257,#4258,#4259,#4260,
    #4261,#4262,#4263,#4264,#4265,#4266,#4267,#4268,#4269,#4270,#4271,
    #4272,#4273,#4274,#4275,#4276,#4277,#4278,#4279,#4280,#4281,#4282,
    #4283,#4284,#4285,#4286,#4287,#4288,#4289,#4290,#4291,#4292,#4293,
    #4294,#4295,#4296,#4297,#4298,#4299,#4300,#4301,#4302,#4303,#4304,
    #4305,#4306,#4307,#4308,#4309,#4310,#4311,#4312,#4313,#4314,#4315,
    #4316,#4317,#4318,#4319,#4320,#4321,#4322,#4323,#4324,#4325,#4326,
    #4327,#4328,#4329),.UNSPECIFIED.,.T.,.F.,(9,7,7,7,7,7,7,7,7,7,7,7,7,
    7,7,7,7,7,7,7,7,7,7,7,7,7,9),(0.,3.148497243757E-02,
    5.366380163597E-02,8.787523039711E-02,0.120594909726,0.150726047861,
    0.250010176295,0.339977649495,0.369609361737,0.402286109504,
    0.436085481069,0.464725054722,0.484589034084,0.500017854842,
    0.52046087736,0.53151250959,0.553690150102,0.587899745284,
    0.620617670985,0.650747194226,0.750026001477,0.839988652822,
    0.869618776938,0.902293773377,0.936091333447,0.964729372147,1.),
  .UNSPECIFIED.);
#4146 = CARTESIAN_POINT('',(-11.,32.));
#4147 = CARTESIAN_POINT('',(-11.39075677322,32.));
#4148 = CARTESIAN_POINT('',(-11.78166627365,31.971156373755));
#4149 = CARTESIAN_POINT('',(-12.1698949127,31.913429750198));
#4150 = CARTESIAN_POINT('',(-12.55309974683,31.82771888227));
#4151 = CARTESIAN_POINT('',(-12.9293556788,31.715544177979));
#4152 = CARTESIAN_POINT('',(-13.29710485931,31.578828762425));
#4153 = CARTESIAN_POINT('',(-13.65511974777,31.419739878214));
#4154 = CARTESIAN_POINT('',(-14.24715470457,31.114329862706));
#4155 = CARTESIAN_POINT('',(-14.48666823639,30.978070832735));
#4156 = CARTESIAN_POINT('',(-14.72080067911,30.832491808207));
#4157 = CARTESIAN_POINT('',(-14.94942058565,30.678297600701));
#4158 = CARTESIAN_POINT('',(-15.17246317453,30.516162821532));
#4159 = CARTESIAN_POINT('',(-15.38991970738,30.346716169248));
#4160 = CARTESIAN_POINT('',(-15.601829338,30.170528550078));
#4161 = CARTESIAN_POINT('',(-16.12671889263,29.706711944242));
#4162 = CARTESIAN_POINT('',(-16.43207026846,29.410560307873));
#4163 = CARTESIAN_POINT('',(-16.72469460783,29.101466147015));
#4164 = CARTESIAN_POINT('',(-17.0049845286,28.781026789226));
#4165 = CARTESIAN_POINT('',(-17.27336280956,28.450625994943));
#4166 = CARTESIAN_POINT('',(-17.53028196198,28.11143437447));
#4167 = CARTESIAN_POINT('',(-17.77621878248,27.764405091834));
#4168 = CARTESIAN_POINT('',(-18.23684268291,27.071566490986));
#4169 = CARTESIAN_POINT('',(-18.45237203292,26.726443613856));
#4170 = CARTESIAN_POINT('',(-18.65865600278,26.375587012928));
#4171 = CARTESIAN_POINT('',(-18.85605491169,26.019601748613));
#4172 = CARTESIAN_POINT('',(-19.04489847362,25.659014748443));
#4173 = CARTESIAN_POINT('',(-19.22549444612,25.294279799198));
#4174 = CARTESIAN_POINT('',(-19.39813278676,24.925779935635));
#4175 = CARTESIAN_POINT('',(-19.7149880126,24.211300687977));
#4176 = CARTESIAN_POINT('',(-19.86036327196,23.865868723235));
#4177 = CARTESIAN_POINT('',(-19.99941819445,23.517789004258));
#4178 = CARTESIAN_POINT('',(-20.13234001699,23.167294240375));
#4179 = CARTESIAN_POINT('',(-20.25929863452,22.81459320095));
#4180 = CARTESIAN_POINT('',(-20.38044912031,22.459871738759));
#4181 = CARTESIAN_POINT('',(-20.4959342462,22.103293813367));
#4182 = CARTESIAN_POINT('',(-20.9681887377,20.564408566392));
#4183 = CARTESIAN_POINT('',(-21.27025793418,19.365740660499));
#4184 = CARTESIAN_POINT('',(-21.51709611575,18.153538850853));
#4185 = CARTESIAN_POINT('',(-21.71167796693,16.931530618946));
#4186 = CARTESIAN_POINT('',(-21.85619177088,15.702864780429));
#4187 = CARTESIAN_POINT('',(-21.9520384608,14.47011524054));
#4188 = CARTESIAN_POINT('',(-22.,13.235329141376));
#4189 = CARTESIAN_POINT('',(-22.,10.880592062684));
#4190 = CARTESIAN_POINT('',(-21.96061755239,9.76148701708));
#4191 = CARTESIAN_POINT('',(-21.88189085126,8.643917856456));
#4192 = CARTESIAN_POINT('',(-21.76330725149,7.529438777157));
#4193 = CARTESIAN_POINT('',(-21.60392061759,6.419915105967));
#4194 = CARTESIAN_POINT('',(-21.40227791971,5.317542519387));
#4195 = CARTESIAN_POINT('',(-21.15637252558,4.224857409567));
#4196 = CARTESIAN_POINT('',(-20.76644307785,2.789119019957));
#4197 = CARTESIAN_POINT('',(-20.66470029436,2.434809206662));
#4198 = CARTESIAN_POINT('',(-20.55771457552,2.082023584555));
#4199 = CARTESIAN_POINT('',(-20.4453688256,1.730895173505));
#4200 = CARTESIAN_POINT('',(-20.32753543547,1.381573051187));
#4201 = CARTESIAN_POINT('',(-20.20407438628,1.034223036232));
#4202 = CARTESIAN_POINT('',(-20.07483135313,0.68902837138));
#4203 = CARTESIAN_POINT('',(-19.79054720171,-3.187852192571E-02));
#4204 = CARTESIAN_POINT('',(-19.63422722762,-0.40706178514));
#4205 = CARTESIAN_POINT('',(-19.47044287487,-0.779102382213));
#4206 = CARTESIAN_POINT('',(-19.29894306317,-1.14768989844));
#4207 = CARTESIAN_POINT('',(-19.1194583335,-1.512460366561));
#4208 = CARTESIAN_POINT('',(-18.93169697777,-1.872994304489));
#4209 = CARTESIAN_POINT('',(-18.73533760801,-2.228812929437));
#4210 = CARTESIAN_POINT('',(-18.31764488418,-2.941975794705));
#4211 = CARTESIAN_POINT('',(-18.09572241885,-3.298888495986));
#4212 = CARTESIAN_POINT('',(-17.86383238161,-3.649553599215));
#4213 = CARTESIAN_POINT('',(-17.62154937543,-3.993252835082));
#4214 = CARTESIAN_POINT('',(-17.36844659227,-4.329110997545));
#4215 = CARTESIAN_POINT('',(-17.1040945299,-4.656094706947));
#4216 = CARTESIAN_POINT('',(-16.82805282721,-4.973005656748));
#4217 = CARTESIAN_POINT('',(-16.29565373514,-5.537299225036));
#4218 = CARTESIAN_POINT('',(-16.04278416868,-5.787847237916));
#4219 = CARTESIAN_POINT('',(-15.78096260048,-6.029288087755));
#4220 = CARTESIAN_POINT('',(-15.50997497193,-6.260618962074));
#4221 = CARTESIAN_POINT('',(-15.22968931028,-6.48067295966));
#4222 = CARTESIAN_POINT('',(-14.94007422378,-6.688142107866));
#4223 = CARTESIAN_POINT('',(-14.64122366551,-6.881608968224));
#4224 = CARTESIAN_POINT('',(-14.11987773508,-7.183029610006));
#4225 = CARTESIAN_POINT('',(-13.90206465245,-7.299010191778));
#4226 = CARTESIAN_POINT('',(-13.68006742271,-7.40701552314));
#4227 = CARTESIAN_POINT('',(-13.45405989588,-7.506516696197));
#4228 = CARTESIAN_POINT('',(-13.22427654775,-7.596982226043));
#4229 = CARTESIAN_POINT('',(-12.99101983134,-7.677896265416));
#4230 = CARTESIAN_POINT('',(-12.75466939933,-7.748781755651));
#4231 = CARTESIAN_POINT('',(-12.3300747514,-7.856178935192));
#4232 = CARTESIAN_POINT('',(-12.1428609326,-7.896834446485));
#4233 = CARTESIAN_POINT('',(-11.95428212127,-7.930999161365));
#4234 = CARTESIAN_POINT('',(-11.76458294469,-7.958507988662));
#4235 = CARTESIAN_POINT('',(-11.57402274543,-7.979230910455));
#4236 = CARTESIAN_POINT('',(-11.38287604965,-7.993077260059));
#4237 = CARTESIAN_POINT('',(-11.19143303522,-8.));
#4238 = CARTESIAN_POINT('',(-10.74635327541,-8.));
#4239 = CARTESIAN_POINT('',(-10.49267275113,-7.9878466477));
#4240 = CARTESIAN_POINT('',(-10.23969240397,-7.963534400466));
#4241 = CARTESIAN_POINT('',(-9.988082583481,-7.927212973798));
#4242 = CARTESIAN_POINT('',(-9.73845398003,-7.879161271188));
#4243 = CARTESIAN_POINT('',(-9.491361085145,-7.819764892924));
#4244 = CARTESIAN_POINT('',(-9.247305143992,-7.749497223825));
#4245 = CARTESIAN_POINT('',(-8.876683665375,-7.625334927833));
#4246 = CARTESIAN_POINT('',(-8.747637314001,-7.57874380565));
#4247 = CARTESIAN_POINT('',(-8.619660894404,-7.529213317353));
#4248 = CARTESIAN_POINT('',(-8.492810008684,-7.476829698427));
#4249 = CARTESIAN_POINT('',(-8.367132976614,-7.42168171091));
#4250 = CARTESIAN_POINT('',(-8.242671299652,-7.363859518449));
#4251 = CARTESIAN_POINT('',(-8.119460124939,-7.303453561368));
#4252 = CARTESIAN_POINT('',(-7.752845295424,-7.114329862707));
#4253 = CARTESIAN_POINT('',(-7.51333176361,-6.978070832735));
#4254 = CARTESIAN_POINT('',(-7.279199320882,-6.832491808208));
#4255 = CARTESIAN_POINT('',(-7.050579414348,-6.678297600702));
#4256 = CARTESIAN_POINT('',(-6.827536825467,-6.516162821533));
#4257 = CARTESIAN_POINT('',(-6.610080292618,-6.346716169248));
#4258 = CARTESIAN_POINT('',(-6.398170661999,-6.170528550079));
#4259 = CARTESIAN_POINT('',(-5.873281107369,-5.706711944243));
#4260 = CARTESIAN_POINT('',(-5.56792973154,-5.410560307874));
#4261 = CARTESIAN_POINT('',(-5.275305392168,-5.101466147016));
#4262 = CARTESIAN_POINT('',(-4.995015471394,-4.781026789227));
#4263 = CARTESIAN_POINT('',(-4.726637190432,-4.450625994944));
#4264 = CARTESIAN_POINT('',(-4.469718038013,-4.111434374472));
#4265 = CARTESIAN_POINT('',(-4.223781217514,-3.764405091835));
#4266 = CARTESIAN_POINT('',(-3.763157317089,-3.071566490988));
#4267 = CARTESIAN_POINT('',(-3.547627967077,-2.726443613856));
#4268 = CARTESIAN_POINT('',(-3.341343997216,-2.37558701293));
#4269 = CARTESIAN_POINT('',(-3.143945088309,-2.019601748615));
#4270 = CARTESIAN_POINT('',(-2.955101526376,-1.659014748444));
#4271 = CARTESIAN_POINT('',(-2.774505553872,-1.294279799199));
#4272 = CARTESIAN_POINT('',(-2.601867213235,-0.925779935637));
#4273 = CARTESIAN_POINT('',(-2.285011987399,-0.211300687978));
#4274 = CARTESIAN_POINT('',(-2.139636728037,0.134131276764));
#4275 = CARTESIAN_POINT('',(-2.000581805541,0.482210995741));
#4276 = CARTESIAN_POINT('',(-1.867659983004,0.832705759624));
#4277 = CARTESIAN_POINT('',(-1.740701365473,1.185406799049));
#4278 = CARTESIAN_POINT('',(-1.619550879685,1.54012826124));
#4279 = CARTESIAN_POINT('',(-1.504065753791,1.896706186632));
#4280 = CARTESIAN_POINT('',(-1.031811262298,3.435591433607));
#4281 = CARTESIAN_POINT('',(-0.729742065816,4.634259339492));
#4282 = CARTESIAN_POINT('',(-0.482903884231,5.846461149172));
#4283 = CARTESIAN_POINT('',(-0.288322033087,7.068469381013));
#4284 = CARTESIAN_POINT('',(-0.143808229101,8.297135219603));
#4285 = CARTESIAN_POINT('',(-4.796153919851E-02,9.529884759445));
#4286 = CARTESIAN_POINT('',(-8.171241461241E-14,10.764670858626));
#4287 = CARTESIAN_POINT('',(7.460698725481E-14,13.119407937305));
#4288 = CARTESIAN_POINT('',(-3.93824476019E-02,14.238512982959));
#4289 = CARTESIAN_POINT('',(-0.118109148731,15.356082143473));
#4290 = CARTESIAN_POINT('',(-0.236692748507,16.470561222919));
#4291 = CARTESIAN_POINT('',(-0.396079382395,17.580084893983));
#4292 = CARTESIAN_POINT('',(-0.597722080291,18.682457480632));
#4293 = CARTESIAN_POINT('',(-0.84362747441,19.77514259043));
#4294 = CARTESIAN_POINT('',(-1.233556922146,21.210880980043));
#4295 = CARTESIAN_POINT('',(-1.335299705633,21.565190793339));
#4296 = CARTESIAN_POINT('',(-1.442285424475,21.917976415445));
#4297 = CARTESIAN_POINT('',(-1.554631174399,22.269104826495));
#4298 = CARTESIAN_POINT('',(-1.672464564529,22.618426948813));
#4299 = CARTESIAN_POINT('',(-1.795925613717,22.965776963768));
#4300 = CARTESIAN_POINT('',(-1.925168646861,23.310971628621));
#4301 = CARTESIAN_POINT('',(-2.209452798282,24.031878521926));
#4302 = CARTESIAN_POINT('',(-2.365772772379,24.407061785141));
#4303 = CARTESIAN_POINT('',(-2.529557125123,24.779102382214));
#4304 = CARTESIAN_POINT('',(-2.701056936824,25.14768989844));
#4305 = CARTESIAN_POINT('',(-2.880541666493,25.512460366561));
#4306 = CARTESIAN_POINT('',(-3.068303022227,25.872994304489));
#4307 = CARTESIAN_POINT('',(-3.264662391989,26.228812929438));
#4308 = CARTESIAN_POINT('',(-3.682355115814,26.941975794706));
#4309 = CARTESIAN_POINT('',(-3.904277581143,27.298888495986));
#4310 = CARTESIAN_POINT('',(-4.136167618385,27.649553599215));
#4311 = CARTESIAN_POINT('',(-4.378450624564,27.993252835083));
#4312 = CARTESIAN_POINT('',(-4.631553407727,28.329110997545));
#4313 = CARTESIAN_POINT('',(-4.895905470099,28.656094706947));
#4314 = CARTESIAN_POINT('',(-5.171947172787,28.973005656749));
#4315 = CARTESIAN_POINT('',(-5.70434626486,29.537299225036));
#4316 = CARTESIAN_POINT('',(-5.957215831317,29.787847237917));
#4317 = CARTESIAN_POINT('',(-6.219037399514,30.029288087756));
#4318 = CARTESIAN_POINT('',(-6.490025028069,30.260618962074));
#4319 = CARTESIAN_POINT('',(-6.77031068972,30.48067295966));
#4320 = CARTESIAN_POINT('',(-7.059925776218,30.688142107867));
#4321 = CARTESIAN_POINT('',(-7.358776334487,30.881608968224));
#4322 = CARTESIAN_POINT('',(-8.045742690033,31.278784485835));
#4323 = CARTESIAN_POINT('',(-8.43884645335,31.474687113518));
#4324 = CARTESIAN_POINT('',(-8.844931223933,31.644118197156));
#4325 = CARTESIAN_POINT('',(-9.262552810404,31.783938913904));
#4326 = CARTESIAN_POINT('',(-9.689756229529,31.89127518056));
#4327 = CARTESIAN_POINT('',(-10.12400857845,31.96377696631));
#4328 = CARTESIAN_POINT('',(-10.56210134235,32.));
#4329 = CARTESIAN_POINT('',(-11.,32.));
#4330 = ( GEOMETRIC_REPRESENTATION_CONTEXT(2) 
PARAMETRIC_REPRESENTATION_CONTEXT() REPRESENTATION_CONTEXT('2D SPACE',''
  ) );
#4331 = ORIENTED_EDGE('',*,*,#4332,.T.);
#4332 = EDGE_CURVE('',#3762,#4333,#4335,.T.);
#4333 = VERTEX_POINT('',#4334);
#4334 = CARTESIAN_POINT('',(-8.883140648668,2.5,-36.14456147378));
#4335 = SURFACE_CURVE('',#4336,(#4369,#4405),.PCURVE_S1.);
#4336 = B_SPLINE_CURVE_WITH_KNOTS('',7,(#4337,#4338,#4339,#4340,#4341,
    #4342,#4343,#4344,#4345,#4346,#4347,#4348,#4349,#4350,#4351,#4352,
    #4353,#4354,#4355,#4356,#4357,#4358,#4359,#4360,#4361,#4362,#4363,
    #4364,#4365,#4366,#4367,#4368),.UNSPECIFIED.,.F.,.F.,(8,6,6,6,6,8),(
    0.,0.253919235818,0.381270511476,0.628927663502,0.714085237502,1.),
  .UNSPECIFIED.);
#4337 = CARTESIAN_POINT('',(-3.116859039173,2.4999994,-35.13439969935));
#4338 = CARTESIAN_POINT('',(-3.220763547515,2.69971370923,
    -35.14341589251));
#4339 = CARTESIAN_POINT('',(-3.342519071527,2.89432056945,
    -35.15434033147));
#4340 = CARTESIAN_POINT('',(-3.482788488105,3.082753300171,
    -35.16745488038));
#4341 = CARTESIAN_POINT('',(-3.642286569334,3.263284221658,
    -35.18311616431));
#4342 = CARTESIAN_POINT('',(-3.821549849198,3.433613367683,
    -35.20175891079));
#4343 = CARTESIAN_POINT('',(-4.020766056486,3.590934707475,
    -35.22387860826));
#4344 = CARTESIAN_POINT('',(-4.349449280431,3.802720016675,
    -35.26309119914));
#4345 = CARTESIAN_POINT('',(-4.464121243079,3.86932432182,
    -35.27718610309));
#4346 = CARTESIAN_POINT('',(-4.583568034113,3.931345714127,
    -35.29233350989));
#4347 = CARTESIAN_POINT('',(-4.707591886795,3.988301363849,
    -35.30858106774));
#4348 = CARTESIAN_POINT('',(-4.835891894194,4.039690910015,
    -35.32596374903));
#4349 = CARTESIAN_POINT('',(-4.968039345017,4.085028691441,
    -35.34449417026));
#4350 = CARTESIAN_POINT('',(-5.366764545851,4.199462675615,
    -35.40236906379));
#4351 = CARTESIAN_POINT('',(-5.643656059678,4.250902197413,
    -35.44502079096));
#4352 = CARTESIAN_POINT('',(-5.927609903526,4.273988700016,
    -35.49165240164));
#4353 = CARTESIAN_POINT('',(-6.212332860343,4.267570325498,
    -35.54153608665));
#4354 = CARTESIAN_POINT('',(-6.491967646261,4.232399893776,
    -35.59361259128));
#4355 = CARTESIAN_POINT('',(-6.761161827738,4.170905474376,
    -35.64654727353));
#4356 = CARTESIAN_POINT('',(-7.102541452566,4.058652835922,
    -35.71687362372));
#4357 = CARTESIAN_POINT('',(-7.188239649053,4.027278466983,
    -35.73482608184));
#4358 = CARTESIAN_POINT('',(-7.272166022062,3.99338462093,
    -35.75269345859));
#4359 = CARTESIAN_POINT('',(-7.354224627889,3.957107538271,
    -35.77043578794));
#4360 = CARTESIAN_POINT('',(-7.4343415349,3.918583379301,-35.78801638526
    ));
#4361 = CARTESIAN_POINT('',(-7.512461840937,3.877944621512,
    -35.80540201556));
#4362 = CARTESIAN_POINT('',(-7.843999972665,3.692193291812,
    -35.88018091262));
#4363 = CARTESIAN_POINT('',(-8.076041053042,3.526907554716,
    -35.93516147429));
#4364 = CARTESIAN_POINT('',(-8.284130357316,3.343918356171,
    -35.98657409312));
#4365 = CARTESIAN_POINT('',(-8.468282761269,3.146999262321,
    -36.0336528623));
#4366 = CARTESIAN_POINT('',(-8.629002180873,2.939277553377,
    -36.0758700479));
#4367 = CARTESIAN_POINT('',(-8.767057930675,2.723121981974,
    -36.11291077452));
#4368 = CARTESIAN_POINT('',(-8.883140960827,2.4999994,-36.14456157658));
#4369 = PCURVE('',#1139,#4370);
#4370 = DEFINITIONAL_REPRESENTATION('',(#4371),#4404);
#4371 = B_SPLINE_CURVE_WITH_KNOTS('',7,(#4372,#4373,#4374,#4375,#4376,
    #4377,#4378,#4379,#4380,#4381,#4382,#4383,#4384,#4385,#4386,#4387,
    #4388,#4389,#4390,#4391,#4392,#4393,#4394,#4395,#4396,#4397,#4398,
    #4399,#4400,#4401,#4402,#4403),.UNSPECIFIED.,.F.,.F.,(8,6,6,6,6,8),(
    0.,0.253919235818,0.381270511476,0.628927663502,0.714085237502,1.),
  .UNSPECIFIED.);
#4372 = CARTESIAN_POINT('',(1.727277101473,-15.0000006));
#4373 = CARTESIAN_POINT('',(1.73253658811,-14.80028629077));
#4374 = CARTESIAN_POINT('',(1.738704753458,-14.60567943055));
#4375 = CARTESIAN_POINT('',(1.745818577173,-14.41724669982));
#4376 = CARTESIAN_POINT('',(1.753919001185,-14.23671577834));
#4377 = CARTESIAN_POINT('',(1.763040033346,-14.06638663231));
#4378 = CARTESIAN_POINT('',(1.773200738345,-13.90906529252));
#4379 = CARTESIAN_POINT('',(1.79001707914,-13.69727998332));
#4380 = CARTESIAN_POINT('',(1.795891996946,-13.63067567818));
#4381 = CARTESIAN_POINT('',(1.802020804319,-13.56865428587));
#4382 = CARTESIAN_POINT('',(1.80839516068,-13.51169863615));
#4383 = CARTESIAN_POINT('',(1.815001592715,-13.46030908998));
#4384 = CARTESIAN_POINT('',(1.821820090895,-13.41497130855));
#4385 = CARTESIAN_POINT('',(1.84243892476,-13.30053732438));
#4386 = CARTESIAN_POINT('',(1.856814597456,-13.24909780258));
#4387 = CARTESIAN_POINT('',(1.871628139427,-13.22601129998));
#4388 = CARTESIAN_POINT('',(1.886564632642,-13.2324296745));
#4389 = CARTESIAN_POINT('',(1.901322707024,-13.26760010622));
#4390 = CARTESIAN_POINT('',(1.91561520038,-13.32909452562));
#4391 = CARTESIAN_POINT('',(1.933842226025,-13.44134716407));
#4392 = CARTESIAN_POINT('',(1.938427350404,-13.47272153301));
#4393 = CARTESIAN_POINT('',(1.942926965684,-13.50661537907));
#4394 = CARTESIAN_POINT('',(1.947335444198,-13.54289246172));
#4395 = CARTESIAN_POINT('',(1.951648266112,-13.58141662069));
#4396 = CARTESIAN_POINT('',(1.95586188528,-13.62205537848));
#4397 = CARTESIAN_POINT('',(1.973778574281,-13.80780670818));
#4398 = CARTESIAN_POINT('',(1.986409509833,-13.97309244528));
#4399 = CARTESIAN_POINT('',(1.997813642738,-14.15608164382));
#4400 = CARTESIAN_POINT('',(2.007966228013,-14.35300073767));
#4401 = CARTESIAN_POINT('',(2.016871129875,-14.56072244662));
#4402 = CARTESIAN_POINT('',(2.024551302989,-14.77687801802));
#4403 = CARTESIAN_POINT('',(2.031029519771,-15.0000006));
#4404 = ( GEOMETRIC_REPRESENTATION_CONTEXT(2) 
PARAMETRIC_REPRESENTATION_CONTEXT() REPRESENTATION_CONTEXT('2D SPACE',''
  ) );
#4405 = PCURVE('',#4406,#4411);
#4406 = CYLINDRICAL_SURFACE('',#4407,3.25);
#4407 = AXIS2_PLACEMENT_3D('',#4408,#4409,#4410);
#4408 = CARTESIAN_POINT('',(-6.,1.,-61.));
#4409 = DIRECTION('',(0.,0.,1.));
#4410 = DIRECTION('',(1.,0.,-0.));
#4411 = DEFINITIONAL_REPRESENTATION('',(#4412),#4445);
#4412 = B_SPLINE_CURVE_WITH_KNOTS('',7,(#4413,#4414,#4415,#4416,#4417,
    #4418,#4419,#4420,#4421,#4422,#4423,#4424,#4425,#4426,#4427,#4428,
    #4429,#4430,#4431,#4432,#4433,#4434,#4435,#4436,#4437,#4438,#4439,
    #4440,#4441,#4442,#4443,#4444),.UNSPECIFIED.,.F.,.F.,(8,6,6,6,6,8),(
    0.,0.253919235818,0.381270511476,0.628927663502,0.714085237502,1.),
  .UNSPECIFIED.);
#4413 = CARTESIAN_POINT('',(0.479728429569,25.865600300642));
#4414 = CARTESIAN_POINT('',(0.548998129506,25.856584107485));
#4415 = CARTESIAN_POINT('',(0.619409034176,25.845659668529));
#4416 = CARTESIAN_POINT('',(0.691305443909,25.832545119617));
#4417 = CARTESIAN_POINT('',(0.764944375359,25.816883835682));
#4418 = CARTESIAN_POINT('',(0.840536563708,25.798241089208));
#4419 = CARTESIAN_POINT('',(0.918282993408,25.776121391736));
#4420 = CARTESIAN_POINT('',(1.038592526699,25.736908800856));
#4421 = CARTESIAN_POINT('',(1.07935249704,25.722813896909));
#4422 = CARTESIAN_POINT('',(1.120689818263,25.707666490106));
#4423 = CARTESIAN_POINT('',(1.162592126808,25.69141893226));
#4424 = CARTESIAN_POINT('',(1.205032336962,25.674036250969));
#4425 = CARTESIAN_POINT('',(1.247963615056,25.655505829737));
#4426 = CARTESIAN_POINT('',(1.375601016602,25.597630936201));
#4427 = CARTESIAN_POINT('',(1.461858653672,25.554979209036));
#4428 = CARTESIAN_POINT('',(1.548777001217,25.508347598356));
#4429 = CARTESIAN_POINT('',(1.635578982549,25.458463913349));
#4430 = CARTESIAN_POINT('',(1.721604606759,25.406387408717));
#4431 = CARTESIAN_POINT('',(1.8061994691,25.353452726465));
#4432 = CARTESIAN_POINT('',(1.916772244926,25.283126376279));
#4433 = CARTESIAN_POINT('',(1.944836926963,25.265173918152));
#4434 = CARTESIAN_POINT('',(1.97266293461,25.247306541404));
#4435 = CARTESIAN_POINT('',(2.000243304304,25.229564212059));
#4436 = CARTESIAN_POINT('',(2.027574622789,25.211983614734));
#4437 = CARTESIAN_POINT('',(2.05465653043,25.194597984439));
#4438 = CARTESIAN_POINT('',(2.17158814521,25.119819087375));
#4439 = CARTESIAN_POINT('',(2.258733651994,25.064838525701));
#4440 = CARTESIAN_POINT('',(2.343306492757,25.013425906876));
#4441 = CARTESIAN_POINT('',(2.425587078326,24.966347137696));
#4442 = CARTESIAN_POINT('',(2.505868180566,24.924129952092));
#4443 = CARTESIAN_POINT('',(2.584475506297,24.887089225478));
#4444 = CARTESIAN_POINT('',(2.66186422402,24.855438423414));
#4445 = ( GEOMETRIC_REPRESENTATION_CONTEXT(2) 
PARAMETRIC_REPRESENTATION_CONTEXT() REPRESENTATION_CONTEXT('2D SPACE',''
  ) );
#4446 = ORIENTED_EDGE('',*,*,#4447,.F.);
#4447 = EDGE_CURVE('',#2931,#4333,#4448,.T.);
#4448 = SURFACE_CURVE('',#4449,(#4634,#4822),.PCURVE_S1.);
#4449 = B_SPLINE_CURVE_WITH_KNOTS('',8,(#4450,#4451,#4452,#4453,#4454,
    #4455,#4456,#4457,#4458,#4459,#4460,#4461,#4462,#4463,#4464,#4465,
    #4466,#4467,#4468,#4469,#4470,#4471,#4472,#4473,#4474,#4475,#4476,
    #4477,#4478,#4479,#4480,#4481,#4482,#4483,#4484,#4485,#4486,#4487,
    #4488,#4489,#4490,#4491,#4492,#4493,#4494,#4495,#4496,#4497,#4498,
    #4499,#4500,#4501,#4502,#4503,#4504,#4505,#4506,#4507,#4508,#4509,
    #4510,#4511,#4512,#4513,#4514,#4515,#4516,#4517,#4518,#4519,#4520,
    #4521,#4522,#4523,#4524,#4525,#4526,#4527,#4528,#4529,#4530,#4531,
    #4532,#4533,#4534,#4535,#4536,#4537,#4538,#4539,#4540,#4541,#4542,
    #4543,#4544,#4545,#4546,#4547,#4548,#4549,#4550,#4551,#4552,#4553,
    #4554,#4555,#4556,#4557,#4558,#4559,#4560,#4561,#4562,#4563,#4564,
    #4565,#4566,#4567,#4568,#4569,#4570,#4571,#4572,#4573,#4574,#4575,
    #4576,#4577,#4578,#4579,#4580,#4581,#4582,#4583,#4584,#4585,#4586,
    #4587,#4588,#4589,#4590,#4591,#4592,#4593,#4594,#4595,#4596,#4597,
    #4598,#4599,#4600,#4601,#4602,#4603,#4604,#4605,#4606,#4607,#4608,
    #4609,#4610,#4611,#4612,#4613,#4614,#4615,#4616,#4617,#4618,#4619,
    #4620,#4621,#4622,#4623,#4624,#4625,#4626,#4627,#4628,#4629,#4630,
    #4631,#4632,#4633),.UNSPECIFIED.,.T.,.F.,(9,7,7,7,7,7,7,7,7,7,7,7,7,
    7,7,7,7,7,7,7,7,7,7,7,7,7,9),(0.,3.148497243757E-02,
    5.366380163597E-02,8.787523039711E-02,0.120594909726,0.150726047861,
    0.250010176295,0.339977649495,0.369609361737,0.402286109504,
    0.436085481069,0.464725054722,0.484589034084,0.500017854842,
    0.52046087736,0.53151250959,0.553690150102,0.587899745284,
    0.620617670985,0.650747194226,0.750026001477,0.839988652822,
    0.869618776938,0.902293773377,0.936091333447,0.964729372147,1.),
  .UNSPECIFIED.);
#4450 = CARTESIAN_POINT('',(20.,2.5,-46.));
#4451 = CARTESIAN_POINT('',(20.,2.5,-46.39075677322));
#4452 = CARTESIAN_POINT('',(19.971156373755,2.5,-46.78166627365));
#4453 = CARTESIAN_POINT('',(19.913429750198,2.5,-47.1698949127));
#4454 = CARTESIAN_POINT('',(19.82771888227,2.5,-47.55309974683));
#4455 = CARTESIAN_POINT('',(19.715544177979,2.5,-47.9293556788));
#4456 = CARTESIAN_POINT('',(19.578828762425,2.5,-48.29710485931));
#4457 = CARTESIAN_POINT('',(19.419739878214,2.5,-48.65511974777));
#4458 = CARTESIAN_POINT('',(19.114329862706,2.5,-49.24715470457));
#4459 = CARTESIAN_POINT('',(18.978070832735,2.5,-49.48666823639));
#4460 = CARTESIAN_POINT('',(18.832491808207,2.5,-49.72080067911));
#4461 = CARTESIAN_POINT('',(18.678297600701,2.5,-49.94942058565));
#4462 = CARTESIAN_POINT('',(18.516162821532,2.5,-50.17246317453));
#4463 = CARTESIAN_POINT('',(18.346716169248,2.5,-50.38991970738));
#4464 = CARTESIAN_POINT('',(18.170528550078,2.5,-50.601829338));
#4465 = CARTESIAN_POINT('',(17.706711944242,2.5,-51.12671889263));
#4466 = CARTESIAN_POINT('',(17.410560307873,2.5,-51.43207026846));
#4467 = CARTESIAN_POINT('',(17.101466147015,2.5,-51.72469460783));
#4468 = CARTESIAN_POINT('',(16.781026789226,2.5,-52.0049845286));
#4469 = CARTESIAN_POINT('',(16.450625994943,2.5,-52.27336280956));
#4470 = CARTESIAN_POINT('',(16.11143437447,2.5,-52.53028196198));
#4471 = CARTESIAN_POINT('',(15.764405091834,2.5,-52.77621878248));
#4472 = CARTESIAN_POINT('',(15.071566490986,2.5,-53.23684268291));
#4473 = CARTESIAN_POINT('',(14.726443613856,2.5,-53.45237203292));
#4474 = CARTESIAN_POINT('',(14.375587012928,2.5,-53.65865600278));
#4475 = CARTESIAN_POINT('',(14.019601748613,2.5,-53.85605491169));
#4476 = CARTESIAN_POINT('',(13.659014748443,2.5,-54.04489847362));
#4477 = CARTESIAN_POINT('',(13.294279799198,2.5,-54.22549444612));
#4478 = CARTESIAN_POINT('',(12.925779935635,2.5,-54.39813278676));
#4479 = CARTESIAN_POINT('',(12.211300687977,2.5,-54.7149880126));
#4480 = CARTESIAN_POINT('',(11.865868723235,2.5,-54.86036327196));
#4481 = CARTESIAN_POINT('',(11.517789004258,2.5,-54.99941819445));
#4482 = CARTESIAN_POINT('',(11.167294240375,2.5,-55.13234001699));
#4483 = CARTESIAN_POINT('',(10.81459320095,2.5,-55.25929863452));
#4484 = CARTESIAN_POINT('',(10.459871738759,2.5,-55.38044912031));
#4485 = CARTESIAN_POINT('',(10.103293813367,2.5,-55.4959342462));
#4486 = CARTESIAN_POINT('',(8.564408566392,2.5,-55.9681887377));
#4487 = CARTESIAN_POINT('',(7.365740660499,2.5,-56.27025793418));
#4488 = CARTESIAN_POINT('',(6.153538850853,2.5,-56.51709611575));
#4489 = CARTESIAN_POINT('',(4.931530618946,2.5,-56.71167796693));
#4490 = CARTESIAN_POINT('',(3.702864780429,2.5,-56.85619177088));
#4491 = CARTESIAN_POINT('',(2.47011524054,2.5,-56.9520384608));
#4492 = CARTESIAN_POINT('',(1.235329141376,2.5,-57.));
#4493 = CARTESIAN_POINT('',(-1.119407937316,2.5,-57.));
#4494 = CARTESIAN_POINT('',(-2.23851298292,2.5,-56.96061755239));
#4495 = CARTESIAN_POINT('',(-3.356082143544,2.5,-56.88189085126));
#4496 = CARTESIAN_POINT('',(-4.470561222843,2.5,-56.76330725149));
#4497 = CARTESIAN_POINT('',(-5.580084894033,2.5,-56.60392061759));
#4498 = CARTESIAN_POINT('',(-6.682457480613,2.5,-56.40227791971));
#4499 = CARTESIAN_POINT('',(-7.775142590433,2.5,-56.15637252558));
#4500 = CARTESIAN_POINT('',(-9.210880980043,2.5,-55.76644307785));
#4501 = CARTESIAN_POINT('',(-9.565190793338,2.5,-55.66470029436));
#4502 = CARTESIAN_POINT('',(-9.917976415445,2.5,-55.55771457552));
#4503 = CARTESIAN_POINT('',(-10.26910482649,2.5,-55.4453688256));
#4504 = CARTESIAN_POINT('',(-10.61842694881,2.5,-55.32753543547));
#4505 = CARTESIAN_POINT('',(-10.96577696376,2.5,-55.20407438628));
#4506 = CARTESIAN_POINT('',(-11.31097162862,2.5,-55.07483135313));
#4507 = CARTESIAN_POINT('',(-12.03187852192,2.5,-54.79054720171));
#4508 = CARTESIAN_POINT('',(-12.40706178514,2.5,-54.63422722762));
#4509 = CARTESIAN_POINT('',(-12.77910238221,2.5,-54.47044287487));
#4510 = CARTESIAN_POINT('',(-13.14768989844,2.5,-54.29894306317));
#4511 = CARTESIAN_POINT('',(-13.51246036656,2.5,-54.1194583335));
#4512 = CARTESIAN_POINT('',(-13.87299430448,2.5,-53.93169697777));
#4513 = CARTESIAN_POINT('',(-14.22881292943,2.5,-53.73533760801));
#4514 = CARTESIAN_POINT('',(-14.9419757947,2.5,-53.31764488418));
#4515 = CARTESIAN_POINT('',(-15.29888849598,2.5,-53.09572241885));
#4516 = CARTESIAN_POINT('',(-15.64955359921,2.5,-52.86383238161));
#4517 = CARTESIAN_POINT('',(-15.99325283508,2.5,-52.62154937543));
#4518 = CARTESIAN_POINT('',(-16.32911099754,2.5,-52.36844659227));
#4519 = CARTESIAN_POINT('',(-16.65609470694,2.5,-52.1040945299));
#4520 = CARTESIAN_POINT('',(-16.97300565674,2.5,-51.82805282721));
#4521 = CARTESIAN_POINT('',(-17.53729922503,2.5,-51.29565373514));
#4522 = CARTESIAN_POINT('',(-17.78784723791,2.5,-51.04278416868));
#4523 = CARTESIAN_POINT('',(-18.02928808775,2.5,-50.78096260048));
#4524 = CARTESIAN_POINT('',(-18.26061896207,2.5,-50.50997497193));
#4525 = CARTESIAN_POINT('',(-18.48067295966,2.5,-50.22968931028));
#4526 = CARTESIAN_POINT('',(-18.68814210786,2.5,-49.94007422378));
#4527 = CARTESIAN_POINT('',(-18.88160896822,2.5,-49.64122366551));
#4528 = CARTESIAN_POINT('',(-19.18302961,2.5,-49.11987773508));
#4529 = CARTESIAN_POINT('',(-19.29901019177,2.5,-48.90206465245));
#4530 = CARTESIAN_POINT('',(-19.40701552314,2.5,-48.68006742271));
#4531 = CARTESIAN_POINT('',(-19.50651669619,2.5,-48.45405989588));
#4532 = CARTESIAN_POINT('',(-19.59698222604,2.5,-48.22427654775));
#4533 = CARTESIAN_POINT('',(-19.67789626541,2.5,-47.99101983134));
#4534 = CARTESIAN_POINT('',(-19.74878175565,2.5,-47.75466939933));
#4535 = CARTESIAN_POINT('',(-19.85617893519,2.5,-47.3300747514));
#4536 = CARTESIAN_POINT('',(-19.89683444648,2.5,-47.1428609326));
#4537 = CARTESIAN_POINT('',(-19.93099916136,2.5,-46.95428212127));
#4538 = CARTESIAN_POINT('',(-19.95850798866,2.5,-46.76458294469));
#4539 = CARTESIAN_POINT('',(-19.97923091045,2.5,-46.57402274543));
#4540 = CARTESIAN_POINT('',(-19.99307726005,2.5,-46.38287604965));
#4541 = CARTESIAN_POINT('',(-20.,2.5,-46.19143303522));
#4542 = CARTESIAN_POINT('',(-20.,2.5,-45.74635327541));
#4543 = CARTESIAN_POINT('',(-19.9878466477,2.5,-45.49267275113));
#4544 = CARTESIAN_POINT('',(-19.96353440046,2.5,-45.23969240397));
#4545 = CARTESIAN_POINT('',(-19.92721297379,2.5,-44.98808258348));
#4546 = CARTESIAN_POINT('',(-19.87916127118,2.5,-44.73845398003));
#4547 = CARTESIAN_POINT('',(-19.81976489292,2.5,-44.49136108514));
#4548 = CARTESIAN_POINT('',(-19.74949722382,2.5,-44.24730514399));
#4549 = CARTESIAN_POINT('',(-19.62533492783,2.5,-43.87668366537));
#4550 = CARTESIAN_POINT('',(-19.57874380565,2.5,-43.747637314));
#4551 = CARTESIAN_POINT('',(-19.52921331735,2.5,-43.6196608944));
#4552 = CARTESIAN_POINT('',(-19.47682969842,2.5,-43.49281000868));
#4553 = CARTESIAN_POINT('',(-19.42168171091,2.5,-43.36713297661));
#4554 = CARTESIAN_POINT('',(-19.36385951844,2.5,-43.24267129965));
#4555 = CARTESIAN_POINT('',(-19.30345356136,2.5,-43.11946012493));
#4556 = CARTESIAN_POINT('',(-19.1143298627,2.5,-42.75284529542));
#4557 = CARTESIAN_POINT('',(-18.97807083273,2.5,-42.51333176361));
#4558 = CARTESIAN_POINT('',(-18.8324918082,2.5,-42.27919932088));
#4559 = CARTESIAN_POINT('',(-18.6782976007,2.5,-42.05057941434));
#4560 = CARTESIAN_POINT('',(-18.51616282153,2.5,-41.82753682546));
#4561 = CARTESIAN_POINT('',(-18.34671616924,2.5,-41.61008029261));
#4562 = CARTESIAN_POINT('',(-18.17052855007,2.5,-41.39817066199));
#4563 = CARTESIAN_POINT('',(-17.70671194424,2.5,-40.87328110736));
#4564 = CARTESIAN_POINT('',(-17.41056030787,2.5,-40.56792973154));
#4565 = CARTESIAN_POINT('',(-17.10146614701,2.5,-40.27530539216));
#4566 = CARTESIAN_POINT('',(-16.78102678922,2.5,-39.99501547139));
#4567 = CARTESIAN_POINT('',(-16.45062599494,2.5,-39.72663719043));
#4568 = CARTESIAN_POINT('',(-16.11143437447,2.5,-39.46971803801));
#4569 = CARTESIAN_POINT('',(-15.76440509183,2.5,-39.22378121751));
#4570 = CARTESIAN_POINT('',(-15.07156649098,2.5,-38.76315731708));
#4571 = CARTESIAN_POINT('',(-14.72644361385,2.5,-38.54762796707));
#4572 = CARTESIAN_POINT('',(-14.37558701293,2.5,-38.34134399721));
#4573 = CARTESIAN_POINT('',(-14.01960174861,2.5,-38.1439450883));
#4574 = CARTESIAN_POINT('',(-13.65901474844,2.5,-37.95510152637));
#4575 = CARTESIAN_POINT('',(-13.29427979919,2.5,-37.77450555387));
#4576 = CARTESIAN_POINT('',(-12.92577993563,2.5,-37.60186721323));
#4577 = CARTESIAN_POINT('',(-12.21130068797,2.5,-37.28501198739));
#4578 = CARTESIAN_POINT('',(-11.86586872323,2.5,-37.13963672803));
#4579 = CARTESIAN_POINT('',(-11.51778900425,2.5,-37.00058180554));
#4580 = CARTESIAN_POINT('',(-11.16729424037,2.5,-36.867659983));
#4581 = CARTESIAN_POINT('',(-10.81459320095,2.5,-36.74070136547));
#4582 = CARTESIAN_POINT('',(-10.45987173876,2.5,-36.61955087968));
#4583 = CARTESIAN_POINT('',(-10.10329381336,2.5,-36.50406575379));
#4584 = CARTESIAN_POINT('',(-8.564408566393,2.5,-36.03181126229));
#4585 = CARTESIAN_POINT('',(-7.365740660508,2.5,-35.72974206581));
#4586 = CARTESIAN_POINT('',(-6.153538850828,2.5,-35.48290388423));
#4587 = CARTESIAN_POINT('',(-4.931530618987,2.5,-35.28832203308));
#4588 = CARTESIAN_POINT('',(-3.702864780397,2.5,-35.1438082291));
#4589 = CARTESIAN_POINT('',(-2.470115240555,2.5,-35.04796153919));
#4590 = CARTESIAN_POINT('',(-1.235329141374,2.5,-35.));
#4591 = CARTESIAN_POINT('',(1.119407937305,2.5,-35.));
#4592 = CARTESIAN_POINT('',(2.238512982959,2.5,-35.0393824476));
#4593 = CARTESIAN_POINT('',(3.356082143473,2.5,-35.11810914873));
#4594 = CARTESIAN_POINT('',(4.470561222919,2.5,-35.2366927485));
#4595 = CARTESIAN_POINT('',(5.580084893983,2.5,-35.39607938239));
#4596 = CARTESIAN_POINT('',(6.682457480632,2.5,-35.59772208029));
#4597 = CARTESIAN_POINT('',(7.77514259043,2.5,-35.84362747441));
#4598 = CARTESIAN_POINT('',(9.210880980043,2.5,-36.23355692214));
#4599 = CARTESIAN_POINT('',(9.565190793339,2.5,-36.33529970563));
#4600 = CARTESIAN_POINT('',(9.917976415445,2.5,-36.44228542447));
#4601 = CARTESIAN_POINT('',(10.269104826495,2.5,-36.55463117439));
#4602 = CARTESIAN_POINT('',(10.618426948813,2.5,-36.67246456452));
#4603 = CARTESIAN_POINT('',(10.965776963768,2.5,-36.79592561371));
#4604 = CARTESIAN_POINT('',(11.310971628621,2.5,-36.92516864686));
#4605 = CARTESIAN_POINT('',(12.031878521926,2.5,-37.20945279828));
#4606 = CARTESIAN_POINT('',(12.407061785141,2.5,-37.36577277237));
#4607 = CARTESIAN_POINT('',(12.779102382214,2.5,-37.52955712512));
#4608 = CARTESIAN_POINT('',(13.14768989844,2.5,-37.70105693682));
#4609 = CARTESIAN_POINT('',(13.512460366561,2.5,-37.88054166649));
#4610 = CARTESIAN_POINT('',(13.872994304489,2.5,-38.06830302222));
#4611 = CARTESIAN_POINT('',(14.228812929438,2.5,-38.26466239198));
#4612 = CARTESIAN_POINT('',(14.941975794706,2.5,-38.68235511581));
#4613 = CARTESIAN_POINT('',(15.298888495986,2.5,-38.90427758114));
#4614 = CARTESIAN_POINT('',(15.649553599215,2.5,-39.13616761838));
#4615 = CARTESIAN_POINT('',(15.993252835083,2.5,-39.37845062456));
#4616 = CARTESIAN_POINT('',(16.329110997545,2.5,-39.63155340772));
#4617 = CARTESIAN_POINT('',(16.656094706947,2.5,-39.89590547009));
#4618 = CARTESIAN_POINT('',(16.973005656749,2.5,-40.17194717278));
#4619 = CARTESIAN_POINT('',(17.537299225036,2.5,-40.70434626486));
#4620 = CARTESIAN_POINT('',(17.787847237917,2.5,-40.95721583131));
#4621 = CARTESIAN_POINT('',(18.029288087756,2.5,-41.21903739951));
#4622 = CARTESIAN_POINT('',(18.260618962074,2.5,-41.49002502806));
#4623 = CARTESIAN_POINT('',(18.48067295966,2.5,-41.77031068972));
#4624 = CARTESIAN_POINT('',(18.688142107867,2.5,-42.05992577621));
#4625 = CARTESIAN_POINT('',(18.881608968224,2.5,-42.35877633448));
#4626 = CARTESIAN_POINT('',(19.278784485835,2.5,-43.04574269003));
#4627 = CARTESIAN_POINT('',(19.474687113518,2.5,-43.43884645335));
#4628 = CARTESIAN_POINT('',(19.644118197156,2.5,-43.84493122393));
#4629 = CARTESIAN_POINT('',(19.783938913904,2.5,-44.2625528104));
#4630 = CARTESIAN_POINT('',(19.89127518056,2.5,-44.68975622952));
#4631 = CARTESIAN_POINT('',(19.96377696631,2.5,-45.12400857845));
#4632 = CARTESIAN_POINT('',(20.,2.5,-45.56210134235));
#4633 = CARTESIAN_POINT('',(20.,2.5,-46.));
#4634 = PCURVE('',#1139,#4635);
#4635 = DEFINITIONAL_REPRESENTATION('',(#4636),#4821);
#4636 = B_SPLINE_CURVE_WITH_KNOTS('',8,(#4637,#4638,#4639,#4640,#4641,
    #4642,#4643,#4644,#4645,#4646,#4647,#4648,#4649,#4650,#4651,#4652,
    #4653,#4654,#4655,#4656,#4657,#4658,#4659,#4660,#4661,#4662,#4663,
    #4664,#4665,#4666,#4667,#4668,#4669,#4670,#4671,#4672,#4673,#4674,
    #4675,#4676,#4677,#4678,#4679,#4680,#4681,#4682,#4683,#4684,#4685,
    #4686,#4687,#4688,#4689,#4690,#4691,#4692,#4693,#4694,#4695,#4696,
    #4697,#4698,#4699,#4700,#4701,#4702,#4703,#4704,#4705,#4706,#4707,
    #4708,#4709,#4710,#4711,#4712,#4713,#4714,#4715,#4716,#4717,#4718,
    #4719,#4720,#4721,#4722,#4723,#4724,#4725,#4726,#4727,#4728,#4729,
    #4730,#4731,#4732,#4733,#4734,#4735,#4736,#4737,#4738,#4739,#4740,
    #4741,#4742,#4743,#4744,#4745,#4746,#4747,#4748,#4749,#4750,#4751,
    #4752,#4753,#4754,#4755,#4756,#4757,#4758,#4759,#4760,#4761,#4762,
    #4763,#4764,#4765,#4766,#4767,#4768,#4769,#4770,#4771,#4772,#4773,
    #4774,#4775,#4776,#4777,#4778,#4779,#4780,#4781,#4782,#4783,#4784,
    #4785,#4786,#4787,#4788,#4789,#4790,#4791,#4792,#4793,#4794,#4795,
    #4796,#4797,#4798,#4799,#4800,#4801,#4802,#4803,#4804,#4805,#4806,
    #4807,#4808,#4809,#4810,#4811,#4812,#4813,#4814,#4815,#4816,#4817,
    #4818,#4819,#4820),.UNSPECIFIED.,.F.,.F.,(9,7,7,7,7,7,7,7,7,7,7,7,7,
    7,7,7,7,7,7,7,7,7,7,7,7,7,9),(0.,3.148497243757E-02,
    5.366380163597E-02,8.787523039711E-02,0.120594909726,0.150726047861,
    0.250010176295,0.339977649495,0.369609361737,0.402286109504,
    0.436085481069,0.464725054722,0.484589034084,0.500017854842,
    0.52046087736,0.53151250959,0.553690150102,0.587899745284,
    0.620617670985,0.650747194226,0.750026001477,0.839988652822,
    0.869618776938,0.902293773377,0.936091333447,0.964729372147,1.),
  .UNSPECIFIED.);
#4637 = CARTESIAN_POINT('',(6.28318530718,-15.));
#4638 = CARTESIAN_POINT('',(6.247661964159,-15.));
#4639 = CARTESIAN_POINT('',(6.212124738936,-15.));
#4640 = CARTESIAN_POINT('',(6.176762909683,-15.));
#4641 = CARTESIAN_POINT('',(6.141720972153,-15.));
#4642 = CARTESIAN_POINT('',(6.107113053391,-15.));
#4643 = CARTESIAN_POINT('',(6.07303107674,-15.));
#4644 = CARTESIAN_POINT('',(6.039548963129,-15.));
#4645 = CARTESIAN_POINT('',(5.983603213023,-15.));
#4646 = CARTESIAN_POINT('',(5.960796457744,-15.));
#4647 = CARTESIAN_POINT('',(5.938314274785,-15.));
#4648 = CARTESIAN_POINT('',(5.916161121893,-15.));
#4649 = CARTESIAN_POINT('',(5.894337396186,-15.));
#4650 = CARTESIAN_POINT('',(5.872840012762,-15.));
#4651 = CARTESIAN_POINT('',(5.851662693361,-15.));
#4652 = CARTESIAN_POINT('',(5.798608486533,-15.));
#4653 = CARTESIAN_POINT('',(5.767169066623,-15.));
#4654 = CARTESIAN_POINT('',(5.736436607243,-15.));
#4655 = CARTESIAN_POINT('',(5.706372952056,-15.));
#4656 = CARTESIAN_POINT('',(5.676940656029,-15.));
#4657 = CARTESIAN_POINT('',(5.648101241446,-15.));
#4658 = CARTESIAN_POINT('',(5.61981394034,-15.));
#4659 = CARTESIAN_POINT('',(5.56546717806,-15.));
#4660 = CARTESIAN_POINT('',(5.539370582255,-15.));
#4661 = CARTESIAN_POINT('',(5.513710297057,-15.));
#4662 = CARTESIAN_POINT('',(5.488456004334,-15.));
#4663 = CARTESIAN_POINT('',(5.46358032235,-15.));
#4664 = CARTESIAN_POINT('',(5.439057617666,-15.));
#4665 = CARTESIAN_POINT('',(5.414863213361,-15.));
#4666 = CARTESIAN_POINT('',(5.368972792834,-15.));
#4667 = CARTESIAN_POINT('',(5.347231965107,-15.));
#4668 = CARTESIAN_POINT('',(5.325732539174,-15.));
#4669 = CARTESIAN_POINT('',(5.304458230318,-15.));
#4670 = CARTESIAN_POINT('',(5.28339410981,-15.));
#4671 = CARTESIAN_POINT('',(5.262526274401,-15.));
#4672 = CARTESIAN_POINT('',(5.241841515818,-15.));
#4673 = CARTESIAN_POINT('',(5.153730247637,-15.));
#4674 = CARTESIAN_POINT('',(5.088012336422,-15.));
#4675 = CARTESIAN_POINT('',(5.023679548171,-15.));
#4676 = CARTESIAN_POINT('',(4.960400969992,-15.));
#4677 = CARTESIAN_POINT('',(4.897891106774,-15.));
#4678 = CARTESIAN_POINT('',(4.8358947827,-15.));
#4679 = CARTESIAN_POINT('',(4.774155437453,-15.));
#4680 = CARTESIAN_POINT('',(4.656418583519,-15.));
#4681 = CARTESIAN_POINT('',(4.60046331702,-15.));
#4682 = CARTESIAN_POINT('',(4.544317759811,-15.));
#4683 = CARTESIAN_POINT('',(4.48779263166,-15.));
#4684 = CARTESIAN_POINT('',(4.430698352096,-15.));
#4685 = CARTESIAN_POINT('',(4.372827654343,-15.));
#4686 = CARTESIAN_POINT('',(4.313942451216,-15.));
#4687 = CARTESIAN_POINT('',(4.233880401259,-15.));
#4688 = CARTESIAN_POINT('',(4.213900752628,-15.));
#4689 = CARTESIAN_POINT('',(4.193766489647,-15.));
#4690 = CARTESIAN_POINT('',(4.173466267759,-15.));
#4691 = CARTESIAN_POINT('',(4.152988168573,-15.));
#4692 = CARTESIAN_POINT('',(4.132319453155,-15.));
#4693 = CARTESIAN_POINT('',(4.11144631533,-15.));
#4694 = CARTESIAN_POINT('',(4.067093413288,-15.));
#4695 = CARTESIAN_POINT('',(4.04356738638,-15.));
#4696 = CARTESIAN_POINT('',(4.019754497393,-15.));
#4697 = CARTESIAN_POINT('',(3.995633011375,-15.));
#4698 = CARTESIAN_POINT('',(3.97118017332,-15.));
#4699 = CARTESIAN_POINT('',(3.946371558193,-15.));
#4700 = CARTESIAN_POINT('',(3.921180112937,-15.));
#4701 = CARTESIAN_POINT('',(3.869089989475,-15.));
#4702 = CARTESIAN_POINT('',(3.842167026883,-15.));
#4703 = CARTESIAN_POINT('',(3.814769080801,-15.));
#4704 = CARTESIAN_POINT('',(3.786860229134,-15.));
#4705 = CARTESIAN_POINT('',(3.758404940709,-15.));
#4706 = CARTESIAN_POINT('',(3.729366823511,-15.));
#4707 = CARTESIAN_POINT('',(3.699706729978,-15.));
#4708 = CARTESIAN_POINT('',(3.643683341217,-15.));
#4709 = CARTESIAN_POINT('',(3.617514266177,-15.));
#4710 = CARTESIAN_POINT('',(3.590845555522,-15.));
#4711 = CARTESIAN_POINT('',(3.563655863862,-15.));
#4712 = CARTESIAN_POINT('',(3.535929507533,-15.));
#4713 = CARTESIAN_POINT('',(3.507656720759,-15.));
#4714 = CARTESIAN_POINT('',(3.478834599591,-15.));
#4715 = CARTESIAN_POINT('',(3.42910100882,-15.));
#4716 = CARTESIAN_POINT('',(3.408473577205,-15.));
#4717 = CARTESIAN_POINT('',(3.387591607072,-15.));
#4718 = CARTESIAN_POINT('',(3.366463941929,-15.));
#4719 = CARTESIAN_POINT('',(3.345103314502,-15.));
#4720 = CARTESIAN_POINT('',(3.323526879027,-15.));
#4721 = CARTESIAN_POINT('',(3.301757061853,-15.));
#4722 = CARTESIAN_POINT('',(3.262785818303,-15.));
#4723 = CARTESIAN_POINT('',(3.245648617005,-15.));
#4724 = CARTESIAN_POINT('',(3.228425708829,-15.));
#4725 = CARTESIAN_POINT('',(3.211132331842,-15.));
#4726 = CARTESIAN_POINT('',(3.193784572792,-15.));
#4727 = CARTESIAN_POINT('',(3.176399560089,-15.));
#4728 = CARTESIAN_POINT('',(3.158995656792,-15.));
#4729 = CARTESIAN_POINT('',(3.118533860445,-15.));
#4730 = CARTESIAN_POINT('',(3.095471996068,-15.));
#4731 = CARTESIAN_POINT('',(3.072455096125,-15.));
#4732 = CARTESIAN_POINT('',(3.04952540935,-15.));
#4733 = CARTESIAN_POINT('',(3.026720571581,-15.));
#4734 = CARTESIAN_POINT('',(3.004074540781,-15.));
#4735 = CARTESIAN_POINT('',(2.981618293061,-15.));
#4736 = CARTESIAN_POINT('',(2.947358263604,-15.));
#4737 = CARTESIAN_POINT('',(2.935398861852,-15.));
#4738 = CARTESIAN_POINT('',(2.923505834129,-15.));
#4739 = CARTESIAN_POINT('',(2.91168240467,-15.));
#4740 = CARTESIAN_POINT('',(2.899931299517,-15.));
#4741 = CARTESIAN_POINT('',(2.888254783785,-15.));
#4742 = CARTESIAN_POINT('',(2.876654698942,-15.));
#4743 = CARTESIAN_POINT('',(2.842010559433,-15.));
#4744 = CARTESIAN_POINT('',(2.819203804154,-15.));
#4745 = CARTESIAN_POINT('',(2.796721621195,-15.));
#4746 = CARTESIAN_POINT('',(2.774568468304,-15.));
#4747 = CARTESIAN_POINT('',(2.752744742596,-15.));
#4748 = CARTESIAN_POINT('',(2.731247359172,-15.));
#4749 = CARTESIAN_POINT('',(2.710070039771,-15.));
#4750 = CARTESIAN_POINT('',(2.657015832943,-15.));
#4751 = CARTESIAN_POINT('',(2.625576413033,-15.));
#4752 = CARTESIAN_POINT('',(2.594843953654,-15.));
#4753 = CARTESIAN_POINT('',(2.564780298466,-15.));
#4754 = CARTESIAN_POINT('',(2.53534800244,-15.));
#4755 = CARTESIAN_POINT('',(2.506508587856,-15.));
#4756 = CARTESIAN_POINT('',(2.478221286751,-15.));
#4757 = CARTESIAN_POINT('',(2.423874524471,-15.));
#4758 = CARTESIAN_POINT('',(2.397777928666,-15.));
#4759 = CARTESIAN_POINT('',(2.372117643467,-15.));
#4760 = CARTESIAN_POINT('',(2.346863350745,-15.));
#4761 = CARTESIAN_POINT('',(2.32198766876,-15.));
#4762 = CARTESIAN_POINT('',(2.297464964076,-15.));
#4763 = CARTESIAN_POINT('',(2.273270559771,-15.));
#4764 = CARTESIAN_POINT('',(2.227380139245,-15.));
#4765 = CARTESIAN_POINT('',(2.205639311518,-15.));
#4766 = CARTESIAN_POINT('',(2.184139885584,-15.));
#4767 = CARTESIAN_POINT('',(2.162865576729,-15.));
#4768 = CARTESIAN_POINT('',(2.14180145622,-15.));
#4769 = CARTESIAN_POINT('',(2.120933620811,-15.));
#4770 = CARTESIAN_POINT('',(2.100248862229,-15.));
#4771 = CARTESIAN_POINT('',(2.012137594047,-15.));
#4772 = CARTESIAN_POINT('',(1.946419682833,-15.));
#4773 = CARTESIAN_POINT('',(1.882086894581,-15.));
#4774 = CARTESIAN_POINT('',(1.818808316402,-15.));
#4775 = CARTESIAN_POINT('',(1.756298453184,-15.));
#4776 = CARTESIAN_POINT('',(1.69430212911,-15.));
#4777 = CARTESIAN_POINT('',(1.632562783864,-15.));
#4778 = CARTESIAN_POINT('',(1.51482592993,-15.));
#4779 = CARTESIAN_POINT('',(1.458870663428,-15.));
#4780 = CARTESIAN_POINT('',(1.402725106225,-15.));
#4781 = CARTESIAN_POINT('',(1.346199978066,-15.));
#4782 = CARTESIAN_POINT('',(1.289105698508,-15.));
#4783 = CARTESIAN_POINT('',(1.231235000752,-15.));
#4784 = CARTESIAN_POINT('',(1.172349797626,-15.));
#4785 = CARTESIAN_POINT('',(1.092287747669,-15.));
#4786 = CARTESIAN_POINT('',(1.072308099038,-15.));
#4787 = CARTESIAN_POINT('',(1.052173836057,-15.));
#4788 = CARTESIAN_POINT('',(1.031873614169,-15.));
#4789 = CARTESIAN_POINT('',(1.011395514983,-15.));
#4790 = CARTESIAN_POINT('',(0.990726799566,-15.));
#4791 = CARTESIAN_POINT('',(0.96985366174,-15.));
#4792 = CARTESIAN_POINT('',(0.925500759698,-15.));
#4793 = CARTESIAN_POINT('',(0.90197473279,-15.));
#4794 = CARTESIAN_POINT('',(0.878161843803,-15.));
#4795 = CARTESIAN_POINT('',(0.854040357785,-15.));
#4796 = CARTESIAN_POINT('',(0.82958751973,-15.));
#4797 = CARTESIAN_POINT('',(0.804778904604,-15.));
#4798 = CARTESIAN_POINT('',(0.779587459348,-15.));
#4799 = CARTESIAN_POINT('',(0.727497335886,-15.));
#4800 = CARTESIAN_POINT('',(0.700574373293,-15.));
#4801 = CARTESIAN_POINT('',(0.673176427211,-15.));
#4802 = CARTESIAN_POINT('',(0.645267575544,-15.));
#4803 = CARTESIAN_POINT('',(0.616812287119,-15.));
#4804 = CARTESIAN_POINT('',(0.587774169921,-15.));
#4805 = CARTESIAN_POINT('',(0.558114076388,-15.));
#4806 = CARTESIAN_POINT('',(0.502090687627,-15.));
#4807 = CARTESIAN_POINT('',(0.475921612587,-15.));
#4808 = CARTESIAN_POINT('',(0.449252901933,-15.));
#4809 = CARTESIAN_POINT('',(0.422063210272,-15.));
#4810 = CARTESIAN_POINT('',(0.394336853944,-15.));
#4811 = CARTESIAN_POINT('',(0.366064067169,-15.));
#4812 = CARTESIAN_POINT('',(0.337241946001,-15.));
#4813 = CARTESIAN_POINT('',(0.271709059666,-15.));
#4814 = CARTESIAN_POINT('',(0.234684438787,-15.));
#4815 = CARTESIAN_POINT('',(0.196864259395,-15.));
#4816 = CARTESIAN_POINT('',(0.158334610078,-15.));
#4817 = CARTESIAN_POINT('',(0.119209222985,-15.));
#4818 = CARTESIAN_POINT('',(7.963557750313E-02,-15.));
#4819 = CARTESIAN_POINT('',(3.980896887674E-02,-15.));
#4820 = CARTESIAN_POINT('',(0.,-15.));
#4821 = ( GEOMETRIC_REPRESENTATION_CONTEXT(2) 
PARAMETRIC_REPRESENTATION_CONTEXT() REPRESENTATION_CONTEXT('2D SPACE',''
  ) );
#4822 = PCURVE('',#156,#4823);
#4823 = DEFINITIONAL_REPRESENTATION('',(#4824),#5009);
#4824 = B_SPLINE_CURVE_WITH_KNOTS('',8,(#4825,#4826,#4827,#4828,#4829,
    #4830,#4831,#4832,#4833,#4834,#4835,#4836,#4837,#4838,#4839,#4840,
    #4841,#4842,#4843,#4844,#4845,#4846,#4847,#4848,#4849,#4850,#4851,
    #4852,#4853,#4854,#4855,#4856,#4857,#4858,#4859,#4860,#4861,#4862,
    #4863,#4864,#4865,#4866,#4867,#4868,#4869,#4870,#4871,#4872,#4873,
    #4874,#4875,#4876,#4877,#4878,#4879,#4880,#4881,#4882,#4883,#4884,
    #4885,#4886,#4887,#4888,#4889,#4890,#4891,#4892,#4893,#4894,#4895,
    #4896,#4897,#4898,#4899,#4900,#4901,#4902,#4903,#4904,#4905,#4906,
    #4907,#4908,#4909,#4910,#4911,#4912,#4913,#4914,#4915,#4916,#4917,
    #4918,#4919,#4920,#4921,#4922,#4923,#4924,#4925,#4926,#4927,#4928,
    #4929,#4930,#4931,#4932,#4933,#4934,#4935,#4936,#4937,#4938,#4939,
    #4940,#4941,#4942,#4943,#4944,#4945,#4946,#4947,#4948,#4949,#4950,
    #4951,#4952,#4953,#4954,#4955,#4956,#4957,#4958,#4959,#4960,#4961,
    #4962,#4963,#4964,#4965,#4966,#4967,#4968,#4969,#4970,#4971,#4972,
    #4973,#4974,#4975,#4976,#4977,#4978,#4979,#4980,#4981,#4982,#4983,
    #4984,#4985,#4986,#4987,#4988,#4989,#4990,#4991,#4992,#4993,#4994,
    #4995,#4996,#4997,#4998,#4999,#5000,#5001,#5002,#5003,#5004,#5005,
    #5006,#5007,#5008),.UNSPECIFIED.,.T.,.F.,(9,7,7,7,7,7,7,7,7,7,7,7,7,
    7,7,7,7,7,7,7,7,7,7,7,7,7,9),(0.,3.148497243757E-02,
    5.366380163597E-02,8.787523039711E-02,0.120594909726,0.150726047861,
    0.250010176295,0.339977649495,0.369609361737,0.402286109504,
    0.436085481069,0.464725054722,0.484589034084,0.500017854842,
    0.52046087736,0.53151250959,0.553690150102,0.587899745284,
    0.620617670985,0.650747194226,0.750026001477,0.839988652822,
    0.869618776938,0.902293773377,0.936091333447,0.964729372147,1.),
  .UNSPECIFIED.);
#4825 = CARTESIAN_POINT('',(-11.,32.));
#4826 = CARTESIAN_POINT('',(-11.39075677322,32.));
#4827 = CARTESIAN_POINT('',(-11.78166627365,31.971156373755));
#4828 = CARTESIAN_POINT('',(-12.1698949127,31.913429750198));
#4829 = CARTESIAN_POINT('',(-12.55309974683,31.82771888227));
#4830 = CARTESIAN_POINT('',(-12.9293556788,31.715544177979));
#4831 = CARTESIAN_POINT('',(-13.29710485931,31.578828762425));
#4832 = CARTESIAN_POINT('',(-13.65511974777,31.419739878214));
#4833 = CARTESIAN_POINT('',(-14.24715470457,31.114329862706));
#4834 = CARTESIAN_POINT('',(-14.48666823639,30.978070832735));
#4835 = CARTESIAN_POINT('',(-14.72080067911,30.832491808207));
#4836 = CARTESIAN_POINT('',(-14.94942058565,30.678297600701));
#4837 = CARTESIAN_POINT('',(-15.17246317453,30.516162821532));
#4838 = CARTESIAN_POINT('',(-15.38991970738,30.346716169248));
#4839 = CARTESIAN_POINT('',(-15.601829338,30.170528550078));
#4840 = CARTESIAN_POINT('',(-16.12671889263,29.706711944242));
#4841 = CARTESIAN_POINT('',(-16.43207026846,29.410560307873));
#4842 = CARTESIAN_POINT('',(-16.72469460783,29.101466147015));
#4843 = CARTESIAN_POINT('',(-17.0049845286,28.781026789226));
#4844 = CARTESIAN_POINT('',(-17.27336280956,28.450625994943));
#4845 = CARTESIAN_POINT('',(-17.53028196198,28.11143437447));
#4846 = CARTESIAN_POINT('',(-17.77621878248,27.764405091834));
#4847 = CARTESIAN_POINT('',(-18.23684268291,27.071566490986));
#4848 = CARTESIAN_POINT('',(-18.45237203292,26.726443613856));
#4849 = CARTESIAN_POINT('',(-18.65865600278,26.375587012928));
#4850 = CARTESIAN_POINT('',(-18.85605491169,26.019601748613));
#4851 = CARTESIAN_POINT('',(-19.04489847362,25.659014748443));
#4852 = CARTESIAN_POINT('',(-19.22549444612,25.294279799198));
#4853 = CARTESIAN_POINT('',(-19.39813278676,24.925779935635));
#4854 = CARTESIAN_POINT('',(-19.7149880126,24.211300687977));
#4855 = CARTESIAN_POINT('',(-19.86036327196,23.865868723235));
#4856 = CARTESIAN_POINT('',(-19.99941819445,23.517789004258));
#4857 = CARTESIAN_POINT('',(-20.13234001699,23.167294240375));
#4858 = CARTESIAN_POINT('',(-20.25929863452,22.81459320095));
#4859 = CARTESIAN_POINT('',(-20.38044912031,22.459871738759));
#4860 = CARTESIAN_POINT('',(-20.4959342462,22.103293813367));
#4861 = CARTESIAN_POINT('',(-20.9681887377,20.564408566392));
#4862 = CARTESIAN_POINT('',(-21.27025793418,19.365740660499));
#4863 = CARTESIAN_POINT('',(-21.51709611575,18.153538850853));
#4864 = CARTESIAN_POINT('',(-21.71167796693,16.931530618946));
#4865 = CARTESIAN_POINT('',(-21.85619177088,15.702864780429));
#4866 = CARTESIAN_POINT('',(-21.9520384608,14.47011524054));
#4867 = CARTESIAN_POINT('',(-22.,13.235329141376));
#4868 = CARTESIAN_POINT('',(-22.,10.880592062684));
#4869 = CARTESIAN_POINT('',(-21.96061755239,9.76148701708));
#4870 = CARTESIAN_POINT('',(-21.88189085126,8.643917856456));
#4871 = CARTESIAN_POINT('',(-21.76330725149,7.529438777157));
#4872 = CARTESIAN_POINT('',(-21.60392061759,6.419915105967));
#4873 = CARTESIAN_POINT('',(-21.40227791971,5.317542519387));
#4874 = CARTESIAN_POINT('',(-21.15637252558,4.224857409567));
#4875 = CARTESIAN_POINT('',(-20.76644307785,2.789119019957));
#4876 = CARTESIAN_POINT('',(-20.66470029436,2.434809206662));
#4877 = CARTESIAN_POINT('',(-20.55771457552,2.082023584555));
#4878 = CARTESIAN_POINT('',(-20.4453688256,1.730895173505));
#4879 = CARTESIAN_POINT('',(-20.32753543547,1.381573051187));
#4880 = CARTESIAN_POINT('',(-20.20407438628,1.034223036232));
#4881 = CARTESIAN_POINT('',(-20.07483135313,0.68902837138));
#4882 = CARTESIAN_POINT('',(-19.79054720171,-3.187852192571E-02));
#4883 = CARTESIAN_POINT('',(-19.63422722762,-0.40706178514));
#4884 = CARTESIAN_POINT('',(-19.47044287487,-0.779102382213));
#4885 = CARTESIAN_POINT('',(-19.29894306317,-1.14768989844));
#4886 = CARTESIAN_POINT('',(-19.1194583335,-1.512460366561));
#4887 = CARTESIAN_POINT('',(-18.93169697777,-1.872994304489));
#4888 = CARTESIAN_POINT('',(-18.73533760801,-2.228812929437));
#4889 = CARTESIAN_POINT('',(-18.31764488418,-2.941975794705));
#4890 = CARTESIAN_POINT('',(-18.09572241885,-3.298888495986));
#4891 = CARTESIAN_POINT('',(-17.86383238161,-3.649553599215));
#4892 = CARTESIAN_POINT('',(-17.62154937543,-3.993252835082));
#4893 = CARTESIAN_POINT('',(-17.36844659227,-4.329110997545));
#4894 = CARTESIAN_POINT('',(-17.1040945299,-4.656094706947));
#4895 = CARTESIAN_POINT('',(-16.82805282721,-4.973005656748));
#4896 = CARTESIAN_POINT('',(-16.29565373514,-5.537299225036));
#4897 = CARTESIAN_POINT('',(-16.04278416868,-5.787847237916));
#4898 = CARTESIAN_POINT('',(-15.78096260048,-6.029288087755));
#4899 = CARTESIAN_POINT('',(-15.50997497193,-6.260618962074));
#4900 = CARTESIAN_POINT('',(-15.22968931028,-6.48067295966));
#4901 = CARTESIAN_POINT('',(-14.94007422378,-6.688142107866));
#4902 = CARTESIAN_POINT('',(-14.64122366551,-6.881608968224));
#4903 = CARTESIAN_POINT('',(-14.11987773508,-7.183029610006));
#4904 = CARTESIAN_POINT('',(-13.90206465245,-7.299010191778));
#4905 = CARTESIAN_POINT('',(-13.68006742271,-7.40701552314));
#4906 = CARTESIAN_POINT('',(-13.45405989588,-7.506516696197));
#4907 = CARTESIAN_POINT('',(-13.22427654775,-7.596982226043));
#4908 = CARTESIAN_POINT('',(-12.99101983134,-7.677896265416));
#4909 = CARTESIAN_POINT('',(-12.75466939933,-7.748781755651));
#4910 = CARTESIAN_POINT('',(-12.3300747514,-7.856178935192));
#4911 = CARTESIAN_POINT('',(-12.1428609326,-7.896834446485));
#4912 = CARTESIAN_POINT('',(-11.95428212127,-7.930999161365));
#4913 = CARTESIAN_POINT('',(-11.76458294469,-7.958507988662));
#4914 = CARTESIAN_POINT('',(-11.57402274543,-7.979230910455));
#4915 = CARTESIAN_POINT('',(-11.38287604965,-7.993077260059));
#4916 = CARTESIAN_POINT('',(-11.19143303522,-8.));
#4917 = CARTESIAN_POINT('',(-10.74635327541,-8.));
#4918 = CARTESIAN_POINT('',(-10.49267275113,-7.9878466477));
#4919 = CARTESIAN_POINT('',(-10.23969240397,-7.963534400466));
#4920 = CARTESIAN_POINT('',(-9.988082583481,-7.927212973798));
#4921 = CARTESIAN_POINT('',(-9.73845398003,-7.879161271188));
#4922 = CARTESIAN_POINT('',(-9.491361085145,-7.819764892924));
#4923 = CARTESIAN_POINT('',(-9.247305143992,-7.749497223825));
#4924 = CARTESIAN_POINT('',(-8.876683665375,-7.625334927833));
#4925 = CARTESIAN_POINT('',(-8.747637314001,-7.57874380565));
#4926 = CARTESIAN_POINT('',(-8.619660894404,-7.529213317353));
#4927 = CARTESIAN_POINT('',(-8.492810008684,-7.476829698427));
#4928 = CARTESIAN_POINT('',(-8.367132976614,-7.42168171091));
#4929 = CARTESIAN_POINT('',(-8.242671299652,-7.363859518449));
#4930 = CARTESIAN_POINT('',(-8.119460124939,-7.303453561368));
#4931 = CARTESIAN_POINT('',(-7.752845295424,-7.114329862707));
#4932 = CARTESIAN_POINT('',(-7.51333176361,-6.978070832735));
#4933 = CARTESIAN_POINT('',(-7.279199320882,-6.832491808208));
#4934 = CARTESIAN_POINT('',(-7.050579414348,-6.678297600702));
#4935 = CARTESIAN_POINT('',(-6.827536825467,-6.516162821533));
#4936 = CARTESIAN_POINT('',(-6.610080292618,-6.346716169248));
#4937 = CARTESIAN_POINT('',(-6.398170661999,-6.170528550079));
#4938 = CARTESIAN_POINT('',(-5.873281107369,-5.706711944243));
#4939 = CARTESIAN_POINT('',(-5.56792973154,-5.410560307874));
#4940 = CARTESIAN_POINT('',(-5.275305392168,-5.101466147016));
#4941 = CARTESIAN_POINT('',(-4.995015471394,-4.781026789227));
#4942 = CARTESIAN_POINT('',(-4.726637190432,-4.450625994944));
#4943 = CARTESIAN_POINT('',(-4.469718038013,-4.111434374472));
#4944 = CARTESIAN_POINT('',(-4.223781217514,-3.764405091835));
#4945 = CARTESIAN_POINT('',(-3.763157317089,-3.071566490988));
#4946 = CARTESIAN_POINT('',(-3.547627967077,-2.726443613856));
#4947 = CARTESIAN_POINT('',(-3.341343997216,-2.37558701293));
#4948 = CARTESIAN_POINT('',(-3.143945088309,-2.019601748615));
#4949 = CARTESIAN_POINT('',(-2.955101526376,-1.659014748444));
#4950 = CARTESIAN_POINT('',(-2.774505553872,-1.294279799199));
#4951 = CARTESIAN_POINT('',(-2.601867213235,-0.925779935637));
#4952 = CARTESIAN_POINT('',(-2.285011987399,-0.211300687978));
#4953 = CARTESIAN_POINT('',(-2.139636728037,0.134131276764));
#4954 = CARTESIAN_POINT('',(-2.000581805541,0.482210995741));
#4955 = CARTESIAN_POINT('',(-1.867659983004,0.832705759624));
#4956 = CARTESIAN_POINT('',(-1.740701365473,1.185406799049));
#4957 = CARTESIAN_POINT('',(-1.619550879685,1.54012826124));
#4958 = CARTESIAN_POINT('',(-1.504065753791,1.896706186632));
#4959 = CARTESIAN_POINT('',(-1.031811262298,3.435591433607));
#4960 = CARTESIAN_POINT('',(-0.729742065816,4.634259339492));
#4961 = CARTESIAN_POINT('',(-0.482903884231,5.846461149172));
#4962 = CARTESIAN_POINT('',(-0.288322033087,7.068469381013));
#4963 = CARTESIAN_POINT('',(-0.143808229101,8.297135219603));
#4964 = CARTESIAN_POINT('',(-4.796153919851E-02,9.529884759445));
#4965 = CARTESIAN_POINT('',(-8.171241461241E-14,10.764670858626));
#4966 = CARTESIAN_POINT('',(7.460698725481E-14,13.119407937305));
#4967 = CARTESIAN_POINT('',(-3.93824476019E-02,14.238512982959));
#4968 = CARTESIAN_POINT('',(-0.118109148731,15.356082143473));
#4969 = CARTESIAN_POINT('',(-0.236692748507,16.470561222919));
#4970 = CARTESIAN_POINT('',(-0.396079382395,17.580084893983));
#4971 = CARTESIAN_POINT('',(-0.597722080291,18.682457480632));
#4972 = CARTESIAN_POINT('',(-0.84362747441,19.77514259043));
#4973 = CARTESIAN_POINT('',(-1.233556922146,21.210880980043));
#4974 = CARTESIAN_POINT('',(-1.335299705633,21.565190793339));
#4975 = CARTESIAN_POINT('',(-1.442285424475,21.917976415445));
#4976 = CARTESIAN_POINT('',(-1.554631174399,22.269104826495));
#4977 = CARTESIAN_POINT('',(-1.672464564529,22.618426948813));
#4978 = CARTESIAN_POINT('',(-1.795925613717,22.965776963768));
#4979 = CARTESIAN_POINT('',(-1.925168646861,23.310971628621));
#4980 = CARTESIAN_POINT('',(-2.209452798282,24.031878521926));
#4981 = CARTESIAN_POINT('',(-2.365772772379,24.407061785141));
#4982 = CARTESIAN_POINT('',(-2.529557125123,24.779102382214));
#4983 = CARTESIAN_POINT('',(-2.701056936824,25.14768989844));
#4984 = CARTESIAN_POINT('',(-2.880541666493,25.512460366561));
#4985 = CARTESIAN_POINT('',(-3.068303022227,25.872994304489));
#4986 = CARTESIAN_POINT('',(-3.264662391989,26.228812929438));
#4987 = CARTESIAN_POINT('',(-3.682355115814,26.941975794706));
#4988 = CARTESIAN_POINT('',(-3.904277581143,27.298888495986));
#4989 = CARTESIAN_POINT('',(-4.136167618385,27.649553599215));
#4990 = CARTESIAN_POINT('',(-4.378450624564,27.993252835083));
#4991 = CARTESIAN_POINT('',(-4.631553407727,28.329110997545));
#4992 = CARTESIAN_POINT('',(-4.895905470099,28.656094706947));
#4993 = CARTESIAN_POINT('',(-5.171947172787,28.973005656749));
#4994 = CARTESIAN_POINT('',(-5.70434626486,29.537299225036));
#4995 = CARTESIAN_POINT('',(-5.957215831317,29.787847237917));
#4996 = CARTESIAN_POINT('',(-6.219037399514,30.029288087756));
#4997 = CARTESIAN_POINT('',(-6.490025028069,30.260618962074));
#4998 = CARTESIAN_POINT('',(-6.77031068972,30.48067295966));
#4999 = CARTESIAN_POINT('',(-7.059925776218,30.688142107867));
#5000 = CARTESIAN_POINT('',(-7.358776334487,30.881608968224));
#5001 = CARTESIAN_POINT('',(-8.045742690033,31.278784485835));
#5002 = CARTESIAN_POINT('',(-8.43884645335,31.474687113518));
#5003 = CARTESIAN_POINT('',(-8.844931223933,31.644118197156));
#5004 = CARTESIAN_POINT('',(-9.262552810404,31.783938913904));
#5005 = CARTESIAN_POINT('',(-9.689756229529,31.89127518056));
#5006 = CARTESIAN_POINT('',(-10.12400857845,31.96377696631));
#5007 = CARTESIAN_POINT('',(-10.56210134235,32.));
#5008 = CARTESIAN_POINT('',(-11.,32.));
#5009 = ( GEOMETRIC_REPRESENTATION_CONTEXT(2) 
PARAMETRIC_REPRESENTATION_CONTEXT() REPRESENTATION_CONTEXT('2D SPACE',''
  ) );
#5010 = ORIENTED_EDGE('',*,*,#2951,.T.);
#5011 = ORIENTED_EDGE('',*,*,#2253,.F.);
#5012 = ORIENTED_EDGE('',*,*,#2087,.T.);
#5013 = ORIENTED_EDGE('',*,*,#761,.F.);
#5014 = ORIENTED_EDGE('',*,*,#3629,.F.);
#5015 = ADVANCED_FACE('',(#5016),#4139,.F.);
#5016 = FACE_BOUND('',#5017,.F.);
#5017 = EDGE_LOOP('',(#5018,#5039,#5040,#5061));
#5018 = ORIENTED_EDGE('',*,*,#5019,.F.);
#5019 = EDGE_CURVE('',#3652,#5020,#5022,.T.);
#5020 = VERTEX_POINT('',#5021);
#5021 = CARTESIAN_POINT('',(3.116859351332,2.5,-30.));
#5022 = SURFACE_CURVE('',#5023,(#5027,#5033),.PCURVE_S1.);
#5023 = LINE('',#5024,#5025);
#5024 = CARTESIAN_POINT('',(3.116859351332,2.5,-61.));
#5025 = VECTOR('',#5026,1.);
#5026 = DIRECTION('',(0.,0.,1.));
#5027 = PCURVE('',#4139,#5028);
#5028 = DEFINITIONAL_REPRESENTATION('',(#5029),#5032);
#5029 = B_SPLINE_CURVE_WITH_KNOTS('',1,(#5030,#5031),.UNSPECIFIED.,.F.,
  .F.,(2,2),(-5.999999999062E-07,31.0000006),.PIECEWISE_BEZIER_KNOTS.);
#5030 = CARTESIAN_POINT('',(-26.0000006,15.116859351332));
#5031 = CARTESIAN_POINT('',(5.0000006,15.116859351332));
#5032 = ( GEOMETRIC_REPRESENTATION_CONTEXT(2) 
PARAMETRIC_REPRESENTATION_CONTEXT() REPRESENTATION_CONTEXT('2D SPACE',''
  ) );
#5033 = PCURVE('',#1916,#5034);
#5034 = DEFINITIONAL_REPRESENTATION('',(#5035),#5038);
#5035 = B_SPLINE_CURVE_WITH_KNOTS('',1,(#5036,#5037),.UNSPECIFIED.,.F.,
  .F.,(2,2),(-5.999999999062E-07,31.0000006),.PIECEWISE_BEZIER_KNOTS.);
#5036 = CARTESIAN_POINT('',(2.661864015914,-5.999999999062E-07));
#5037 = CARTESIAN_POINT('',(2.661864015914,31.0000006));
#5038 = ( GEOMETRIC_REPRESENTATION_CONTEXT(2) 
PARAMETRIC_REPRESENTATION_CONTEXT() REPRESENTATION_CONTEXT('2D SPACE',''
  ) );
#5039 = ORIENTED_EDGE('',*,*,#3761,.F.);
#5040 = ORIENTED_EDGE('',*,*,#5041,.T.);
#5041 = EDGE_CURVE('',#3762,#5042,#5044,.T.);
#5042 = VERTEX_POINT('',#5043);
#5043 = CARTESIAN_POINT('',(-3.116859351332,2.5,-30.));
#5044 = SURFACE_CURVE('',#5045,(#5049,#5055),.PCURVE_S1.);
#5045 = LINE('',#5046,#5047);
#5046 = CARTESIAN_POINT('',(-3.116859351332,2.5,-61.));
#5047 = VECTOR('',#5048,1.);
#5048 = DIRECTION('',(0.,0.,1.));
#5049 = PCURVE('',#4139,#5050);
#5050 = DEFINITIONAL_REPRESENTATION('',(#5051),#5054);
#5051 = B_SPLINE_CURVE_WITH_KNOTS('',1,(#5052,#5053),.UNSPECIFIED.,.F.,
  .F.,(2,2),(-5.999999999062E-07,31.0000006),.PIECEWISE_BEZIER_KNOTS.);
#5052 = CARTESIAN_POINT('',(-26.0000006,8.883140648668));
#5053 = CARTESIAN_POINT('',(5.0000006,8.883140648668));
#5054 = ( GEOMETRIC_REPRESENTATION_CONTEXT(2) 
PARAMETRIC_REPRESENTATION_CONTEXT() REPRESENTATION_CONTEXT('2D SPACE',''
  ) );
#5055 = PCURVE('',#4406,#5056);
#5056 = DEFINITIONAL_REPRESENTATION('',(#5057),#5060);
#5057 = B_SPLINE_CURVE_WITH_KNOTS('',1,(#5058,#5059),.UNSPECIFIED.,.F.,
  .F.,(2,2),(-5.999999999062E-07,31.0000006),.PIECEWISE_BEZIER_KNOTS.);
#5058 = CARTESIAN_POINT('',(0.479728637676,-5.999999999062E-07));
#5059 = CARTESIAN_POINT('',(0.479728637676,31.0000006));
#5060 = ( GEOMETRIC_REPRESENTATION_CONTEXT(2) 
PARAMETRIC_REPRESENTATION_CONTEXT() REPRESENTATION_CONTEXT('2D SPACE',''
  ) );
#5061 = ORIENTED_EDGE('',*,*,#5062,.F.);
#5062 = EDGE_CURVE('',#5020,#5042,#5063,.T.);
#5063 = SURFACE_CURVE('',#5064,(#5068,#5075),.PCURVE_S1.);
#5064 = LINE('',#5065,#5066);
#5065 = CARTESIAN_POINT('',(-12.,2.5,-30.));
#5066 = VECTOR('',#5067,1.);
#5067 = DIRECTION('',(-1.,-0.,0.));
#5068 = PCURVE('',#4139,#5069);
#5069 = DEFINITIONAL_REPRESENTATION('',(#5070),#5074);
#5070 = LINE('',#5071,#5072);
#5071 = CARTESIAN_POINT('',(5.,0.));
#5072 = VECTOR('',#5073,1.);
#5073 = DIRECTION('',(0.,-1.));
#5074 = ( GEOMETRIC_REPRESENTATION_CONTEXT(2) 
PARAMETRIC_REPRESENTATION_CONTEXT() REPRESENTATION_CONTEXT('2D SPACE',''
  ) );
#5075 = PCURVE('',#128,#5076);
#5076 = DEFINITIONAL_REPRESENTATION('',(#5077),#5081);
#5077 = LINE('',#5078,#5079);
#5078 = CARTESIAN_POINT('',(0.,10.5));
#5079 = VECTOR('',#5080,1.);
#5080 = DIRECTION('',(-1.,0.));
#5081 = ( GEOMETRIC_REPRESENTATION_CONTEXT(2) 
PARAMETRIC_REPRESENTATION_CONTEXT() REPRESENTATION_CONTEXT('2D SPACE',''
  ) );
#5082 = ADVANCED_FACE('',(#5083),#4406,.F.);
#5083 = FACE_BOUND('',#5084,.F.);
#5084 = EDGE_LOOP('',(#5085,#5109,#5110,#5111));
#5085 = ORIENTED_EDGE('',*,*,#5086,.F.);
#5086 = EDGE_CURVE('',#5042,#5087,#5089,.T.);
#5087 = VERTEX_POINT('',#5088);
#5088 = CARTESIAN_POINT('',(-8.883140648668,2.5,-30.));
#5089 = SURFACE_CURVE('',#5090,(#5095,#5102),.PCURVE_S1.);
#5090 = CIRCLE('',#5091,3.25);
#5091 = AXIS2_PLACEMENT_3D('',#5092,#5093,#5094);
#5092 = CARTESIAN_POINT('',(-6.,1.,-30.));
#5093 = DIRECTION('',(0.,0.,1.));
#5094 = DIRECTION('',(1.,0.,-0.));
#5095 = PCURVE('',#4406,#5096);
#5096 = DEFINITIONAL_REPRESENTATION('',(#5097),#5101);
#5097 = LINE('',#5098,#5099);
#5098 = CARTESIAN_POINT('',(0.,31.));
#5099 = VECTOR('',#5100,1.);
#5100 = DIRECTION('',(1.,0.));
#5101 = ( GEOMETRIC_REPRESENTATION_CONTEXT(2) 
PARAMETRIC_REPRESENTATION_CONTEXT() REPRESENTATION_CONTEXT('2D SPACE',''
  ) );
#5102 = PCURVE('',#128,#5103);
#5103 = DEFINITIONAL_REPRESENTATION('',(#5104),#5108);
#5104 = CIRCLE('',#5105,3.25);
#5105 = AXIS2_PLACEMENT_2D('',#5106,#5107);
#5106 = CARTESIAN_POINT('',(6.,9.));
#5107 = DIRECTION('',(1.,0.));
#5108 = ( GEOMETRIC_REPRESENTATION_CONTEXT(2) 
PARAMETRIC_REPRESENTATION_CONTEXT() REPRESENTATION_CONTEXT('2D SPACE',''
  ) );
#5109 = ORIENTED_EDGE('',*,*,#5041,.F.);
#5110 = ORIENTED_EDGE('',*,*,#4332,.T.);
#5111 = ORIENTED_EDGE('',*,*,#5112,.T.);
#5112 = EDGE_CURVE('',#4333,#5087,#5113,.T.);
#5113 = SURFACE_CURVE('',#5114,(#5118,#5124),.PCURVE_S1.);
#5114 = LINE('',#5115,#5116);
#5115 = CARTESIAN_POINT('',(-8.883140648668,2.5,-61.));
#5116 = VECTOR('',#5117,1.);
#5117 = DIRECTION('',(0.,0.,1.));
#5118 = PCURVE('',#4406,#5119);
#5119 = DEFINITIONAL_REPRESENTATION('',(#5120),#5123);
#5120 = B_SPLINE_CURVE_WITH_KNOTS('',1,(#5121,#5122),.UNSPECIFIED.,.F.,
  .F.,(2,2),(-5.999999999062E-07,31.0000006),.PIECEWISE_BEZIER_KNOTS.);
#5121 = CARTESIAN_POINT('',(2.661864015914,-5.999999999062E-07));
#5122 = CARTESIAN_POINT('',(2.661864015914,31.0000006));
#5123 = ( GEOMETRIC_REPRESENTATION_CONTEXT(2) 
PARAMETRIC_REPRESENTATION_CONTEXT() REPRESENTATION_CONTEXT('2D SPACE',''
  ) );
#5124 = PCURVE('',#156,#5125);
#5125 = DEFINITIONAL_REPRESENTATION('',(#5126),#5129);
#5126 = B_SPLINE_CURVE_WITH_KNOTS('',1,(#5127,#5128),.UNSPECIFIED.,.F.,
  .F.,(2,2),(-5.999999999062E-07,31.0000006),.PIECEWISE_BEZIER_KNOTS.);
#5127 = CARTESIAN_POINT('',(-26.0000006,3.116859351332));
#5128 = CARTESIAN_POINT('',(5.0000006,3.116859351332));
#5129 = ( GEOMETRIC_REPRESENTATION_CONTEXT(2) 
PARAMETRIC_REPRESENTATION_CONTEXT() REPRESENTATION_CONTEXT('2D SPACE',''
  ) );
#5130 = ADVANCED_FACE('',(#5131),#1916,.F.);
#5131 = FACE_BOUND('',#5132,.F.);
#5132 = EDGE_LOOP('',(#5133,#5155,#5156,#5157));
#5133 = ORIENTED_EDGE('',*,*,#5134,.F.);
#5134 = EDGE_CURVE('',#1902,#5020,#5135,.T.);
#5135 = SURFACE_CURVE('',#5136,(#5141,#5148),.PCURVE_S1.);
#5136 = CIRCLE('',#5137,3.25);
#5137 = AXIS2_PLACEMENT_3D('',#5138,#5139,#5140);
#5138 = CARTESIAN_POINT('',(6.,1.,-30.));
#5139 = DIRECTION('',(0.,0.,1.));
#5140 = DIRECTION('',(1.,0.,-0.));
#5141 = PCURVE('',#1916,#5142);
#5142 = DEFINITIONAL_REPRESENTATION('',(#5143),#5147);
#5143 = LINE('',#5144,#5145);
#5144 = CARTESIAN_POINT('',(0.,31.));
#5145 = VECTOR('',#5146,1.);
#5146 = DIRECTION('',(1.,0.));
#5147 = ( GEOMETRIC_REPRESENTATION_CONTEXT(2) 
PARAMETRIC_REPRESENTATION_CONTEXT() REPRESENTATION_CONTEXT('2D SPACE',''
  ) );
#5148 = PCURVE('',#128,#5149);
#5149 = DEFINITIONAL_REPRESENTATION('',(#5150),#5154);
#5150 = CIRCLE('',#5151,3.25);
#5151 = AXIS2_PLACEMENT_2D('',#5152,#5153);
#5152 = CARTESIAN_POINT('',(18.,9.));
#5153 = DIRECTION('',(1.,0.));
#5154 = ( GEOMETRIC_REPRESENTATION_CONTEXT(2) 
PARAMETRIC_REPRESENTATION_CONTEXT() REPRESENTATION_CONTEXT('2D SPACE',''
  ) );
#5155 = ORIENTED_EDGE('',*,*,#1901,.F.);
#5156 = ORIENTED_EDGE('',*,*,#3651,.T.);
#5157 = ORIENTED_EDGE('',*,*,#5019,.T.);
#5158 = ADVANCED_FACE('',(#5159),#100,.F.);
#5159 = FACE_BOUND('',#5160,.F.);
#5160 = EDGE_LOOP('',(#5161,#5182,#5183,#5184));
#5161 = ORIENTED_EDGE('',*,*,#5162,.F.);
#5162 = EDGE_CURVE('',#85,#528,#5163,.T.);
#5163 = SURFACE_CURVE('',#5164,(#5168,#5175),.PCURVE_S1.);
#5164 = LINE('',#5165,#5166);
#5165 = CARTESIAN_POINT('',(-12.,-8.,-30.));
#5166 = VECTOR('',#5167,1.);
#5167 = DIRECTION('',(1.,0.,-0.));
#5168 = PCURVE('',#100,#5169);
#5169 = DEFINITIONAL_REPRESENTATION('',(#5170),#5174);
#5170 = LINE('',#5171,#5172);
#5171 = CARTESIAN_POINT('',(0.,0.));
#5172 = VECTOR('',#5173,1.);
#5173 = DIRECTION('',(0.,1.));
#5174 = ( GEOMETRIC_REPRESENTATION_CONTEXT(2) 
PARAMETRIC_REPRESENTATION_CONTEXT() REPRESENTATION_CONTEXT('2D SPACE',''
  ) );
#5175 = PCURVE('',#128,#5176);
#5176 = DEFINITIONAL_REPRESENTATION('',(#5177),#5181);
#5177 = LINE('',#5178,#5179);
#5178 = CARTESIAN_POINT('',(0.,0.));
#5179 = VECTOR('',#5180,1.);
#5180 = DIRECTION('',(1.,0.));
#5181 = ( GEOMETRIC_REPRESENTATION_CONTEXT(2) 
PARAMETRIC_REPRESENTATION_CONTEXT() REPRESENTATION_CONTEXT('2D SPACE',''
  ) );
#5182 = ORIENTED_EDGE('',*,*,#84,.T.);
#5183 = ORIENTED_EDGE('',*,*,#266,.T.);
#5184 = ORIENTED_EDGE('',*,*,#527,.F.);
#5185 = ADVANCED_FACE('',(#5186,#5216,#5219),#128,.F.);
#5186 = FACE_BOUND('',#5187,.F.);
#5187 = EDGE_LOOP('',(#5188,#5189,#5190,#5191,#5192,#5193,#5194,#5195));
#5188 = ORIENTED_EDGE('',*,*,#112,.F.);
#5189 = ORIENTED_EDGE('',*,*,#5162,.T.);
#5190 = ORIENTED_EDGE('',*,*,#550,.T.);
#5191 = ORIENTED_EDGE('',*,*,#1927,.T.);
#5192 = ORIENTED_EDGE('',*,*,#5134,.T.);
#5193 = ORIENTED_EDGE('',*,*,#5062,.T.);
#5194 = ORIENTED_EDGE('',*,*,#5086,.T.);
#5195 = ORIENTED_EDGE('',*,*,#5196,.T.);
#5196 = EDGE_CURVE('',#5087,#113,#5197,.T.);
#5197 = SURFACE_CURVE('',#5198,(#5202,#5209),.PCURVE_S1.);
#5198 = LINE('',#5199,#5200);
#5199 = CARTESIAN_POINT('',(-12.,2.5,-30.));
#5200 = VECTOR('',#5201,1.);
#5201 = DIRECTION('',(-1.,-0.,0.));
#5202 = PCURVE('',#128,#5203);
#5203 = DEFINITIONAL_REPRESENTATION('',(#5204),#5208);
#5204 = LINE('',#5205,#5206);
#5205 = CARTESIAN_POINT('',(0.,10.5));
#5206 = VECTOR('',#5207,1.);
#5207 = DIRECTION('',(-1.,0.));
#5208 = ( GEOMETRIC_REPRESENTATION_CONTEXT(2) 
PARAMETRIC_REPRESENTATION_CONTEXT() REPRESENTATION_CONTEXT('2D SPACE',''
  ) );
#5209 = PCURVE('',#156,#5210);
#5210 = DEFINITIONAL_REPRESENTATION('',(#5211),#5215);
#5211 = LINE('',#5212,#5213);
#5212 = CARTESIAN_POINT('',(5.,0.));
#5213 = VECTOR('',#5214,1.);
#5214 = DIRECTION('',(0.,-1.));
#5215 = ( GEOMETRIC_REPRESENTATION_CONTEXT(2) 
PARAMETRIC_REPRESENTATION_CONTEXT() REPRESENTATION_CONTEXT('2D SPACE',''
  ) );
#5216 = FACE_BOUND('',#5217,.F.);
#5217 = EDGE_LOOP('',(#5218));
#5218 = ORIENTED_EDGE('',*,*,#478,.F.);
#5219 = FACE_BOUND('',#5220,.F.);
#5220 = EDGE_LOOP('',(#5221));
#5221 = ORIENTED_EDGE('',*,*,#428,.F.);
#5222 = ADVANCED_FACE('',(#5223),#156,.F.);
#5223 = FACE_BOUND('',#5224,.F.);
#5224 = EDGE_LOOP('',(#5225,#5226,#5251,#5252,#5253,#5254));
#5225 = ORIENTED_EDGE('',*,*,#2930,.F.);
#5226 = ORIENTED_EDGE('',*,*,#5227,.F.);
#5227 = EDGE_CURVE('',#141,#2821,#5228,.T.);
#5228 = SURFACE_CURVE('',#5229,(#5234,#5245),.PCURVE_S1.);
#5229 = ELLIPSE('',#5230,23.,14.);
#5230 = AXIS2_PLACEMENT_3D('',#5231,#5232,#5233);
#5231 = CARTESIAN_POINT('',(0.,2.5,-46.));
#5232 = DIRECTION('',(0.,-1.,2.22044604925E-16));
#5233 = DIRECTION('',(1.,0.,0.));
#5234 = PCURVE('',#156,#5235);
#5235 = DEFINITIONAL_REPRESENTATION('',(#5236),#5244);
#5236 = ( BOUNDED_CURVE() B_SPLINE_CURVE(2,(#5237,#5238,#5239,#5240,
#5241,#5242,#5243),.UNSPECIFIED.,.T.,.F.) B_SPLINE_CURVE_WITH_KNOTS((1,2
    ,2,2,2,1),(-2.094395102393,0.,2.094395102393,4.188790204786,
6.28318530718,8.377580409573),.UNSPECIFIED.) CURVE() 
GEOMETRIC_REPRESENTATION_ITEM() RATIONAL_B_SPLINE_CURVE((1.,0.5,1.,0.5,
1.,0.5,1.)) REPRESENTATION_ITEM('') );
#5237 = CARTESIAN_POINT('',(-11.,35.));
#5238 = CARTESIAN_POINT('',(13.248711305964,35.));
#5239 = CARTESIAN_POINT('',(1.124355652982,0.5));
#5240 = CARTESIAN_POINT('',(-11.,-34.));
#5241 = CARTESIAN_POINT('',(-23.12435565298,0.5));
#5242 = CARTESIAN_POINT('',(-35.24871130596,35.));
#5243 = CARTESIAN_POINT('',(-11.,35.));
#5244 = ( GEOMETRIC_REPRESENTATION_CONTEXT(2) 
PARAMETRIC_REPRESENTATION_CONTEXT() REPRESENTATION_CONTEXT('2D SPACE',''
  ) );
#5245 = PCURVE('',#190,#5246);
#5246 = DEFINITIONAL_REPRESENTATION('',(#5247),#5250);
#5247 = B_SPLINE_CURVE_WITH_KNOTS('',1,(#5248,#5249),.UNSPECIFIED.,.F.,
  .F.,(2,2),(2.119684598438,6.28318530718),.PIECEWISE_BEZIER_KNOTS.);
#5248 = CARTESIAN_POINT('',(2.119684598438,-14.));
#5249 = CARTESIAN_POINT('',(6.28318530718,-14.));
#5250 = ( GEOMETRIC_REPRESENTATION_CONTEXT(2) 
PARAMETRIC_REPRESENTATION_CONTEXT() REPRESENTATION_CONTEXT('2D SPACE',''
  ) );
#5251 = ORIENTED_EDGE('',*,*,#140,.T.);
#5252 = ORIENTED_EDGE('',*,*,#5196,.F.);
#5253 = ORIENTED_EDGE('',*,*,#5112,.F.);
#5254 = ORIENTED_EDGE('',*,*,#4447,.F.);
#5255 = ADVANCED_FACE('',(#5256),#190,.F.);
#5256 = FACE_BOUND('',#5257,.F.);
#5257 = EDGE_LOOP('',(#5258,#5259,#5260,#5261,#5262,#5263,#5264,#5265,
    #5266,#5293));
#5258 = ORIENTED_EDGE('',*,*,#168,.F.);
#5259 = ORIENTED_EDGE('',*,*,#5227,.T.);
#5260 = ORIENTED_EDGE('',*,*,#2820,.T.);
#5261 = ORIENTED_EDGE('',*,*,#2200,.T.);
#5262 = ORIENTED_EDGE('',*,*,#1951,.T.);
#5263 = ORIENTED_EDGE('',*,*,#708,.T.);
#5264 = ORIENTED_EDGE('',*,*,#681,.T.);
#5265 = ORIENTED_EDGE('',*,*,#601,.T.);
#5266 = ORIENTED_EDGE('',*,*,#5267,.F.);
#5267 = EDGE_CURVE('',#5268,#602,#5270,.T.);
#5268 = VERTEX_POINT('',#5269);
#5269 = CARTESIAN_POINT('',(23.,16.5,-46.));
#5270 = SURFACE_CURVE('',#5271,(#5276,#5282),.PCURVE_S1.);
#5271 = ELLIPSE('',#5272,23.,14.);
#5272 = AXIS2_PLACEMENT_3D('',#5273,#5274,#5275);
#5273 = CARTESIAN_POINT('',(0.,16.5,-46.));
#5274 = DIRECTION('',(0.,-1.,2.22044604925E-16));
#5275 = DIRECTION('',(1.,0.,0.));
#5276 = PCURVE('',#190,#5277);
#5277 = DEFINITIONAL_REPRESENTATION('',(#5278),#5281);
#5278 = B_SPLINE_CURVE_WITH_KNOTS('',1,(#5279,#5280),.UNSPECIFIED.,.F.,
  .F.,(2,2),(0.,1.021908055152),.PIECEWISE_BEZIER_KNOTS.);
#5279 = CARTESIAN_POINT('',(6.28318530718,0.));
#5280 = CARTESIAN_POINT('',(7.305093362331,0.));
#5281 = ( GEOMETRIC_REPRESENTATION_CONTEXT(2) 
PARAMETRIC_REPRESENTATION_CONTEXT() REPRESENTATION_CONTEXT('2D SPACE',''
  ) );
#5282 = PCURVE('',#224,#5283);
#5283 = DEFINITIONAL_REPRESENTATION('',(#5284),#5292);
#5284 = ( BOUNDED_CURVE() B_SPLINE_CURVE(2,(#5285,#5286,#5287,#5288,
#5289,#5290,#5291),.UNSPECIFIED.,.T.,.F.) B_SPLINE_CURVE_WITH_KNOTS((1,2
    ,2,2,2,1),(-2.094395102393,0.,2.094395102393,4.188790204786,
6.28318530718,8.377580409573),.UNSPECIFIED.) CURVE() 
GEOMETRIC_REPRESENTATION_ITEM() RATIONAL_B_SPLINE_CURVE((1.,0.5,1.,0.5,
1.,0.5,1.)) REPRESENTATION_ITEM('') );
#5285 = CARTESIAN_POINT('',(-11.,35.));
#5286 = CARTESIAN_POINT('',(13.248711305964,35.));
#5287 = CARTESIAN_POINT('',(1.124355652982,0.5));
#5288 = CARTESIAN_POINT('',(-11.,-34.));
#5289 = CARTESIAN_POINT('',(-23.12435565298,0.5));
#5290 = CARTESIAN_POINT('',(-35.24871130596,35.));
#5291 = CARTESIAN_POINT('',(-11.,35.));
#5292 = ( GEOMETRIC_REPRESENTATION_CONTEXT(2) 
PARAMETRIC_REPRESENTATION_CONTEXT() REPRESENTATION_CONTEXT('2D SPACE',''
  ) );
#5293 = ORIENTED_EDGE('',*,*,#5294,.F.);
#5294 = EDGE_CURVE('',#169,#5268,#5295,.T.);
#5295 = SURFACE_CURVE('',#5296,(#5301,#5307),.PCURVE_S1.);
#5296 = ELLIPSE('',#5297,23.,14.);
#5297 = AXIS2_PLACEMENT_3D('',#5298,#5299,#5300);
#5298 = CARTESIAN_POINT('',(0.,16.5,-46.));
#5299 = DIRECTION('',(0.,-1.,2.22044604925E-16));
#5300 = DIRECTION('',(1.,0.,0.));
#5301 = PCURVE('',#190,#5302);
#5302 = DEFINITIONAL_REPRESENTATION('',(#5303),#5306);
#5303 = B_SPLINE_CURVE_WITH_KNOTS('',1,(#5304,#5305),.UNSPECIFIED.,.F.,
  .F.,(2,2),(2.119684598438,6.28318530718),.PIECEWISE_BEZIER_KNOTS.);
#5304 = CARTESIAN_POINT('',(2.119684598438,0.));
#5305 = CARTESIAN_POINT('',(6.28318530718,0.));
#5306 = ( GEOMETRIC_REPRESENTATION_CONTEXT(2) 
PARAMETRIC_REPRESENTATION_CONTEXT() REPRESENTATION_CONTEXT('2D SPACE',''
  ) );
#5307 = PCURVE('',#224,#5308);
#5308 = DEFINITIONAL_REPRESENTATION('',(#5309),#5317);
#5309 = ( BOUNDED_CURVE() B_SPLINE_CURVE(2,(#5310,#5311,#5312,#5313,
#5314,#5315,#5316),.UNSPECIFIED.,.T.,.F.) B_SPLINE_CURVE_WITH_KNOTS((1,2
    ,2,2,2,1),(-2.094395102393,0.,2.094395102393,4.188790204786,
6.28318530718,8.377580409573),.UNSPECIFIED.) CURVE() 
GEOMETRIC_REPRESENTATION_ITEM() RATIONAL_B_SPLINE_CURVE((1.,0.5,1.,0.5,
1.,0.5,1.)) REPRESENTATION_ITEM('') );
#5310 = CARTESIAN_POINT('',(-11.,35.));
#5311 = CARTESIAN_POINT('',(13.248711305964,35.));
#5312 = CARTESIAN_POINT('',(1.124355652982,0.5));
#5313 = CARTESIAN_POINT('',(-11.,-34.));
#5314 = CARTESIAN_POINT('',(-23.12435565298,0.5));
#5315 = CARTESIAN_POINT('',(-35.24871130596,35.));
#5316 = CARTESIAN_POINT('',(-11.,35.));
#5317 = ( GEOMETRIC_REPRESENTATION_CONTEXT(2) 
PARAMETRIC_REPRESENTATION_CONTEXT() REPRESENTATION_CONTEXT('2D SPACE',''
  ) );
#5318 = ADVANCED_FACE('',(#5319,#5346),#224,.T.);
#5319 = FACE_BOUND('',#5320,.T.);
#5320 = EDGE_LOOP('',(#5321,#5322,#5323,#5324,#5325));
#5321 = ORIENTED_EDGE('',*,*,#633,.F.);
#5322 = ORIENTED_EDGE('',*,*,#5267,.F.);
#5323 = ORIENTED_EDGE('',*,*,#5294,.F.);
#5324 = ORIENTED_EDGE('',*,*,#208,.T.);
#5325 = ORIENTED_EDGE('',*,*,#5326,.T.);
#5326 = EDGE_CURVE('',#209,#634,#5327,.T.);
#5327 = SURFACE_CURVE('',#5328,(#5332,#5339),.PCURVE_S1.);
#5328 = LINE('',#5329,#5330);
#5329 = CARTESIAN_POINT('',(-12.,16.5,-29.99));
#5330 = VECTOR('',#5331,1.);
#5331 = DIRECTION('',(1.,0.,-0.));
#5332 = PCURVE('',#224,#5333);
#5333 = DEFINITIONAL_REPRESENTATION('',(#5334),#5338);
#5334 = LINE('',#5335,#5336);
#5335 = CARTESIAN_POINT('',(5.01,0.));
#5336 = VECTOR('',#5337,1.);
#5337 = DIRECTION('',(0.,1.));
#5338 = ( GEOMETRIC_REPRESENTATION_CONTEXT(2) 
PARAMETRIC_REPRESENTATION_CONTEXT() REPRESENTATION_CONTEXT('2D SPACE',''
  ) );
#5339 = PCURVE('',#250,#5340);
#5340 = DEFINITIONAL_REPRESENTATION('',(#5341),#5345);
#5341 = LINE('',#5342,#5343);
#5342 = CARTESIAN_POINT('',(0.,14.));
#5343 = VECTOR('',#5344,1.);
#5344 = DIRECTION('',(1.,0.));
#5345 = ( GEOMETRIC_REPRESENTATION_CONTEXT(2) 
PARAMETRIC_REPRESENTATION_CONTEXT() REPRESENTATION_CONTEXT('2D SPACE',''
  ) );
#5346 = FACE_BOUND('',#5347,.T.);
#5347 = EDGE_LOOP('',(#5348));
#5348 = ORIENTED_EDGE('',*,*,#3063,.F.);
#5349 = ADVANCED_FACE('',(#5350),#250,.T.);
#5350 = FACE_BOUND('',#5351,.T.);
#5351 = EDGE_LOOP('',(#5352,#5353,#5372,#5373));
#5352 = ORIENTED_EDGE('',*,*,#236,.F.);
#5353 = ORIENTED_EDGE('',*,*,#5354,.T.);
#5354 = EDGE_CURVE('',#22,#504,#5355,.T.);
#5355 = SURFACE_CURVE('',#5356,(#5360,#5366),.PCURVE_S1.);
#5356 = LINE('',#5357,#5358);
#5357 = CARTESIAN_POINT('',(-12.,10.,-29.99));
#5358 = VECTOR('',#5359,1.);
#5359 = DIRECTION('',(1.,0.,-0.));
#5360 = PCURVE('',#250,#5361);
#5361 = DEFINITIONAL_REPRESENTATION('',(#5362),#5365);
#5362 = B_SPLINE_CURVE_WITH_KNOTS('',1,(#5363,#5364),.UNSPECIFIED.,.F.,
  .F.,(2,2),(0.,24.),.PIECEWISE_BEZIER_KNOTS.);
#5363 = CARTESIAN_POINT('',(0.,7.5));
#5364 = CARTESIAN_POINT('',(24.,7.5));
#5365 = ( GEOMETRIC_REPRESENTATION_CONTEXT(2) 
PARAMETRIC_REPRESENTATION_CONTEXT() REPRESENTATION_CONTEXT('2D SPACE',''
  ) );
#5366 = PCURVE('',#44,#5367);
#5367 = DEFINITIONAL_REPRESENTATION('',(#5368),#5371);
#5368 = B_SPLINE_CURVE_WITH_KNOTS('',1,(#5369,#5370),.UNSPECIFIED.,.F.,
  .F.,(2,2),(0.,24.),.PIECEWISE_BEZIER_KNOTS.);
#5369 = CARTESIAN_POINT('',(1.E-02,0.));
#5370 = CARTESIAN_POINT('',(1.E-02,24.));
#5371 = ( GEOMETRIC_REPRESENTATION_CONTEXT(2) 
PARAMETRIC_REPRESENTATION_CONTEXT() REPRESENTATION_CONTEXT('2D SPACE',''
  ) );
#5372 = ORIENTED_EDGE('',*,*,#656,.T.);
#5373 = ORIENTED_EDGE('',*,*,#5326,.F.);
#5374 = ADVANCED_FACE('',(#5375),#44,.T.);
#5375 = FACE_BOUND('',#5376,.T.);
#5376 = EDGE_LOOP('',(#5377,#5378,#5379,#5380));
#5377 = ORIENTED_EDGE('',*,*,#503,.F.);
#5378 = ORIENTED_EDGE('',*,*,#5354,.F.);
#5379 = ORIENTED_EDGE('',*,*,#21,.T.);
#5380 = ORIENTED_EDGE('',*,*,#317,.T.);
#5381 = ( GEOMETRIC_REPRESENTATION_CONTEXT(3) 
GLOBAL_UNCERTAINTY_ASSIGNED_CONTEXT((#5385)) 
GLOBAL_UNIT_ASSIGNED_CONTEXT((#5382,#5383,#5384)) REPRESENTATION_CONTEXT
('Context #1','3D Context with UNIT and UNCERTAINTY') );
#5382 = ( LENGTH_UNIT() NAMED_UNIT(*) SI_UNIT(.MILLI.,.METRE.) );
#5383 = ( NAMED_UNIT(*) PLANE_ANGLE_UNIT() SI_UNIT($,.RADIAN.) );
#5384 = ( NAMED_UNIT(*) SI_UNIT($,.STERADIAN.) SOLID_ANGLE_UNIT() );
#5385 = UNCERTAINTY_MEASURE_WITH_UNIT(LENGTH_MEASURE(2.E-06),#5382,
  'distance_accuracy_value','confusion accuracy');
#5386 = PRODUCT_RELATED_PRODUCT_CATEGORY('part',$,(#7));
ENDSEC;
END-ISO-10303-21;
