ISO-10303-21;
HEADER;
FILE_DESCRIPTION(('Open CASCADE Model'),'2;1');
FILE_NAME('Open CASCADE Shape Model','2026-10-09T11:16:41',('Author'),(
    'Open CASCADE'),'Open CASCADE STEP processor 8.0','build123d',
  'Unknown');
FILE_SCHEMA(('AUTOMOTIVE_DESIGN { 1 0 10303 214 1 1 1 1 }'));
ENDSEC;
DATA;
#1 = APPLICATION_PROTOCOL_DEFINITION('international standard',
  'automotive_design',2000,#2);
#2 = APPLICATION_CONTEXT(
  'core data for automotive mechanical design processes');
#3 = SHAPE_DEFINITION_REPRESENTATION(#4,#10);
#4 = PRODUCT_DEFINITION_SHAPE('','',#5);
#5 = PRODUCT_DEFINITION('design','',#6,#9);
#6 = PRODUCT_DEFINITION_FORMATION('','',#7);
#7 = PRODUCT('=>[0:1:1:2]','=>[0:1:1:2]','',(#8));
#8 = PRODUCT_CONTEXT('',#2,'mechanical');
#9 = PRODUCT_DEFINITION_CONTEXT('part definition',#2,'design');
#10 = SHAPE_REPRESENTATION('',(#11,#15),#19);
#11 = AXIS2_PLACEMENT_3D('',#12,#13,#14);
#12 = CARTESIAN_POINT('',(0.,0.,0.));
#13 = DIRECTION('',(0.,0.,1.));
#14 = DIRECTION('',(1.,0.,-0.));
#15 = AXIS2_PLACEMENT_3D('',#16,#17,#18);
#16 = CARTESIAN_POINT('',(0.,-16.,0.));
#17 = DIRECTION('',(0.,-1.,2.22044604925E-16));
#18 = DIRECTION('',(1.,0.,0.));
#19 = ( GEOMETRIC_REPRESENTATION_CONTEXT(3) 
GLOBAL_UNCERTAINTY_ASSIGNED_CONTEXT((#23)) GLOBAL_UNIT_ASSIGNED_CONTEXT(
(#20,#21,#22)) REPRESENTATION_CONTEXT('Context #1',
  '3D Context with UNIT and UNCERTAINTY') );
#20 = ( LENGTH_UNIT() NAMED_UNIT(*) SI_UNIT(.MILLI.,.METRE.) );
#21 = ( NAMED_UNIT(*) PLANE_ANGLE_UNIT() SI_UNIT($,.RADIAN.) );
#22 = ( NAMED_UNIT(*) SI_UNIT($,.STERADIAN.) SOLID_ANGLE_UNIT() );
#23 = UNCERTAINTY_MEASURE_WITH_UNIT(LENGTH_MEASURE(1.E-07),#20,
  'distance_accuracy_value','confusion accuracy');
#24 = PRODUCT_RELATED_PRODUCT_CATEGORY('part',$,(#7));
#25 = SHAPE_DEFINITION_REPRESENTATION(#26,#32);
#26 = PRODUCT_DEFINITION_SHAPE('','',#27);
#27 = PRODUCT_DEFINITION('design','',#28,#31);
#28 = PRODUCT_DEFINITION_FORMATION('','',#29);
#29 = PRODUCT('COMPOUND','COMPOUND','',(#30));
#30 = PRODUCT_CONTEXT('',#2,'mechanical');
#31 = PRODUCT_DEFINITION_CONTEXT('part definition',#2,'design');
#32 = ADVANCED_BREP_SHAPE_REPRESENTATION('',(#11,#33),#9575);
#33 = MANIFOLD_SOLID_BREP('',#34);
#34 = CLOSED_SHELL('',(#35,#159,#247,#4070,#4119,#6990,#7016,#7042,#7068
    ,#7094,#7121,#7148,#7174,#7200,#7226,#7252,#7279,#7306,#7332,#7358,
    #7384,#7410,#7437,#7464,#7490,#7516,#7542,#7568,#7595,#7622,#7648,
    #7674,#7700,#7726,#7753,#7780,#7806,#7832,#7858,#7884,#7911,#7938,
    #7964,#7990,#8016,#8042,#8069,#8096,#8122,#8148,#8174,#8200,#8227,
    #8254,#8280,#8306,#8332,#8358,#8385,#8412,#8438,#8464,#8490,#8516,
    #8543,#8570,#8596,#8622,#8648,#8674,#8701,#8728,#8754,#8780,#8806,
    #8832,#8859,#8886,#8912,#8938,#8964,#8990,#9017,#9044,#9070,#9096,
    #9122,#9148,#9175,#9202,#9228,#9254,#9280,#9306,#9333,#9360,#9386,
    #9412,#9419,#9474,#9542,#9567));
#35 = ADVANCED_FACE('',(#36),#50,.T.);
#36 = FACE_BOUND('',#37,.T.);
#37 = EDGE_LOOP('',(#38,#72,#105,#132));
#38 = ORIENTED_EDGE('',*,*,#39,.T.);
#39 = EDGE_CURVE('',#40,#42,#44,.T.);
#40 = VERTEX_POINT('',#41);
#41 = CARTESIAN_POINT('',(8.383612743769,-0.952073323075,-4.));
#42 = VERTEX_POINT('',#43);
#43 = CARTESIAN_POINT('',(8.383612743769,-0.952073323075,4.));
#44 = SURFACE_CURVE('',#45,(#49,#60),.PCURVE_S1.);
#45 = LINE('',#46,#47);
#46 = CARTESIAN_POINT('',(8.383612743769,-0.952073323075,-4.));
#47 = VECTOR('',#48,1.);
#48 = DIRECTION('',(0.,0.,1.));
#49 = PCURVE('',#50,#55);
#50 = CYLINDRICAL_SURFACE('',#51,8.437500000001);
#51 = AXIS2_PLACEMENT_3D('',#52,#53,#54);
#52 = CARTESIAN_POINT('',(-1.337596700068E-12,2.16271445197E-13,-4.));
#53 = DIRECTION('',(0.,0.,-1.));
#54 = DIRECTION('',(0.993613362224,-0.112838319772,0.));
#55 = DEFINITIONAL_REPRESENTATION('',(#56),#59);
#56 = B_SPLINE_CURVE_WITH_KNOTS('',1,(#57,#58),.UNSPECIFIED.,.F.,.F.,(2,
    2),(0.,8.),.PIECEWISE_BEZIER_KNOTS.);
#57 = CARTESIAN_POINT('',(6.28318530718,0.));
#58 = CARTESIAN_POINT('',(6.28318530718,-8.));
#59 = ( GEOMETRIC_REPRESENTATION_CONTEXT(2) 
PARAMETRIC_REPRESENTATION_CONTEXT() REPRESENTATION_CONTEXT('2D SPACE',''
  ) );
#60 = PCURVE('',#61,#66);
#61 = PLANE('',#62);
#62 = AXIS2_PLACEMENT_3D('',#63,#64,#65);
#63 = CARTESIAN_POINT('',(9.336911443966,-1.060333364315,-4.));
#64 = DIRECTION('',(-0.112838319772,-0.993613362224,0.));
#65 = DIRECTION('',(-0.993613362224,0.112838319772,0.));
#66 = DEFINITIONAL_REPRESENTATION('',(#67),#71);
#67 = LINE('',#68,#69);
#68 = CARTESIAN_POINT('',(0.959426207859,0.));
#69 = VECTOR('',#70,1.);
#70 = DIRECTION('',(0.,-1.));
#71 = ( GEOMETRIC_REPRESENTATION_CONTEXT(2) 
PARAMETRIC_REPRESENTATION_CONTEXT() REPRESENTATION_CONTEXT('2D SPACE',''
  ) );
#72 = ORIENTED_EDGE('',*,*,#73,.T.);
#73 = EDGE_CURVE('',#42,#74,#76,.T.);
#74 = VERTEX_POINT('',#75);
#75 = CARTESIAN_POINT('',(8.109790909607,-2.328668643766,4.));
#76 = SURFACE_CURVE('',#77,(#82,#89),.PCURVE_S1.);
#77 = CIRCLE('',#78,8.437500000001);
#78 = AXIS2_PLACEMENT_3D('',#79,#80,#81);
#79 = CARTESIAN_POINT('',(-1.337596700068E-12,2.16271445197E-13,4.));
#80 = DIRECTION('',(0.,0.,-1.));
#81 = DIRECTION('',(0.993613362224,-0.112838319772,0.));
#82 = PCURVE('',#50,#83);
#83 = DEFINITIONAL_REPRESENTATION('',(#84),#88);
#84 = LINE('',#85,#86);
#85 = CARTESIAN_POINT('',(6.28318530718,-8.));
#86 = VECTOR('',#87,1.);
#87 = DIRECTION('',(1.,0.));
#88 = ( GEOMETRIC_REPRESENTATION_CONTEXT(2) 
PARAMETRIC_REPRESENTATION_CONTEXT() REPRESENTATION_CONTEXT('2D SPACE',''
  ) );
#89 = PCURVE('',#90,#95);
#90 = PLANE('',#91);
#91 = AXIS2_PLACEMENT_3D('',#92,#93,#94);
#92 = CARTESIAN_POINT('',(-3.204846711808E-16,-2.182880132062E-15,4.));
#93 = DIRECTION('',(0.,0.,1.));
#94 = DIRECTION('',(1.,0.,-0.));
#95 = DEFINITIONAL_REPRESENTATION('',(#96),#104);
#96 = ( BOUNDED_CURVE() B_SPLINE_CURVE(2,(#97,#98,#99,#100,#101,#102,
#103),.UNSPECIFIED.,.T.,.F.) B_SPLINE_CURVE_WITH_KNOTS((1,2,2,2,2,1),(
    -2.094395102393,0.,2.094395102393,4.188790204786,6.28318530718,
8.377580409573),.UNSPECIFIED.) CURVE() GEOMETRIC_REPRESENTATION_ITEM() 
RATIONAL_B_SPLINE_CURVE((1.,0.5,1.,0.5,1.,0.5,1.)) REPRESENTATION_ITEM(
  '') );
#97 = CARTESIAN_POINT('',(8.383612743769,-0.952073323075));
#98 = CARTESIAN_POINT('',(6.734573375671,-15.47291654626));
#99 = CARTESIAN_POINT('',(-5.016326055935,-6.784384950058));
#100 = CARTESIAN_POINT('',(-16.76722548754,1.904146646151));
#101 = CARTESIAN_POINT('',(-3.367286687838,7.736458273134));
#102 = CARTESIAN_POINT('',(10.032652111867,13.568769900117));
#103 = CARTESIAN_POINT('',(8.383612743769,-0.952073323075));
#104 = ( GEOMETRIC_REPRESENTATION_CONTEXT(2) 
PARAMETRIC_REPRESENTATION_CONTEXT() REPRESENTATION_CONTEXT('2D SPACE',''
  ) );
#105 = ORIENTED_EDGE('',*,*,#106,.F.);
#106 = EDGE_CURVE('',#107,#74,#109,.T.);
#107 = VERTEX_POINT('',#108);
#108 = CARTESIAN_POINT('',(8.109790909607,-2.328668643766,-4.));
#109 = SURFACE_CURVE('',#110,(#114,#120),.PCURVE_S1.);
#110 = LINE('',#111,#112);
#111 = CARTESIAN_POINT('',(8.109790909607,-2.328668643766,-4.));
#112 = VECTOR('',#113,1.);
#113 = DIRECTION('',(0.,0.,1.));
#114 = PCURVE('',#50,#115);
#115 = DEFINITIONAL_REPRESENTATION('',(#116),#119);
#116 = B_SPLINE_CURVE_WITH_KNOTS('',1,(#117,#118),.UNSPECIFIED.,.F.,.F.,
  (2,2),(0.,8.),.PIECEWISE_BEZIER_KNOTS.);
#117 = CARTESIAN_POINT('',(6.449726080294,0.));
#118 = CARTESIAN_POINT('',(6.449726080294,-8.));
#119 = ( GEOMETRIC_REPRESENTATION_CONTEXT(2) 
PARAMETRIC_REPRESENTATION_CONTEXT() REPRESENTATION_CONTEXT('2D SPACE',''
  ) );
#120 = PCURVE('',#121,#126);
#121 = PLANE('',#122);
#122 = AXIS2_PLACEMENT_3D('',#123,#124,#125);
#123 = CARTESIAN_POINT('',(9.031953391258,-2.593461026136,-4.));
#124 = DIRECTION('',(-0.27599035778,-0.961160404102,0.));
#125 = DIRECTION('',(-0.961160404102,0.27599035778,0.));
#126 = DEFINITIONAL_REPRESENTATION('',(#127),#131);
#127 = LINE('',#128,#129);
#128 = CARTESIAN_POINT('',(0.959426207859,0.));
#129 = VECTOR('',#130,1.);
#130 = DIRECTION('',(0.,-1.));
#131 = ( GEOMETRIC_REPRESENTATION_CONTEXT(2) 
PARAMETRIC_REPRESENTATION_CONTEXT() REPRESENTATION_CONTEXT('2D SPACE',''
  ) );
#132 = ORIENTED_EDGE('',*,*,#133,.T.);
#133 = EDGE_CURVE('',#107,#40,#134,.T.);
#134 = SURFACE_CURVE('',#135,(#140,#147),.PCURVE_S1.);
#135 = CIRCLE('',#136,8.437500000001);
#136 = AXIS2_PLACEMENT_3D('',#137,#138,#139);
#137 = CARTESIAN_POINT('',(-1.318541712918E-12,3.120673346183E-13,-4.));
#138 = DIRECTION('',(0.,0.,1.));
#139 = DIRECTION('',(0.961160404102,-0.27599035778,0.));
#140 = PCURVE('',#50,#141);
#141 = DEFINITIONAL_REPRESENTATION('',(#142),#146);
#142 = LINE('',#143,#144);
#143 = CARTESIAN_POINT('',(6.449726080294,0.));
#144 = VECTOR('',#145,1.);
#145 = DIRECTION('',(-1.,0.));
#146 = ( GEOMETRIC_REPRESENTATION_CONTEXT(2) 
PARAMETRIC_REPRESENTATION_CONTEXT() REPRESENTATION_CONTEXT('2D SPACE',''
  ) );
#147 = PCURVE('',#148,#153);
#148 = PLANE('',#149);
#149 = AXIS2_PLACEMENT_3D('',#150,#151,#152);
#150 = CARTESIAN_POINT('',(-3.204846711808E-16,-2.182880132062E-15,-4.)
  );
#151 = DIRECTION('',(0.,0.,1.));
#152 = DIRECTION('',(1.,0.,-0.));
#153 = DEFINITIONAL_REPRESENTATION('',(#154),#158);
#154 = CIRCLE('',#155,8.437500000001);
#155 = AXIS2_PLACEMENT_2D('',#156,#157);
#156 = CARTESIAN_POINT('',(-1.318221228247E-12,3.142502147503E-13));
#157 = DIRECTION('',(0.961160404102,-0.27599035778));
#158 = ( GEOMETRIC_REPRESENTATION_CONTEXT(2) 
PARAMETRIC_REPRESENTATION_CONTEXT() REPRESENTATION_CONTEXT('2D SPACE',''
  ) );
#159 = ADVANCED_FACE('',(#160),#61,.T.);
#160 = FACE_BOUND('',#161,.T.);
#161 = EDGE_LOOP('',(#162,#204,#225,#226));
#162 = ORIENTED_EDGE('',*,*,#163,.T.);
#163 = EDGE_CURVE('',#164,#166,#168,.T.);
#164 = VERTEX_POINT('',#165);
#165 = CARTESIAN_POINT('',(9.336911443966,-1.060333364315,-4.));
#166 = VERTEX_POINT('',#167);
#167 = CARTESIAN_POINT('',(9.336911443966,-1.060333364315,4.));
#168 = SURFACE_CURVE('',#169,(#173,#180),.PCURVE_S1.);
#169 = LINE('',#170,#171);
#170 = CARTESIAN_POINT('',(9.336911443966,-1.060333364315,-4.));
#171 = VECTOR('',#172,1.);
#172 = DIRECTION('',(0.,0.,1.));
#173 = PCURVE('',#61,#174);
#174 = DEFINITIONAL_REPRESENTATION('',(#175),#179);
#175 = LINE('',#176,#177);
#176 = CARTESIAN_POINT('',(0.,0.));
#177 = VECTOR('',#178,1.);
#178 = DIRECTION('',(0.,-1.));
#179 = ( GEOMETRIC_REPRESENTATION_CONTEXT(2) 
PARAMETRIC_REPRESENTATION_CONTEXT() REPRESENTATION_CONTEXT('2D SPACE',''
  ) );
#180 = PCURVE('',#181,#198);
#181 = SURFACE_OF_LINEAR_EXTRUSION('',#182,#196);
#182 = B_SPLINE_CURVE_WITH_KNOTS('',3,(#183,#184,#185,#186,#187,#188,
    #189,#190,#191,#192,#193,#194,#195),.UNSPECIFIED.,.F.,.F.,(4,1,1,1,1
    ,1,1,1,1,1,4),(0.,0.186927563819,0.377660761138,0.572069250156,
    0.77014078192,0.971871396504,1.177259312061,1.386303573601,
    1.599003609573,1.815359050699,2.035369644546),.UNSPECIFIED.);
#183 = CARTESIAN_POINT('',(9.336911443966,-1.060333364315,-4.));
#184 = CARTESIAN_POINT('',(9.399391793885,-1.063306393064,-4.));
#185 = CARTESIAN_POINT('',(9.525322383705,-1.060048036285,-4.));
#186 = CARTESIAN_POINT('',(9.714522034928,-1.033584258909,-4.));
#187 = CARTESIAN_POINT('',(9.904909243289,-0.993884549239,-4.));
#188 = CARTESIAN_POINT('',(10.096117280238,-0.941745388467,-4.));
#189 = CARTESIAN_POINT('',(10.287793016084,-0.878606818778,-4.));
#190 = CARTESIAN_POINT('',(10.479660317232,-0.805115896132,-4.));
#191 = CARTESIAN_POINT('',(10.671458274716,-0.72181537474,-4.));
#192 = CARTESIAN_POINT('',(10.862943073359,-0.629082326011,-4.));
#193 = CARTESIAN_POINT('',(11.0538783891,-0.527225431768,-4.));
#194 = CARTESIAN_POINT('',(11.179598735178,-0.453991385117,-4.));
#195 = CARTESIAN_POINT('',(11.242307168263,-0.415968189182,-4.));
#196 = VECTOR('',#197,1.);
#197 = DIRECTION('',(-0.,-0.,-1.));
#198 = DEFINITIONAL_REPRESENTATION('',(#199),#203);
#199 = LINE('',#200,#201);
#200 = CARTESIAN_POINT('',(0.,0.));
#201 = VECTOR('',#202,1.);
#202 = DIRECTION('',(0.,-1.));
#203 = ( GEOMETRIC_REPRESENTATION_CONTEXT(2) 
PARAMETRIC_REPRESENTATION_CONTEXT() REPRESENTATION_CONTEXT('2D SPACE',''
  ) );
#204 = ORIENTED_EDGE('',*,*,#205,.T.);
#205 = EDGE_CURVE('',#166,#42,#206,.T.);
#206 = SURFACE_CURVE('',#207,(#211,#218),.PCURVE_S1.);
#207 = LINE('',#208,#209);
#208 = CARTESIAN_POINT('',(9.336911443966,-1.060333364315,4.));
#209 = VECTOR('',#210,1.);
#210 = DIRECTION('',(-0.993613362224,0.112838319772,0.));
#211 = PCURVE('',#61,#212);
#212 = DEFINITIONAL_REPRESENTATION('',(#213),#217);
#213 = LINE('',#214,#215);
#214 = CARTESIAN_POINT('',(0.,-8.));
#215 = VECTOR('',#216,1.);
#216 = DIRECTION('',(1.,0.));
#217 = ( GEOMETRIC_REPRESENTATION_CONTEXT(2) 
PARAMETRIC_REPRESENTATION_CONTEXT() REPRESENTATION_CONTEXT('2D SPACE',''
  ) );
#218 = PCURVE('',#90,#219);
#219 = DEFINITIONAL_REPRESENTATION('',(#220),#224);
#220 = LINE('',#221,#222);
#221 = CARTESIAN_POINT('',(9.336911443966,-1.060333364315));
#222 = VECTOR('',#223,1.);
#223 = DIRECTION('',(-0.993613362224,0.112838319772));
#224 = ( GEOMETRIC_REPRESENTATION_CONTEXT(2) 
PARAMETRIC_REPRESENTATION_CONTEXT() REPRESENTATION_CONTEXT('2D SPACE',''
  ) );
#225 = ORIENTED_EDGE('',*,*,#39,.F.);
#226 = ORIENTED_EDGE('',*,*,#227,.F.);
#227 = EDGE_CURVE('',#164,#40,#228,.T.);
#228 = SURFACE_CURVE('',#229,(#233,#240),.PCURVE_S1.);
#229 = LINE('',#230,#231);
#230 = CARTESIAN_POINT('',(9.336911443966,-1.060333364315,-4.));
#231 = VECTOR('',#232,1.);
#232 = DIRECTION('',(-0.993613362224,0.112838319772,0.));
#233 = PCURVE('',#61,#234);
#234 = DEFINITIONAL_REPRESENTATION('',(#235),#239);
#235 = LINE('',#236,#237);
#236 = CARTESIAN_POINT('',(0.,0.));
#237 = VECTOR('',#238,1.);
#238 = DIRECTION('',(1.,0.));
#239 = ( GEOMETRIC_REPRESENTATION_CONTEXT(2) 
PARAMETRIC_REPRESENTATION_CONTEXT() REPRESENTATION_CONTEXT('2D SPACE',''
  ) );
#240 = PCURVE('',#148,#241);
#241 = DEFINITIONAL_REPRESENTATION('',(#242),#246);
#242 = LINE('',#243,#244);
#243 = CARTESIAN_POINT('',(9.336911443966,-1.060333364315));
#244 = VECTOR('',#245,1.);
#245 = DIRECTION('',(-0.993613362224,0.112838319772));
#246 = ( GEOMETRIC_REPRESENTATION_CONTEXT(2) 
PARAMETRIC_REPRESENTATION_CONTEXT() REPRESENTATION_CONTEXT('2D SPACE',''
  ) );
#247 = ADVANCED_FACE('',(#248,#4039),#90,.T.);
#248 = FACE_BOUND('',#249,.T.);
#249 = EDGE_LOOP('',(#250,#251,#252,#295,#328,#388,#416,#449,#477,#537,
    #570,#630,#658,#691,#719,#779,#812,#872,#900,#933,#961,#1021,#1054,
    #1114,#1142,#1175,#1203,#1263,#1296,#1356,#1384,#1417,#1445,#1505,
    #1538,#1598,#1626,#1659,#1687,#1747,#1780,#1840,#1868,#1901,#1929,
    #1989,#2022,#2082,#2110,#2143,#2171,#2231,#2264,#2324,#2352,#2385,
    #2413,#2473,#2506,#2566,#2594,#2627,#2655,#2715,#2748,#2808,#2836,
    #2869,#2897,#2957,#2990,#3050,#3078,#3111,#3139,#3199,#3232,#3292,
    #3320,#3353,#3381,#3441,#3474,#3534,#3562,#3595,#3623,#3683,#3716,
    #3776,#3804,#3837,#3865,#3925,#3958,#4018));
#250 = ORIENTED_EDGE('',*,*,#73,.F.);
#251 = ORIENTED_EDGE('',*,*,#205,.F.);
#252 = ORIENTED_EDGE('',*,*,#253,.T.);
#253 = EDGE_CURVE('',#166,#254,#256,.T.);
#254 = VERTEX_POINT('',#255);
#255 = CARTESIAN_POINT('',(11.242307168263,-0.415968189182,4.));
#256 = SURFACE_CURVE('',#257,(#271,#288),.PCURVE_S1.);
#257 = B_SPLINE_CURVE_WITH_KNOTS('',3,(#258,#259,#260,#261,#262,#263,
    #264,#265,#266,#267,#268,#269,#270),.UNSPECIFIED.,.F.,.F.,(4,1,1,1,1
    ,1,1,1,1,1,4),(0.,0.186927563819,0.377660761138,0.572069250156,
    0.77014078192,0.971871396504,1.177259312061,1.386303573601,
    1.599003609573,1.815359050699,2.035369644546),.UNSPECIFIED.);
#258 = CARTESIAN_POINT('',(9.336911443966,-1.060333364315,4.));
#259 = CARTESIAN_POINT('',(9.399391793885,-1.063306393064,4.));
#260 = CARTESIAN_POINT('',(9.525322383705,-1.060048036285,4.));
#261 = CARTESIAN_POINT('',(9.714522034928,-1.033584258909,4.));
#262 = CARTESIAN_POINT('',(9.904909243289,-0.993884549239,4.));
#263 = CARTESIAN_POINT('',(10.096117280238,-0.941745388467,4.));
#264 = CARTESIAN_POINT('',(10.287793016084,-0.878606818778,4.));
#265 = CARTESIAN_POINT('',(10.479660317232,-0.805115896132,4.));
#266 = CARTESIAN_POINT('',(10.671458274716,-0.72181537474,4.));
#267 = CARTESIAN_POINT('',(10.862943073359,-0.629082326011,4.));
#268 = CARTESIAN_POINT('',(11.0538783891,-0.527225431768,4.));
#269 = CARTESIAN_POINT('',(11.179598735178,-0.453991385117,4.));
#270 = CARTESIAN_POINT('',(11.242307168263,-0.415968189182,4.));
#271 = PCURVE('',#90,#272);
#272 = DEFINITIONAL_REPRESENTATION('',(#273),#287);
#273 = B_SPLINE_CURVE_WITH_KNOTS('',3,(#274,#275,#276,#277,#278,#279,
    #280,#281,#282,#283,#284,#285,#286),.UNSPECIFIED.,.F.,.F.,(4,1,1,1,1
    ,1,1,1,1,1,4),(0.,0.186927563819,0.377660761138,0.572069250156,
    0.77014078192,0.971871396504,1.177259312061,1.386303573601,
    1.599003609573,1.815359050699,2.035369644546),.UNSPECIFIED.);
#274 = CARTESIAN_POINT('',(9.336911443966,-1.060333364315));
#275 = CARTESIAN_POINT('',(9.399391793885,-1.063306393064));
#276 = CARTESIAN_POINT('',(9.525322383705,-1.060048036285));
#277 = CARTESIAN_POINT('',(9.714522034928,-1.033584258909));
#278 = CARTESIAN_POINT('',(9.904909243289,-0.993884549239));
#279 = CARTESIAN_POINT('',(10.096117280238,-0.941745388467));
#280 = CARTESIAN_POINT('',(10.287793016084,-0.878606818778));
#281 = CARTESIAN_POINT('',(10.479660317232,-0.805115896132));
#282 = CARTESIAN_POINT('',(10.671458274716,-0.72181537474));
#283 = CARTESIAN_POINT('',(10.862943073359,-0.629082326011));
#284 = CARTESIAN_POINT('',(11.0538783891,-0.527225431768));
#285 = CARTESIAN_POINT('',(11.179598735178,-0.453991385117));
#286 = CARTESIAN_POINT('',(11.242307168263,-0.415968189182));
#287 = ( GEOMETRIC_REPRESENTATION_CONTEXT(2) 
PARAMETRIC_REPRESENTATION_CONTEXT() REPRESENTATION_CONTEXT('2D SPACE',''
  ) );
#288 = PCURVE('',#181,#289);
#289 = DEFINITIONAL_REPRESENTATION('',(#290),#294);
#290 = LINE('',#291,#292);
#291 = CARTESIAN_POINT('',(0.,-8.));
#292 = VECTOR('',#293,1.);
#293 = DIRECTION('',(1.,0.));
#294 = ( GEOMETRIC_REPRESENTATION_CONTEXT(2) 
PARAMETRIC_REPRESENTATION_CONTEXT() REPRESENTATION_CONTEXT('2D SPACE',''
  ) );
#295 = ORIENTED_EDGE('',*,*,#296,.F.);
#296 = EDGE_CURVE('',#297,#254,#299,.T.);
#297 = VERTEX_POINT('',#298);
#298 = CARTESIAN_POINT('',(11.242307168263,0.415968189182,4.));
#299 = SURFACE_CURVE('',#300,(#305,#316),.PCURVE_S1.);
#300 = CIRCLE('',#301,11.250000000019);
#301 = AXIS2_PLACEMENT_3D('',#302,#303,#304);
#302 = CARTESIAN_POINT('',(-1.934186144581E-11,-3.304301277041E-13,4.));
#303 = DIRECTION('',(0.,0.,-1.));
#304 = DIRECTION('',(0.999316192735,3.697495014948E-02,0.));
#305 = PCURVE('',#90,#306);
#306 = DEFINITIONAL_REPRESENTATION('',(#307),#315);
#307 = ( BOUNDED_CURVE() B_SPLINE_CURVE(2,(#308,#309,#310,#311,#312,#313
,#314),.UNSPECIFIED.,.T.,.F.) B_SPLINE_CURVE_WITH_KNOTS((1,2,2,2,2,1),(
    -2.094395102393,0.,2.094395102393,4.188790204786,6.28318530718,
8.377580409573),.UNSPECIFIED.) CURVE() GEOMETRIC_REPRESENTATION_ITEM() 
RATIONAL_B_SPLINE_CURVE((1.,0.5,1.,0.5,1.,0.5,1.)) REPRESENTATION_ITEM(
  '') );
#308 = CARTESIAN_POINT('',(11.242307168263,0.415968189182));
#309 = CARTESIAN_POINT('',(11.96278520626,-19.05627902058));
#310 = CARTESIAN_POINT('',(-5.260914565163,-9.944107699472));
#311 = CARTESIAN_POINT('',(-22.48461433658,-0.831936378365));
#312 = CARTESIAN_POINT('',(-5.981392603159,9.528139510289));
#313 = CARTESIAN_POINT('',(10.521829130267,19.888215398944));
#314 = CARTESIAN_POINT('',(11.242307168263,0.415968189182));
#315 = ( GEOMETRIC_REPRESENTATION_CONTEXT(2) 
PARAMETRIC_REPRESENTATION_CONTEXT() REPRESENTATION_CONTEXT('2D SPACE',''
  ) );
#316 = PCURVE('',#317,#322);
#317 = CYLINDRICAL_SURFACE('',#318,11.250000000019);
#318 = AXIS2_PLACEMENT_3D('',#319,#320,#321);
#319 = CARTESIAN_POINT('',(-1.934186144581E-11,3.304301277041E-13,-4.));
#320 = DIRECTION('',(0.,-0.,-1.));
#321 = DIRECTION('',(0.999316192735,-3.697495014948E-02,0.));
#322 = DEFINITIONAL_REPRESENTATION('',(#323),#327);
#323 = LINE('',#324,#325);
#324 = CARTESIAN_POINT('',(-6.357152067917,-8.));
#325 = VECTOR('',#326,1.);
#326 = DIRECTION('',(1.,-0.));
#327 = ( GEOMETRIC_REPRESENTATION_CONTEXT(2) 
PARAMETRIC_REPRESENTATION_CONTEXT() REPRESENTATION_CONTEXT('2D SPACE',''
  ) );
#328 = ORIENTED_EDGE('',*,*,#329,.F.);
#329 = EDGE_CURVE('',#330,#297,#332,.T.);
#330 = VERTEX_POINT('',#331);
#331 = CARTESIAN_POINT('',(9.336911443966,1.060333364315,4.));
#332 = SURFACE_CURVE('',#333,(#347,#364),.PCURVE_S1.);
#333 = B_SPLINE_CURVE_WITH_KNOTS('',3,(#334,#335,#336,#337,#338,#339,
    #340,#341,#342,#343,#344,#345,#346),.UNSPECIFIED.,.F.,.F.,(4,1,1,1,1
    ,1,1,1,1,1,4),(0.,0.186927563819,0.377660761138,0.572069250156,
    0.77014078192,0.971871396504,1.177259312061,1.386303573601,
    1.599003609573,1.815359050699,2.035369644546),.UNSPECIFIED.);
#334 = CARTESIAN_POINT('',(9.336911443966,1.060333364315,4.));
#335 = CARTESIAN_POINT('',(9.399391793885,1.063306393064,4.));
#336 = CARTESIAN_POINT('',(9.525322383705,1.060048036285,4.));
#337 = CARTESIAN_POINT('',(9.714522034928,1.033584258909,4.));
#338 = CARTESIAN_POINT('',(9.904909243289,0.993884549239,4.));
#339 = CARTESIAN_POINT('',(10.096117280238,0.941745388467,4.));
#340 = CARTESIAN_POINT('',(10.287793016084,0.878606818778,4.));
#341 = CARTESIAN_POINT('',(10.479660317232,0.805115896132,4.));
#342 = CARTESIAN_POINT('',(10.671458274716,0.72181537474,4.));
#343 = CARTESIAN_POINT('',(10.862943073359,0.629082326011,4.));
#344 = CARTESIAN_POINT('',(11.0538783891,0.527225431768,4.));
#345 = CARTESIAN_POINT('',(11.179598735178,0.453991385117,4.));
#346 = CARTESIAN_POINT('',(11.242307168263,0.415968189182,4.));
#347 = PCURVE('',#90,#348);
#348 = DEFINITIONAL_REPRESENTATION('',(#349),#363);
#349 = B_SPLINE_CURVE_WITH_KNOTS('',3,(#350,#351,#352,#353,#354,#355,
    #356,#357,#358,#359,#360,#361,#362),.UNSPECIFIED.,.F.,.F.,(4,1,1,1,1
    ,1,1,1,1,1,4),(0.,0.186927563819,0.377660761138,0.572069250156,
    0.77014078192,0.971871396504,1.177259312061,1.386303573601,
    1.599003609573,1.815359050699,2.035369644546),.UNSPECIFIED.);
#350 = CARTESIAN_POINT('',(9.336911443966,1.060333364315));
#351 = CARTESIAN_POINT('',(9.399391793885,1.063306393064));
#352 = CARTESIAN_POINT('',(9.525322383705,1.060048036285));
#353 = CARTESIAN_POINT('',(9.714522034928,1.033584258909));
#354 = CARTESIAN_POINT('',(9.904909243289,0.993884549239));
#355 = CARTESIAN_POINT('',(10.096117280238,0.941745388467));
#356 = CARTESIAN_POINT('',(10.287793016084,0.878606818778));
#357 = CARTESIAN_POINT('',(10.479660317232,0.805115896132));
#358 = CARTESIAN_POINT('',(10.671458274716,0.72181537474));
#359 = CARTESIAN_POINT('',(10.862943073359,0.629082326011));
#360 = CARTESIAN_POINT('',(11.0538783891,0.527225431768));
#361 = CARTESIAN_POINT('',(11.179598735178,0.453991385117));
#362 = CARTESIAN_POINT('',(11.242307168263,0.415968189182));
#363 = ( GEOMETRIC_REPRESENTATION_CONTEXT(2) 
PARAMETRIC_REPRESENTATION_CONTEXT() REPRESENTATION_CONTEXT('2D SPACE',''
  ) );
#364 = PCURVE('',#365,#382);
#365 = SURFACE_OF_LINEAR_EXTRUSION('',#366,#380);
#366 = B_SPLINE_CURVE_WITH_KNOTS('',3,(#367,#368,#369,#370,#371,#372,
    #373,#374,#375,#376,#377,#378,#379),.UNSPECIFIED.,.F.,.F.,(4,1,1,1,1
    ,1,1,1,1,1,4),(0.,0.186927563819,0.377660761138,0.572069250156,
    0.77014078192,0.971871396504,1.177259312061,1.386303573601,
    1.599003609573,1.815359050699,2.035369644546),.UNSPECIFIED.);
#367 = CARTESIAN_POINT('',(9.336911443966,1.060333364315,-4.));
#368 = CARTESIAN_POINT('',(9.399391793885,1.063306393064,-4.));
#369 = CARTESIAN_POINT('',(9.525322383705,1.060048036285,-4.));
#370 = CARTESIAN_POINT('',(9.714522034928,1.033584258909,-4.));
#371 = CARTESIAN_POINT('',(9.904909243289,0.993884549239,-4.));
#372 = CARTESIAN_POINT('',(10.096117280238,0.941745388467,-4.));
#373 = CARTESIAN_POINT('',(10.287793016084,0.878606818778,-4.));
#374 = CARTESIAN_POINT('',(10.479660317232,0.805115896132,-4.));
#375 = CARTESIAN_POINT('',(10.671458274716,0.72181537474,-4.));
#376 = CARTESIAN_POINT('',(10.862943073359,0.629082326011,-4.));
#377 = CARTESIAN_POINT('',(11.0538783891,0.527225431768,-4.));
#378 = CARTESIAN_POINT('',(11.179598735178,0.453991385117,-4.));
#379 = CARTESIAN_POINT('',(11.242307168263,0.415968189182,-4.));
#380 = VECTOR('',#381,1.);
#381 = DIRECTION('',(-0.,-0.,-1.));
#382 = DEFINITIONAL_REPRESENTATION('',(#383),#387);
#383 = LINE('',#384,#385);
#384 = CARTESIAN_POINT('',(0.,-8.));
#385 = VECTOR('',#386,1.);
#386 = DIRECTION('',(1.,0.));
#387 = ( GEOMETRIC_REPRESENTATION_CONTEXT(2) 
PARAMETRIC_REPRESENTATION_CONTEXT() REPRESENTATION_CONTEXT('2D SPACE',''
  ) );
#388 = ORIENTED_EDGE('',*,*,#389,.T.);
#389 = EDGE_CURVE('',#330,#390,#392,.T.);
#390 = VERTEX_POINT('',#391);
#391 = CARTESIAN_POINT('',(8.383612743769,0.952073323075,4.));
#392 = SURFACE_CURVE('',#393,(#397,#404),.PCURVE_S1.);
#393 = LINE('',#394,#395);
#394 = CARTESIAN_POINT('',(9.336911443966,1.060333364315,4.));
#395 = VECTOR('',#396,1.);
#396 = DIRECTION('',(-0.993613362224,-0.112838319772,0.));
#397 = PCURVE('',#90,#398);
#398 = DEFINITIONAL_REPRESENTATION('',(#399),#403);
#399 = LINE('',#400,#401);
#400 = CARTESIAN_POINT('',(9.336911443966,1.060333364315));
#401 = VECTOR('',#402,1.);
#402 = DIRECTION('',(-0.993613362224,-0.112838319772));
#403 = ( GEOMETRIC_REPRESENTATION_CONTEXT(2) 
PARAMETRIC_REPRESENTATION_CONTEXT() REPRESENTATION_CONTEXT('2D SPACE',''
  ) );
#404 = PCURVE('',#405,#410);
#405 = PLANE('',#406);
#406 = AXIS2_PLACEMENT_3D('',#407,#408,#409);
#407 = CARTESIAN_POINT('',(9.336911443966,1.060333364315,-4.));
#408 = DIRECTION('',(0.112838319772,-0.993613362224,0.));
#409 = DIRECTION('',(-0.993613362224,-0.112838319772,0.));
#410 = DEFINITIONAL_REPRESENTATION('',(#411),#415);
#411 = LINE('',#412,#413);
#412 = CARTESIAN_POINT('',(0.,-8.));
#413 = VECTOR('',#414,1.);
#414 = DIRECTION('',(1.,0.));
#415 = ( GEOMETRIC_REPRESENTATION_CONTEXT(2) 
PARAMETRIC_REPRESENTATION_CONTEXT() REPRESENTATION_CONTEXT('2D SPACE',''
  ) );
#416 = ORIENTED_EDGE('',*,*,#417,.F.);
#417 = EDGE_CURVE('',#418,#390,#420,.T.);
#418 = VERTEX_POINT('',#419);
#419 = CARTESIAN_POINT('',(8.109790909607,2.328668643766,4.));
#420 = SURFACE_CURVE('',#421,(#426,#437),.PCURVE_S1.);
#421 = CIRCLE('',#422,8.437500000001);
#422 = AXIS2_PLACEMENT_3D('',#423,#424,#425);
#423 = CARTESIAN_POINT('',(-1.318541712918E-12,-3.120673346183E-13,4.));
#424 = DIRECTION('',(0.,0.,-1.));
#425 = DIRECTION('',(0.961160404102,0.27599035778,0.));
#426 = PCURVE('',#90,#427);
#427 = DEFINITIONAL_REPRESENTATION('',(#428),#436);
#428 = ( BOUNDED_CURVE() B_SPLINE_CURVE(2,(#429,#430,#431,#432,#433,#434
,#435),.UNSPECIFIED.,.T.,.F.) B_SPLINE_CURVE_WITH_KNOTS((1,2,2,2,2,1),(
    -2.094395102393,0.,2.094395102393,4.188790204786,6.28318530718,
8.377580409573),.UNSPECIFIED.) CURVE() GEOMETRIC_REPRESENTATION_ITEM() 
RATIONAL_B_SPLINE_CURVE((1.,0.5,1.,0.5,1.,0.5,1.)) REPRESENTATION_ITEM(
  '') );
#429 = CARTESIAN_POINT('',(8.109790909607,2.328668643766));
#430 = CARTESIAN_POINT('',(12.143163314602,-11.71790125043));
#431 = CARTESIAN_POINT('',(-2.038209252308,-8.187619268984));
#432 = CARTESIAN_POINT('',(-16.21958181921,-4.657337287533));
#433 = CARTESIAN_POINT('',(-6.071581657303,5.858950625217));
#434 = CARTESIAN_POINT('',(4.076418504611,16.375238537967));
#435 = CARTESIAN_POINT('',(8.109790909607,2.328668643766));
#436 = ( GEOMETRIC_REPRESENTATION_CONTEXT(2) 
PARAMETRIC_REPRESENTATION_CONTEXT() REPRESENTATION_CONTEXT('2D SPACE',''
  ) );
#437 = PCURVE('',#438,#443);
#438 = CYLINDRICAL_SURFACE('',#439,8.437500000001);
#439 = AXIS2_PLACEMENT_3D('',#440,#441,#442);
#440 = CARTESIAN_POINT('',(-1.337596700068E-12,-2.16271445197E-13,-4.));
#441 = DIRECTION('',(-0.,0.,-1.));
#442 = DIRECTION('',(0.993613362224,0.112838319772,0.));
#443 = DEFINITIONAL_REPRESENTATION('',(#444),#448);
#444 = LINE('',#445,#446);
#445 = CARTESIAN_POINT('',(-6.449726080294,-8.));
#446 = VECTOR('',#447,1.);
#447 = DIRECTION('',(1.,-0.));
#448 = ( GEOMETRIC_REPRESENTATION_CONTEXT(2) 
PARAMETRIC_REPRESENTATION_CONTEXT() REPRESENTATION_CONTEXT('2D SPACE',''
  ) );
#449 = ORIENTED_EDGE('',*,*,#450,.F.);
#450 = EDGE_CURVE('',#451,#418,#453,.T.);
#451 = VERTEX_POINT('',#452);
#452 = CARTESIAN_POINT('',(9.031953391258,2.593461026136,4.));
#453 = SURFACE_CURVE('',#454,(#458,#465),.PCURVE_S1.);
#454 = LINE('',#455,#456);
#455 = CARTESIAN_POINT('',(9.031953391258,2.593461026136,4.));
#456 = VECTOR('',#457,1.);
#457 = DIRECTION('',(-0.961160404102,-0.27599035778,0.));
#458 = PCURVE('',#90,#459);
#459 = DEFINITIONAL_REPRESENTATION('',(#460),#464);
#460 = LINE('',#461,#462);
#461 = CARTESIAN_POINT('',(9.031953391258,2.593461026136));
#462 = VECTOR('',#463,1.);
#463 = DIRECTION('',(-0.961160404102,-0.27599035778));
#464 = ( GEOMETRIC_REPRESENTATION_CONTEXT(2) 
PARAMETRIC_REPRESENTATION_CONTEXT() REPRESENTATION_CONTEXT('2D SPACE',''
  ) );
#465 = PCURVE('',#466,#471);
#466 = PLANE('',#467);
#467 = AXIS2_PLACEMENT_3D('',#468,#469,#470);
#468 = CARTESIAN_POINT('',(9.031953391258,2.593461026136,-4.));
#469 = DIRECTION('',(0.27599035778,-0.961160404102,0.));
#470 = DIRECTION('',(-0.961160404102,-0.27599035778,0.));
#471 = DEFINITIONAL_REPRESENTATION('',(#472),#476);
#472 = LINE('',#473,#474);
#473 = CARTESIAN_POINT('',(0.,-8.));
#474 = VECTOR('',#475,1.);
#475 = DIRECTION('',(1.,0.));
#476 = ( GEOMETRIC_REPRESENTATION_CONTEXT(2) 
PARAMETRIC_REPRESENTATION_CONTEXT() REPRESENTATION_CONTEXT('2D SPACE',''
  ) );
#477 = ORIENTED_EDGE('',*,*,#478,.T.);
#478 = EDGE_CURVE('',#451,#479,#481,.T.);
#479 = VERTEX_POINT('',#480);
#480 = CARTESIAN_POINT('',(10.545721625354,3.917940198693,4.));
#481 = SURFACE_CURVE('',#482,(#496,#513),.PCURVE_S1.);
#482 = B_SPLINE_CURVE_WITH_KNOTS('',3,(#483,#484,#485,#486,#487,#488,
    #489,#490,#491,#492,#493,#494,#495),.UNSPECIFIED.,.F.,.F.,(4,1,1,1,1
    ,1,1,1,1,1,4),(0.,0.186927563819,0.377660761138,0.572069250156,
    0.77014078192,0.971871396504,1.177259312061,1.386303573601,
    1.599003609573,1.815359050699,2.035369644546),.UNSPECIFIED.);
#483 = CARTESIAN_POINT('',(9.031953391258,2.593461026136,4.));
#484 = CARTESIAN_POINT('',(9.090815436579,2.614624500488,4.));
#485 = CARTESIAN_POINT('',(9.205913211874,2.665826379978,4.));
#486 = CARTESIAN_POINT('',(9.370583648038,2.76267929418,4.));
#487 = CARTESIAN_POINT('',(9.531286071934,2.872215073765,4.));
#488 = CARTESIAN_POINT('',(9.687986470718,2.993557525121,4.));
#489 = CARTESIAN_POINT('',(9.840909675382,3.125241085863,4.));
#490 = CARTESIAN_POINT('',(9.990048189344,3.266562282483,4.));
#491 = CARTESIAN_POINT('',(10.135368667197,3.416919829935,4.));
#492 = CARTESIAN_POINT('',(10.27679015207,3.575872055634,4.));
#493 = CARTESIAN_POINT('',(10.414212436417,3.743043337458,4.));
#494 = CARTESIAN_POINT('',(10.502337434641,3.858813867796,4.));
#495 = CARTESIAN_POINT('',(10.545721625354,3.917940198693,4.));
#496 = PCURVE('',#90,#497);
#497 = DEFINITIONAL_REPRESENTATION('',(#498),#512);
#498 = B_SPLINE_CURVE_WITH_KNOTS('',3,(#499,#500,#501,#502,#503,#504,
    #505,#506,#507,#508,#509,#510,#511),.UNSPECIFIED.,.F.,.F.,(4,1,1,1,1
    ,1,1,1,1,1,4),(0.,0.186927563819,0.377660761138,0.572069250156,
    0.77014078192,0.971871396504,1.177259312061,1.386303573601,
    1.599003609573,1.815359050699,2.035369644546),.UNSPECIFIED.);
#499 = CARTESIAN_POINT('',(9.031953391258,2.593461026136));
#500 = CARTESIAN_POINT('',(9.090815436579,2.614624500488));
#501 = CARTESIAN_POINT('',(9.205913211874,2.665826379978));
#502 = CARTESIAN_POINT('',(9.370583648038,2.76267929418));
#503 = CARTESIAN_POINT('',(9.531286071934,2.872215073765));
#504 = CARTESIAN_POINT('',(9.687986470718,2.993557525121));
#505 = CARTESIAN_POINT('',(9.840909675382,3.125241085863));
#506 = CARTESIAN_POINT('',(9.990048189344,3.266562282483));
#507 = CARTESIAN_POINT('',(10.135368667197,3.416919829935));
#508 = CARTESIAN_POINT('',(10.27679015207,3.575872055634));
#509 = CARTESIAN_POINT('',(10.414212436417,3.743043337458));
#510 = CARTESIAN_POINT('',(10.502337434641,3.858813867796));
#511 = CARTESIAN_POINT('',(10.545721625354,3.917940198693));
#512 = ( GEOMETRIC_REPRESENTATION_CONTEXT(2) 
PARAMETRIC_REPRESENTATION_CONTEXT() REPRESENTATION_CONTEXT('2D SPACE',''
  ) );
#513 = PCURVE('',#514,#531);
#514 = SURFACE_OF_LINEAR_EXTRUSION('',#515,#529);
#515 = B_SPLINE_CURVE_WITH_KNOTS('',3,(#516,#517,#518,#519,#520,#521,
    #522,#523,#524,#525,#526,#527,#528),.UNSPECIFIED.,.F.,.F.,(4,1,1,1,1
    ,1,1,1,1,1,4),(0.,0.186927563819,0.377660761138,0.572069250156,
    0.77014078192,0.971871396504,1.177259312061,1.386303573601,
    1.599003609573,1.815359050699,2.035369644546),.UNSPECIFIED.);
#516 = CARTESIAN_POINT('',(9.031953391258,2.593461026136,-4.));
#517 = CARTESIAN_POINT('',(9.090815436579,2.614624500488,-4.));
#518 = CARTESIAN_POINT('',(9.205913211874,2.665826379978,-4.));
#519 = CARTESIAN_POINT('',(9.370583648038,2.76267929418,-4.));
#520 = CARTESIAN_POINT('',(9.531286071934,2.872215073765,-4.));
#521 = CARTESIAN_POINT('',(9.687986470718,2.993557525121,-4.));
#522 = CARTESIAN_POINT('',(9.840909675382,3.125241085863,-4.));
#523 = CARTESIAN_POINT('',(9.990048189344,3.266562282483,-4.));
#524 = CARTESIAN_POINT('',(10.135368667197,3.416919829935,-4.));
#525 = CARTESIAN_POINT('',(10.27679015207,3.575872055634,-4.));
#526 = CARTESIAN_POINT('',(10.414212436417,3.743043337458,-4.));
#527 = CARTESIAN_POINT('',(10.502337434641,3.858813867796,-4.));
#528 = CARTESIAN_POINT('',(10.545721625354,3.917940198693,-4.));
#529 = VECTOR('',#530,1.);
#530 = DIRECTION('',(-0.,-0.,-1.));
#531 = DEFINITIONAL_REPRESENTATION('',(#532),#536);
#532 = LINE('',#533,#534);
#533 = CARTESIAN_POINT('',(0.,-8.));
#534 = VECTOR('',#535,1.);
#535 = DIRECTION('',(1.,0.));
#536 = ( GEOMETRIC_REPRESENTATION_CONTEXT(2) 
PARAMETRIC_REPRESENTATION_CONTEXT() REPRESENTATION_CONTEXT('2D SPACE',''
  ) );
#537 = ORIENTED_EDGE('',*,*,#538,.F.);
#538 = EDGE_CURVE('',#539,#479,#541,.T.);
#539 = VERTEX_POINT('',#540);
#540 = CARTESIAN_POINT('',(10.227353356573,4.686549191015,4.));
#541 = SURFACE_CURVE('',#542,(#547,#558),.PCURVE_S1.);
#542 = CIRCLE('',#543,11.250000000019);
#543 = AXIS2_PLACEMENT_3D('',#544,#545,#546);
#544 = CARTESIAN_POINT('',(-1.774309977503E-11,-7.707087558323E-12,4.));
#545 = DIRECTION('',(0.,0.,-1.));
#546 = DIRECTION('',(0.90909807614,0.416582150312,0.));
#547 = PCURVE('',#90,#548);
#548 = DEFINITIONAL_REPRESENTATION('',(#549),#557);
#549 = ( BOUNDED_CURVE() B_SPLINE_CURVE(2,(#550,#551,#552,#553,#554,#555
,#556),.UNSPECIFIED.,.T.,.F.) B_SPLINE_CURVE_WITH_KNOTS((1,2,2,2,2,1),(
    -2.094395102393,0.,2.094395102393,4.188790204786,6.28318530718,
8.377580409573),.UNSPECIFIED.) CURVE() GEOMETRIC_REPRESENTATION_ITEM() 
RATIONAL_B_SPLINE_CURVE((1.,0.5,1.,0.5,1.,0.5,1.)) REPRESENTATION_ITEM(
  '') );
#550 = CARTESIAN_POINT('',(10.227353356573,4.686549191015));
#551 = CARTESIAN_POINT('',(18.344694667594,-13.02774644956));
#552 = CARTESIAN_POINT('',(-1.055006022802,-11.2004224158));
#553 = CARTESIAN_POINT('',(-20.45470671319,-9.373098382053));
#554 = CARTESIAN_POINT('',(-9.172347333824,6.513873224768));
#555 = CARTESIAN_POINT('',(2.110012045551,22.40084483159));
#556 = CARTESIAN_POINT('',(10.227353356573,4.686549191015));
#557 = ( GEOMETRIC_REPRESENTATION_CONTEXT(2) 
PARAMETRIC_REPRESENTATION_CONTEXT() REPRESENTATION_CONTEXT('2D SPACE',''
  ) );
#558 = PCURVE('',#559,#564);
#559 = CYLINDRICAL_SURFACE('',#560,11.250000000019);
#560 = AXIS2_PLACEMENT_3D('',#561,#562,#563);
#561 = CARTESIAN_POINT('',(-1.799600004588E-11,-7.096532294502E-12,-4.)
  );
#562 = DIRECTION('',(-0.,0.,-1.));
#563 = DIRECTION('',(0.937397477809,0.348261350995,0.));
#564 = DEFINITIONAL_REPRESENTATION('',(#565),#569);
#565 = LINE('',#566,#567);
#566 = CARTESIAN_POINT('',(-6.357152067917,-8.));
#567 = VECTOR('',#568,1.);
#568 = DIRECTION('',(1.,-0.));
#569 = ( GEOMETRIC_REPRESENTATION_CONTEXT(2) 
PARAMETRIC_REPRESENTATION_CONTEXT() REPRESENTATION_CONTEXT('2D SPACE',''
  ) );
#570 = ORIENTED_EDGE('',*,*,#571,.F.);
#571 = EDGE_CURVE('',#572,#539,#574,.T.);
#572 = VERTEX_POINT('',#573);
#573 = CARTESIAN_POINT('',(8.220409368643,4.552701611996,4.));
#574 = SURFACE_CURVE('',#575,(#589,#606),.PCURVE_S1.);
#575 = B_SPLINE_CURVE_WITH_KNOTS('',3,(#576,#577,#578,#579,#580,#581,
    #582,#583,#584,#585,#586,#587,#588),.UNSPECIFIED.,.F.,.F.,(4,1,1,1,1
    ,1,1,1,1,1,4),(0.,0.186927563819,0.377660761138,0.572069250156,
    0.77014078192,0.971871396504,1.177259312061,1.386303573601,
    1.599003609573,1.815359050699,2.035369644546),.UNSPECIFIED.);
#576 = CARTESIAN_POINT('',(8.220409368643,4.552701611996,4.));
#577 = CARTESIAN_POINT('',(8.276995956271,4.579358527169,4.));
#578 = CARTESIAN_POINT('',(8.39458756988,4.624539748382,4.));
#579 = CARTESIAN_POINT('',(8.579512504362,4.672493978045,4.));
#580 = CARTESIAN_POINT('',(8.770599770579,4.708674259208,4.));
#581 = CARTESIAN_POINT('',(8.967205755373,4.733676103603,4.));
#582 = CARTESIAN_POINT('',(9.168453129163,4.74869479985,4.));
#583 = CARTESIAN_POINT('',(9.373839160178,4.754222477954,4.));
#584 = CARTESIAN_POINT('',(9.582915096918,4.750660731883,4.));
#585 = CARTESIAN_POINT('',(9.795311384554,4.738264626166,4.));
#586 = CARTESIAN_POINT('',(10.010691560699,4.717228908317,4.));
#587 = CARTESIAN_POINT('',(10.154867471599,4.697680565088,4.));
#588 = CARTESIAN_POINT('',(10.227353356573,4.686549191015,4.));
#589 = PCURVE('',#90,#590);
#590 = DEFINITIONAL_REPRESENTATION('',(#591),#605);
#591 = B_SPLINE_CURVE_WITH_KNOTS('',3,(#592,#593,#594,#595,#596,#597,
    #598,#599,#600,#601,#602,#603,#604),.UNSPECIFIED.,.F.,.F.,(4,1,1,1,1
    ,1,1,1,1,1,4),(0.,0.186927563819,0.377660761138,0.572069250156,
    0.77014078192,0.971871396504,1.177259312061,1.386303573601,
    1.599003609573,1.815359050699,2.035369644546),.UNSPECIFIED.);
#592 = CARTESIAN_POINT('',(8.220409368643,4.552701611996));
#593 = CARTESIAN_POINT('',(8.276995956271,4.579358527169));
#594 = CARTESIAN_POINT('',(8.39458756988,4.624539748382));
#595 = CARTESIAN_POINT('',(8.579512504362,4.672493978045));
#596 = CARTESIAN_POINT('',(8.770599770579,4.708674259208));
#597 = CARTESIAN_POINT('',(8.967205755373,4.733676103603));
#598 = CARTESIAN_POINT('',(9.168453129163,4.74869479985));
#599 = CARTESIAN_POINT('',(9.373839160178,4.754222477954));
#600 = CARTESIAN_POINT('',(9.582915096918,4.750660731883));
#601 = CARTESIAN_POINT('',(9.795311384554,4.738264626166));
#602 = CARTESIAN_POINT('',(10.010691560699,4.717228908317));
#603 = CARTESIAN_POINT('',(10.154867471599,4.697680565088));
#604 = CARTESIAN_POINT('',(10.227353356573,4.686549191015));
#605 = ( GEOMETRIC_REPRESENTATION_CONTEXT(2) 
PARAMETRIC_REPRESENTATION_CONTEXT() REPRESENTATION_CONTEXT('2D SPACE',''
  ) );
#606 = PCURVE('',#607,#624);
#607 = SURFACE_OF_LINEAR_EXTRUSION('',#608,#622);
#608 = B_SPLINE_CURVE_WITH_KNOTS('',3,(#609,#610,#611,#612,#613,#614,
    #615,#616,#617,#618,#619,#620,#621),.UNSPECIFIED.,.F.,.F.,(4,1,1,1,1
    ,1,1,1,1,1,4),(0.,0.186927563819,0.377660761138,0.572069250156,
    0.77014078192,0.971871396504,1.177259312061,1.386303573601,
    1.599003609573,1.815359050699,2.035369644546),.UNSPECIFIED.);
#609 = CARTESIAN_POINT('',(8.220409368643,4.552701611996,-4.));
#610 = CARTESIAN_POINT('',(8.276995956271,4.579358527169,-4.));
#611 = CARTESIAN_POINT('',(8.39458756988,4.624539748382,-4.));
#612 = CARTESIAN_POINT('',(8.579512504362,4.672493978045,-4.));
#613 = CARTESIAN_POINT('',(8.770599770579,4.708674259208,-4.));
#614 = CARTESIAN_POINT('',(8.967205755373,4.733676103603,-4.));
#615 = CARTESIAN_POINT('',(9.168453129163,4.74869479985,-4.));
#616 = CARTESIAN_POINT('',(9.373839160178,4.754222477954,-4.));
#617 = CARTESIAN_POINT('',(9.582915096918,4.750660731883,-4.));
#618 = CARTESIAN_POINT('',(9.795311384554,4.738264626166,-4.));
#619 = CARTESIAN_POINT('',(10.010691560699,4.717228908317,-4.));
#620 = CARTESIAN_POINT('',(10.154867471599,4.697680565088,-4.));
#621 = CARTESIAN_POINT('',(10.227353356573,4.686549191015,-4.));
#622 = VECTOR('',#623,1.);
#623 = DIRECTION('',(-0.,-0.,-1.));
#624 = DEFINITIONAL_REPRESENTATION('',(#625),#629);
#625 = LINE('',#626,#627);
#626 = CARTESIAN_POINT('',(0.,-8.));
#627 = VECTOR('',#628,1.);
#628 = DIRECTION('',(1.,0.));
#629 = ( GEOMETRIC_REPRESENTATION_CONTEXT(2) 
PARAMETRIC_REPRESENTATION_CONTEXT() REPRESENTATION_CONTEXT('2D SPACE',''
  ) );
#630 = ORIENTED_EDGE('',*,*,#631,.T.);
#631 = EDGE_CURVE('',#572,#632,#634,.T.);
#632 = VERTEX_POINT('',#633);
#633 = CARTESIAN_POINT('',(7.381105535331,4.087870757045,4.));
#634 = SURFACE_CURVE('',#635,(#639,#646),.PCURVE_S1.);
#635 = LINE('',#636,#637);
#636 = CARTESIAN_POINT('',(8.220409368643,4.552701611996,4.));
#637 = VECTOR('',#638,1.);
#638 = DIRECTION('',(-0.874797693076,-0.48448838602,0.));
#639 = PCURVE('',#90,#640);
#640 = DEFINITIONAL_REPRESENTATION('',(#641),#645);
#641 = LINE('',#642,#643);
#642 = CARTESIAN_POINT('',(8.220409368643,4.552701611996));
#643 = VECTOR('',#644,1.);
#644 = DIRECTION('',(-0.874797693076,-0.48448838602));
#645 = ( GEOMETRIC_REPRESENTATION_CONTEXT(2) 
PARAMETRIC_REPRESENTATION_CONTEXT() REPRESENTATION_CONTEXT('2D SPACE',''
  ) );
#646 = PCURVE('',#647,#652);
#647 = PLANE('',#648);
#648 = AXIS2_PLACEMENT_3D('',#649,#650,#651);
#649 = CARTESIAN_POINT('',(8.220409368643,4.552701611996,-4.));
#650 = DIRECTION('',(0.48448838602,-0.874797693076,0.));
#651 = DIRECTION('',(-0.874797693076,-0.48448838602,0.));
#652 = DEFINITIONAL_REPRESENTATION('',(#653),#657);
#653 = LINE('',#654,#655);
#654 = CARTESIAN_POINT('',(0.,-8.));
#655 = VECTOR('',#656,1.);
#656 = DIRECTION('',(1.,0.));
#657 = ( GEOMETRIC_REPRESENTATION_CONTEXT(2) 
PARAMETRIC_REPRESENTATION_CONTEXT() REPRESENTATION_CONTEXT('2D SPACE',''
  ) );
#658 = ORIENTED_EDGE('',*,*,#659,.F.);
#659 = EDGE_CURVE('',#660,#632,#662,.T.);
#660 = VERTEX_POINT('',#661);
#661 = CARTESIAN_POINT('',(6.601326924895,5.254891919028,4.));
#662 = SURFACE_CURVE('',#663,(#668,#679),.PCURVE_S1.);
#663 = CIRCLE('',#664,8.437500000001);
#664 = AXIS2_PLACEMENT_3D('',#665,#666,#667);
#665 = CARTESIAN_POINT('',(-1.098750702587E-12,-7.928966916353E-13,4.));
#666 = DIRECTION('',(0.,0.,-1.));
#667 = DIRECTION('',(0.782379487395,0.622802005218,0.));
#668 = PCURVE('',#90,#669);
#669 = DEFINITIONAL_REPRESENTATION('',(#670),#678);
#670 = ( BOUNDED_CURVE() B_SPLINE_CURVE(2,(#671,#672,#673,#674,#675,#676
,#677),.UNSPECIFIED.,.T.,.F.) B_SPLINE_CURVE_WITH_KNOTS((1,2,2,2,2,1),(
    -2.094395102393,0.,2.094395102393,4.188790204786,6.28318530718,
8.377580409573),.UNSPECIFIED.) CURVE() GEOMETRIC_REPRESENTATION_ITEM() 
RATIONAL_B_SPLINE_CURVE((1.,0.5,1.,0.5,1.,0.5,1.)) REPRESENTATION_ITEM(
  '') );
#671 = CARTESIAN_POINT('',(6.601326924895,5.254891919028));
#672 = CARTESIAN_POINT('',(15.703066716935,-6.178941712264));
#673 = CARTESIAN_POINT('',(1.250206433571,-8.344362775161));
#674 = CARTESIAN_POINT('',(-13.20265384979,-10.50978383805));
#675 = CARTESIAN_POINT('',(-7.851533358469,3.089470856131));
#676 = CARTESIAN_POINT('',(-2.500412867146,16.688725550319));
#677 = CARTESIAN_POINT('',(6.601326924895,5.254891919028));
#678 = ( GEOMETRIC_REPRESENTATION_CONTEXT(2) 
PARAMETRIC_REPRESENTATION_CONTEXT() REPRESENTATION_CONTEXT('2D SPACE',''
  ) );
#679 = PCURVE('',#680,#685);
#680 = CYLINDRICAL_SURFACE('',#681,8.437500000001);
#681 = AXIS2_PLACEMENT_3D('',#682,#683,#684);
#682 = CARTESIAN_POINT('',(-1.153014714977E-12,-7.116848579865E-13,-4.)
  );
#683 = DIRECTION('',(-0.,0.,-1.));
#684 = DIRECTION('',(0.874797693076,0.48448838602,0.));
#685 = DEFINITIONAL_REPRESENTATION('',(#686),#690);
#686 = LINE('',#687,#688);
#687 = CARTESIAN_POINT('',(-6.449726080294,-8.));
#688 = VECTOR('',#689,1.);
#689 = DIRECTION('',(1.,-0.));
#690 = ( GEOMETRIC_REPRESENTATION_CONTEXT(2) 
PARAMETRIC_REPRESENTATION_CONTEXT() REPRESENTATION_CONTEXT('2D SPACE',''
  ) );
#691 = ORIENTED_EDGE('',*,*,#692,.F.);
#692 = EDGE_CURVE('',#693,#660,#695,.T.);
#693 = VERTEX_POINT('',#694);
#694 = CARTESIAN_POINT('',(7.351962309593,5.852424485141,4.));
#695 = SURFACE_CURVE('',#696,(#700,#707),.PCURVE_S1.);
#696 = LINE('',#697,#698);
#697 = CARTESIAN_POINT('',(7.351962309593,5.852424485141,4.));
#698 = VECTOR('',#699,1.);
#699 = DIRECTION('',(-0.782379487395,-0.622802005218,0.));
#700 = PCURVE('',#90,#701);
#701 = DEFINITIONAL_REPRESENTATION('',(#702),#706);
#702 = LINE('',#703,#704);
#703 = CARTESIAN_POINT('',(7.351962309593,5.852424485141));
#704 = VECTOR('',#705,1.);
#705 = DIRECTION('',(-0.782379487395,-0.622802005218));
#706 = ( GEOMETRIC_REPRESENTATION_CONTEXT(2) 
PARAMETRIC_REPRESENTATION_CONTEXT() REPRESENTATION_CONTEXT('2D SPACE',''
  ) );
#707 = PCURVE('',#708,#713);
#708 = PLANE('',#709);
#709 = AXIS2_PLACEMENT_3D('',#710,#711,#712);
#710 = CARTESIAN_POINT('',(7.351962309593,5.852424485141,-4.));
#711 = DIRECTION('',(0.622802005218,-0.782379487395,0.));
#712 = DIRECTION('',(-0.782379487395,-0.622802005218,0.));
#713 = DEFINITIONAL_REPRESENTATION('',(#714),#718);
#714 = LINE('',#715,#716);
#715 = CARTESIAN_POINT('',(0.,-8.));
#716 = VECTOR('',#717,1.);
#717 = DIRECTION('',(1.,0.));
#718 = ( GEOMETRIC_REPRESENTATION_CONTEXT(2) 
PARAMETRIC_REPRESENTATION_CONTEXT() REPRESENTATION_CONTEXT('2D SPACE',''
  ) );
#719 = ORIENTED_EDGE('',*,*,#720,.T.);
#720 = EDGE_CURVE('',#693,#721,#723,.T.);
#721 = VERTEX_POINT('',#722);
#722 = CARTESIAN_POINT('',(8.24364556219,7.655377707533,4.));
#723 = SURFACE_CURVE('',#724,(#738,#755),.PCURVE_S1.);
#724 = B_SPLINE_CURVE_WITH_KNOTS('',3,(#725,#726,#727,#728,#729,#730,
    #731,#732,#733,#734,#735,#736,#737),.UNSPECIFIED.,.F.,.F.,(4,1,1,1,1
    ,1,1,1,1,1,4),(0.,0.186927563819,0.377660761138,0.572069250156,
    0.77014078192,0.971871396504,1.177259312061,1.386303573601,
    1.599003609573,1.815359050699,2.035369644546),.UNSPECIFIED.);
#725 = CARTESIAN_POINT('',(7.351962309593,5.852424485141,4.));
#726 = CARTESIAN_POINT('',(7.3982448375,5.894502515471,4.));
#727 = CARTESIAN_POINT('',(7.484987205346,5.985852895666,4.));
#728 = CARTESIAN_POINT('',(7.600058845286,6.138349968481,4.));
#729 = CARTESIAN_POINT('',(7.706610997451,6.301045988483,4.));
#730 = CARTESIAN_POINT('',(7.804947542847,6.473118442175,4.));
#731 = CARTESIAN_POINT('',(7.895837044671,6.653299365562,4.));
#732 = CARTESIAN_POINT('',(7.979541784642,6.84093596505,4.));
#733 = CARTESIAN_POINT('',(8.056261057444,7.035459964957,4.));
#734 = CARTESIAN_POINT('',(8.126089089463,7.236432332169,4.));
#735 = CARTESIAN_POINT('',(8.189077045361,7.443467689327,4.));
#736 = CARTESIAN_POINT('',(8.226190463605,7.584149689572,4.));
#737 = CARTESIAN_POINT('',(8.24364556219,7.655377707533,4.));
#738 = PCURVE('',#90,#739);
#739 = DEFINITIONAL_REPRESENTATION('',(#740),#754);
#740 = B_SPLINE_CURVE_WITH_KNOTS('',3,(#741,#742,#743,#744,#745,#746,
    #747,#748,#749,#750,#751,#752,#753),.UNSPECIFIED.,.F.,.F.,(4,1,1,1,1
    ,1,1,1,1,1,4),(0.,0.186927563819,0.377660761138,0.572069250156,
    0.77014078192,0.971871396504,1.177259312061,1.386303573601,
    1.599003609573,1.815359050699,2.035369644546),.UNSPECIFIED.);
#741 = CARTESIAN_POINT('',(7.351962309593,5.852424485141));
#742 = CARTESIAN_POINT('',(7.3982448375,5.894502515471));
#743 = CARTESIAN_POINT('',(7.484987205346,5.985852895666));
#744 = CARTESIAN_POINT('',(7.600058845286,6.138349968481));
#745 = CARTESIAN_POINT('',(7.706610997451,6.301045988483));
#746 = CARTESIAN_POINT('',(7.804947542847,6.473118442175));
#747 = CARTESIAN_POINT('',(7.895837044671,6.653299365562));
#748 = CARTESIAN_POINT('',(7.979541784642,6.84093596505));
#749 = CARTESIAN_POINT('',(8.056261057444,7.035459964957));
#750 = CARTESIAN_POINT('',(8.126089089463,7.236432332169));
#751 = CARTESIAN_POINT('',(8.189077045361,7.443467689327));
#752 = CARTESIAN_POINT('',(8.226190463605,7.584149689572));
#753 = CARTESIAN_POINT('',(8.24364556219,7.655377707533));
#754 = ( GEOMETRIC_REPRESENTATION_CONTEXT(2) 
PARAMETRIC_REPRESENTATION_CONTEXT() REPRESENTATION_CONTEXT('2D SPACE',''
  ) );
#755 = PCURVE('',#756,#773);
#756 = SURFACE_OF_LINEAR_EXTRUSION('',#757,#771);
#757 = B_SPLINE_CURVE_WITH_KNOTS('',3,(#758,#759,#760,#761,#762,#763,
    #764,#765,#766,#767,#768,#769,#770),.UNSPECIFIED.,.F.,.F.,(4,1,1,1,1
    ,1,1,1,1,1,4),(0.,0.186927563819,0.377660761138,0.572069250156,
    0.77014078192,0.971871396504,1.177259312061,1.386303573601,
    1.599003609573,1.815359050699,2.035369644546),.UNSPECIFIED.);
#758 = CARTESIAN_POINT('',(7.351962309593,5.852424485141,-4.));
#759 = CARTESIAN_POINT('',(7.3982448375,5.894502515471,-4.));
#760 = CARTESIAN_POINT('',(7.484987205346,5.985852895666,-4.));
#761 = CARTESIAN_POINT('',(7.600058845286,6.138349968481,-4.));
#762 = CARTESIAN_POINT('',(7.706610997451,6.301045988483,-4.));
#763 = CARTESIAN_POINT('',(7.804947542847,6.473118442175,-4.));
#764 = CARTESIAN_POINT('',(7.895837044671,6.653299365562,-4.));
#765 = CARTESIAN_POINT('',(7.979541784642,6.84093596505,-4.));
#766 = CARTESIAN_POINT('',(8.056261057444,7.035459964957,-4.));
#767 = CARTESIAN_POINT('',(8.126089089463,7.236432332169,-4.));
#768 = CARTESIAN_POINT('',(8.189077045361,7.443467689327,-4.));
#769 = CARTESIAN_POINT('',(8.226190463605,7.584149689572,-4.));
#770 = CARTESIAN_POINT('',(8.24364556219,7.655377707533,-4.));
#771 = VECTOR('',#772,1.);
#772 = DIRECTION('',(-0.,-0.,-1.));
#773 = DEFINITIONAL_REPRESENTATION('',(#774),#778);
#774 = LINE('',#775,#776);
#775 = CARTESIAN_POINT('',(0.,-8.));
#776 = VECTOR('',#777,1.);
#777 = DIRECTION('',(1.,0.));
#778 = ( GEOMETRIC_REPRESENTATION_CONTEXT(2) 
PARAMETRIC_REPRESENTATION_CONTEXT() REPRESENTATION_CONTEXT('2D SPACE',''
  ) );
#779 = ORIENTED_EDGE('',*,*,#780,.F.);
#780 = EDGE_CURVE('',#781,#721,#783,.T.);
#781 = VERTEX_POINT('',#782);
#782 = CARTESIAN_POINT('',(7.655377707533,8.24364556219,4.));
#783 = SURFACE_CURVE('',#784,(#789,#800),.PCURVE_S1.);
#784 = CIRCLE('',#785,11.250000000019);
#785 = AXIS2_PLACEMENT_3D('',#786,#787,#788);
#786 = CARTESIAN_POINT('',(-1.344311200509E-11,-1.391041077311E-11,4.));
#787 = DIRECTION('',(0.,0.,-1.));
#788 = DIRECTION('',(0.680478018447,0.732768494417,0.));
#789 = PCURVE('',#90,#790);
#790 = DEFINITIONAL_REPRESENTATION('',(#791),#799);
#791 = ( BOUNDED_CURVE() B_SPLINE_CURVE(2,(#792,#793,#794,#795,#796,#797
,#798),.UNSPECIFIED.,.T.,.F.) B_SPLINE_CURVE_WITH_KNOTS((1,2,2,2,2,1),(
    -2.094395102393,0.,2.094395102393,4.188790204786,6.28318530718,
8.377580409573),.UNSPECIFIED.) CURVE() GEOMETRIC_REPRESENTATION_ITEM() 
RATIONAL_B_SPLINE_CURVE((1.,0.5,1.,0.5,1.,0.5,1.)) REPRESENTATION_ITEM(
  '') );
#792 = CARTESIAN_POINT('',(7.655377707533,8.24364556219));
#793 = CARTESIAN_POINT('',(21.933790660859,-5.01585757841));
#794 = CARTESIAN_POINT('',(3.311517622877,-10.75157435141));
#795 = CARTESIAN_POINT('',(-15.3107554151,-16.48729112442));
#796 = CARTESIAN_POINT('',(-10.96689533045,2.507928789184));
#797 = CARTESIAN_POINT('',(-6.623035245794,21.50314870279));
#798 = CARTESIAN_POINT('',(7.655377707533,8.24364556219));
#799 = ( GEOMETRIC_REPRESENTATION_CONTEXT(2) 
PARAMETRIC_REPRESENTATION_CONTEXT() REPRESENTATION_CONTEXT('2D SPACE',''
  ) );
#800 = PCURVE('',#801,#806);
#801 = CYLINDRICAL_SURFACE('',#802,11.250000000019);
#802 = AXIS2_PLACEMENT_3D('',#803,#804,#805);
#803 = CARTESIAN_POINT('',(-1.391041077311E-11,-1.344311200509E-11,-4.)
  );
#804 = DIRECTION('',(-0.,0.,-1.));
#805 = DIRECTION('',(0.732768494417,0.680478018447,0.));
#806 = DEFINITIONAL_REPRESENTATION('',(#807),#811);
#807 = LINE('',#808,#809);
#808 = CARTESIAN_POINT('',(-6.357152067917,-8.));
#809 = VECTOR('',#810,1.);
#810 = DIRECTION('',(1.,-0.));
#811 = ( GEOMETRIC_REPRESENTATION_CONTEXT(2) 
PARAMETRIC_REPRESENTATION_CONTEXT() REPRESENTATION_CONTEXT('2D SPACE',''
  ) );
#812 = ORIENTED_EDGE('',*,*,#813,.F.);
#813 = EDGE_CURVE('',#814,#781,#816,.T.);
#814 = VERTEX_POINT('',#815);
#815 = CARTESIAN_POINT('',(5.852424485141,7.351962309593,4.));
#816 = SURFACE_CURVE('',#817,(#831,#848),.PCURVE_S1.);
#817 = B_SPLINE_CURVE_WITH_KNOTS('',3,(#818,#819,#820,#821,#822,#823,
    #824,#825,#826,#827,#828,#829,#830),.UNSPECIFIED.,.F.,.F.,(4,1,1,1,1
    ,1,1,1,1,1,4),(0.,0.186927563819,0.377660761138,0.572069250156,
    0.77014078192,0.971871396504,1.177259312061,1.386303573601,
    1.599003609573,1.815359050699,2.035369644546),.UNSPECIFIED.);
#818 = CARTESIAN_POINT('',(5.852424485141,7.351962309593,4.));
#819 = CARTESIAN_POINT('',(5.894502515471,7.3982448375,4.));
#820 = CARTESIAN_POINT('',(5.985852895666,7.484987205346,4.));
#821 = CARTESIAN_POINT('',(6.138349968481,7.600058845286,4.));
#822 = CARTESIAN_POINT('',(6.301045988483,7.706610997451,4.));
#823 = CARTESIAN_POINT('',(6.473118442175,7.804947542847,4.));
#824 = CARTESIAN_POINT('',(6.653299365562,7.895837044671,4.));
#825 = CARTESIAN_POINT('',(6.84093596505,7.979541784642,4.));
#826 = CARTESIAN_POINT('',(7.035459964957,8.056261057444,4.));
#827 = CARTESIAN_POINT('',(7.236432332169,8.126089089463,4.));
#828 = CARTESIAN_POINT('',(7.443467689327,8.189077045361,4.));
#829 = CARTESIAN_POINT('',(7.584149689572,8.226190463605,4.));
#830 = CARTESIAN_POINT('',(7.655377707533,8.24364556219,4.));
#831 = PCURVE('',#90,#832);
#832 = DEFINITIONAL_REPRESENTATION('',(#833),#847);
#833 = B_SPLINE_CURVE_WITH_KNOTS('',3,(#834,#835,#836,#837,#838,#839,
    #840,#841,#842,#843,#844,#845,#846),.UNSPECIFIED.,.F.,.F.,(4,1,1,1,1
    ,1,1,1,1,1,4),(0.,0.186927563819,0.377660761138,0.572069250156,
    0.77014078192,0.971871396504,1.177259312061,1.386303573601,
    1.599003609573,1.815359050699,2.035369644546),.UNSPECIFIED.);
#834 = CARTESIAN_POINT('',(5.852424485141,7.351962309593));
#835 = CARTESIAN_POINT('',(5.894502515471,7.3982448375));
#836 = CARTESIAN_POINT('',(5.985852895666,7.484987205346));
#837 = CARTESIAN_POINT('',(6.138349968481,7.600058845286));
#838 = CARTESIAN_POINT('',(6.301045988483,7.706610997451));
#839 = CARTESIAN_POINT('',(6.473118442175,7.804947542847));
#840 = CARTESIAN_POINT('',(6.653299365562,7.895837044671));
#841 = CARTESIAN_POINT('',(6.84093596505,7.979541784642));
#842 = CARTESIAN_POINT('',(7.035459964957,8.056261057444));
#843 = CARTESIAN_POINT('',(7.236432332169,8.126089089463));
#844 = CARTESIAN_POINT('',(7.443467689327,8.189077045361));
#845 = CARTESIAN_POINT('',(7.584149689572,8.226190463605));
#846 = CARTESIAN_POINT('',(7.655377707533,8.24364556219));
#847 = ( GEOMETRIC_REPRESENTATION_CONTEXT(2) 
PARAMETRIC_REPRESENTATION_CONTEXT() REPRESENTATION_CONTEXT('2D SPACE',''
  ) );
#848 = PCURVE('',#849,#866);
#849 = SURFACE_OF_LINEAR_EXTRUSION('',#850,#864);
#850 = B_SPLINE_CURVE_WITH_KNOTS('',3,(#851,#852,#853,#854,#855,#856,
    #857,#858,#859,#860,#861,#862,#863),.UNSPECIFIED.,.F.,.F.,(4,1,1,1,1
    ,1,1,1,1,1,4),(0.,0.186927563819,0.377660761138,0.572069250156,
    0.77014078192,0.971871396504,1.177259312061,1.386303573601,
    1.599003609573,1.815359050699,2.035369644546),.UNSPECIFIED.);
#851 = CARTESIAN_POINT('',(5.852424485141,7.351962309593,-4.));
#852 = CARTESIAN_POINT('',(5.894502515471,7.3982448375,-4.));
#853 = CARTESIAN_POINT('',(5.985852895666,7.484987205346,-4.));
#854 = CARTESIAN_POINT('',(6.138349968481,7.600058845286,-4.));
#855 = CARTESIAN_POINT('',(6.301045988483,7.706610997451,-4.));
#856 = CARTESIAN_POINT('',(6.473118442175,7.804947542847,-4.));
#857 = CARTESIAN_POINT('',(6.653299365562,7.895837044671,-4.));
#858 = CARTESIAN_POINT('',(6.84093596505,7.979541784642,-4.));
#859 = CARTESIAN_POINT('',(7.035459964957,8.056261057444,-4.));
#860 = CARTESIAN_POINT('',(7.236432332169,8.126089089463,-4.));
#861 = CARTESIAN_POINT('',(7.443467689327,8.189077045361,-4.));
#862 = CARTESIAN_POINT('',(7.584149689572,8.226190463605,-4.));
#863 = CARTESIAN_POINT('',(7.655377707533,8.24364556219,-4.));
#864 = VECTOR('',#865,1.);
#865 = DIRECTION('',(-0.,-0.,-1.));
#866 = DEFINITIONAL_REPRESENTATION('',(#867),#871);
#867 = LINE('',#868,#869);
#868 = CARTESIAN_POINT('',(0.,-8.));
#869 = VECTOR('',#870,1.);
#870 = DIRECTION('',(1.,0.));
#871 = ( GEOMETRIC_REPRESENTATION_CONTEXT(2) 
PARAMETRIC_REPRESENTATION_CONTEXT() REPRESENTATION_CONTEXT('2D SPACE',''
  ) );
#872 = ORIENTED_EDGE('',*,*,#873,.T.);
#873 = EDGE_CURVE('',#814,#874,#876,.T.);
#874 = VERTEX_POINT('',#875);
#875 = CARTESIAN_POINT('',(5.254891919028,6.601326924895,4.));
#876 = SURFACE_CURVE('',#877,(#881,#888),.PCURVE_S1.);
#877 = LINE('',#878,#879);
#878 = CARTESIAN_POINT('',(5.852424485141,7.351962309593,4.));
#879 = VECTOR('',#880,1.);
#880 = DIRECTION('',(-0.622802005218,-0.782379487395,0.));
#881 = PCURVE('',#90,#882);
#882 = DEFINITIONAL_REPRESENTATION('',(#883),#887);
#883 = LINE('',#884,#885);
#884 = CARTESIAN_POINT('',(5.852424485141,7.351962309593));
#885 = VECTOR('',#886,1.);
#886 = DIRECTION('',(-0.622802005218,-0.782379487395));
#887 = ( GEOMETRIC_REPRESENTATION_CONTEXT(2) 
PARAMETRIC_REPRESENTATION_CONTEXT() REPRESENTATION_CONTEXT('2D SPACE',''
  ) );
#888 = PCURVE('',#889,#894);
#889 = PLANE('',#890);
#890 = AXIS2_PLACEMENT_3D('',#891,#892,#893);
#891 = CARTESIAN_POINT('',(5.852424485141,7.351962309593,-4.));
#892 = DIRECTION('',(0.782379487395,-0.622802005218,0.));
#893 = DIRECTION('',(-0.622802005218,-0.782379487395,0.));
#894 = DEFINITIONAL_REPRESENTATION('',(#895),#899);
#895 = LINE('',#896,#897);
#896 = CARTESIAN_POINT('',(0.,-8.));
#897 = VECTOR('',#898,1.);
#898 = DIRECTION('',(1.,0.));
#899 = ( GEOMETRIC_REPRESENTATION_CONTEXT(2) 
PARAMETRIC_REPRESENTATION_CONTEXT() REPRESENTATION_CONTEXT('2D SPACE',''
  ) );
#900 = ORIENTED_EDGE('',*,*,#901,.F.);
#901 = EDGE_CURVE('',#902,#874,#904,.T.);
#902 = VERTEX_POINT('',#903);
#903 = CARTESIAN_POINT('',(4.087870757045,7.381105535331,4.));
#904 = SURFACE_CURVE('',#905,(#910,#921),.PCURVE_S1.);
#905 = CIRCLE('',#906,8.437500000001);
#906 = AXIS2_PLACEMENT_3D('',#907,#908,#909);
#907 = CARTESIAN_POINT('',(-7.116848579865E-13,-1.153014714977E-12,4.));
#908 = DIRECTION('',(0.,0.,-1.));
#909 = DIRECTION('',(0.48448838602,0.874797693076,0.));
#910 = PCURVE('',#90,#911);
#911 = DEFINITIONAL_REPRESENTATION('',(#912),#920);
#912 = ( BOUNDED_CURVE() B_SPLINE_CURVE(2,(#913,#914,#915,#916,#917,#918
,#919),.UNSPECIFIED.,.T.,.F.) B_SPLINE_CURVE_WITH_KNOTS((1,2,2,2,2,1),(
    -2.094395102393,0.,2.094395102393,4.188790204786,6.28318530718,
8.377580409573),.UNSPECIFIED.) CURVE() GEOMETRIC_REPRESENTATION_ITEM() 
RATIONAL_B_SPLINE_CURVE((1.,0.5,1.,0.5,1.,0.5,1.)) REPRESENTATION_ITEM(
  '') );
#913 = CARTESIAN_POINT('',(4.087870757045,7.381105535331));
#914 = CARTESIAN_POINT('',(16.872320560268,0.300705689354));
#915 = CARTESIAN_POINT('',(4.348289523089,-7.230752690656));
#916 = CARTESIAN_POINT('',(-8.175741514091,-14.76221107066));
#917 = CARTESIAN_POINT('',(-8.436160280135,-0.150352844679));
#918 = CARTESIAN_POINT('',(-8.696579046179,14.461505381309));
#919 = CARTESIAN_POINT('',(4.087870757045,7.381105535331));
#920 = ( GEOMETRIC_REPRESENTATION_CONTEXT(2) 
PARAMETRIC_REPRESENTATION_CONTEXT() REPRESENTATION_CONTEXT('2D SPACE',''
  ) );
#921 = PCURVE('',#922,#927);
#922 = CYLINDRICAL_SURFACE('',#923,8.437500000001);
#923 = AXIS2_PLACEMENT_3D('',#924,#925,#926);
#924 = CARTESIAN_POINT('',(-7.928966916353E-13,-1.098750702587E-12,-4.)
  );
#925 = DIRECTION('',(-0.,0.,-1.));
#926 = DIRECTION('',(0.622802005218,0.782379487395,0.));
#927 = DEFINITIONAL_REPRESENTATION('',(#928),#932);
#928 = LINE('',#929,#930);
#929 = CARTESIAN_POINT('',(-6.449726080294,-8.));
#930 = VECTOR('',#931,1.);
#931 = DIRECTION('',(1.,-0.));
#932 = ( GEOMETRIC_REPRESENTATION_CONTEXT(2) 
PARAMETRIC_REPRESENTATION_CONTEXT() REPRESENTATION_CONTEXT('2D SPACE',''
  ) );
#933 = ORIENTED_EDGE('',*,*,#934,.F.);
#934 = EDGE_CURVE('',#935,#902,#937,.T.);
#935 = VERTEX_POINT('',#936);
#936 = CARTESIAN_POINT('',(4.552701611996,8.220409368643,4.));
#937 = SURFACE_CURVE('',#938,(#942,#949),.PCURVE_S1.);
#938 = LINE('',#939,#940);
#939 = CARTESIAN_POINT('',(4.552701611996,8.220409368643,4.));
#940 = VECTOR('',#941,1.);
#941 = DIRECTION('',(-0.48448838602,-0.874797693076,0.));
#942 = PCURVE('',#90,#943);
#943 = DEFINITIONAL_REPRESENTATION('',(#944),#948);
#944 = LINE('',#945,#946);
#945 = CARTESIAN_POINT('',(4.552701611996,8.220409368643));
#946 = VECTOR('',#947,1.);
#947 = DIRECTION('',(-0.48448838602,-0.874797693076));
#948 = ( GEOMETRIC_REPRESENTATION_CONTEXT(2) 
PARAMETRIC_REPRESENTATION_CONTEXT() REPRESENTATION_CONTEXT('2D SPACE',''
  ) );
#949 = PCURVE('',#950,#955);
#950 = PLANE('',#951);
#951 = AXIS2_PLACEMENT_3D('',#952,#953,#954);
#952 = CARTESIAN_POINT('',(4.552701611996,8.220409368643,-4.));
#953 = DIRECTION('',(0.874797693076,-0.48448838602,0.));
#954 = DIRECTION('',(-0.48448838602,-0.874797693076,0.));
#955 = DEFINITIONAL_REPRESENTATION('',(#956),#960);
#956 = LINE('',#957,#958);
#957 = CARTESIAN_POINT('',(0.,-8.));
#958 = VECTOR('',#959,1.);
#959 = DIRECTION('',(1.,0.));
#960 = ( GEOMETRIC_REPRESENTATION_CONTEXT(2) 
PARAMETRIC_REPRESENTATION_CONTEXT() REPRESENTATION_CONTEXT('2D SPACE',''
  ) );
#961 = ORIENTED_EDGE('',*,*,#962,.T.);
#962 = EDGE_CURVE('',#935,#963,#965,.T.);
#963 = VERTEX_POINT('',#964);
#964 = CARTESIAN_POINT('',(4.686549191015,10.227353356573,4.));
#965 = SURFACE_CURVE('',#966,(#980,#997),.PCURVE_S1.);
#966 = B_SPLINE_CURVE_WITH_KNOTS('',3,(#967,#968,#969,#970,#971,#972,
    #973,#974,#975,#976,#977,#978,#979),.UNSPECIFIED.,.F.,.F.,(4,1,1,1,1
    ,1,1,1,1,1,4),(0.,0.186927563819,0.377660761138,0.572069250156,
    0.77014078192,0.971871396504,1.177259312061,1.386303573601,
    1.599003609573,1.815359050699,2.035369644546),.UNSPECIFIED.);
#967 = CARTESIAN_POINT('',(4.552701611996,8.220409368643,4.));
#968 = CARTESIAN_POINT('',(4.579358527169,8.276995956271,4.));
#969 = CARTESIAN_POINT('',(4.624539748382,8.39458756988,4.));
#970 = CARTESIAN_POINT('',(4.672493978045,8.579512504362,4.));
#971 = CARTESIAN_POINT('',(4.708674259208,8.770599770579,4.));
#972 = CARTESIAN_POINT('',(4.733676103603,8.967205755373,4.));
#973 = CARTESIAN_POINT('',(4.74869479985,9.168453129163,4.));
#974 = CARTESIAN_POINT('',(4.754222477954,9.373839160178,4.));
#975 = CARTESIAN_POINT('',(4.750660731883,9.582915096918,4.));
#976 = CARTESIAN_POINT('',(4.738264626166,9.795311384554,4.));
#977 = CARTESIAN_POINT('',(4.717228908317,10.010691560699,4.));
#978 = CARTESIAN_POINT('',(4.697680565088,10.154867471599,4.));
#979 = CARTESIAN_POINT('',(4.686549191015,10.227353356573,4.));
#980 = PCURVE('',#90,#981);
#981 = DEFINITIONAL_REPRESENTATION('',(#982),#996);
#982 = B_SPLINE_CURVE_WITH_KNOTS('',3,(#983,#984,#985,#986,#987,#988,
    #989,#990,#991,#992,#993,#994,#995),.UNSPECIFIED.,.F.,.F.,(4,1,1,1,1
    ,1,1,1,1,1,4),(0.,0.186927563819,0.377660761138,0.572069250156,
    0.77014078192,0.971871396504,1.177259312061,1.386303573601,
    1.599003609573,1.815359050699,2.035369644546),.UNSPECIFIED.);
#983 = CARTESIAN_POINT('',(4.552701611996,8.220409368643));
#984 = CARTESIAN_POINT('',(4.579358527169,8.276995956271));
#985 = CARTESIAN_POINT('',(4.624539748382,8.39458756988));
#986 = CARTESIAN_POINT('',(4.672493978045,8.579512504362));
#987 = CARTESIAN_POINT('',(4.708674259208,8.770599770579));
#988 = CARTESIAN_POINT('',(4.733676103603,8.967205755373));
#989 = CARTESIAN_POINT('',(4.74869479985,9.168453129163));
#990 = CARTESIAN_POINT('',(4.754222477954,9.373839160178));
#991 = CARTESIAN_POINT('',(4.750660731883,9.582915096918));
#992 = CARTESIAN_POINT('',(4.738264626166,9.795311384554));
#993 = CARTESIAN_POINT('',(4.717228908317,10.010691560699));
#994 = CARTESIAN_POINT('',(4.697680565088,10.154867471599));
#995 = CARTESIAN_POINT('',(4.686549191015,10.227353356573));
#996 = ( GEOMETRIC_REPRESENTATION_CONTEXT(2) 
PARAMETRIC_REPRESENTATION_CONTEXT() REPRESENTATION_CONTEXT('2D SPACE',''
  ) );
#997 = PCURVE('',#998,#1015);
#998 = SURFACE_OF_LINEAR_EXTRUSION('',#999,#1013);
#999 = B_SPLINE_CURVE_WITH_KNOTS('',3,(#1000,#1001,#1002,#1003,#1004,
    #1005,#1006,#1007,#1008,#1009,#1010,#1011,#1012),.UNSPECIFIED.,.F.,
  .F.,(4,1,1,1,1,1,1,1,1,1,4),(0.,0.186927563819,0.377660761138,
    0.572069250156,0.77014078192,0.971871396504,1.177259312061,
    1.386303573601,1.599003609573,1.815359050699,2.035369644546),
  .UNSPECIFIED.);
#1000 = CARTESIAN_POINT('',(4.552701611996,8.220409368643,-4.));
#1001 = CARTESIAN_POINT('',(4.579358527169,8.276995956271,-4.));
#1002 = CARTESIAN_POINT('',(4.624539748382,8.39458756988,-4.));
#1003 = CARTESIAN_POINT('',(4.672493978045,8.579512504362,-4.));
#1004 = CARTESIAN_POINT('',(4.708674259208,8.770599770579,-4.));
#1005 = CARTESIAN_POINT('',(4.733676103603,8.967205755373,-4.));
#1006 = CARTESIAN_POINT('',(4.74869479985,9.168453129163,-4.));
#1007 = CARTESIAN_POINT('',(4.754222477954,9.373839160178,-4.));
#1008 = CARTESIAN_POINT('',(4.750660731883,9.582915096918,-4.));
#1009 = CARTESIAN_POINT('',(4.738264626166,9.795311384554,-4.));
#1010 = CARTESIAN_POINT('',(4.717228908317,10.010691560699,-4.));
#1011 = CARTESIAN_POINT('',(4.697680565088,10.154867471599,-4.));
#1012 = CARTESIAN_POINT('',(4.686549191015,10.227353356573,-4.));
#1013 = VECTOR('',#1014,1.);
#1014 = DIRECTION('',(-0.,-0.,-1.));
#1015 = DEFINITIONAL_REPRESENTATION('',(#1016),#1020);
#1016 = LINE('',#1017,#1018);
#1017 = CARTESIAN_POINT('',(0.,-8.));
#1018 = VECTOR('',#1019,1.);
#1019 = DIRECTION('',(1.,0.));
#1020 = ( GEOMETRIC_REPRESENTATION_CONTEXT(2) 
PARAMETRIC_REPRESENTATION_CONTEXT() REPRESENTATION_CONTEXT('2D SPACE',''
  ) );
#1021 = ORIENTED_EDGE('',*,*,#1022,.F.);
#1022 = EDGE_CURVE('',#1023,#963,#1025,.T.);
#1023 = VERTEX_POINT('',#1024);
#1024 = CARTESIAN_POINT('',(3.917940198693,10.545721625354,4.));
#1025 = SURFACE_CURVE('',#1026,(#1031,#1042),.PCURVE_S1.);
#1026 = CIRCLE('',#1027,11.250000000019);
#1027 = AXIS2_PLACEMENT_3D('',#1028,#1029,#1030);
#1028 = CARTESIAN_POINT('',(-7.096532294502E-12,-1.799600004588E-11,4.)
  );
#1029 = DIRECTION('',(0.,0.,-1.));
#1030 = DIRECTION('',(0.348261350995,0.937397477809,0.));
#1031 = PCURVE('',#90,#1032);
#1032 = DEFINITIONAL_REPRESENTATION('',(#1033),#1041);
#1033 = ( BOUNDED_CURVE() B_SPLINE_CURVE(2,(#1034,#1035,#1036,#1037,
#1038,#1039,#1040),.UNSPECIFIED.,.T.,.F.) B_SPLINE_CURVE_WITH_KNOTS((1,2
    ,2,2,2,1),(-2.094395102393,0.,2.094395102393,4.188790204786,
6.28318530718,8.377580409573),.UNSPECIFIED.) CURVE() 
GEOMETRIC_REPRESENTATION_ITEM() RATIONAL_B_SPLINE_CURVE((1.,0.5,1.,0.5,
1.,0.5,1.)) REPRESENTATION_ITEM('') );
#1034 = CARTESIAN_POINT('',(3.917940198693,10.545721625354));
#1035 = CARTESIAN_POINT('',(22.183665856316,3.75965014019));
#1036 = CARTESIAN_POINT('',(7.173892729454,-8.665896555286));
#1037 = CARTESIAN_POINT('',(-7.835880397407,-21.09144325076));
#1038 = CARTESIAN_POINT('',(-11.09183292816,-1.879825070122));
#1039 = CARTESIAN_POINT('',(-14.34778545893,17.331793110519));
#1040 = CARTESIAN_POINT('',(3.917940198693,10.545721625354));
#1041 = ( GEOMETRIC_REPRESENTATION_CONTEXT(2) 
PARAMETRIC_REPRESENTATION_CONTEXT() REPRESENTATION_CONTEXT('2D SPACE',''
  ) );
#1042 = PCURVE('',#1043,#1048);
#1043 = CYLINDRICAL_SURFACE('',#1044,11.250000000019);
#1044 = AXIS2_PLACEMENT_3D('',#1045,#1046,#1047);
#1045 = CARTESIAN_POINT('',(-7.707087558323E-12,-1.774309977503E-11,-4.)
  );
#1046 = DIRECTION('',(-0.,0.,-1.));
#1047 = DIRECTION('',(0.416582150312,0.90909807614,0.));
#1048 = DEFINITIONAL_REPRESENTATION('',(#1049),#1053);
#1049 = LINE('',#1050,#1051);
#1050 = CARTESIAN_POINT('',(-6.357152067917,-8.));
#1051 = VECTOR('',#1052,1.);
#1052 = DIRECTION('',(1.,-0.));
#1053 = ( GEOMETRIC_REPRESENTATION_CONTEXT(2) 
PARAMETRIC_REPRESENTATION_CONTEXT() REPRESENTATION_CONTEXT('2D SPACE',''
  ) );
#1054 = ORIENTED_EDGE('',*,*,#1055,.F.);
#1055 = EDGE_CURVE('',#1056,#1023,#1058,.T.);
#1056 = VERTEX_POINT('',#1057);
#1057 = CARTESIAN_POINT('',(2.593461026136,9.031953391258,4.));
#1058 = SURFACE_CURVE('',#1059,(#1073,#1090),.PCURVE_S1.);
#1059 = B_SPLINE_CURVE_WITH_KNOTS('',3,(#1060,#1061,#1062,#1063,#1064,
    #1065,#1066,#1067,#1068,#1069,#1070,#1071,#1072),.UNSPECIFIED.,.F.,
  .F.,(4,1,1,1,1,1,1,1,1,1,4),(0.,0.186927563819,0.377660761138,
    0.572069250156,0.77014078192,0.971871396504,1.177259312061,
    1.386303573601,1.599003609573,1.815359050699,2.035369644546),
  .UNSPECIFIED.);
#1060 = CARTESIAN_POINT('',(2.593461026136,9.031953391258,4.));
#1061 = CARTESIAN_POINT('',(2.614624500488,9.090815436579,4.));
#1062 = CARTESIAN_POINT('',(2.665826379978,9.205913211874,4.));
#1063 = CARTESIAN_POINT('',(2.76267929418,9.370583648038,4.));
#1064 = CARTESIAN_POINT('',(2.872215073765,9.531286071934,4.));
#1065 = CARTESIAN_POINT('',(2.993557525121,9.687986470718,4.));
#1066 = CARTESIAN_POINT('',(3.125241085863,9.840909675382,4.));
#1067 = CARTESIAN_POINT('',(3.266562282483,9.990048189344,4.));
#1068 = CARTESIAN_POINT('',(3.416919829935,10.135368667197,4.));
#1069 = CARTESIAN_POINT('',(3.575872055634,10.27679015207,4.));
#1070 = CARTESIAN_POINT('',(3.743043337458,10.414212436417,4.));
#1071 = CARTESIAN_POINT('',(3.858813867796,10.502337434641,4.));
#1072 = CARTESIAN_POINT('',(3.917940198693,10.545721625354,4.));
#1073 = PCURVE('',#90,#1074);
#1074 = DEFINITIONAL_REPRESENTATION('',(#1075),#1089);
#1075 = B_SPLINE_CURVE_WITH_KNOTS('',3,(#1076,#1077,#1078,#1079,#1080,
    #1081,#1082,#1083,#1084,#1085,#1086,#1087,#1088),.UNSPECIFIED.,.F.,
  .F.,(4,1,1,1,1,1,1,1,1,1,4),(0.,0.186927563819,0.377660761138,
    0.572069250156,0.77014078192,0.971871396504,1.177259312061,
    1.386303573601,1.599003609573,1.815359050699,2.035369644546),
  .UNSPECIFIED.);
#1076 = CARTESIAN_POINT('',(2.593461026136,9.031953391258));
#1077 = CARTESIAN_POINT('',(2.614624500488,9.090815436579));
#1078 = CARTESIAN_POINT('',(2.665826379978,9.205913211874));
#1079 = CARTESIAN_POINT('',(2.76267929418,9.370583648038));
#1080 = CARTESIAN_POINT('',(2.872215073765,9.531286071934));
#1081 = CARTESIAN_POINT('',(2.993557525121,9.687986470718));
#1082 = CARTESIAN_POINT('',(3.125241085863,9.840909675382));
#1083 = CARTESIAN_POINT('',(3.266562282483,9.990048189344));
#1084 = CARTESIAN_POINT('',(3.416919829935,10.135368667197));
#1085 = CARTESIAN_POINT('',(3.575872055634,10.27679015207));
#1086 = CARTESIAN_POINT('',(3.743043337458,10.414212436417));
#1087 = CARTESIAN_POINT('',(3.858813867796,10.502337434641));
#1088 = CARTESIAN_POINT('',(3.917940198693,10.545721625354));
#1089 = ( GEOMETRIC_REPRESENTATION_CONTEXT(2) 
PARAMETRIC_REPRESENTATION_CONTEXT() REPRESENTATION_CONTEXT('2D SPACE',''
  ) );
#1090 = PCURVE('',#1091,#1108);
#1091 = SURFACE_OF_LINEAR_EXTRUSION('',#1092,#1106);
#1092 = B_SPLINE_CURVE_WITH_KNOTS('',3,(#1093,#1094,#1095,#1096,#1097,
    #1098,#1099,#1100,#1101,#1102,#1103,#1104,#1105),.UNSPECIFIED.,.F.,
  .F.,(4,1,1,1,1,1,1,1,1,1,4),(0.,0.186927563819,0.377660761138,
    0.572069250156,0.77014078192,0.971871396504,1.177259312061,
    1.386303573601,1.599003609573,1.815359050699,2.035369644546),
  .UNSPECIFIED.);
#1093 = CARTESIAN_POINT('',(2.593461026136,9.031953391258,-4.));
#1094 = CARTESIAN_POINT('',(2.614624500488,9.090815436579,-4.));
#1095 = CARTESIAN_POINT('',(2.665826379978,9.205913211874,-4.));
#1096 = CARTESIAN_POINT('',(2.76267929418,9.370583648038,-4.));
#1097 = CARTESIAN_POINT('',(2.872215073765,9.531286071934,-4.));
#1098 = CARTESIAN_POINT('',(2.993557525121,9.687986470718,-4.));
#1099 = CARTESIAN_POINT('',(3.125241085863,9.840909675382,-4.));
#1100 = CARTESIAN_POINT('',(3.266562282483,9.990048189344,-4.));
#1101 = CARTESIAN_POINT('',(3.416919829935,10.135368667197,-4.));
#1102 = CARTESIAN_POINT('',(3.575872055634,10.27679015207,-4.));
#1103 = CARTESIAN_POINT('',(3.743043337458,10.414212436417,-4.));
#1104 = CARTESIAN_POINT('',(3.858813867796,10.502337434641,-4.));
#1105 = CARTESIAN_POINT('',(3.917940198693,10.545721625354,-4.));
#1106 = VECTOR('',#1107,1.);
#1107 = DIRECTION('',(-0.,-0.,-1.));
#1108 = DEFINITIONAL_REPRESENTATION('',(#1109),#1113);
#1109 = LINE('',#1110,#1111);
#1110 = CARTESIAN_POINT('',(0.,-8.));
#1111 = VECTOR('',#1112,1.);
#1112 = DIRECTION('',(1.,0.));
#1113 = ( GEOMETRIC_REPRESENTATION_CONTEXT(2) 
PARAMETRIC_REPRESENTATION_CONTEXT() REPRESENTATION_CONTEXT('2D SPACE',''
  ) );
#1114 = ORIENTED_EDGE('',*,*,#1115,.T.);
#1115 = EDGE_CURVE('',#1056,#1116,#1118,.T.);
#1116 = VERTEX_POINT('',#1117);
#1117 = CARTESIAN_POINT('',(2.328668643766,8.109790909607,4.));
#1118 = SURFACE_CURVE('',#1119,(#1123,#1130),.PCURVE_S1.);
#1119 = LINE('',#1120,#1121);
#1120 = CARTESIAN_POINT('',(2.593461026136,9.031953391258,4.));
#1121 = VECTOR('',#1122,1.);
#1122 = DIRECTION('',(-0.27599035778,-0.961160404102,0.));
#1123 = PCURVE('',#90,#1124);
#1124 = DEFINITIONAL_REPRESENTATION('',(#1125),#1129);
#1125 = LINE('',#1126,#1127);
#1126 = CARTESIAN_POINT('',(2.593461026136,9.031953391258));
#1127 = VECTOR('',#1128,1.);
#1128 = DIRECTION('',(-0.27599035778,-0.961160404102));
#1129 = ( GEOMETRIC_REPRESENTATION_CONTEXT(2) 
PARAMETRIC_REPRESENTATION_CONTEXT() REPRESENTATION_CONTEXT('2D SPACE',''
  ) );
#1130 = PCURVE('',#1131,#1136);
#1131 = PLANE('',#1132);
#1132 = AXIS2_PLACEMENT_3D('',#1133,#1134,#1135);
#1133 = CARTESIAN_POINT('',(2.593461026136,9.031953391258,-4.));
#1134 = DIRECTION('',(0.961160404102,-0.27599035778,0.));
#1135 = DIRECTION('',(-0.27599035778,-0.961160404102,0.));
#1136 = DEFINITIONAL_REPRESENTATION('',(#1137),#1141);
#1137 = LINE('',#1138,#1139);
#1138 = CARTESIAN_POINT('',(0.,-8.));
#1139 = VECTOR('',#1140,1.);
#1140 = DIRECTION('',(1.,0.));
#1141 = ( GEOMETRIC_REPRESENTATION_CONTEXT(2) 
PARAMETRIC_REPRESENTATION_CONTEXT() REPRESENTATION_CONTEXT('2D SPACE',''
  ) );
#1142 = ORIENTED_EDGE('',*,*,#1143,.F.);
#1143 = EDGE_CURVE('',#1144,#1116,#1146,.T.);
#1144 = VERTEX_POINT('',#1145);
#1145 = CARTESIAN_POINT('',(0.952073323075,8.383612743769,4.));
#1146 = SURFACE_CURVE('',#1147,(#1152,#1163),.PCURVE_S1.);
#1147 = CIRCLE('',#1148,8.437500000001);
#1148 = AXIS2_PLACEMENT_3D('',#1149,#1150,#1151);
#1149 = CARTESIAN_POINT('',(-2.16271445197E-13,-1.337596700068E-12,4.));
#1150 = DIRECTION('',(0.,0.,-1.));
#1151 = DIRECTION('',(0.112838319772,0.993613362224,0.));
#1152 = PCURVE('',#90,#1153);
#1153 = DEFINITIONAL_REPRESENTATION('',(#1154),#1162);
#1154 = ( BOUNDED_CURVE() B_SPLINE_CURVE(2,(#1155,#1156,#1157,#1158,
#1159,#1160,#1161),.UNSPECIFIED.,.T.,.F.) B_SPLINE_CURVE_WITH_KNOTS((1,2
    ,2,2,2,1),(-2.094395102393,0.,2.094395102393,4.188790204786,
6.28318530718,8.377580409573),.UNSPECIFIED.) CURVE() 
GEOMETRIC_REPRESENTATION_ITEM() RATIONAL_B_SPLINE_CURVE((1.,0.5,1.,0.5,
1.,0.5,1.)) REPRESENTATION_ITEM('') );
#1155 = CARTESIAN_POINT('',(0.952073323075,8.383612743769));
#1156 = CARTESIAN_POINT('',(15.472916546268,6.734573375671));
#1157 = CARTESIAN_POINT('',(6.784384950058,-5.016326055935));
#1158 = CARTESIAN_POINT('',(-1.904146646151,-16.76722548754));
#1159 = CARTESIAN_POINT('',(-7.736458273134,-3.367286687838));
#1160 = CARTESIAN_POINT('',(-13.56876990011,10.032652111867));
#1161 = CARTESIAN_POINT('',(0.952073323075,8.383612743769));
#1162 = ( GEOMETRIC_REPRESENTATION_CONTEXT(2) 
PARAMETRIC_REPRESENTATION_CONTEXT() REPRESENTATION_CONTEXT('2D SPACE',''
  ) );
#1163 = PCURVE('',#1164,#1169);
#1164 = CYLINDRICAL_SURFACE('',#1165,8.437500000001);
#1165 = AXIS2_PLACEMENT_3D('',#1166,#1167,#1168);
#1166 = CARTESIAN_POINT('',(-3.120673346183E-13,-1.318541712918E-12,-4.)
  );
#1167 = DIRECTION('',(-0.,0.,-1.));
#1168 = DIRECTION('',(0.27599035778,0.961160404102,0.));
#1169 = DEFINITIONAL_REPRESENTATION('',(#1170),#1174);
#1170 = LINE('',#1171,#1172);
#1171 = CARTESIAN_POINT('',(-6.449726080294,-8.));
#1172 = VECTOR('',#1173,1.);
#1173 = DIRECTION('',(1.,-0.));
#1174 = ( GEOMETRIC_REPRESENTATION_CONTEXT(2) 
PARAMETRIC_REPRESENTATION_CONTEXT() REPRESENTATION_CONTEXT('2D SPACE',''
  ) );
#1175 = ORIENTED_EDGE('',*,*,#1176,.F.);
#1176 = EDGE_CURVE('',#1177,#1144,#1179,.T.);
#1177 = VERTEX_POINT('',#1178);
#1178 = CARTESIAN_POINT('',(1.060333364315,9.336911443966,4.));
#1179 = SURFACE_CURVE('',#1180,(#1184,#1191),.PCURVE_S1.);
#1180 = LINE('',#1181,#1182);
#1181 = CARTESIAN_POINT('',(1.060333364315,9.336911443966,4.));
#1182 = VECTOR('',#1183,1.);
#1183 = DIRECTION('',(-0.112838319772,-0.993613362224,0.));
#1184 = PCURVE('',#90,#1185);
#1185 = DEFINITIONAL_REPRESENTATION('',(#1186),#1190);
#1186 = LINE('',#1187,#1188);
#1187 = CARTESIAN_POINT('',(1.060333364315,9.336911443966));
#1188 = VECTOR('',#1189,1.);
#1189 = DIRECTION('',(-0.112838319772,-0.993613362224));
#1190 = ( GEOMETRIC_REPRESENTATION_CONTEXT(2) 
PARAMETRIC_REPRESENTATION_CONTEXT() REPRESENTATION_CONTEXT('2D SPACE',''
  ) );
#1191 = PCURVE('',#1192,#1197);
#1192 = PLANE('',#1193);
#1193 = AXIS2_PLACEMENT_3D('',#1194,#1195,#1196);
#1194 = CARTESIAN_POINT('',(1.060333364315,9.336911443966,-4.));
#1195 = DIRECTION('',(0.993613362224,-0.112838319772,0.));
#1196 = DIRECTION('',(-0.112838319772,-0.993613362224,0.));
#1197 = DEFINITIONAL_REPRESENTATION('',(#1198),#1202);
#1198 = LINE('',#1199,#1200);
#1199 = CARTESIAN_POINT('',(0.,-8.));
#1200 = VECTOR('',#1201,1.);
#1201 = DIRECTION('',(1.,0.));
#1202 = ( GEOMETRIC_REPRESENTATION_CONTEXT(2) 
PARAMETRIC_REPRESENTATION_CONTEXT() REPRESENTATION_CONTEXT('2D SPACE',''
  ) );
#1203 = ORIENTED_EDGE('',*,*,#1204,.T.);
#1204 = EDGE_CURVE('',#1177,#1205,#1207,.T.);
#1205 = VERTEX_POINT('',#1206);
#1206 = CARTESIAN_POINT('',(0.415968189182,11.242307168263,4.));
#1207 = SURFACE_CURVE('',#1208,(#1222,#1239),.PCURVE_S1.);
#1208 = B_SPLINE_CURVE_WITH_KNOTS('',3,(#1209,#1210,#1211,#1212,#1213,
    #1214,#1215,#1216,#1217,#1218,#1219,#1220,#1221),.UNSPECIFIED.,.F.,
  .F.,(4,1,1,1,1,1,1,1,1,1,4),(0.,0.186927563819,0.377660761138,
    0.572069250156,0.77014078192,0.971871396504,1.177259312061,
    1.386303573601,1.599003609573,1.815359050699,2.035369644546),
  .UNSPECIFIED.);
#1209 = CARTESIAN_POINT('',(1.060333364315,9.336911443966,4.));
#1210 = CARTESIAN_POINT('',(1.063306393064,9.399391793885,4.));
#1211 = CARTESIAN_POINT('',(1.060048036285,9.525322383705,4.));
#1212 = CARTESIAN_POINT('',(1.033584258909,9.714522034928,4.));
#1213 = CARTESIAN_POINT('',(0.993884549239,9.904909243289,4.));
#1214 = CARTESIAN_POINT('',(0.941745388467,10.096117280238,4.));
#1215 = CARTESIAN_POINT('',(0.878606818778,10.287793016084,4.));
#1216 = CARTESIAN_POINT('',(0.805115896132,10.479660317232,4.));
#1217 = CARTESIAN_POINT('',(0.72181537474,10.671458274716,4.));
#1218 = CARTESIAN_POINT('',(0.629082326011,10.862943073359,4.));
#1219 = CARTESIAN_POINT('',(0.527225431768,11.0538783891,4.));
#1220 = CARTESIAN_POINT('',(0.453991385117,11.179598735178,4.));
#1221 = CARTESIAN_POINT('',(0.415968189182,11.242307168263,4.));
#1222 = PCURVE('',#90,#1223);
#1223 = DEFINITIONAL_REPRESENTATION('',(#1224),#1238);
#1224 = B_SPLINE_CURVE_WITH_KNOTS('',3,(#1225,#1226,#1227,#1228,#1229,
    #1230,#1231,#1232,#1233,#1234,#1235,#1236,#1237),.UNSPECIFIED.,.F.,
  .F.,(4,1,1,1,1,1,1,1,1,1,4),(0.,0.186927563819,0.377660761138,
    0.572069250156,0.77014078192,0.971871396504,1.177259312061,
    1.386303573601,1.599003609573,1.815359050699,2.035369644546),
  .UNSPECIFIED.);
#1225 = CARTESIAN_POINT('',(1.060333364315,9.336911443966));
#1226 = CARTESIAN_POINT('',(1.063306393064,9.399391793885));
#1227 = CARTESIAN_POINT('',(1.060048036285,9.525322383705));
#1228 = CARTESIAN_POINT('',(1.033584258909,9.714522034928));
#1229 = CARTESIAN_POINT('',(0.993884549239,9.904909243289));
#1230 = CARTESIAN_POINT('',(0.941745388467,10.096117280238));
#1231 = CARTESIAN_POINT('',(0.878606818778,10.287793016084));
#1232 = CARTESIAN_POINT('',(0.805115896132,10.479660317232));
#1233 = CARTESIAN_POINT('',(0.72181537474,10.671458274716));
#1234 = CARTESIAN_POINT('',(0.629082326011,10.862943073359));
#1235 = CARTESIAN_POINT('',(0.527225431768,11.0538783891));
#1236 = CARTESIAN_POINT('',(0.453991385117,11.179598735178));
#1237 = CARTESIAN_POINT('',(0.415968189182,11.242307168263));
#1238 = ( GEOMETRIC_REPRESENTATION_CONTEXT(2) 
PARAMETRIC_REPRESENTATION_CONTEXT() REPRESENTATION_CONTEXT('2D SPACE',''
  ) );
#1239 = PCURVE('',#1240,#1257);
#1240 = SURFACE_OF_LINEAR_EXTRUSION('',#1241,#1255);
#1241 = B_SPLINE_CURVE_WITH_KNOTS('',3,(#1242,#1243,#1244,#1245,#1246,
    #1247,#1248,#1249,#1250,#1251,#1252,#1253,#1254),.UNSPECIFIED.,.F.,
  .F.,(4,1,1,1,1,1,1,1,1,1,4),(0.,0.186927563819,0.377660761138,
    0.572069250156,0.77014078192,0.971871396504,1.177259312061,
    1.386303573601,1.599003609573,1.815359050699,2.035369644546),
  .UNSPECIFIED.);
#1242 = CARTESIAN_POINT('',(1.060333364315,9.336911443966,-4.));
#1243 = CARTESIAN_POINT('',(1.063306393064,9.399391793885,-4.));
#1244 = CARTESIAN_POINT('',(1.060048036285,9.525322383705,-4.));
#1245 = CARTESIAN_POINT('',(1.033584258909,9.714522034928,-4.));
#1246 = CARTESIAN_POINT('',(0.993884549239,9.904909243289,-4.));
#1247 = CARTESIAN_POINT('',(0.941745388467,10.096117280238,-4.));
#1248 = CARTESIAN_POINT('',(0.878606818778,10.287793016084,-4.));
#1249 = CARTESIAN_POINT('',(0.805115896132,10.479660317232,-4.));
#1250 = CARTESIAN_POINT('',(0.72181537474,10.671458274716,-4.));
#1251 = CARTESIAN_POINT('',(0.629082326011,10.862943073359,-4.));
#1252 = CARTESIAN_POINT('',(0.527225431768,11.0538783891,-4.));
#1253 = CARTESIAN_POINT('',(0.453991385117,11.179598735178,-4.));
#1254 = CARTESIAN_POINT('',(0.415968189182,11.242307168263,-4.));
#1255 = VECTOR('',#1256,1.);
#1256 = DIRECTION('',(-0.,-0.,-1.));
#1257 = DEFINITIONAL_REPRESENTATION('',(#1258),#1262);
#1258 = LINE('',#1259,#1260);
#1259 = CARTESIAN_POINT('',(0.,-8.));
#1260 = VECTOR('',#1261,1.);
#1261 = DIRECTION('',(1.,0.));
#1262 = ( GEOMETRIC_REPRESENTATION_CONTEXT(2) 
PARAMETRIC_REPRESENTATION_CONTEXT() REPRESENTATION_CONTEXT('2D SPACE',''
  ) );
#1263 = ORIENTED_EDGE('',*,*,#1264,.F.);
#1264 = EDGE_CURVE('',#1265,#1205,#1267,.T.);
#1265 = VERTEX_POINT('',#1266);
#1266 = CARTESIAN_POINT('',(-0.415968189182,11.242307168263,4.));
#1267 = SURFACE_CURVE('',#1268,(#1273,#1284),.PCURVE_S1.);
#1268 = CIRCLE('',#1269,11.250000000019);
#1269 = AXIS2_PLACEMENT_3D('',#1270,#1271,#1272);
#1270 = CARTESIAN_POINT('',(3.304301277041E-13,-1.934186144581E-11,4.));
#1271 = DIRECTION('',(0.,0.,-1.));
#1272 = DIRECTION('',(-3.697495014948E-02,0.999316192735,0.));
#1273 = PCURVE('',#90,#1274);
#1274 = DEFINITIONAL_REPRESENTATION('',(#1275),#1283);
#1275 = ( BOUNDED_CURVE() B_SPLINE_CURVE(2,(#1276,#1277,#1278,#1279,
#1280,#1281,#1282),.UNSPECIFIED.,.T.,.F.) B_SPLINE_CURVE_WITH_KNOTS((1,2
    ,2,2,2,1),(-2.094395102393,0.,2.094395102393,4.188790204786,
6.28318530718,8.377580409573),.UNSPECIFIED.) CURVE() 
GEOMETRIC_REPRESENTATION_ITEM() RATIONAL_B_SPLINE_CURVE((1.,0.5,1.,0.5,
1.,0.5,1.)) REPRESENTATION_ITEM('') );
#1276 = CARTESIAN_POINT('',(-0.415968189182,11.242307168263));
#1277 = CARTESIAN_POINT('',(19.05627902058,11.96278520626));
#1278 = CARTESIAN_POINT('',(9.944107699472,-5.260914565163));
#1279 = CARTESIAN_POINT('',(0.831936378365,-22.48461433658));
#1280 = CARTESIAN_POINT('',(-9.528139510289,-5.981392603159));
#1281 = CARTESIAN_POINT('',(-19.88821539894,10.521829130267));
#1282 = CARTESIAN_POINT('',(-0.415968189182,11.242307168263));
#1283 = ( GEOMETRIC_REPRESENTATION_CONTEXT(2) 
PARAMETRIC_REPRESENTATION_CONTEXT() REPRESENTATION_CONTEXT('2D SPACE',''
  ) );
#1284 = PCURVE('',#1285,#1290);
#1285 = CYLINDRICAL_SURFACE('',#1286,11.250000000019);
#1286 = AXIS2_PLACEMENT_3D('',#1287,#1288,#1289);
#1287 = CARTESIAN_POINT('',(-3.304301277041E-13,-1.934186144581E-11,-4.)
  );
#1288 = DIRECTION('',(-0.,0.,-1.));
#1289 = DIRECTION('',(3.697495014948E-02,0.999316192735,0.));
#1290 = DEFINITIONAL_REPRESENTATION('',(#1291),#1295);
#1291 = LINE('',#1292,#1293);
#1292 = CARTESIAN_POINT('',(-6.357152067917,-8.));
#1293 = VECTOR('',#1294,1.);
#1294 = DIRECTION('',(1.,-0.));
#1295 = ( GEOMETRIC_REPRESENTATION_CONTEXT(2) 
PARAMETRIC_REPRESENTATION_CONTEXT() REPRESENTATION_CONTEXT('2D SPACE',''
  ) );
#1296 = ORIENTED_EDGE('',*,*,#1297,.F.);
#1297 = EDGE_CURVE('',#1298,#1265,#1300,.T.);
#1298 = VERTEX_POINT('',#1299);
#1299 = CARTESIAN_POINT('',(-1.060333364315,9.336911443966,4.));
#1300 = SURFACE_CURVE('',#1301,(#1315,#1332),.PCURVE_S1.);
#1301 = B_SPLINE_CURVE_WITH_KNOTS('',3,(#1302,#1303,#1304,#1305,#1306,
    #1307,#1308,#1309,#1310,#1311,#1312,#1313,#1314),.UNSPECIFIED.,.F.,
  .F.,(4,1,1,1,1,1,1,1,1,1,4),(0.,0.186927563819,0.377660761138,
    0.572069250156,0.77014078192,0.971871396504,1.177259312061,
    1.386303573601,1.599003609573,1.815359050699,2.035369644546),
  .UNSPECIFIED.);
#1302 = CARTESIAN_POINT('',(-1.060333364315,9.336911443966,4.));
#1303 = CARTESIAN_POINT('',(-1.063306393064,9.399391793885,4.));
#1304 = CARTESIAN_POINT('',(-1.060048036285,9.525322383705,4.));
#1305 = CARTESIAN_POINT('',(-1.033584258909,9.714522034928,4.));
#1306 = CARTESIAN_POINT('',(-0.993884549239,9.904909243289,4.));
#1307 = CARTESIAN_POINT('',(-0.941745388467,10.096117280238,4.));
#1308 = CARTESIAN_POINT('',(-0.878606818778,10.287793016084,4.));
#1309 = CARTESIAN_POINT('',(-0.805115896132,10.479660317232,4.));
#1310 = CARTESIAN_POINT('',(-0.72181537474,10.671458274716,4.));
#1311 = CARTESIAN_POINT('',(-0.629082326011,10.862943073359,4.));
#1312 = CARTESIAN_POINT('',(-0.527225431768,11.0538783891,4.));
#1313 = CARTESIAN_POINT('',(-0.453991385117,11.179598735178,4.));
#1314 = CARTESIAN_POINT('',(-0.415968189182,11.242307168263,4.));
#1315 = PCURVE('',#90,#1316);
#1316 = DEFINITIONAL_REPRESENTATION('',(#1317),#1331);
#1317 = B_SPLINE_CURVE_WITH_KNOTS('',3,(#1318,#1319,#1320,#1321,#1322,
    #1323,#1324,#1325,#1326,#1327,#1328,#1329,#1330),.UNSPECIFIED.,.F.,
  .F.,(4,1,1,1,1,1,1,1,1,1,4),(0.,0.186927563819,0.377660761138,
    0.572069250156,0.77014078192,0.971871396504,1.177259312061,
    1.386303573601,1.599003609573,1.815359050699,2.035369644546),
  .UNSPECIFIED.);
#1318 = CARTESIAN_POINT('',(-1.060333364315,9.336911443966));
#1319 = CARTESIAN_POINT('',(-1.063306393064,9.399391793885));
#1320 = CARTESIAN_POINT('',(-1.060048036285,9.525322383705));
#1321 = CARTESIAN_POINT('',(-1.033584258909,9.714522034928));
#1322 = CARTESIAN_POINT('',(-0.993884549239,9.904909243289));
#1323 = CARTESIAN_POINT('',(-0.941745388467,10.096117280238));
#1324 = CARTESIAN_POINT('',(-0.878606818778,10.287793016084));
#1325 = CARTESIAN_POINT('',(-0.805115896132,10.479660317232));
#1326 = CARTESIAN_POINT('',(-0.72181537474,10.671458274716));
#1327 = CARTESIAN_POINT('',(-0.629082326011,10.862943073359));
#1328 = CARTESIAN_POINT('',(-0.527225431768,11.0538783891));
#1329 = CARTESIAN_POINT('',(-0.453991385117,11.179598735178));
#1330 = CARTESIAN_POINT('',(-0.415968189182,11.242307168263));
#1331 = ( GEOMETRIC_REPRESENTATION_CONTEXT(2) 
PARAMETRIC_REPRESENTATION_CONTEXT() REPRESENTATION_CONTEXT('2D SPACE',''
  ) );
#1332 = PCURVE('',#1333,#1350);
#1333 = SURFACE_OF_LINEAR_EXTRUSION('',#1334,#1348);
#1334 = B_SPLINE_CURVE_WITH_KNOTS('',3,(#1335,#1336,#1337,#1338,#1339,
    #1340,#1341,#1342,#1343,#1344,#1345,#1346,#1347),.UNSPECIFIED.,.F.,
  .F.,(4,1,1,1,1,1,1,1,1,1,4),(0.,0.186927563819,0.377660761138,
    0.572069250156,0.77014078192,0.971871396504,1.177259312061,
    1.386303573601,1.599003609573,1.815359050699,2.035369644546),
  .UNSPECIFIED.);
#1335 = CARTESIAN_POINT('',(-1.060333364315,9.336911443966,-4.));
#1336 = CARTESIAN_POINT('',(-1.063306393064,9.399391793885,-4.));
#1337 = CARTESIAN_POINT('',(-1.060048036285,9.525322383705,-4.));
#1338 = CARTESIAN_POINT('',(-1.033584258909,9.714522034928,-4.));
#1339 = CARTESIAN_POINT('',(-0.993884549239,9.904909243289,-4.));
#1340 = CARTESIAN_POINT('',(-0.941745388467,10.096117280238,-4.));
#1341 = CARTESIAN_POINT('',(-0.878606818778,10.287793016084,-4.));
#1342 = CARTESIAN_POINT('',(-0.805115896132,10.479660317232,-4.));
#1343 = CARTESIAN_POINT('',(-0.72181537474,10.671458274716,-4.));
#1344 = CARTESIAN_POINT('',(-0.629082326011,10.862943073359,-4.));
#1345 = CARTESIAN_POINT('',(-0.527225431768,11.0538783891,-4.));
#1346 = CARTESIAN_POINT('',(-0.453991385117,11.179598735178,-4.));
#1347 = CARTESIAN_POINT('',(-0.415968189182,11.242307168263,-4.));
#1348 = VECTOR('',#1349,1.);
#1349 = DIRECTION('',(-0.,-0.,-1.));
#1350 = DEFINITIONAL_REPRESENTATION('',(#1351),#1355);
#1351 = LINE('',#1352,#1353);
#1352 = CARTESIAN_POINT('',(0.,-8.));
#1353 = VECTOR('',#1354,1.);
#1354 = DIRECTION('',(1.,0.));
#1355 = ( GEOMETRIC_REPRESENTATION_CONTEXT(2) 
PARAMETRIC_REPRESENTATION_CONTEXT() REPRESENTATION_CONTEXT('2D SPACE',''
  ) );
#1356 = ORIENTED_EDGE('',*,*,#1357,.T.);
#1357 = EDGE_CURVE('',#1298,#1358,#1360,.T.);
#1358 = VERTEX_POINT('',#1359);
#1359 = CARTESIAN_POINT('',(-0.952073323075,8.383612743769,4.));
#1360 = SURFACE_CURVE('',#1361,(#1365,#1372),.PCURVE_S1.);
#1361 = LINE('',#1362,#1363);
#1362 = CARTESIAN_POINT('',(-1.060333364315,9.336911443966,4.));
#1363 = VECTOR('',#1364,1.);
#1364 = DIRECTION('',(0.112838319772,-0.993613362224,0.));
#1365 = PCURVE('',#90,#1366);
#1366 = DEFINITIONAL_REPRESENTATION('',(#1367),#1371);
#1367 = LINE('',#1368,#1369);
#1368 = CARTESIAN_POINT('',(-1.060333364315,9.336911443966));
#1369 = VECTOR('',#1370,1.);
#1370 = DIRECTION('',(0.112838319772,-0.993613362224));
#1371 = ( GEOMETRIC_REPRESENTATION_CONTEXT(2) 
PARAMETRIC_REPRESENTATION_CONTEXT() REPRESENTATION_CONTEXT('2D SPACE',''
  ) );
#1372 = PCURVE('',#1373,#1378);
#1373 = PLANE('',#1374);
#1374 = AXIS2_PLACEMENT_3D('',#1375,#1376,#1377);
#1375 = CARTESIAN_POINT('',(-1.060333364315,9.336911443966,-4.));
#1376 = DIRECTION('',(0.993613362224,0.112838319772,-0.));
#1377 = DIRECTION('',(0.112838319772,-0.993613362224,0.));
#1378 = DEFINITIONAL_REPRESENTATION('',(#1379),#1383);
#1379 = LINE('',#1380,#1381);
#1380 = CARTESIAN_POINT('',(0.,-8.));
#1381 = VECTOR('',#1382,1.);
#1382 = DIRECTION('',(1.,0.));
#1383 = ( GEOMETRIC_REPRESENTATION_CONTEXT(2) 
PARAMETRIC_REPRESENTATION_CONTEXT() REPRESENTATION_CONTEXT('2D SPACE',''
  ) );
#1384 = ORIENTED_EDGE('',*,*,#1385,.F.);
#1385 = EDGE_CURVE('',#1386,#1358,#1388,.T.);
#1386 = VERTEX_POINT('',#1387);
#1387 = CARTESIAN_POINT('',(-2.328668643766,8.109790909607,4.));
#1388 = SURFACE_CURVE('',#1389,(#1394,#1405),.PCURVE_S1.);
#1389 = CIRCLE('',#1390,8.437500000001);
#1390 = AXIS2_PLACEMENT_3D('',#1391,#1392,#1393);
#1391 = CARTESIAN_POINT('',(3.120673346183E-13,-1.318541712918E-12,4.));
#1392 = DIRECTION('',(0.,0.,-1.));
#1393 = DIRECTION('',(-0.27599035778,0.961160404102,0.));
#1394 = PCURVE('',#90,#1395);
#1395 = DEFINITIONAL_REPRESENTATION('',(#1396),#1404);
#1396 = ( BOUNDED_CURVE() B_SPLINE_CURVE(2,(#1397,#1398,#1399,#1400,
#1401,#1402,#1403),.UNSPECIFIED.,.T.,.F.) B_SPLINE_CURVE_WITH_KNOTS((1,2
    ,2,2,2,1),(-2.094395102393,0.,2.094395102393,4.188790204786,
6.28318530718,8.377580409573),.UNSPECIFIED.) CURVE() 
GEOMETRIC_REPRESENTATION_ITEM() RATIONAL_B_SPLINE_CURVE((1.,0.5,1.,0.5,
1.,0.5,1.)) REPRESENTATION_ITEM('') );
#1397 = CARTESIAN_POINT('',(-2.328668643766,8.109790909607));
#1398 = CARTESIAN_POINT('',(11.717901250436,12.143163314602));
#1399 = CARTESIAN_POINT('',(8.187619268984,-2.038209252308));
#1400 = CARTESIAN_POINT('',(4.657337287533,-16.21958181921));
#1401 = CARTESIAN_POINT('',(-5.858950625217,-6.071581657303));
#1402 = CARTESIAN_POINT('',(-16.37523853796,4.076418504611));
#1403 = CARTESIAN_POINT('',(-2.328668643766,8.109790909607));
#1404 = ( GEOMETRIC_REPRESENTATION_CONTEXT(2) 
PARAMETRIC_REPRESENTATION_CONTEXT() REPRESENTATION_CONTEXT('2D SPACE',''
  ) );
#1405 = PCURVE('',#1406,#1411);
#1406 = CYLINDRICAL_SURFACE('',#1407,8.437500000001);
#1407 = AXIS2_PLACEMENT_3D('',#1408,#1409,#1410);
#1408 = CARTESIAN_POINT('',(2.16271445197E-13,-1.337596700068E-12,-4.));
#1409 = DIRECTION('',(-0.,-0.,-1.));
#1410 = DIRECTION('',(-0.112838319772,0.993613362224,0.));
#1411 = DEFINITIONAL_REPRESENTATION('',(#1412),#1416);
#1412 = LINE('',#1413,#1414);
#1413 = CARTESIAN_POINT('',(-6.449726080294,-8.));
#1414 = VECTOR('',#1415,1.);
#1415 = DIRECTION('',(1.,-0.));
#1416 = ( GEOMETRIC_REPRESENTATION_CONTEXT(2) 
PARAMETRIC_REPRESENTATION_CONTEXT() REPRESENTATION_CONTEXT('2D SPACE',''
  ) );
#1417 = ORIENTED_EDGE('',*,*,#1418,.F.);
#1418 = EDGE_CURVE('',#1419,#1386,#1421,.T.);
#1419 = VERTEX_POINT('',#1420);
#1420 = CARTESIAN_POINT('',(-2.593461026136,9.031953391258,4.));
#1421 = SURFACE_CURVE('',#1422,(#1426,#1433),.PCURVE_S1.);
#1422 = LINE('',#1423,#1424);
#1423 = CARTESIAN_POINT('',(-2.593461026136,9.031953391258,4.));
#1424 = VECTOR('',#1425,1.);
#1425 = DIRECTION('',(0.27599035778,-0.961160404102,0.));
#1426 = PCURVE('',#90,#1427);
#1427 = DEFINITIONAL_REPRESENTATION('',(#1428),#1432);
#1428 = LINE('',#1429,#1430);
#1429 = CARTESIAN_POINT('',(-2.593461026136,9.031953391258));
#1430 = VECTOR('',#1431,1.);
#1431 = DIRECTION('',(0.27599035778,-0.961160404102));
#1432 = ( GEOMETRIC_REPRESENTATION_CONTEXT(2) 
PARAMETRIC_REPRESENTATION_CONTEXT() REPRESENTATION_CONTEXT('2D SPACE',''
  ) );
#1433 = PCURVE('',#1434,#1439);
#1434 = PLANE('',#1435);
#1435 = AXIS2_PLACEMENT_3D('',#1436,#1437,#1438);
#1436 = CARTESIAN_POINT('',(-2.593461026136,9.031953391258,-4.));
#1437 = DIRECTION('',(0.961160404102,0.27599035778,-0.));
#1438 = DIRECTION('',(0.27599035778,-0.961160404102,0.));
#1439 = DEFINITIONAL_REPRESENTATION('',(#1440),#1444);
#1440 = LINE('',#1441,#1442);
#1441 = CARTESIAN_POINT('',(0.,-8.));
#1442 = VECTOR('',#1443,1.);
#1443 = DIRECTION('',(1.,0.));
#1444 = ( GEOMETRIC_REPRESENTATION_CONTEXT(2) 
PARAMETRIC_REPRESENTATION_CONTEXT() REPRESENTATION_CONTEXT('2D SPACE',''
  ) );
#1445 = ORIENTED_EDGE('',*,*,#1446,.T.);
#1446 = EDGE_CURVE('',#1419,#1447,#1449,.T.);
#1447 = VERTEX_POINT('',#1448);
#1448 = CARTESIAN_POINT('',(-3.917940198693,10.545721625354,4.));
#1449 = SURFACE_CURVE('',#1450,(#1464,#1481),.PCURVE_S1.);
#1450 = B_SPLINE_CURVE_WITH_KNOTS('',3,(#1451,#1452,#1453,#1454,#1455,
    #1456,#1457,#1458,#1459,#1460,#1461,#1462,#1463),.UNSPECIFIED.,.F.,
  .F.,(4,1,1,1,1,1,1,1,1,1,4),(0.,0.186927563819,0.377660761138,
    0.572069250156,0.77014078192,0.971871396504,1.177259312061,
    1.386303573601,1.599003609573,1.815359050699,2.035369644546),
  .UNSPECIFIED.);
#1451 = CARTESIAN_POINT('',(-2.593461026136,9.031953391258,4.));
#1452 = CARTESIAN_POINT('',(-2.614624500488,9.090815436579,4.));
#1453 = CARTESIAN_POINT('',(-2.665826379978,9.205913211874,4.));
#1454 = CARTESIAN_POINT('',(-2.76267929418,9.370583648038,4.));
#1455 = CARTESIAN_POINT('',(-2.872215073765,9.531286071934,4.));
#1456 = CARTESIAN_POINT('',(-2.993557525121,9.687986470718,4.));
#1457 = CARTESIAN_POINT('',(-3.125241085863,9.840909675382,4.));
#1458 = CARTESIAN_POINT('',(-3.266562282483,9.990048189344,4.));
#1459 = CARTESIAN_POINT('',(-3.416919829935,10.135368667197,4.));
#1460 = CARTESIAN_POINT('',(-3.575872055634,10.27679015207,4.));
#1461 = CARTESIAN_POINT('',(-3.743043337458,10.414212436417,4.));
#1462 = CARTESIAN_POINT('',(-3.858813867796,10.502337434641,4.));
#1463 = CARTESIAN_POINT('',(-3.917940198693,10.545721625354,4.));
#1464 = PCURVE('',#90,#1465);
#1465 = DEFINITIONAL_REPRESENTATION('',(#1466),#1480);
#1466 = B_SPLINE_CURVE_WITH_KNOTS('',3,(#1467,#1468,#1469,#1470,#1471,
    #1472,#1473,#1474,#1475,#1476,#1477,#1478,#1479),.UNSPECIFIED.,.F.,
  .F.,(4,1,1,1,1,1,1,1,1,1,4),(0.,0.186927563819,0.377660761138,
    0.572069250156,0.77014078192,0.971871396504,1.177259312061,
    1.386303573601,1.599003609573,1.815359050699,2.035369644546),
  .UNSPECIFIED.);
#1467 = CARTESIAN_POINT('',(-2.593461026136,9.031953391258));
#1468 = CARTESIAN_POINT('',(-2.614624500488,9.090815436579));
#1469 = CARTESIAN_POINT('',(-2.665826379978,9.205913211874));
#1470 = CARTESIAN_POINT('',(-2.76267929418,9.370583648038));
#1471 = CARTESIAN_POINT('',(-2.872215073765,9.531286071934));
#1472 = CARTESIAN_POINT('',(-2.993557525121,9.687986470718));
#1473 = CARTESIAN_POINT('',(-3.125241085863,9.840909675382));
#1474 = CARTESIAN_POINT('',(-3.266562282483,9.990048189344));
#1475 = CARTESIAN_POINT('',(-3.416919829935,10.135368667197));
#1476 = CARTESIAN_POINT('',(-3.575872055634,10.27679015207));
#1477 = CARTESIAN_POINT('',(-3.743043337458,10.414212436417));
#1478 = CARTESIAN_POINT('',(-3.858813867796,10.502337434641));
#1479 = CARTESIAN_POINT('',(-3.917940198693,10.545721625354));
#1480 = ( GEOMETRIC_REPRESENTATION_CONTEXT(2) 
PARAMETRIC_REPRESENTATION_CONTEXT() REPRESENTATION_CONTEXT('2D SPACE',''
  ) );
#1481 = PCURVE('',#1482,#1499);
#1482 = SURFACE_OF_LINEAR_EXTRUSION('',#1483,#1497);
#1483 = B_SPLINE_CURVE_WITH_KNOTS('',3,(#1484,#1485,#1486,#1487,#1488,
    #1489,#1490,#1491,#1492,#1493,#1494,#1495,#1496),.UNSPECIFIED.,.F.,
  .F.,(4,1,1,1,1,1,1,1,1,1,4),(0.,0.186927563819,0.377660761138,
    0.572069250156,0.77014078192,0.971871396504,1.177259312061,
    1.386303573601,1.599003609573,1.815359050699,2.035369644546),
  .UNSPECIFIED.);
#1484 = CARTESIAN_POINT('',(-2.593461026136,9.031953391258,-4.));
#1485 = CARTESIAN_POINT('',(-2.614624500488,9.090815436579,-4.));
#1486 = CARTESIAN_POINT('',(-2.665826379978,9.205913211874,-4.));
#1487 = CARTESIAN_POINT('',(-2.76267929418,9.370583648038,-4.));
#1488 = CARTESIAN_POINT('',(-2.872215073765,9.531286071934,-4.));
#1489 = CARTESIAN_POINT('',(-2.993557525121,9.687986470718,-4.));
#1490 = CARTESIAN_POINT('',(-3.125241085863,9.840909675382,-4.));
#1491 = CARTESIAN_POINT('',(-3.266562282483,9.990048189344,-4.));
#1492 = CARTESIAN_POINT('',(-3.416919829935,10.135368667197,-4.));
#1493 = CARTESIAN_POINT('',(-3.575872055634,10.27679015207,-4.));
#1494 = CARTESIAN_POINT('',(-3.743043337458,10.414212436417,-4.));
#1495 = CARTESIAN_POINT('',(-3.858813867796,10.502337434641,-4.));
#1496 = CARTESIAN_POINT('',(-3.917940198693,10.545721625354,-4.));
#1497 = VECTOR('',#1498,1.);
#1498 = DIRECTION('',(-0.,-0.,-1.));
#1499 = DEFINITIONAL_REPRESENTATION('',(#1500),#1504);
#1500 = LINE('',#1501,#1502);
#1501 = CARTESIAN_POINT('',(0.,-8.));
#1502 = VECTOR('',#1503,1.);
#1503 = DIRECTION('',(1.,0.));
#1504 = ( GEOMETRIC_REPRESENTATION_CONTEXT(2) 
PARAMETRIC_REPRESENTATION_CONTEXT() REPRESENTATION_CONTEXT('2D SPACE',''
  ) );
#1505 = ORIENTED_EDGE('',*,*,#1506,.F.);
#1506 = EDGE_CURVE('',#1507,#1447,#1509,.T.);
#1507 = VERTEX_POINT('',#1508);
#1508 = CARTESIAN_POINT('',(-4.686549191015,10.227353356573,4.));
#1509 = SURFACE_CURVE('',#1510,(#1515,#1526),.PCURVE_S1.);
#1510 = CIRCLE('',#1511,11.250000000019);
#1511 = AXIS2_PLACEMENT_3D('',#1512,#1513,#1514);
#1512 = CARTESIAN_POINT('',(7.707087558323E-12,-1.774309977503E-11,4.));
#1513 = DIRECTION('',(0.,0.,-1.));
#1514 = DIRECTION('',(-0.416582150312,0.90909807614,0.));
#1515 = PCURVE('',#90,#1516);
#1516 = DEFINITIONAL_REPRESENTATION('',(#1517),#1525);
#1517 = ( BOUNDED_CURVE() B_SPLINE_CURVE(2,(#1518,#1519,#1520,#1521,
#1522,#1523,#1524),.UNSPECIFIED.,.T.,.F.) B_SPLINE_CURVE_WITH_KNOTS((1,2
    ,2,2,2,1),(-2.094395102393,0.,2.094395102393,4.188790204786,
6.28318530718,8.377580409573),.UNSPECIFIED.) CURVE() 
GEOMETRIC_REPRESENTATION_ITEM() RATIONAL_B_SPLINE_CURVE((1.,0.5,1.,0.5,
1.,0.5,1.)) REPRESENTATION_ITEM('') );
#1518 = CARTESIAN_POINT('',(-4.686549191015,10.227353356573));
#1519 = CARTESIAN_POINT('',(13.02774644956,18.344694667594));
#1520 = CARTESIAN_POINT('',(11.200422415806,-1.055006022802));
#1521 = CARTESIAN_POINT('',(9.373098382053,-20.45470671319));
#1522 = CARTESIAN_POINT('',(-6.513873224768,-9.172347333824));
#1523 = CARTESIAN_POINT('',(-22.40084483159,2.110012045551));
#1524 = CARTESIAN_POINT('',(-4.686549191015,10.227353356573));
#1525 = ( GEOMETRIC_REPRESENTATION_CONTEXT(2) 
PARAMETRIC_REPRESENTATION_CONTEXT() REPRESENTATION_CONTEXT('2D SPACE',''
  ) );
#1526 = PCURVE('',#1527,#1532);
#1527 = CYLINDRICAL_SURFACE('',#1528,11.250000000019);
#1528 = AXIS2_PLACEMENT_3D('',#1529,#1530,#1531);
#1529 = CARTESIAN_POINT('',(7.096532294502E-12,-1.799600004588E-11,-4.)
  );
#1530 = DIRECTION('',(-0.,-0.,-1.));
#1531 = DIRECTION('',(-0.348261350995,0.937397477809,0.));
#1532 = DEFINITIONAL_REPRESENTATION('',(#1533),#1537);
#1533 = LINE('',#1534,#1535);
#1534 = CARTESIAN_POINT('',(-6.357152067917,-8.));
#1535 = VECTOR('',#1536,1.);
#1536 = DIRECTION('',(1.,-0.));
#1537 = ( GEOMETRIC_REPRESENTATION_CONTEXT(2) 
PARAMETRIC_REPRESENTATION_CONTEXT() REPRESENTATION_CONTEXT('2D SPACE',''
  ) );
#1538 = ORIENTED_EDGE('',*,*,#1539,.F.);
#1539 = EDGE_CURVE('',#1540,#1507,#1542,.T.);
#1540 = VERTEX_POINT('',#1541);
#1541 = CARTESIAN_POINT('',(-4.552701611996,8.220409368643,4.));
#1542 = SURFACE_CURVE('',#1543,(#1557,#1574),.PCURVE_S1.);
#1543 = B_SPLINE_CURVE_WITH_KNOTS('',3,(#1544,#1545,#1546,#1547,#1548,
    #1549,#1550,#1551,#1552,#1553,#1554,#1555,#1556),.UNSPECIFIED.,.F.,
  .F.,(4,1,1,1,1,1,1,1,1,1,4),(0.,0.186927563819,0.377660761138,
    0.572069250156,0.77014078192,0.971871396504,1.177259312061,
    1.386303573601,1.599003609573,1.815359050699,2.035369644546),
  .UNSPECIFIED.);
#1544 = CARTESIAN_POINT('',(-4.552701611996,8.220409368643,4.));
#1545 = CARTESIAN_POINT('',(-4.579358527169,8.276995956271,4.));
#1546 = CARTESIAN_POINT('',(-4.624539748382,8.39458756988,4.));
#1547 = CARTESIAN_POINT('',(-4.672493978045,8.579512504362,4.));
#1548 = CARTESIAN_POINT('',(-4.708674259208,8.770599770579,4.));
#1549 = CARTESIAN_POINT('',(-4.733676103603,8.967205755373,4.));
#1550 = CARTESIAN_POINT('',(-4.74869479985,9.168453129163,4.));
#1551 = CARTESIAN_POINT('',(-4.754222477954,9.373839160178,4.));
#1552 = CARTESIAN_POINT('',(-4.750660731883,9.582915096918,4.));
#1553 = CARTESIAN_POINT('',(-4.738264626166,9.795311384554,4.));
#1554 = CARTESIAN_POINT('',(-4.717228908317,10.010691560699,4.));
#1555 = CARTESIAN_POINT('',(-4.697680565088,10.154867471599,4.));
#1556 = CARTESIAN_POINT('',(-4.686549191015,10.227353356573,4.));
#1557 = PCURVE('',#90,#1558);
#1558 = DEFINITIONAL_REPRESENTATION('',(#1559),#1573);
#1559 = B_SPLINE_CURVE_WITH_KNOTS('',3,(#1560,#1561,#1562,#1563,#1564,
    #1565,#1566,#1567,#1568,#1569,#1570,#1571,#1572),.UNSPECIFIED.,.F.,
  .F.,(4,1,1,1,1,1,1,1,1,1,4),(0.,0.186927563819,0.377660761138,
    0.572069250156,0.77014078192,0.971871396504,1.177259312061,
    1.386303573601,1.599003609573,1.815359050699,2.035369644546),
  .UNSPECIFIED.);
#1560 = CARTESIAN_POINT('',(-4.552701611996,8.220409368643));
#1561 = CARTESIAN_POINT('',(-4.579358527169,8.276995956271));
#1562 = CARTESIAN_POINT('',(-4.624539748382,8.39458756988));
#1563 = CARTESIAN_POINT('',(-4.672493978045,8.579512504362));
#1564 = CARTESIAN_POINT('',(-4.708674259208,8.770599770579));
#1565 = CARTESIAN_POINT('',(-4.733676103603,8.967205755373));
#1566 = CARTESIAN_POINT('',(-4.74869479985,9.168453129163));
#1567 = CARTESIAN_POINT('',(-4.754222477954,9.373839160178));
#1568 = CARTESIAN_POINT('',(-4.750660731883,9.582915096918));
#1569 = CARTESIAN_POINT('',(-4.738264626166,9.795311384554));
#1570 = CARTESIAN_POINT('',(-4.717228908317,10.010691560699));
#1571 = CARTESIAN_POINT('',(-4.697680565088,10.154867471599));
#1572 = CARTESIAN_POINT('',(-4.686549191015,10.227353356573));
#1573 = ( GEOMETRIC_REPRESENTATION_CONTEXT(2) 
PARAMETRIC_REPRESENTATION_CONTEXT() REPRESENTATION_CONTEXT('2D SPACE',''
  ) );
#1574 = PCURVE('',#1575,#1592);
#1575 = SURFACE_OF_LINEAR_EXTRUSION('',#1576,#1590);
#1576 = B_SPLINE_CURVE_WITH_KNOTS('',3,(#1577,#1578,#1579,#1580,#1581,
    #1582,#1583,#1584,#1585,#1586,#1587,#1588,#1589),.UNSPECIFIED.,.F.,
  .F.,(4,1,1,1,1,1,1,1,1,1,4),(0.,0.186927563819,0.377660761138,
    0.572069250156,0.77014078192,0.971871396504,1.177259312061,
    1.386303573601,1.599003609573,1.815359050699,2.035369644546),
  .UNSPECIFIED.);
#1577 = CARTESIAN_POINT('',(-4.552701611996,8.220409368643,-4.));
#1578 = CARTESIAN_POINT('',(-4.579358527169,8.276995956271,-4.));
#1579 = CARTESIAN_POINT('',(-4.624539748382,8.39458756988,-4.));
#1580 = CARTESIAN_POINT('',(-4.672493978045,8.579512504362,-4.));
#1581 = CARTESIAN_POINT('',(-4.708674259208,8.770599770579,-4.));
#1582 = CARTESIAN_POINT('',(-4.733676103603,8.967205755373,-4.));
#1583 = CARTESIAN_POINT('',(-4.74869479985,9.168453129163,-4.));
#1584 = CARTESIAN_POINT('',(-4.754222477954,9.373839160178,-4.));
#1585 = CARTESIAN_POINT('',(-4.750660731883,9.582915096918,-4.));
#1586 = CARTESIAN_POINT('',(-4.738264626166,9.795311384554,-4.));
#1587 = CARTESIAN_POINT('',(-4.717228908317,10.010691560699,-4.));
#1588 = CARTESIAN_POINT('',(-4.697680565088,10.154867471599,-4.));
#1589 = CARTESIAN_POINT('',(-4.686549191015,10.227353356573,-4.));
#1590 = VECTOR('',#1591,1.);
#1591 = DIRECTION('',(-0.,-0.,-1.));
#1592 = DEFINITIONAL_REPRESENTATION('',(#1593),#1597);
#1593 = LINE('',#1594,#1595);
#1594 = CARTESIAN_POINT('',(0.,-8.));
#1595 = VECTOR('',#1596,1.);
#1596 = DIRECTION('',(1.,0.));
#1597 = ( GEOMETRIC_REPRESENTATION_CONTEXT(2) 
PARAMETRIC_REPRESENTATION_CONTEXT() REPRESENTATION_CONTEXT('2D SPACE',''
  ) );
#1598 = ORIENTED_EDGE('',*,*,#1599,.T.);
#1599 = EDGE_CURVE('',#1540,#1600,#1602,.T.);
#1600 = VERTEX_POINT('',#1601);
#1601 = CARTESIAN_POINT('',(-4.087870757045,7.381105535331,4.));
#1602 = SURFACE_CURVE('',#1603,(#1607,#1614),.PCURVE_S1.);
#1603 = LINE('',#1604,#1605);
#1604 = CARTESIAN_POINT('',(-4.552701611996,8.220409368643,4.));
#1605 = VECTOR('',#1606,1.);
#1606 = DIRECTION('',(0.48448838602,-0.874797693076,0.));
#1607 = PCURVE('',#90,#1608);
#1608 = DEFINITIONAL_REPRESENTATION('',(#1609),#1613);
#1609 = LINE('',#1610,#1611);
#1610 = CARTESIAN_POINT('',(-4.552701611996,8.220409368643));
#1611 = VECTOR('',#1612,1.);
#1612 = DIRECTION('',(0.48448838602,-0.874797693076));
#1613 = ( GEOMETRIC_REPRESENTATION_CONTEXT(2) 
PARAMETRIC_REPRESENTATION_CONTEXT() REPRESENTATION_CONTEXT('2D SPACE',''
  ) );
#1614 = PCURVE('',#1615,#1620);
#1615 = PLANE('',#1616);
#1616 = AXIS2_PLACEMENT_3D('',#1617,#1618,#1619);
#1617 = CARTESIAN_POINT('',(-4.552701611996,8.220409368643,-4.));
#1618 = DIRECTION('',(0.874797693076,0.48448838602,-0.));
#1619 = DIRECTION('',(0.48448838602,-0.874797693076,0.));
#1620 = DEFINITIONAL_REPRESENTATION('',(#1621),#1625);
#1621 = LINE('',#1622,#1623);
#1622 = CARTESIAN_POINT('',(0.,-8.));
#1623 = VECTOR('',#1624,1.);
#1624 = DIRECTION('',(1.,0.));
#1625 = ( GEOMETRIC_REPRESENTATION_CONTEXT(2) 
PARAMETRIC_REPRESENTATION_CONTEXT() REPRESENTATION_CONTEXT('2D SPACE',''
  ) );
#1626 = ORIENTED_EDGE('',*,*,#1627,.F.);
#1627 = EDGE_CURVE('',#1628,#1600,#1630,.T.);
#1628 = VERTEX_POINT('',#1629);
#1629 = CARTESIAN_POINT('',(-5.254891919028,6.601326924895,4.));
#1630 = SURFACE_CURVE('',#1631,(#1636,#1647),.PCURVE_S1.);
#1631 = CIRCLE('',#1632,8.437500000001);
#1632 = AXIS2_PLACEMENT_3D('',#1633,#1634,#1635);
#1633 = CARTESIAN_POINT('',(7.928966916353E-13,-1.098750702587E-12,4.));
#1634 = DIRECTION('',(0.,0.,-1.));
#1635 = DIRECTION('',(-0.622802005218,0.782379487395,0.));
#1636 = PCURVE('',#90,#1637);
#1637 = DEFINITIONAL_REPRESENTATION('',(#1638),#1646);
#1638 = ( BOUNDED_CURVE() B_SPLINE_CURVE(2,(#1639,#1640,#1641,#1642,
#1643,#1644,#1645),.UNSPECIFIED.,.T.,.F.) B_SPLINE_CURVE_WITH_KNOTS((1,2
    ,2,2,2,1),(-2.094395102393,0.,2.094395102393,4.188790204786,
6.28318530718,8.377580409573),.UNSPECIFIED.) CURVE() 
GEOMETRIC_REPRESENTATION_ITEM() RATIONAL_B_SPLINE_CURVE((1.,0.5,1.,0.5,
1.,0.5,1.)) REPRESENTATION_ITEM('') );
#1639 = CARTESIAN_POINT('',(-5.254891919028,6.601326924895));
#1640 = CARTESIAN_POINT('',(6.178941712264,15.703066716935));
#1641 = CARTESIAN_POINT('',(8.344362775161,1.250206433571));
#1642 = CARTESIAN_POINT('',(10.509783838058,-13.20265384979));
#1643 = CARTESIAN_POINT('',(-3.089470856131,-7.851533358469));
#1644 = CARTESIAN_POINT('',(-16.68872555031,-2.500412867146));
#1645 = CARTESIAN_POINT('',(-5.254891919028,6.601326924895));
#1646 = ( GEOMETRIC_REPRESENTATION_CONTEXT(2) 
PARAMETRIC_REPRESENTATION_CONTEXT() REPRESENTATION_CONTEXT('2D SPACE',''
  ) );
#1647 = PCURVE('',#1648,#1653);
#1648 = CYLINDRICAL_SURFACE('',#1649,8.437500000001);
#1649 = AXIS2_PLACEMENT_3D('',#1650,#1651,#1652);
#1650 = CARTESIAN_POINT('',(7.116848579865E-13,-1.153014714977E-12,-4.)
  );
#1651 = DIRECTION('',(-0.,-0.,-1.));
#1652 = DIRECTION('',(-0.48448838602,0.874797693076,0.));
#1653 = DEFINITIONAL_REPRESENTATION('',(#1654),#1658);
#1654 = LINE('',#1655,#1656);
#1655 = CARTESIAN_POINT('',(-6.449726080294,-8.));
#1656 = VECTOR('',#1657,1.);
#1657 = DIRECTION('',(1.,-0.));
#1658 = ( GEOMETRIC_REPRESENTATION_CONTEXT(2) 
PARAMETRIC_REPRESENTATION_CONTEXT() REPRESENTATION_CONTEXT('2D SPACE',''
  ) );
#1659 = ORIENTED_EDGE('',*,*,#1660,.F.);
#1660 = EDGE_CURVE('',#1661,#1628,#1663,.T.);
#1661 = VERTEX_POINT('',#1662);
#1662 = CARTESIAN_POINT('',(-5.852424485141,7.351962309593,4.));
#1663 = SURFACE_CURVE('',#1664,(#1668,#1675),.PCURVE_S1.);
#1664 = LINE('',#1665,#1666);
#1665 = CARTESIAN_POINT('',(-5.852424485141,7.351962309593,4.));
#1666 = VECTOR('',#1667,1.);
#1667 = DIRECTION('',(0.622802005218,-0.782379487395,0.));
#1668 = PCURVE('',#90,#1669);
#1669 = DEFINITIONAL_REPRESENTATION('',(#1670),#1674);
#1670 = LINE('',#1671,#1672);
#1671 = CARTESIAN_POINT('',(-5.852424485141,7.351962309593));
#1672 = VECTOR('',#1673,1.);
#1673 = DIRECTION('',(0.622802005218,-0.782379487395));
#1674 = ( GEOMETRIC_REPRESENTATION_CONTEXT(2) 
PARAMETRIC_REPRESENTATION_CONTEXT() REPRESENTATION_CONTEXT('2D SPACE',''
  ) );
#1675 = PCURVE('',#1676,#1681);
#1676 = PLANE('',#1677);
#1677 = AXIS2_PLACEMENT_3D('',#1678,#1679,#1680);
#1678 = CARTESIAN_POINT('',(-5.852424485141,7.351962309593,-4.));
#1679 = DIRECTION('',(0.782379487395,0.622802005218,-0.));
#1680 = DIRECTION('',(0.622802005218,-0.782379487395,0.));
#1681 = DEFINITIONAL_REPRESENTATION('',(#1682),#1686);
#1682 = LINE('',#1683,#1684);
#1683 = CARTESIAN_POINT('',(0.,-8.));
#1684 = VECTOR('',#1685,1.);
#1685 = DIRECTION('',(1.,0.));
#1686 = ( GEOMETRIC_REPRESENTATION_CONTEXT(2) 
PARAMETRIC_REPRESENTATION_CONTEXT() REPRESENTATION_CONTEXT('2D SPACE',''
  ) );
#1687 = ORIENTED_EDGE('',*,*,#1688,.T.);
#1688 = EDGE_CURVE('',#1661,#1689,#1691,.T.);
#1689 = VERTEX_POINT('',#1690);
#1690 = CARTESIAN_POINT('',(-7.655377707533,8.24364556219,4.));
#1691 = SURFACE_CURVE('',#1692,(#1706,#1723),.PCURVE_S1.);
#1692 = B_SPLINE_CURVE_WITH_KNOTS('',3,(#1693,#1694,#1695,#1696,#1697,
    #1698,#1699,#1700,#1701,#1702,#1703,#1704,#1705),.UNSPECIFIED.,.F.,
  .F.,(4,1,1,1,1,1,1,1,1,1,4),(0.,0.186927563819,0.377660761138,
    0.572069250156,0.77014078192,0.971871396504,1.177259312061,
    1.386303573601,1.599003609573,1.815359050699,2.035369644546),
  .UNSPECIFIED.);
#1693 = CARTESIAN_POINT('',(-5.852424485141,7.351962309593,4.));
#1694 = CARTESIAN_POINT('',(-5.894502515471,7.3982448375,4.));
#1695 = CARTESIAN_POINT('',(-5.985852895666,7.484987205346,4.));
#1696 = CARTESIAN_POINT('',(-6.138349968481,7.600058845286,4.));
#1697 = CARTESIAN_POINT('',(-6.301045988483,7.706610997451,4.));
#1698 = CARTESIAN_POINT('',(-6.473118442175,7.804947542847,4.));
#1699 = CARTESIAN_POINT('',(-6.653299365562,7.895837044671,4.));
#1700 = CARTESIAN_POINT('',(-6.84093596505,7.979541784642,4.));
#1701 = CARTESIAN_POINT('',(-7.035459964957,8.056261057444,4.));
#1702 = CARTESIAN_POINT('',(-7.236432332169,8.126089089463,4.));
#1703 = CARTESIAN_POINT('',(-7.443467689327,8.189077045361,4.));
#1704 = CARTESIAN_POINT('',(-7.584149689572,8.226190463605,4.));
#1705 = CARTESIAN_POINT('',(-7.655377707533,8.24364556219,4.));
#1706 = PCURVE('',#90,#1707);
#1707 = DEFINITIONAL_REPRESENTATION('',(#1708),#1722);
#1708 = B_SPLINE_CURVE_WITH_KNOTS('',3,(#1709,#1710,#1711,#1712,#1713,
    #1714,#1715,#1716,#1717,#1718,#1719,#1720,#1721),.UNSPECIFIED.,.F.,
  .F.,(4,1,1,1,1,1,1,1,1,1,4),(0.,0.186927563819,0.377660761138,
    0.572069250156,0.77014078192,0.971871396504,1.177259312061,
    1.386303573601,1.599003609573,1.815359050699,2.035369644546),
  .UNSPECIFIED.);
#1709 = CARTESIAN_POINT('',(-5.852424485141,7.351962309593));
#1710 = CARTESIAN_POINT('',(-5.894502515471,7.3982448375));
#1711 = CARTESIAN_POINT('',(-5.985852895666,7.484987205346));
#1712 = CARTESIAN_POINT('',(-6.138349968481,7.600058845286));
#1713 = CARTESIAN_POINT('',(-6.301045988483,7.706610997451));
#1714 = CARTESIAN_POINT('',(-6.473118442175,7.804947542847));
#1715 = CARTESIAN_POINT('',(-6.653299365562,7.895837044671));
#1716 = CARTESIAN_POINT('',(-6.84093596505,7.979541784642));
#1717 = CARTESIAN_POINT('',(-7.035459964957,8.056261057444));
#1718 = CARTESIAN_POINT('',(-7.236432332169,8.126089089463));
#1719 = CARTESIAN_POINT('',(-7.443467689327,8.189077045361));
#1720 = CARTESIAN_POINT('',(-7.584149689572,8.226190463605));
#1721 = CARTESIAN_POINT('',(-7.655377707533,8.24364556219));
#1722 = ( GEOMETRIC_REPRESENTATION_CONTEXT(2) 
PARAMETRIC_REPRESENTATION_CONTEXT() REPRESENTATION_CONTEXT('2D SPACE',''
  ) );
#1723 = PCURVE('',#1724,#1741);
#1724 = SURFACE_OF_LINEAR_EXTRUSION('',#1725,#1739);
#1725 = B_SPLINE_CURVE_WITH_KNOTS('',3,(#1726,#1727,#1728,#1729,#1730,
    #1731,#1732,#1733,#1734,#1735,#1736,#1737,#1738),.UNSPECIFIED.,.F.,
  .F.,(4,1,1,1,1,1,1,1,1,1,4),(0.,0.186927563819,0.377660761138,
    0.572069250156,0.77014078192,0.971871396504,1.177259312061,
    1.386303573601,1.599003609573,1.815359050699,2.035369644546),
  .UNSPECIFIED.);
#1726 = CARTESIAN_POINT('',(-5.852424485141,7.351962309593,-4.));
#1727 = CARTESIAN_POINT('',(-5.894502515471,7.3982448375,-4.));
#1728 = CARTESIAN_POINT('',(-5.985852895666,7.484987205346,-4.));
#1729 = CARTESIAN_POINT('',(-6.138349968481,7.600058845286,-4.));
#1730 = CARTESIAN_POINT('',(-6.301045988483,7.706610997451,-4.));
#1731 = CARTESIAN_POINT('',(-6.473118442175,7.804947542847,-4.));
#1732 = CARTESIAN_POINT('',(-6.653299365562,7.895837044671,-4.));
#1733 = CARTESIAN_POINT('',(-6.84093596505,7.979541784642,-4.));
#1734 = CARTESIAN_POINT('',(-7.035459964957,8.056261057444,-4.));
#1735 = CARTESIAN_POINT('',(-7.236432332169,8.126089089463,-4.));
#1736 = CARTESIAN_POINT('',(-7.443467689327,8.189077045361,-4.));
#1737 = CARTESIAN_POINT('',(-7.584149689572,8.226190463605,-4.));
#1738 = CARTESIAN_POINT('',(-7.655377707533,8.24364556219,-4.));
#1739 = VECTOR('',#1740,1.);
#1740 = DIRECTION('',(-0.,-0.,-1.));
#1741 = DEFINITIONAL_REPRESENTATION('',(#1742),#1746);
#1742 = LINE('',#1743,#1744);
#1743 = CARTESIAN_POINT('',(0.,-8.));
#1744 = VECTOR('',#1745,1.);
#1745 = DIRECTION('',(1.,0.));
#1746 = ( GEOMETRIC_REPRESENTATION_CONTEXT(2) 
PARAMETRIC_REPRESENTATION_CONTEXT() REPRESENTATION_CONTEXT('2D SPACE',''
  ) );
#1747 = ORIENTED_EDGE('',*,*,#1748,.F.);
#1748 = EDGE_CURVE('',#1749,#1689,#1751,.T.);
#1749 = VERTEX_POINT('',#1750);
#1750 = CARTESIAN_POINT('',(-8.24364556219,7.655377707533,4.));
#1751 = SURFACE_CURVE('',#1752,(#1757,#1768),.PCURVE_S1.);
#1752 = CIRCLE('',#1753,11.250000000019);
#1753 = AXIS2_PLACEMENT_3D('',#1754,#1755,#1756);
#1754 = CARTESIAN_POINT('',(1.391041077311E-11,-1.344311200509E-11,4.));
#1755 = DIRECTION('',(0.,0.,-1.));
#1756 = DIRECTION('',(-0.732768494417,0.680478018447,0.));
#1757 = PCURVE('',#90,#1758);
#1758 = DEFINITIONAL_REPRESENTATION('',(#1759),#1767);
#1759 = ( BOUNDED_CURVE() B_SPLINE_CURVE(2,(#1760,#1761,#1762,#1763,
#1764,#1765,#1766),.UNSPECIFIED.,.T.,.F.) B_SPLINE_CURVE_WITH_KNOTS((1,2
    ,2,2,2,1),(-2.094395102393,0.,2.094395102393,4.188790204786,
6.28318530718,8.377580409573),.UNSPECIFIED.) CURVE() 
GEOMETRIC_REPRESENTATION_ITEM() RATIONAL_B_SPLINE_CURVE((1.,0.5,1.,0.5,
1.,0.5,1.)) REPRESENTATION_ITEM('') );
#1760 = CARTESIAN_POINT('',(-8.24364556219,7.655377707533));
#1761 = CARTESIAN_POINT('',(5.01585757841,21.933790660859));
#1762 = CARTESIAN_POINT('',(10.751574351416,3.311517622877));
#1763 = CARTESIAN_POINT('',(16.487291124421,-15.3107554151));
#1764 = CARTESIAN_POINT('',(-2.507928789184,-10.96689533045));
#1765 = CARTESIAN_POINT('',(-21.50314870279,-6.623035245794));
#1766 = CARTESIAN_POINT('',(-8.24364556219,7.655377707533));
#1767 = ( GEOMETRIC_REPRESENTATION_CONTEXT(2) 
PARAMETRIC_REPRESENTATION_CONTEXT() REPRESENTATION_CONTEXT('2D SPACE',''
  ) );
#1768 = PCURVE('',#1769,#1774);
#1769 = CYLINDRICAL_SURFACE('',#1770,11.250000000019);
#1770 = AXIS2_PLACEMENT_3D('',#1771,#1772,#1773);
#1771 = CARTESIAN_POINT('',(1.344311200509E-11,-1.391041077311E-11,-4.)
  );
#1772 = DIRECTION('',(-0.,-0.,-1.));
#1773 = DIRECTION('',(-0.680478018447,0.732768494417,0.));
#1774 = DEFINITIONAL_REPRESENTATION('',(#1775),#1779);
#1775 = LINE('',#1776,#1777);
#1776 = CARTESIAN_POINT('',(-6.357152067917,-8.));
#1777 = VECTOR('',#1778,1.);
#1778 = DIRECTION('',(1.,-0.));
#1779 = ( GEOMETRIC_REPRESENTATION_CONTEXT(2) 
PARAMETRIC_REPRESENTATION_CONTEXT() REPRESENTATION_CONTEXT('2D SPACE',''
  ) );
#1780 = ORIENTED_EDGE('',*,*,#1781,.F.);
#1781 = EDGE_CURVE('',#1782,#1749,#1784,.T.);
#1782 = VERTEX_POINT('',#1783);
#1783 = CARTESIAN_POINT('',(-7.351962309593,5.852424485141,4.));
#1784 = SURFACE_CURVE('',#1785,(#1799,#1816),.PCURVE_S1.);
#1785 = B_SPLINE_CURVE_WITH_KNOTS('',3,(#1786,#1787,#1788,#1789,#1790,
    #1791,#1792,#1793,#1794,#1795,#1796,#1797,#1798),.UNSPECIFIED.,.F.,
  .F.,(4,1,1,1,1,1,1,1,1,1,4),(0.,0.186927563819,0.377660761138,
    0.572069250156,0.77014078192,0.971871396504,1.177259312061,
    1.386303573601,1.599003609573,1.815359050699,2.035369644546),
  .UNSPECIFIED.);
#1786 = CARTESIAN_POINT('',(-7.351962309593,5.852424485141,4.));
#1787 = CARTESIAN_POINT('',(-7.3982448375,5.894502515471,4.));
#1788 = CARTESIAN_POINT('',(-7.484987205346,5.985852895666,4.));
#1789 = CARTESIAN_POINT('',(-7.600058845286,6.138349968481,4.));
#1790 = CARTESIAN_POINT('',(-7.706610997451,6.301045988483,4.));
#1791 = CARTESIAN_POINT('',(-7.804947542847,6.473118442175,4.));
#1792 = CARTESIAN_POINT('',(-7.895837044671,6.653299365562,4.));
#1793 = CARTESIAN_POINT('',(-7.979541784642,6.84093596505,4.));
#1794 = CARTESIAN_POINT('',(-8.056261057444,7.035459964957,4.));
#1795 = CARTESIAN_POINT('',(-8.126089089463,7.236432332169,4.));
#1796 = CARTESIAN_POINT('',(-8.189077045361,7.443467689327,4.));
#1797 = CARTESIAN_POINT('',(-8.226190463605,7.584149689572,4.));
#1798 = CARTESIAN_POINT('',(-8.24364556219,7.655377707533,4.));
#1799 = PCURVE('',#90,#1800);
#1800 = DEFINITIONAL_REPRESENTATION('',(#1801),#1815);
#1801 = B_SPLINE_CURVE_WITH_KNOTS('',3,(#1802,#1803,#1804,#1805,#1806,
    #1807,#1808,#1809,#1810,#1811,#1812,#1813,#1814),.UNSPECIFIED.,.F.,
  .F.,(4,1,1,1,1,1,1,1,1,1,4),(0.,0.186927563819,0.377660761138,
    0.572069250156,0.77014078192,0.971871396504,1.177259312061,
    1.386303573601,1.599003609573,1.815359050699,2.035369644546),
  .UNSPECIFIED.);
#1802 = CARTESIAN_POINT('',(-7.351962309593,5.852424485141));
#1803 = CARTESIAN_POINT('',(-7.3982448375,5.894502515471));
#1804 = CARTESIAN_POINT('',(-7.484987205346,5.985852895666));
#1805 = CARTESIAN_POINT('',(-7.600058845286,6.138349968481));
#1806 = CARTESIAN_POINT('',(-7.706610997451,6.301045988483));
#1807 = CARTESIAN_POINT('',(-7.804947542847,6.473118442175));
#1808 = CARTESIAN_POINT('',(-7.895837044671,6.653299365562));
#1809 = CARTESIAN_POINT('',(-7.979541784642,6.84093596505));
#1810 = CARTESIAN_POINT('',(-8.056261057444,7.035459964957));
#1811 = CARTESIAN_POINT('',(-8.126089089463,7.236432332169));
#1812 = CARTESIAN_POINT('',(-8.189077045361,7.443467689327));
#1813 = CARTESIAN_POINT('',(-8.226190463605,7.584149689572));
#1814 = CARTESIAN_POINT('',(-8.24364556219,7.655377707533));
#1815 = ( GEOMETRIC_REPRESENTATION_CONTEXT(2) 
PARAMETRIC_REPRESENTATION_CONTEXT() REPRESENTATION_CONTEXT('2D SPACE',''
  ) );
#1816 = PCURVE('',#1817,#1834);
#1817 = SURFACE_OF_LINEAR_EXTRUSION('',#1818,#1832);
#1818 = B_SPLINE_CURVE_WITH_KNOTS('',3,(#1819,#1820,#1821,#1822,#1823,
    #1824,#1825,#1826,#1827,#1828,#1829,#1830,#1831),.UNSPECIFIED.,.F.,
  .F.,(4,1,1,1,1,1,1,1,1,1,4),(0.,0.186927563819,0.377660761138,
    0.572069250156,0.77014078192,0.971871396504,1.177259312061,
    1.386303573601,1.599003609573,1.815359050699,2.035369644546),
  .UNSPECIFIED.);
#1819 = CARTESIAN_POINT('',(-7.351962309593,5.852424485141,-4.));
#1820 = CARTESIAN_POINT('',(-7.3982448375,5.894502515471,-4.));
#1821 = CARTESIAN_POINT('',(-7.484987205346,5.985852895666,-4.));
#1822 = CARTESIAN_POINT('',(-7.600058845286,6.138349968481,-4.));
#1823 = CARTESIAN_POINT('',(-7.706610997451,6.301045988483,-4.));
#1824 = CARTESIAN_POINT('',(-7.804947542847,6.473118442175,-4.));
#1825 = CARTESIAN_POINT('',(-7.895837044671,6.653299365562,-4.));
#1826 = CARTESIAN_POINT('',(-7.979541784642,6.84093596505,-4.));
#1827 = CARTESIAN_POINT('',(-8.056261057444,7.035459964957,-4.));
#1828 = CARTESIAN_POINT('',(-8.126089089463,7.236432332169,-4.));
#1829 = CARTESIAN_POINT('',(-8.189077045361,7.443467689327,-4.));
#1830 = CARTESIAN_POINT('',(-8.226190463605,7.584149689572,-4.));
#1831 = CARTESIAN_POINT('',(-8.24364556219,7.655377707533,-4.));
#1832 = VECTOR('',#1833,1.);
#1833 = DIRECTION('',(-0.,-0.,-1.));
#1834 = DEFINITIONAL_REPRESENTATION('',(#1835),#1839);
#1835 = LINE('',#1836,#1837);
#1836 = CARTESIAN_POINT('',(0.,-8.));
#1837 = VECTOR('',#1838,1.);
#1838 = DIRECTION('',(1.,0.));
#1839 = ( GEOMETRIC_REPRESENTATION_CONTEXT(2) 
PARAMETRIC_REPRESENTATION_CONTEXT() REPRESENTATION_CONTEXT('2D SPACE',''
  ) );
#1840 = ORIENTED_EDGE('',*,*,#1841,.T.);
#1841 = EDGE_CURVE('',#1782,#1842,#1844,.T.);
#1842 = VERTEX_POINT('',#1843);
#1843 = CARTESIAN_POINT('',(-6.601326924895,5.254891919028,4.));
#1844 = SURFACE_CURVE('',#1845,(#1849,#1856),.PCURVE_S1.);
#1845 = LINE('',#1846,#1847);
#1846 = CARTESIAN_POINT('',(-7.351962309593,5.852424485141,4.));
#1847 = VECTOR('',#1848,1.);
#1848 = DIRECTION('',(0.782379487395,-0.622802005218,0.));
#1849 = PCURVE('',#90,#1850);
#1850 = DEFINITIONAL_REPRESENTATION('',(#1851),#1855);
#1851 = LINE('',#1852,#1853);
#1852 = CARTESIAN_POINT('',(-7.351962309593,5.852424485141));
#1853 = VECTOR('',#1854,1.);
#1854 = DIRECTION('',(0.782379487395,-0.622802005218));
#1855 = ( GEOMETRIC_REPRESENTATION_CONTEXT(2) 
PARAMETRIC_REPRESENTATION_CONTEXT() REPRESENTATION_CONTEXT('2D SPACE',''
  ) );
#1856 = PCURVE('',#1857,#1862);
#1857 = PLANE('',#1858);
#1858 = AXIS2_PLACEMENT_3D('',#1859,#1860,#1861);
#1859 = CARTESIAN_POINT('',(-7.351962309593,5.852424485141,-4.));
#1860 = DIRECTION('',(0.622802005218,0.782379487395,-0.));
#1861 = DIRECTION('',(0.782379487395,-0.622802005218,0.));
#1862 = DEFINITIONAL_REPRESENTATION('',(#1863),#1867);
#1863 = LINE('',#1864,#1865);
#1864 = CARTESIAN_POINT('',(0.,-8.));
#1865 = VECTOR('',#1866,1.);
#1866 = DIRECTION('',(1.,0.));
#1867 = ( GEOMETRIC_REPRESENTATION_CONTEXT(2) 
PARAMETRIC_REPRESENTATION_CONTEXT() REPRESENTATION_CONTEXT('2D SPACE',''
  ) );
#1868 = ORIENTED_EDGE('',*,*,#1869,.F.);
#1869 = EDGE_CURVE('',#1870,#1842,#1872,.T.);
#1870 = VERTEX_POINT('',#1871);
#1871 = CARTESIAN_POINT('',(-7.381105535331,4.087870757045,4.));
#1872 = SURFACE_CURVE('',#1873,(#1878,#1889),.PCURVE_S1.);
#1873 = CIRCLE('',#1874,8.437500000001);
#1874 = AXIS2_PLACEMENT_3D('',#1875,#1876,#1877);
#1875 = CARTESIAN_POINT('',(1.153014714977E-12,-7.116848579865E-13,4.));
#1876 = DIRECTION('',(0.,0.,-1.));
#1877 = DIRECTION('',(-0.874797693076,0.48448838602,0.));
#1878 = PCURVE('',#90,#1879);
#1879 = DEFINITIONAL_REPRESENTATION('',(#1880),#1888);
#1880 = ( BOUNDED_CURVE() B_SPLINE_CURVE(2,(#1881,#1882,#1883,#1884,
#1885,#1886,#1887),.UNSPECIFIED.,.T.,.F.) B_SPLINE_CURVE_WITH_KNOTS((1,2
    ,2,2,2,1),(-2.094395102393,0.,2.094395102393,4.188790204786,
6.28318530718,8.377580409573),.UNSPECIFIED.) CURVE() 
GEOMETRIC_REPRESENTATION_ITEM() RATIONAL_B_SPLINE_CURVE((1.,0.5,1.,0.5,
1.,0.5,1.)) REPRESENTATION_ITEM('') );
#1881 = CARTESIAN_POINT('',(-7.381105535331,4.087870757045));
#1882 = CARTESIAN_POINT('',(-0.300705689354,16.872320560268));
#1883 = CARTESIAN_POINT('',(7.230752690656,4.348289523089));
#1884 = CARTESIAN_POINT('',(14.762211070666,-8.175741514091));
#1885 = CARTESIAN_POINT('',(0.150352844679,-8.436160280135));
#1886 = CARTESIAN_POINT('',(-14.4615053813,-8.696579046179));
#1887 = CARTESIAN_POINT('',(-7.381105535331,4.087870757045));
#1888 = ( GEOMETRIC_REPRESENTATION_CONTEXT(2) 
PARAMETRIC_REPRESENTATION_CONTEXT() REPRESENTATION_CONTEXT('2D SPACE',''
  ) );
#1889 = PCURVE('',#1890,#1895);
#1890 = CYLINDRICAL_SURFACE('',#1891,8.437500000001);
#1891 = AXIS2_PLACEMENT_3D('',#1892,#1893,#1894);
#1892 = CARTESIAN_POINT('',(1.098750702587E-12,-7.928966916353E-13,-4.)
  );
#1893 = DIRECTION('',(-0.,-0.,-1.));
#1894 = DIRECTION('',(-0.782379487395,0.622802005218,0.));
#1895 = DEFINITIONAL_REPRESENTATION('',(#1896),#1900);
#1896 = LINE('',#1897,#1898);
#1897 = CARTESIAN_POINT('',(-6.449726080294,-8.));
#1898 = VECTOR('',#1899,1.);
#1899 = DIRECTION('',(1.,-0.));
#1900 = ( GEOMETRIC_REPRESENTATION_CONTEXT(2) 
PARAMETRIC_REPRESENTATION_CONTEXT() REPRESENTATION_CONTEXT('2D SPACE',''
  ) );
#1901 = ORIENTED_EDGE('',*,*,#1902,.F.);
#1902 = EDGE_CURVE('',#1903,#1870,#1905,.T.);
#1903 = VERTEX_POINT('',#1904);
#1904 = CARTESIAN_POINT('',(-8.220409368643,4.552701611996,4.));
#1905 = SURFACE_CURVE('',#1906,(#1910,#1917),.PCURVE_S1.);
#1906 = LINE('',#1907,#1908);
#1907 = CARTESIAN_POINT('',(-8.220409368643,4.552701611996,4.));
#1908 = VECTOR('',#1909,1.);
#1909 = DIRECTION('',(0.874797693076,-0.48448838602,0.));
#1910 = PCURVE('',#90,#1911);
#1911 = DEFINITIONAL_REPRESENTATION('',(#1912),#1916);
#1912 = LINE('',#1913,#1914);
#1913 = CARTESIAN_POINT('',(-8.220409368643,4.552701611996));
#1914 = VECTOR('',#1915,1.);
#1915 = DIRECTION('',(0.874797693076,-0.48448838602));
#1916 = ( GEOMETRIC_REPRESENTATION_CONTEXT(2) 
PARAMETRIC_REPRESENTATION_CONTEXT() REPRESENTATION_CONTEXT('2D SPACE',''
  ) );
#1917 = PCURVE('',#1918,#1923);
#1918 = PLANE('',#1919);
#1919 = AXIS2_PLACEMENT_3D('',#1920,#1921,#1922);
#1920 = CARTESIAN_POINT('',(-8.220409368643,4.552701611996,-4.));
#1921 = DIRECTION('',(0.48448838602,0.874797693076,-0.));
#1922 = DIRECTION('',(0.874797693076,-0.48448838602,0.));
#1923 = DEFINITIONAL_REPRESENTATION('',(#1924),#1928);
#1924 = LINE('',#1925,#1926);
#1925 = CARTESIAN_POINT('',(0.,-8.));
#1926 = VECTOR('',#1927,1.);
#1927 = DIRECTION('',(1.,0.));
#1928 = ( GEOMETRIC_REPRESENTATION_CONTEXT(2) 
PARAMETRIC_REPRESENTATION_CONTEXT() REPRESENTATION_CONTEXT('2D SPACE',''
  ) );
#1929 = ORIENTED_EDGE('',*,*,#1930,.T.);
#1930 = EDGE_CURVE('',#1903,#1931,#1933,.T.);
#1931 = VERTEX_POINT('',#1932);
#1932 = CARTESIAN_POINT('',(-10.22735335657,4.686549191015,4.));
#1933 = SURFACE_CURVE('',#1934,(#1948,#1965),.PCURVE_S1.);
#1934 = B_SPLINE_CURVE_WITH_KNOTS('',3,(#1935,#1936,#1937,#1938,#1939,
    #1940,#1941,#1942,#1943,#1944,#1945,#1946,#1947),.UNSPECIFIED.,.F.,
  .F.,(4,1,1,1,1,1,1,1,1,1,4),(0.,0.186927563819,0.377660761138,
    0.572069250156,0.77014078192,0.971871396504,1.177259312061,
    1.386303573601,1.599003609573,1.815359050699,2.035369644546),
  .UNSPECIFIED.);
#1935 = CARTESIAN_POINT('',(-8.220409368643,4.552701611996,4.));
#1936 = CARTESIAN_POINT('',(-8.276995956271,4.579358527169,4.));
#1937 = CARTESIAN_POINT('',(-8.39458756988,4.624539748382,4.));
#1938 = CARTESIAN_POINT('',(-8.579512504362,4.672493978045,4.));
#1939 = CARTESIAN_POINT('',(-8.770599770579,4.708674259208,4.));
#1940 = CARTESIAN_POINT('',(-8.967205755373,4.733676103603,4.));
#1941 = CARTESIAN_POINT('',(-9.168453129163,4.74869479985,4.));
#1942 = CARTESIAN_POINT('',(-9.373839160178,4.754222477954,4.));
#1943 = CARTESIAN_POINT('',(-9.582915096918,4.750660731883,4.));
#1944 = CARTESIAN_POINT('',(-9.795311384554,4.738264626166,4.));
#1945 = CARTESIAN_POINT('',(-10.01069156069,4.717228908317,4.));
#1946 = CARTESIAN_POINT('',(-10.15486747159,4.697680565088,4.));
#1947 = CARTESIAN_POINT('',(-10.22735335657,4.686549191015,4.));
#1948 = PCURVE('',#90,#1949);
#1949 = DEFINITIONAL_REPRESENTATION('',(#1950),#1964);
#1950 = B_SPLINE_CURVE_WITH_KNOTS('',3,(#1951,#1952,#1953,#1954,#1955,
    #1956,#1957,#1958,#1959,#1960,#1961,#1962,#1963),.UNSPECIFIED.,.F.,
  .F.,(4,1,1,1,1,1,1,1,1,1,4),(0.,0.186927563819,0.377660761138,
    0.572069250156,0.77014078192,0.971871396504,1.177259312061,
    1.386303573601,1.599003609573,1.815359050699,2.035369644546),
  .UNSPECIFIED.);
#1951 = CARTESIAN_POINT('',(-8.220409368643,4.552701611996));
#1952 = CARTESIAN_POINT('',(-8.276995956271,4.579358527169));
#1953 = CARTESIAN_POINT('',(-8.39458756988,4.624539748382));
#1954 = CARTESIAN_POINT('',(-8.579512504362,4.672493978045));
#1955 = CARTESIAN_POINT('',(-8.770599770579,4.708674259208));
#1956 = CARTESIAN_POINT('',(-8.967205755373,4.733676103603));
#1957 = CARTESIAN_POINT('',(-9.168453129163,4.74869479985));
#1958 = CARTESIAN_POINT('',(-9.373839160178,4.754222477954));
#1959 = CARTESIAN_POINT('',(-9.582915096918,4.750660731883));
#1960 = CARTESIAN_POINT('',(-9.795311384554,4.738264626166));
#1961 = CARTESIAN_POINT('',(-10.01069156069,4.717228908317));
#1962 = CARTESIAN_POINT('',(-10.15486747159,4.697680565088));
#1963 = CARTESIAN_POINT('',(-10.22735335657,4.686549191015));
#1964 = ( GEOMETRIC_REPRESENTATION_CONTEXT(2) 
PARAMETRIC_REPRESENTATION_CONTEXT() REPRESENTATION_CONTEXT('2D SPACE',''
  ) );
#1965 = PCURVE('',#1966,#1983);
#1966 = SURFACE_OF_LINEAR_EXTRUSION('',#1967,#1981);
#1967 = B_SPLINE_CURVE_WITH_KNOTS('',3,(#1968,#1969,#1970,#1971,#1972,
    #1973,#1974,#1975,#1976,#1977,#1978,#1979,#1980),.UNSPECIFIED.,.F.,
  .F.,(4,1,1,1,1,1,1,1,1,1,4),(0.,0.186927563819,0.377660761138,
    0.572069250156,0.77014078192,0.971871396504,1.177259312061,
    1.386303573601,1.599003609573,1.815359050699,2.035369644546),
  .UNSPECIFIED.);
#1968 = CARTESIAN_POINT('',(-8.220409368643,4.552701611996,-4.));
#1969 = CARTESIAN_POINT('',(-8.276995956271,4.579358527169,-4.));
#1970 = CARTESIAN_POINT('',(-8.39458756988,4.624539748382,-4.));
#1971 = CARTESIAN_POINT('',(-8.579512504362,4.672493978045,-4.));
#1972 = CARTESIAN_POINT('',(-8.770599770579,4.708674259208,-4.));
#1973 = CARTESIAN_POINT('',(-8.967205755373,4.733676103603,-4.));
#1974 = CARTESIAN_POINT('',(-9.168453129163,4.74869479985,-4.));
#1975 = CARTESIAN_POINT('',(-9.373839160178,4.754222477954,-4.));
#1976 = CARTESIAN_POINT('',(-9.582915096918,4.750660731883,-4.));
#1977 = CARTESIAN_POINT('',(-9.795311384554,4.738264626166,-4.));
#1978 = CARTESIAN_POINT('',(-10.01069156069,4.717228908317,-4.));
#1979 = CARTESIAN_POINT('',(-10.15486747159,4.697680565088,-4.));
#1980 = CARTESIAN_POINT('',(-10.22735335657,4.686549191015,-4.));
#1981 = VECTOR('',#1982,1.);
#1982 = DIRECTION('',(-0.,-0.,-1.));
#1983 = DEFINITIONAL_REPRESENTATION('',(#1984),#1988);
#1984 = LINE('',#1985,#1986);
#1985 = CARTESIAN_POINT('',(0.,-8.));
#1986 = VECTOR('',#1987,1.);
#1987 = DIRECTION('',(1.,0.));
#1988 = ( GEOMETRIC_REPRESENTATION_CONTEXT(2) 
PARAMETRIC_REPRESENTATION_CONTEXT() REPRESENTATION_CONTEXT('2D SPACE',''
  ) );
#1989 = ORIENTED_EDGE('',*,*,#1990,.F.);
#1990 = EDGE_CURVE('',#1991,#1931,#1993,.T.);
#1991 = VERTEX_POINT('',#1992);
#1992 = CARTESIAN_POINT('',(-10.54572162535,3.917940198693,4.));
#1993 = SURFACE_CURVE('',#1994,(#1999,#2010),.PCURVE_S1.);
#1994 = CIRCLE('',#1995,11.250000000019);
#1995 = AXIS2_PLACEMENT_3D('',#1996,#1997,#1998);
#1996 = CARTESIAN_POINT('',(1.799600004588E-11,-7.096532294502E-12,4.));
#1997 = DIRECTION('',(0.,0.,-1.));
#1998 = DIRECTION('',(-0.937397477809,0.348261350995,0.));
#1999 = PCURVE('',#90,#2000);
#2000 = DEFINITIONAL_REPRESENTATION('',(#2001),#2009);
#2001 = ( BOUNDED_CURVE() B_SPLINE_CURVE(2,(#2002,#2003,#2004,#2005,
#2006,#2007,#2008),.UNSPECIFIED.,.T.,.F.) B_SPLINE_CURVE_WITH_KNOTS((1,2
    ,2,2,2,1),(-2.094395102393,0.,2.094395102393,4.188790204786,
6.28318530718,8.377580409573),.UNSPECIFIED.) CURVE() 
GEOMETRIC_REPRESENTATION_ITEM() RATIONAL_B_SPLINE_CURVE((1.,0.5,1.,0.5,
1.,0.5,1.)) REPRESENTATION_ITEM('') );
#2002 = CARTESIAN_POINT('',(-10.54572162535,3.917940198693));
#2003 = CARTESIAN_POINT('',(-3.75965014019,22.183665856316));
#2004 = CARTESIAN_POINT('',(8.665896555286,7.173892729454));
#2005 = CARTESIAN_POINT('',(21.091443250763,-7.835880397407));
#2006 = CARTESIAN_POINT('',(1.879825070122,-11.09183292816));
#2007 = CARTESIAN_POINT('',(-17.33179311051,-14.34778545893));
#2008 = CARTESIAN_POINT('',(-10.54572162535,3.917940198693));
#2009 = ( GEOMETRIC_REPRESENTATION_CONTEXT(2) 
PARAMETRIC_REPRESENTATION_CONTEXT() REPRESENTATION_CONTEXT('2D SPACE',''
  ) );
#2010 = PCURVE('',#2011,#2016);
#2011 = CYLINDRICAL_SURFACE('',#2012,11.250000000019);
#2012 = AXIS2_PLACEMENT_3D('',#2013,#2014,#2015);
#2013 = CARTESIAN_POINT('',(1.774309977503E-11,-7.707087558323E-12,-4.)
  );
#2014 = DIRECTION('',(-0.,-0.,-1.));
#2015 = DIRECTION('',(-0.90909807614,0.416582150312,0.));
#2016 = DEFINITIONAL_REPRESENTATION('',(#2017),#2021);
#2017 = LINE('',#2018,#2019);
#2018 = CARTESIAN_POINT('',(-6.357152067917,-8.));
#2019 = VECTOR('',#2020,1.);
#2020 = DIRECTION('',(1.,-0.));
#2021 = ( GEOMETRIC_REPRESENTATION_CONTEXT(2) 
PARAMETRIC_REPRESENTATION_CONTEXT() REPRESENTATION_CONTEXT('2D SPACE',''
  ) );
#2022 = ORIENTED_EDGE('',*,*,#2023,.F.);
#2023 = EDGE_CURVE('',#2024,#1991,#2026,.T.);
#2024 = VERTEX_POINT('',#2025);
#2025 = CARTESIAN_POINT('',(-9.031953391258,2.593461026136,4.));
#2026 = SURFACE_CURVE('',#2027,(#2041,#2058),.PCURVE_S1.);
#2027 = B_SPLINE_CURVE_WITH_KNOTS('',3,(#2028,#2029,#2030,#2031,#2032,
    #2033,#2034,#2035,#2036,#2037,#2038,#2039,#2040),.UNSPECIFIED.,.F.,
  .F.,(4,1,1,1,1,1,1,1,1,1,4),(0.,0.186927563819,0.377660761138,
    0.572069250156,0.77014078192,0.971871396504,1.177259312061,
    1.386303573601,1.599003609573,1.815359050699,2.035369644546),
  .UNSPECIFIED.);
#2028 = CARTESIAN_POINT('',(-9.031953391258,2.593461026136,4.));
#2029 = CARTESIAN_POINT('',(-9.090815436579,2.614624500488,4.));
#2030 = CARTESIAN_POINT('',(-9.205913211874,2.665826379978,4.));
#2031 = CARTESIAN_POINT('',(-9.370583648038,2.76267929418,4.));
#2032 = CARTESIAN_POINT('',(-9.531286071934,2.872215073765,4.));
#2033 = CARTESIAN_POINT('',(-9.687986470718,2.993557525121,4.));
#2034 = CARTESIAN_POINT('',(-9.840909675382,3.125241085863,4.));
#2035 = CARTESIAN_POINT('',(-9.990048189344,3.266562282483,4.));
#2036 = CARTESIAN_POINT('',(-10.13536866719,3.416919829935,4.));
#2037 = CARTESIAN_POINT('',(-10.27679015207,3.575872055634,4.));
#2038 = CARTESIAN_POINT('',(-10.41421243641,3.743043337458,4.));
#2039 = CARTESIAN_POINT('',(-10.50233743464,3.858813867796,4.));
#2040 = CARTESIAN_POINT('',(-10.54572162535,3.917940198693,4.));
#2041 = PCURVE('',#90,#2042);
#2042 = DEFINITIONAL_REPRESENTATION('',(#2043),#2057);
#2043 = B_SPLINE_CURVE_WITH_KNOTS('',3,(#2044,#2045,#2046,#2047,#2048,
    #2049,#2050,#2051,#2052,#2053,#2054,#2055,#2056),.UNSPECIFIED.,.F.,
  .F.,(4,1,1,1,1,1,1,1,1,1,4),(0.,0.186927563819,0.377660761138,
    0.572069250156,0.77014078192,0.971871396504,1.177259312061,
    1.386303573601,1.599003609573,1.815359050699,2.035369644546),
  .UNSPECIFIED.);
#2044 = CARTESIAN_POINT('',(-9.031953391258,2.593461026136));
#2045 = CARTESIAN_POINT('',(-9.090815436579,2.614624500488));
#2046 = CARTESIAN_POINT('',(-9.205913211874,2.665826379978));
#2047 = CARTESIAN_POINT('',(-9.370583648038,2.76267929418));
#2048 = CARTESIAN_POINT('',(-9.531286071934,2.872215073765));
#2049 = CARTESIAN_POINT('',(-9.687986470718,2.993557525121));
#2050 = CARTESIAN_POINT('',(-9.840909675382,3.125241085863));
#2051 = CARTESIAN_POINT('',(-9.990048189344,3.266562282483));
#2052 = CARTESIAN_POINT('',(-10.13536866719,3.416919829935));
#2053 = CARTESIAN_POINT('',(-10.27679015207,3.575872055634));
#2054 = CARTESIAN_POINT('',(-10.41421243641,3.743043337458));
#2055 = CARTESIAN_POINT('',(-10.50233743464,3.858813867796));
#2056 = CARTESIAN_POINT('',(-10.54572162535,3.917940198693));
#2057 = ( GEOMETRIC_REPRESENTATION_CONTEXT(2) 
PARAMETRIC_REPRESENTATION_CONTEXT() REPRESENTATION_CONTEXT('2D SPACE',''
  ) );
#2058 = PCURVE('',#2059,#2076);
#2059 = SURFACE_OF_LINEAR_EXTRUSION('',#2060,#2074);
#2060 = B_SPLINE_CURVE_WITH_KNOTS('',3,(#2061,#2062,#2063,#2064,#2065,
    #2066,#2067,#2068,#2069,#2070,#2071,#2072,#2073),.UNSPECIFIED.,.F.,
  .F.,(4,1,1,1,1,1,1,1,1,1,4),(0.,0.186927563819,0.377660761138,
    0.572069250156,0.77014078192,0.971871396504,1.177259312061,
    1.386303573601,1.599003609573,1.815359050699,2.035369644546),
  .UNSPECIFIED.);
#2061 = CARTESIAN_POINT('',(-9.031953391258,2.593461026136,-4.));
#2062 = CARTESIAN_POINT('',(-9.090815436579,2.614624500488,-4.));
#2063 = CARTESIAN_POINT('',(-9.205913211874,2.665826379978,-4.));
#2064 = CARTESIAN_POINT('',(-9.370583648038,2.76267929418,-4.));
#2065 = CARTESIAN_POINT('',(-9.531286071934,2.872215073765,-4.));
#2066 = CARTESIAN_POINT('',(-9.687986470718,2.993557525121,-4.));
#2067 = CARTESIAN_POINT('',(-9.840909675382,3.125241085863,-4.));
#2068 = CARTESIAN_POINT('',(-9.990048189344,3.266562282483,-4.));
#2069 = CARTESIAN_POINT('',(-10.13536866719,3.416919829935,-4.));
#2070 = CARTESIAN_POINT('',(-10.27679015207,3.575872055634,-4.));
#2071 = CARTESIAN_POINT('',(-10.41421243641,3.743043337458,-4.));
#2072 = CARTESIAN_POINT('',(-10.50233743464,3.858813867796,-4.));
#2073 = CARTESIAN_POINT('',(-10.54572162535,3.917940198693,-4.));
#2074 = VECTOR('',#2075,1.);
#2075 = DIRECTION('',(-0.,-0.,-1.));
#2076 = DEFINITIONAL_REPRESENTATION('',(#2077),#2081);
#2077 = LINE('',#2078,#2079);
#2078 = CARTESIAN_POINT('',(0.,-8.));
#2079 = VECTOR('',#2080,1.);
#2080 = DIRECTION('',(1.,0.));
#2081 = ( GEOMETRIC_REPRESENTATION_CONTEXT(2) 
PARAMETRIC_REPRESENTATION_CONTEXT() REPRESENTATION_CONTEXT('2D SPACE',''
  ) );
#2082 = ORIENTED_EDGE('',*,*,#2083,.T.);
#2083 = EDGE_CURVE('',#2024,#2084,#2086,.T.);
#2084 = VERTEX_POINT('',#2085);
#2085 = CARTESIAN_POINT('',(-8.109790909607,2.328668643766,4.));
#2086 = SURFACE_CURVE('',#2087,(#2091,#2098),.PCURVE_S1.);
#2087 = LINE('',#2088,#2089);
#2088 = CARTESIAN_POINT('',(-9.031953391258,2.593461026136,4.));
#2089 = VECTOR('',#2090,1.);
#2090 = DIRECTION('',(0.961160404102,-0.27599035778,0.));
#2091 = PCURVE('',#90,#2092);
#2092 = DEFINITIONAL_REPRESENTATION('',(#2093),#2097);
#2093 = LINE('',#2094,#2095);
#2094 = CARTESIAN_POINT('',(-9.031953391258,2.593461026136));
#2095 = VECTOR('',#2096,1.);
#2096 = DIRECTION('',(0.961160404102,-0.27599035778));
#2097 = ( GEOMETRIC_REPRESENTATION_CONTEXT(2) 
PARAMETRIC_REPRESENTATION_CONTEXT() REPRESENTATION_CONTEXT('2D SPACE',''
  ) );
#2098 = PCURVE('',#2099,#2104);
#2099 = PLANE('',#2100);
#2100 = AXIS2_PLACEMENT_3D('',#2101,#2102,#2103);
#2101 = CARTESIAN_POINT('',(-9.031953391258,2.593461026136,-4.));
#2102 = DIRECTION('',(0.27599035778,0.961160404102,-0.));
#2103 = DIRECTION('',(0.961160404102,-0.27599035778,0.));
#2104 = DEFINITIONAL_REPRESENTATION('',(#2105),#2109);
#2105 = LINE('',#2106,#2107);
#2106 = CARTESIAN_POINT('',(0.,-8.));
#2107 = VECTOR('',#2108,1.);
#2108 = DIRECTION('',(1.,0.));
#2109 = ( GEOMETRIC_REPRESENTATION_CONTEXT(2) 
PARAMETRIC_REPRESENTATION_CONTEXT() REPRESENTATION_CONTEXT('2D SPACE',''
  ) );
#2110 = ORIENTED_EDGE('',*,*,#2111,.F.);
#2111 = EDGE_CURVE('',#2112,#2084,#2114,.T.);
#2112 = VERTEX_POINT('',#2113);
#2113 = CARTESIAN_POINT('',(-8.383612743769,0.952073323075,4.));
#2114 = SURFACE_CURVE('',#2115,(#2120,#2131),.PCURVE_S1.);
#2115 = CIRCLE('',#2116,8.437500000001);
#2116 = AXIS2_PLACEMENT_3D('',#2117,#2118,#2119);
#2117 = CARTESIAN_POINT('',(1.337596700068E-12,-2.16271445197E-13,4.));
#2118 = DIRECTION('',(0.,0.,-1.));
#2119 = DIRECTION('',(-0.993613362224,0.112838319772,0.));
#2120 = PCURVE('',#90,#2121);
#2121 = DEFINITIONAL_REPRESENTATION('',(#2122),#2130);
#2122 = ( BOUNDED_CURVE() B_SPLINE_CURVE(2,(#2123,#2124,#2125,#2126,
#2127,#2128,#2129),.UNSPECIFIED.,.T.,.F.) B_SPLINE_CURVE_WITH_KNOTS((1,2
    ,2,2,2,1),(-2.094395102393,0.,2.094395102393,4.188790204786,
6.28318530718,8.377580409573),.UNSPECIFIED.) CURVE() 
GEOMETRIC_REPRESENTATION_ITEM() RATIONAL_B_SPLINE_CURVE((1.,0.5,1.,0.5,
1.,0.5,1.)) REPRESENTATION_ITEM('') );
#2123 = CARTESIAN_POINT('',(-8.383612743769,0.952073323075));
#2124 = CARTESIAN_POINT('',(-6.734573375671,15.472916546268));
#2125 = CARTESIAN_POINT('',(5.016326055935,6.784384950058));
#2126 = CARTESIAN_POINT('',(16.767225487542,-1.904146646151));
#2127 = CARTESIAN_POINT('',(3.367286687838,-7.736458273134));
#2128 = CARTESIAN_POINT('',(-10.03265211186,-13.56876990011));
#2129 = CARTESIAN_POINT('',(-8.383612743769,0.952073323075));
#2130 = ( GEOMETRIC_REPRESENTATION_CONTEXT(2) 
PARAMETRIC_REPRESENTATION_CONTEXT() REPRESENTATION_CONTEXT('2D SPACE',''
  ) );
#2131 = PCURVE('',#2132,#2137);
#2132 = CYLINDRICAL_SURFACE('',#2133,8.437500000001);
#2133 = AXIS2_PLACEMENT_3D('',#2134,#2135,#2136);
#2134 = CARTESIAN_POINT('',(1.318541712918E-12,-3.120673346183E-13,-4.)
  );
#2135 = DIRECTION('',(-0.,-0.,-1.));
#2136 = DIRECTION('',(-0.961160404102,0.27599035778,0.));
#2137 = DEFINITIONAL_REPRESENTATION('',(#2138),#2142);
#2138 = LINE('',#2139,#2140);
#2139 = CARTESIAN_POINT('',(-6.449726080294,-8.));
#2140 = VECTOR('',#2141,1.);
#2141 = DIRECTION('',(1.,-0.));
#2142 = ( GEOMETRIC_REPRESENTATION_CONTEXT(2) 
PARAMETRIC_REPRESENTATION_CONTEXT() REPRESENTATION_CONTEXT('2D SPACE',''
  ) );
#2143 = ORIENTED_EDGE('',*,*,#2144,.F.);
#2144 = EDGE_CURVE('',#2145,#2112,#2147,.T.);
#2145 = VERTEX_POINT('',#2146);
#2146 = CARTESIAN_POINT('',(-9.336911443966,1.060333364315,4.));
#2147 = SURFACE_CURVE('',#2148,(#2152,#2159),.PCURVE_S1.);
#2148 = LINE('',#2149,#2150);
#2149 = CARTESIAN_POINT('',(-9.336911443966,1.060333364315,4.));
#2150 = VECTOR('',#2151,1.);
#2151 = DIRECTION('',(0.993613362224,-0.112838319772,0.));
#2152 = PCURVE('',#90,#2153);
#2153 = DEFINITIONAL_REPRESENTATION('',(#2154),#2158);
#2154 = LINE('',#2155,#2156);
#2155 = CARTESIAN_POINT('',(-9.336911443966,1.060333364315));
#2156 = VECTOR('',#2157,1.);
#2157 = DIRECTION('',(0.993613362224,-0.112838319772));
#2158 = ( GEOMETRIC_REPRESENTATION_CONTEXT(2) 
PARAMETRIC_REPRESENTATION_CONTEXT() REPRESENTATION_CONTEXT('2D SPACE',''
  ) );
#2159 = PCURVE('',#2160,#2165);
#2160 = PLANE('',#2161);
#2161 = AXIS2_PLACEMENT_3D('',#2162,#2163,#2164);
#2162 = CARTESIAN_POINT('',(-9.336911443966,1.060333364315,-4.));
#2163 = DIRECTION('',(0.112838319772,0.993613362224,-0.));
#2164 = DIRECTION('',(0.993613362224,-0.112838319772,0.));
#2165 = DEFINITIONAL_REPRESENTATION('',(#2166),#2170);
#2166 = LINE('',#2167,#2168);
#2167 = CARTESIAN_POINT('',(0.,-8.));
#2168 = VECTOR('',#2169,1.);
#2169 = DIRECTION('',(1.,0.));
#2170 = ( GEOMETRIC_REPRESENTATION_CONTEXT(2) 
PARAMETRIC_REPRESENTATION_CONTEXT() REPRESENTATION_CONTEXT('2D SPACE',''
  ) );
#2171 = ORIENTED_EDGE('',*,*,#2172,.T.);
#2172 = EDGE_CURVE('',#2145,#2173,#2175,.T.);
#2173 = VERTEX_POINT('',#2174);
#2174 = CARTESIAN_POINT('',(-11.24230716826,0.415968189182,4.));
#2175 = SURFACE_CURVE('',#2176,(#2190,#2207),.PCURVE_S1.);
#2176 = B_SPLINE_CURVE_WITH_KNOTS('',3,(#2177,#2178,#2179,#2180,#2181,
    #2182,#2183,#2184,#2185,#2186,#2187,#2188,#2189),.UNSPECIFIED.,.F.,
  .F.,(4,1,1,1,1,1,1,1,1,1,4),(0.,0.186927563819,0.377660761138,
    0.572069250156,0.77014078192,0.971871396504,1.177259312061,
    1.386303573601,1.599003609573,1.815359050699,2.035369644546),
  .UNSPECIFIED.);
#2177 = CARTESIAN_POINT('',(-9.336911443966,1.060333364315,4.));
#2178 = CARTESIAN_POINT('',(-9.399391793885,1.063306393064,4.));
#2179 = CARTESIAN_POINT('',(-9.525322383705,1.060048036285,4.));
#2180 = CARTESIAN_POINT('',(-9.714522034928,1.033584258909,4.));
#2181 = CARTESIAN_POINT('',(-9.904909243289,0.993884549239,4.));
#2182 = CARTESIAN_POINT('',(-10.09611728023,0.941745388467,4.));
#2183 = CARTESIAN_POINT('',(-10.28779301608,0.878606818778,4.));
#2184 = CARTESIAN_POINT('',(-10.47966031723,0.805115896132,4.));
#2185 = CARTESIAN_POINT('',(-10.67145827471,0.72181537474,4.));
#2186 = CARTESIAN_POINT('',(-10.86294307335,0.629082326011,4.));
#2187 = CARTESIAN_POINT('',(-11.0538783891,0.527225431768,4.));
#2188 = CARTESIAN_POINT('',(-11.17959873517,0.453991385117,4.));
#2189 = CARTESIAN_POINT('',(-11.24230716826,0.415968189182,4.));
#2190 = PCURVE('',#90,#2191);
#2191 = DEFINITIONAL_REPRESENTATION('',(#2192),#2206);
#2192 = B_SPLINE_CURVE_WITH_KNOTS('',3,(#2193,#2194,#2195,#2196,#2197,
    #2198,#2199,#2200,#2201,#2202,#2203,#2204,#2205),.UNSPECIFIED.,.F.,
  .F.,(4,1,1,1,1,1,1,1,1,1,4),(0.,0.186927563819,0.377660761138,
    0.572069250156,0.77014078192,0.971871396504,1.177259312061,
    1.386303573601,1.599003609573,1.815359050699,2.035369644546),
  .UNSPECIFIED.);
#2193 = CARTESIAN_POINT('',(-9.336911443966,1.060333364315));
#2194 = CARTESIAN_POINT('',(-9.399391793885,1.063306393064));
#2195 = CARTESIAN_POINT('',(-9.525322383705,1.060048036285));
#2196 = CARTESIAN_POINT('',(-9.714522034928,1.033584258909));
#2197 = CARTESIAN_POINT('',(-9.904909243289,0.993884549239));
#2198 = CARTESIAN_POINT('',(-10.09611728023,0.941745388467));
#2199 = CARTESIAN_POINT('',(-10.28779301608,0.878606818778));
#2200 = CARTESIAN_POINT('',(-10.47966031723,0.805115896132));
#2201 = CARTESIAN_POINT('',(-10.67145827471,0.72181537474));
#2202 = CARTESIAN_POINT('',(-10.86294307335,0.629082326011));
#2203 = CARTESIAN_POINT('',(-11.0538783891,0.527225431768));
#2204 = CARTESIAN_POINT('',(-11.17959873517,0.453991385117));
#2205 = CARTESIAN_POINT('',(-11.24230716826,0.415968189182));
#2206 = ( GEOMETRIC_REPRESENTATION_CONTEXT(2) 
PARAMETRIC_REPRESENTATION_CONTEXT() REPRESENTATION_CONTEXT('2D SPACE',''
  ) );
#2207 = PCURVE('',#2208,#2225);
#2208 = SURFACE_OF_LINEAR_EXTRUSION('',#2209,#2223);
#2209 = B_SPLINE_CURVE_WITH_KNOTS('',3,(#2210,#2211,#2212,#2213,#2214,
    #2215,#2216,#2217,#2218,#2219,#2220,#2221,#2222),.UNSPECIFIED.,.F.,
  .F.,(4,1,1,1,1,1,1,1,1,1,4),(0.,0.186927563819,0.377660761138,
    0.572069250156,0.77014078192,0.971871396504,1.177259312061,
    1.386303573601,1.599003609573,1.815359050699,2.035369644546),
  .UNSPECIFIED.);
#2210 = CARTESIAN_POINT('',(-9.336911443966,1.060333364315,-4.));
#2211 = CARTESIAN_POINT('',(-9.399391793885,1.063306393064,-4.));
#2212 = CARTESIAN_POINT('',(-9.525322383705,1.060048036285,-4.));
#2213 = CARTESIAN_POINT('',(-9.714522034928,1.033584258909,-4.));
#2214 = CARTESIAN_POINT('',(-9.904909243289,0.993884549239,-4.));
#2215 = CARTESIAN_POINT('',(-10.09611728023,0.941745388467,-4.));
#2216 = CARTESIAN_POINT('',(-10.28779301608,0.878606818778,-4.));
#2217 = CARTESIAN_POINT('',(-10.47966031723,0.805115896132,-4.));
#2218 = CARTESIAN_POINT('',(-10.67145827471,0.72181537474,-4.));
#2219 = CARTESIAN_POINT('',(-10.86294307335,0.629082326011,-4.));
#2220 = CARTESIAN_POINT('',(-11.0538783891,0.527225431768,-4.));
#2221 = CARTESIAN_POINT('',(-11.17959873517,0.453991385117,-4.));
#2222 = CARTESIAN_POINT('',(-11.24230716826,0.415968189182,-4.));
#2223 = VECTOR('',#2224,1.);
#2224 = DIRECTION('',(-0.,-0.,-1.));
#2225 = DEFINITIONAL_REPRESENTATION('',(#2226),#2230);
#2226 = LINE('',#2227,#2228);
#2227 = CARTESIAN_POINT('',(0.,-8.));
#2228 = VECTOR('',#2229,1.);
#2229 = DIRECTION('',(1.,0.));
#2230 = ( GEOMETRIC_REPRESENTATION_CONTEXT(2) 
PARAMETRIC_REPRESENTATION_CONTEXT() REPRESENTATION_CONTEXT('2D SPACE',''
  ) );
#2231 = ORIENTED_EDGE('',*,*,#2232,.F.);
#2232 = EDGE_CURVE('',#2233,#2173,#2235,.T.);
#2233 = VERTEX_POINT('',#2234);
#2234 = CARTESIAN_POINT('',(-11.24230716826,-0.415968189182,4.));
#2235 = SURFACE_CURVE('',#2236,(#2241,#2252),.PCURVE_S1.);
#2236 = CIRCLE('',#2237,11.250000000019);
#2237 = AXIS2_PLACEMENT_3D('',#2238,#2239,#2240);
#2238 = CARTESIAN_POINT('',(1.934186144581E-11,3.304301277041E-13,4.));
#2239 = DIRECTION('',(0.,0.,-1.));
#2240 = DIRECTION('',(-0.999316192735,-3.697495014948E-02,-0.));
#2241 = PCURVE('',#90,#2242);
#2242 = DEFINITIONAL_REPRESENTATION('',(#2243),#2251);
#2243 = ( BOUNDED_CURVE() B_SPLINE_CURVE(2,(#2244,#2245,#2246,#2247,
#2248,#2249,#2250),.UNSPECIFIED.,.T.,.F.) B_SPLINE_CURVE_WITH_KNOTS((1,2
    ,2,2,2,1),(-2.094395102393,0.,2.094395102393,4.188790204786,
6.28318530718,8.377580409573),.UNSPECIFIED.) CURVE() 
GEOMETRIC_REPRESENTATION_ITEM() RATIONAL_B_SPLINE_CURVE((1.,0.5,1.,0.5,
1.,0.5,1.)) REPRESENTATION_ITEM('') );
#2244 = CARTESIAN_POINT('',(-11.24230716826,-0.415968189182));
#2245 = CARTESIAN_POINT('',(-11.96278520626,19.05627902058));
#2246 = CARTESIAN_POINT('',(5.260914565163,9.944107699472));
#2247 = CARTESIAN_POINT('',(22.484614336585,0.831936378365));
#2248 = CARTESIAN_POINT('',(5.981392603159,-9.528139510289));
#2249 = CARTESIAN_POINT('',(-10.52182913026,-19.88821539894));
#2250 = CARTESIAN_POINT('',(-11.24230716826,-0.415968189182));
#2251 = ( GEOMETRIC_REPRESENTATION_CONTEXT(2) 
PARAMETRIC_REPRESENTATION_CONTEXT() REPRESENTATION_CONTEXT('2D SPACE',''
  ) );
#2252 = PCURVE('',#2253,#2258);
#2253 = CYLINDRICAL_SURFACE('',#2254,11.250000000019);
#2254 = AXIS2_PLACEMENT_3D('',#2255,#2256,#2257);
#2255 = CARTESIAN_POINT('',(1.934186144581E-11,-3.304301277041E-13,-4.)
  );
#2256 = DIRECTION('',(-0.,-0.,-1.));
#2257 = DIRECTION('',(-0.999316192735,3.697495014948E-02,0.));
#2258 = DEFINITIONAL_REPRESENTATION('',(#2259),#2263);
#2259 = LINE('',#2260,#2261);
#2260 = CARTESIAN_POINT('',(-6.357152067917,-8.));
#2261 = VECTOR('',#2262,1.);
#2262 = DIRECTION('',(1.,-0.));
#2263 = ( GEOMETRIC_REPRESENTATION_CONTEXT(2) 
PARAMETRIC_REPRESENTATION_CONTEXT() REPRESENTATION_CONTEXT('2D SPACE',''
  ) );
#2264 = ORIENTED_EDGE('',*,*,#2265,.F.);
#2265 = EDGE_CURVE('',#2266,#2233,#2268,.T.);
#2266 = VERTEX_POINT('',#2267);
#2267 = CARTESIAN_POINT('',(-9.336911443966,-1.060333364315,4.));
#2268 = SURFACE_CURVE('',#2269,(#2283,#2300),.PCURVE_S1.);
#2269 = B_SPLINE_CURVE_WITH_KNOTS('',3,(#2270,#2271,#2272,#2273,#2274,
    #2275,#2276,#2277,#2278,#2279,#2280,#2281,#2282),.UNSPECIFIED.,.F.,
  .F.,(4,1,1,1,1,1,1,1,1,1,4),(0.,0.186927563819,0.377660761138,
    0.572069250156,0.77014078192,0.971871396504,1.177259312061,
    1.386303573601,1.599003609573,1.815359050699,2.035369644546),
  .UNSPECIFIED.);
#2270 = CARTESIAN_POINT('',(-9.336911443966,-1.060333364315,4.));
#2271 = CARTESIAN_POINT('',(-9.399391793885,-1.063306393064,4.));
#2272 = CARTESIAN_POINT('',(-9.525322383705,-1.060048036285,4.));
#2273 = CARTESIAN_POINT('',(-9.714522034928,-1.033584258909,4.));
#2274 = CARTESIAN_POINT('',(-9.904909243289,-0.993884549239,4.));
#2275 = CARTESIAN_POINT('',(-10.09611728023,-0.941745388467,4.));
#2276 = CARTESIAN_POINT('',(-10.28779301608,-0.878606818778,4.));
#2277 = CARTESIAN_POINT('',(-10.47966031723,-0.805115896132,4.));
#2278 = CARTESIAN_POINT('',(-10.67145827471,-0.72181537474,4.));
#2279 = CARTESIAN_POINT('',(-10.86294307335,-0.629082326011,4.));
#2280 = CARTESIAN_POINT('',(-11.0538783891,-0.527225431768,4.));
#2281 = CARTESIAN_POINT('',(-11.17959873517,-0.453991385117,4.));
#2282 = CARTESIAN_POINT('',(-11.24230716826,-0.415968189182,4.));
#2283 = PCURVE('',#90,#2284);
#2284 = DEFINITIONAL_REPRESENTATION('',(#2285),#2299);
#2285 = B_SPLINE_CURVE_WITH_KNOTS('',3,(#2286,#2287,#2288,#2289,#2290,
    #2291,#2292,#2293,#2294,#2295,#2296,#2297,#2298),.UNSPECIFIED.,.F.,
  .F.,(4,1,1,1,1,1,1,1,1,1,4),(0.,0.186927563819,0.377660761138,
    0.572069250156,0.77014078192,0.971871396504,1.177259312061,
    1.386303573601,1.599003609573,1.815359050699,2.035369644546),
  .UNSPECIFIED.);
#2286 = CARTESIAN_POINT('',(-9.336911443966,-1.060333364315));
#2287 = CARTESIAN_POINT('',(-9.399391793885,-1.063306393064));
#2288 = CARTESIAN_POINT('',(-9.525322383705,-1.060048036285));
#2289 = CARTESIAN_POINT('',(-9.714522034928,-1.033584258909));
#2290 = CARTESIAN_POINT('',(-9.904909243289,-0.993884549239));
#2291 = CARTESIAN_POINT('',(-10.09611728023,-0.941745388467));
#2292 = CARTESIAN_POINT('',(-10.28779301608,-0.878606818778));
#2293 = CARTESIAN_POINT('',(-10.47966031723,-0.805115896132));
#2294 = CARTESIAN_POINT('',(-10.67145827471,-0.72181537474));
#2295 = CARTESIAN_POINT('',(-10.86294307335,-0.629082326011));
#2296 = CARTESIAN_POINT('',(-11.0538783891,-0.527225431768));
#2297 = CARTESIAN_POINT('',(-11.17959873517,-0.453991385117));
#2298 = CARTESIAN_POINT('',(-11.24230716826,-0.415968189182));
#2299 = ( GEOMETRIC_REPRESENTATION_CONTEXT(2) 
PARAMETRIC_REPRESENTATION_CONTEXT() REPRESENTATION_CONTEXT('2D SPACE',''
  ) );
#2300 = PCURVE('',#2301,#2318);
#2301 = SURFACE_OF_LINEAR_EXTRUSION('',#2302,#2316);
#2302 = B_SPLINE_CURVE_WITH_KNOTS('',3,(#2303,#2304,#2305,#2306,#2307,
    #2308,#2309,#2310,#2311,#2312,#2313,#2314,#2315),.UNSPECIFIED.,.F.,
  .F.,(4,1,1,1,1,1,1,1,1,1,4),(0.,0.186927563819,0.377660761138,
    0.572069250156,0.77014078192,0.971871396504,1.177259312061,
    1.386303573601,1.599003609573,1.815359050699,2.035369644546),
  .UNSPECIFIED.);
#2303 = CARTESIAN_POINT('',(-9.336911443966,-1.060333364315,-4.));
#2304 = CARTESIAN_POINT('',(-9.399391793885,-1.063306393064,-4.));
#2305 = CARTESIAN_POINT('',(-9.525322383705,-1.060048036285,-4.));
#2306 = CARTESIAN_POINT('',(-9.714522034928,-1.033584258909,-4.));
#2307 = CARTESIAN_POINT('',(-9.904909243289,-0.993884549239,-4.));
#2308 = CARTESIAN_POINT('',(-10.09611728023,-0.941745388467,-4.));
#2309 = CARTESIAN_POINT('',(-10.28779301608,-0.878606818778,-4.));
#2310 = CARTESIAN_POINT('',(-10.47966031723,-0.805115896132,-4.));
#2311 = CARTESIAN_POINT('',(-10.67145827471,-0.72181537474,-4.));
#2312 = CARTESIAN_POINT('',(-10.86294307335,-0.629082326011,-4.));
#2313 = CARTESIAN_POINT('',(-11.0538783891,-0.527225431768,-4.));
#2314 = CARTESIAN_POINT('',(-11.17959873517,-0.453991385117,-4.));
#2315 = CARTESIAN_POINT('',(-11.24230716826,-0.415968189182,-4.));
#2316 = VECTOR('',#2317,1.);
#2317 = DIRECTION('',(-0.,-0.,-1.));
#2318 = DEFINITIONAL_REPRESENTATION('',(#2319),#2323);
#2319 = LINE('',#2320,#2321);
#2320 = CARTESIAN_POINT('',(0.,-8.));
#2321 = VECTOR('',#2322,1.);
#2322 = DIRECTION('',(1.,0.));
#2323 = ( GEOMETRIC_REPRESENTATION_CONTEXT(2) 
PARAMETRIC_REPRESENTATION_CONTEXT() REPRESENTATION_CONTEXT('2D SPACE',''
  ) );
#2324 = ORIENTED_EDGE('',*,*,#2325,.T.);
#2325 = EDGE_CURVE('',#2266,#2326,#2328,.T.);
#2326 = VERTEX_POINT('',#2327);
#2327 = CARTESIAN_POINT('',(-8.383612743769,-0.952073323075,4.));
#2328 = SURFACE_CURVE('',#2329,(#2333,#2340),.PCURVE_S1.);
#2329 = LINE('',#2330,#2331);
#2330 = CARTESIAN_POINT('',(-9.336911443966,-1.060333364315,4.));
#2331 = VECTOR('',#2332,1.);
#2332 = DIRECTION('',(0.993613362224,0.112838319772,0.));
#2333 = PCURVE('',#90,#2334);
#2334 = DEFINITIONAL_REPRESENTATION('',(#2335),#2339);
#2335 = LINE('',#2336,#2337);
#2336 = CARTESIAN_POINT('',(-9.336911443966,-1.060333364315));
#2337 = VECTOR('',#2338,1.);
#2338 = DIRECTION('',(0.993613362224,0.112838319772));
#2339 = ( GEOMETRIC_REPRESENTATION_CONTEXT(2) 
PARAMETRIC_REPRESENTATION_CONTEXT() REPRESENTATION_CONTEXT('2D SPACE',''
  ) );
#2340 = PCURVE('',#2341,#2346);
#2341 = PLANE('',#2342);
#2342 = AXIS2_PLACEMENT_3D('',#2343,#2344,#2345);
#2343 = CARTESIAN_POINT('',(-9.336911443966,-1.060333364315,-4.));
#2344 = DIRECTION('',(-0.112838319772,0.993613362224,0.));
#2345 = DIRECTION('',(0.993613362224,0.112838319772,0.));
#2346 = DEFINITIONAL_REPRESENTATION('',(#2347),#2351);
#2347 = LINE('',#2348,#2349);
#2348 = CARTESIAN_POINT('',(0.,-8.));
#2349 = VECTOR('',#2350,1.);
#2350 = DIRECTION('',(1.,0.));
#2351 = ( GEOMETRIC_REPRESENTATION_CONTEXT(2) 
PARAMETRIC_REPRESENTATION_CONTEXT() REPRESENTATION_CONTEXT('2D SPACE',''
  ) );
#2352 = ORIENTED_EDGE('',*,*,#2353,.F.);
#2353 = EDGE_CURVE('',#2354,#2326,#2356,.T.);
#2354 = VERTEX_POINT('',#2355);
#2355 = CARTESIAN_POINT('',(-8.109790909607,-2.328668643766,4.));
#2356 = SURFACE_CURVE('',#2357,(#2362,#2373),.PCURVE_S1.);
#2357 = CIRCLE('',#2358,8.437500000001);
#2358 = AXIS2_PLACEMENT_3D('',#2359,#2360,#2361);
#2359 = CARTESIAN_POINT('',(1.318541712918E-12,3.120673346183E-13,4.));
#2360 = DIRECTION('',(0.,0.,-1.));
#2361 = DIRECTION('',(-0.961160404102,-0.27599035778,-0.));
#2362 = PCURVE('',#90,#2363);
#2363 = DEFINITIONAL_REPRESENTATION('',(#2364),#2372);
#2364 = ( BOUNDED_CURVE() B_SPLINE_CURVE(2,(#2365,#2366,#2367,#2368,
#2369,#2370,#2371),.UNSPECIFIED.,.T.,.F.) B_SPLINE_CURVE_WITH_KNOTS((1,2
    ,2,2,2,1),(-2.094395102393,0.,2.094395102393,4.188790204786,
6.28318530718,8.377580409573),.UNSPECIFIED.) CURVE() 
GEOMETRIC_REPRESENTATION_ITEM() RATIONAL_B_SPLINE_CURVE((1.,0.5,1.,0.5,
1.,0.5,1.)) REPRESENTATION_ITEM('') );
#2365 = CARTESIAN_POINT('',(-8.109790909607,-2.328668643766));
#2366 = CARTESIAN_POINT('',(-12.1431633146,11.717901250436));
#2367 = CARTESIAN_POINT('',(2.038209252308,8.187619268984));
#2368 = CARTESIAN_POINT('',(16.219581819218,4.657337287533));
#2369 = CARTESIAN_POINT('',(6.071581657303,-5.858950625217));
#2370 = CARTESIAN_POINT('',(-4.076418504611,-16.37523853796));
#2371 = CARTESIAN_POINT('',(-8.109790909607,-2.328668643766));
#2372 = ( GEOMETRIC_REPRESENTATION_CONTEXT(2) 
PARAMETRIC_REPRESENTATION_CONTEXT() REPRESENTATION_CONTEXT('2D SPACE',''
  ) );
#2373 = PCURVE('',#2374,#2379);
#2374 = CYLINDRICAL_SURFACE('',#2375,8.437500000001);
#2375 = AXIS2_PLACEMENT_3D('',#2376,#2377,#2378);
#2376 = CARTESIAN_POINT('',(1.337596700068E-12,2.16271445197E-13,-4.));
#2377 = DIRECTION('',(-0.,-0.,-1.));
#2378 = DIRECTION('',(-0.993613362224,-0.112838319772,0.));
#2379 = DEFINITIONAL_REPRESENTATION('',(#2380),#2384);
#2380 = LINE('',#2381,#2382);
#2381 = CARTESIAN_POINT('',(-6.449726080294,-8.));
#2382 = VECTOR('',#2383,1.);
#2383 = DIRECTION('',(1.,-0.));
#2384 = ( GEOMETRIC_REPRESENTATION_CONTEXT(2) 
PARAMETRIC_REPRESENTATION_CONTEXT() REPRESENTATION_CONTEXT('2D SPACE',''
  ) );
#2385 = ORIENTED_EDGE('',*,*,#2386,.F.);
#2386 = EDGE_CURVE('',#2387,#2354,#2389,.T.);
#2387 = VERTEX_POINT('',#2388);
#2388 = CARTESIAN_POINT('',(-9.031953391258,-2.593461026136,4.));
#2389 = SURFACE_CURVE('',#2390,(#2394,#2401),.PCURVE_S1.);
#2390 = LINE('',#2391,#2392);
#2391 = CARTESIAN_POINT('',(-9.031953391258,-2.593461026136,4.));
#2392 = VECTOR('',#2393,1.);
#2393 = DIRECTION('',(0.961160404102,0.27599035778,0.));
#2394 = PCURVE('',#90,#2395);
#2395 = DEFINITIONAL_REPRESENTATION('',(#2396),#2400);
#2396 = LINE('',#2397,#2398);
#2397 = CARTESIAN_POINT('',(-9.031953391258,-2.593461026136));
#2398 = VECTOR('',#2399,1.);
#2399 = DIRECTION('',(0.961160404102,0.27599035778));
#2400 = ( GEOMETRIC_REPRESENTATION_CONTEXT(2) 
PARAMETRIC_REPRESENTATION_CONTEXT() REPRESENTATION_CONTEXT('2D SPACE',''
  ) );
#2401 = PCURVE('',#2402,#2407);
#2402 = PLANE('',#2403);
#2403 = AXIS2_PLACEMENT_3D('',#2404,#2405,#2406);
#2404 = CARTESIAN_POINT('',(-9.031953391258,-2.593461026136,-4.));
#2405 = DIRECTION('',(-0.27599035778,0.961160404102,0.));
#2406 = DIRECTION('',(0.961160404102,0.27599035778,0.));
#2407 = DEFINITIONAL_REPRESENTATION('',(#2408),#2412);
#2408 = LINE('',#2409,#2410);
#2409 = CARTESIAN_POINT('',(0.,-8.));
#2410 = VECTOR('',#2411,1.);
#2411 = DIRECTION('',(1.,0.));
#2412 = ( GEOMETRIC_REPRESENTATION_CONTEXT(2) 
PARAMETRIC_REPRESENTATION_CONTEXT() REPRESENTATION_CONTEXT('2D SPACE',''
  ) );
#2413 = ORIENTED_EDGE('',*,*,#2414,.T.);
#2414 = EDGE_CURVE('',#2387,#2415,#2417,.T.);
#2415 = VERTEX_POINT('',#2416);
#2416 = CARTESIAN_POINT('',(-10.54572162535,-3.917940198693,4.));
#2417 = SURFACE_CURVE('',#2418,(#2432,#2449),.PCURVE_S1.);
#2418 = B_SPLINE_CURVE_WITH_KNOTS('',3,(#2419,#2420,#2421,#2422,#2423,
    #2424,#2425,#2426,#2427,#2428,#2429,#2430,#2431),.UNSPECIFIED.,.F.,
  .F.,(4,1,1,1,1,1,1,1,1,1,4),(0.,0.186927563819,0.377660761138,
    0.572069250156,0.77014078192,0.971871396504,1.177259312061,
    1.386303573601,1.599003609573,1.815359050699,2.035369644546),
  .UNSPECIFIED.);
#2419 = CARTESIAN_POINT('',(-9.031953391258,-2.593461026136,4.));
#2420 = CARTESIAN_POINT('',(-9.090815436579,-2.614624500488,4.));
#2421 = CARTESIAN_POINT('',(-9.205913211874,-2.665826379978,4.));
#2422 = CARTESIAN_POINT('',(-9.370583648038,-2.76267929418,4.));
#2423 = CARTESIAN_POINT('',(-9.531286071934,-2.872215073765,4.));
#2424 = CARTESIAN_POINT('',(-9.687986470718,-2.993557525121,4.));
#2425 = CARTESIAN_POINT('',(-9.840909675382,-3.125241085863,4.));
#2426 = CARTESIAN_POINT('',(-9.990048189344,-3.266562282483,4.));
#2427 = CARTESIAN_POINT('',(-10.13536866719,-3.416919829935,4.));
#2428 = CARTESIAN_POINT('',(-10.27679015207,-3.575872055634,4.));
#2429 = CARTESIAN_POINT('',(-10.41421243641,-3.743043337458,4.));
#2430 = CARTESIAN_POINT('',(-10.50233743464,-3.858813867796,4.));
#2431 = CARTESIAN_POINT('',(-10.54572162535,-3.917940198693,4.));
#2432 = PCURVE('',#90,#2433);
#2433 = DEFINITIONAL_REPRESENTATION('',(#2434),#2448);
#2434 = B_SPLINE_CURVE_WITH_KNOTS('',3,(#2435,#2436,#2437,#2438,#2439,
    #2440,#2441,#2442,#2443,#2444,#2445,#2446,#2447),.UNSPECIFIED.,.F.,
  .F.,(4,1,1,1,1,1,1,1,1,1,4),(0.,0.186927563819,0.377660761138,
    0.572069250156,0.77014078192,0.971871396504,1.177259312061,
    1.386303573601,1.599003609573,1.815359050699,2.035369644546),
  .UNSPECIFIED.);
#2435 = CARTESIAN_POINT('',(-9.031953391258,-2.593461026136));
#2436 = CARTESIAN_POINT('',(-9.090815436579,-2.614624500488));
#2437 = CARTESIAN_POINT('',(-9.205913211874,-2.665826379978));
#2438 = CARTESIAN_POINT('',(-9.370583648038,-2.76267929418));
#2439 = CARTESIAN_POINT('',(-9.531286071934,-2.872215073765));
#2440 = CARTESIAN_POINT('',(-9.687986470718,-2.993557525121));
#2441 = CARTESIAN_POINT('',(-9.840909675382,-3.125241085863));
#2442 = CARTESIAN_POINT('',(-9.990048189344,-3.266562282483));
#2443 = CARTESIAN_POINT('',(-10.13536866719,-3.416919829935));
#2444 = CARTESIAN_POINT('',(-10.27679015207,-3.575872055634));
#2445 = CARTESIAN_POINT('',(-10.41421243641,-3.743043337458));
#2446 = CARTESIAN_POINT('',(-10.50233743464,-3.858813867796));
#2447 = CARTESIAN_POINT('',(-10.54572162535,-3.917940198693));
#2448 = ( GEOMETRIC_REPRESENTATION_CONTEXT(2) 
PARAMETRIC_REPRESENTATION_CONTEXT() REPRESENTATION_CONTEXT('2D SPACE',''
  ) );
#2449 = PCURVE('',#2450,#2467);
#2450 = SURFACE_OF_LINEAR_EXTRUSION('',#2451,#2465);
#2451 = B_SPLINE_CURVE_WITH_KNOTS('',3,(#2452,#2453,#2454,#2455,#2456,
    #2457,#2458,#2459,#2460,#2461,#2462,#2463,#2464),.UNSPECIFIED.,.F.,
  .F.,(4,1,1,1,1,1,1,1,1,1,4),(0.,0.186927563819,0.377660761138,
    0.572069250156,0.77014078192,0.971871396504,1.177259312061,
    1.386303573601,1.599003609573,1.815359050699,2.035369644546),
  .UNSPECIFIED.);
#2452 = CARTESIAN_POINT('',(-9.031953391258,-2.593461026136,-4.));
#2453 = CARTESIAN_POINT('',(-9.090815436579,-2.614624500488,-4.));
#2454 = CARTESIAN_POINT('',(-9.205913211874,-2.665826379978,-4.));
#2455 = CARTESIAN_POINT('',(-9.370583648038,-2.76267929418,-4.));
#2456 = CARTESIAN_POINT('',(-9.531286071934,-2.872215073765,-4.));
#2457 = CARTESIAN_POINT('',(-9.687986470718,-2.993557525121,-4.));
#2458 = CARTESIAN_POINT('',(-9.840909675382,-3.125241085863,-4.));
#2459 = CARTESIAN_POINT('',(-9.990048189344,-3.266562282483,-4.));
#2460 = CARTESIAN_POINT('',(-10.13536866719,-3.416919829935,-4.));
#2461 = CARTESIAN_POINT('',(-10.27679015207,-3.575872055634,-4.));
#2462 = CARTESIAN_POINT('',(-10.41421243641,-3.743043337458,-4.));
#2463 = CARTESIAN_POINT('',(-10.50233743464,-3.858813867796,-4.));
#2464 = CARTESIAN_POINT('',(-10.54572162535,-3.917940198693,-4.));
#2465 = VECTOR('',#2466,1.);
#2466 = DIRECTION('',(-0.,-0.,-1.));
#2467 = DEFINITIONAL_REPRESENTATION('',(#2468),#2472);
#2468 = LINE('',#2469,#2470);
#2469 = CARTESIAN_POINT('',(0.,-8.));
#2470 = VECTOR('',#2471,1.);
#2471 = DIRECTION('',(1.,0.));
#2472 = ( GEOMETRIC_REPRESENTATION_CONTEXT(2) 
PARAMETRIC_REPRESENTATION_CONTEXT() REPRESENTATION_CONTEXT('2D SPACE',''
  ) );
#2473 = ORIENTED_EDGE('',*,*,#2474,.F.);
#2474 = EDGE_CURVE('',#2475,#2415,#2477,.T.);
#2475 = VERTEX_POINT('',#2476);
#2476 = CARTESIAN_POINT('',(-10.22735335657,-4.686549191015,4.));
#2477 = SURFACE_CURVE('',#2478,(#2483,#2494),.PCURVE_S1.);
#2478 = CIRCLE('',#2479,11.250000000019);
#2479 = AXIS2_PLACEMENT_3D('',#2480,#2481,#2482);
#2480 = CARTESIAN_POINT('',(1.774309977503E-11,7.707087558323E-12,4.));
#2481 = DIRECTION('',(0.,0.,-1.));
#2482 = DIRECTION('',(-0.90909807614,-0.416582150312,-0.));
#2483 = PCURVE('',#90,#2484);
#2484 = DEFINITIONAL_REPRESENTATION('',(#2485),#2493);
#2485 = ( BOUNDED_CURVE() B_SPLINE_CURVE(2,(#2486,#2487,#2488,#2489,
#2490,#2491,#2492),.UNSPECIFIED.,.T.,.F.) B_SPLINE_CURVE_WITH_KNOTS((1,2
    ,2,2,2,1),(-2.094395102393,0.,2.094395102393,4.188790204786,
6.28318530718,8.377580409573),.UNSPECIFIED.) CURVE() 
GEOMETRIC_REPRESENTATION_ITEM() RATIONAL_B_SPLINE_CURVE((1.,0.5,1.,0.5,
1.,0.5,1.)) REPRESENTATION_ITEM('') );
#2486 = CARTESIAN_POINT('',(-10.22735335657,-4.686549191015));
#2487 = CARTESIAN_POINT('',(-18.34469466759,13.02774644956));
#2488 = CARTESIAN_POINT('',(1.055006022802,11.200422415806));
#2489 = CARTESIAN_POINT('',(20.454706713199,9.373098382053));
#2490 = CARTESIAN_POINT('',(9.172347333824,-6.513873224768));
#2491 = CARTESIAN_POINT('',(-2.110012045551,-22.40084483159));
#2492 = CARTESIAN_POINT('',(-10.22735335657,-4.686549191015));
#2493 = ( GEOMETRIC_REPRESENTATION_CONTEXT(2) 
PARAMETRIC_REPRESENTATION_CONTEXT() REPRESENTATION_CONTEXT('2D SPACE',''
  ) );
#2494 = PCURVE('',#2495,#2500);
#2495 = CYLINDRICAL_SURFACE('',#2496,11.250000000019);
#2496 = AXIS2_PLACEMENT_3D('',#2497,#2498,#2499);
#2497 = CARTESIAN_POINT('',(1.799600004588E-11,7.096532294502E-12,-4.));
#2498 = DIRECTION('',(-0.,-0.,-1.));
#2499 = DIRECTION('',(-0.937397477809,-0.348261350995,0.));
#2500 = DEFINITIONAL_REPRESENTATION('',(#2501),#2505);
#2501 = LINE('',#2502,#2503);
#2502 = CARTESIAN_POINT('',(-6.357152067917,-8.));
#2503 = VECTOR('',#2504,1.);
#2504 = DIRECTION('',(1.,-0.));
#2505 = ( GEOMETRIC_REPRESENTATION_CONTEXT(2) 
PARAMETRIC_REPRESENTATION_CONTEXT() REPRESENTATION_CONTEXT('2D SPACE',''
  ) );
#2506 = ORIENTED_EDGE('',*,*,#2507,.F.);
#2507 = EDGE_CURVE('',#2508,#2475,#2510,.T.);
#2508 = VERTEX_POINT('',#2509);
#2509 = CARTESIAN_POINT('',(-8.220409368643,-4.552701611996,4.));
#2510 = SURFACE_CURVE('',#2511,(#2525,#2542),.PCURVE_S1.);
#2511 = B_SPLINE_CURVE_WITH_KNOTS('',3,(#2512,#2513,#2514,#2515,#2516,
    #2517,#2518,#2519,#2520,#2521,#2522,#2523,#2524),.UNSPECIFIED.,.F.,
  .F.,(4,1,1,1,1,1,1,1,1,1,4),(0.,0.186927563819,0.377660761138,
    0.572069250156,0.77014078192,0.971871396504,1.177259312061,
    1.386303573601,1.599003609573,1.815359050699,2.035369644546),
  .UNSPECIFIED.);
#2512 = CARTESIAN_POINT('',(-8.220409368643,-4.552701611996,4.));
#2513 = CARTESIAN_POINT('',(-8.276995956271,-4.579358527169,4.));
#2514 = CARTESIAN_POINT('',(-8.39458756988,-4.624539748382,4.));
#2515 = CARTESIAN_POINT('',(-8.579512504362,-4.672493978045,4.));
#2516 = CARTESIAN_POINT('',(-8.770599770579,-4.708674259208,4.));
#2517 = CARTESIAN_POINT('',(-8.967205755373,-4.733676103603,4.));
#2518 = CARTESIAN_POINT('',(-9.168453129163,-4.74869479985,4.));
#2519 = CARTESIAN_POINT('',(-9.373839160178,-4.754222477954,4.));
#2520 = CARTESIAN_POINT('',(-9.582915096918,-4.750660731883,4.));
#2521 = CARTESIAN_POINT('',(-9.795311384554,-4.738264626166,4.));
#2522 = CARTESIAN_POINT('',(-10.01069156069,-4.717228908317,4.));
#2523 = CARTESIAN_POINT('',(-10.15486747159,-4.697680565088,4.));
#2524 = CARTESIAN_POINT('',(-10.22735335657,-4.686549191015,4.));
#2525 = PCURVE('',#90,#2526);
#2526 = DEFINITIONAL_REPRESENTATION('',(#2527),#2541);
#2527 = B_SPLINE_CURVE_WITH_KNOTS('',3,(#2528,#2529,#2530,#2531,#2532,
    #2533,#2534,#2535,#2536,#2537,#2538,#2539,#2540),.UNSPECIFIED.,.F.,
  .F.,(4,1,1,1,1,1,1,1,1,1,4),(0.,0.186927563819,0.377660761138,
    0.572069250156,0.77014078192,0.971871396504,1.177259312061,
    1.386303573601,1.599003609573,1.815359050699,2.035369644546),
  .UNSPECIFIED.);
#2528 = CARTESIAN_POINT('',(-8.220409368643,-4.552701611996));
#2529 = CARTESIAN_POINT('',(-8.276995956271,-4.579358527169));
#2530 = CARTESIAN_POINT('',(-8.39458756988,-4.624539748382));
#2531 = CARTESIAN_POINT('',(-8.579512504362,-4.672493978045));
#2532 = CARTESIAN_POINT('',(-8.770599770579,-4.708674259208));
#2533 = CARTESIAN_POINT('',(-8.967205755373,-4.733676103603));
#2534 = CARTESIAN_POINT('',(-9.168453129163,-4.74869479985));
#2535 = CARTESIAN_POINT('',(-9.373839160178,-4.754222477954));
#2536 = CARTESIAN_POINT('',(-9.582915096918,-4.750660731883));
#2537 = CARTESIAN_POINT('',(-9.795311384554,-4.738264626166));
#2538 = CARTESIAN_POINT('',(-10.01069156069,-4.717228908317));
#2539 = CARTESIAN_POINT('',(-10.15486747159,-4.697680565088));
#2540 = CARTESIAN_POINT('',(-10.22735335657,-4.686549191015));
#2541 = ( GEOMETRIC_REPRESENTATION_CONTEXT(2) 
PARAMETRIC_REPRESENTATION_CONTEXT() REPRESENTATION_CONTEXT('2D SPACE',''
  ) );
#2542 = PCURVE('',#2543,#2560);
#2543 = SURFACE_OF_LINEAR_EXTRUSION('',#2544,#2558);
#2544 = B_SPLINE_CURVE_WITH_KNOTS('',3,(#2545,#2546,#2547,#2548,#2549,
    #2550,#2551,#2552,#2553,#2554,#2555,#2556,#2557),.UNSPECIFIED.,.F.,
  .F.,(4,1,1,1,1,1,1,1,1,1,4),(0.,0.186927563819,0.377660761138,
    0.572069250156,0.77014078192,0.971871396504,1.177259312061,
    1.386303573601,1.599003609573,1.815359050699,2.035369644546),
  .UNSPECIFIED.);
#2545 = CARTESIAN_POINT('',(-8.220409368643,-4.552701611996,-4.));
#2546 = CARTESIAN_POINT('',(-8.276995956271,-4.579358527169,-4.));
#2547 = CARTESIAN_POINT('',(-8.39458756988,-4.624539748382,-4.));
#2548 = CARTESIAN_POINT('',(-8.579512504362,-4.672493978045,-4.));
#2549 = CARTESIAN_POINT('',(-8.770599770579,-4.708674259208,-4.));
#2550 = CARTESIAN_POINT('',(-8.967205755373,-4.733676103603,-4.));
#2551 = CARTESIAN_POINT('',(-9.168453129163,-4.74869479985,-4.));
#2552 = CARTESIAN_POINT('',(-9.373839160178,-4.754222477954,-4.));
#2553 = CARTESIAN_POINT('',(-9.582915096918,-4.750660731883,-4.));
#2554 = CARTESIAN_POINT('',(-9.795311384554,-4.738264626166,-4.));
#2555 = CARTESIAN_POINT('',(-10.01069156069,-4.717228908317,-4.));
#2556 = CARTESIAN_POINT('',(-10.15486747159,-4.697680565088,-4.));
#2557 = CARTESIAN_POINT('',(-10.22735335657,-4.686549191015,-4.));
#2558 = VECTOR('',#2559,1.);
#2559 = DIRECTION('',(-0.,-0.,-1.));
#2560 = DEFINITIONAL_REPRESENTATION('',(#2561),#2565);
#2561 = LINE('',#2562,#2563);
#2562 = CARTESIAN_POINT('',(0.,-8.));
#2563 = VECTOR('',#2564,1.);
#2564 = DIRECTION('',(1.,0.));
#2565 = ( GEOMETRIC_REPRESENTATION_CONTEXT(2) 
PARAMETRIC_REPRESENTATION_CONTEXT() REPRESENTATION_CONTEXT('2D SPACE',''
  ) );
#2566 = ORIENTED_EDGE('',*,*,#2567,.T.);
#2567 = EDGE_CURVE('',#2508,#2568,#2570,.T.);
#2568 = VERTEX_POINT('',#2569);
#2569 = CARTESIAN_POINT('',(-7.381105535331,-4.087870757045,4.));
#2570 = SURFACE_CURVE('',#2571,(#2575,#2582),.PCURVE_S1.);
#2571 = LINE('',#2572,#2573);
#2572 = CARTESIAN_POINT('',(-8.220409368643,-4.552701611996,4.));
#2573 = VECTOR('',#2574,1.);
#2574 = DIRECTION('',(0.874797693076,0.48448838602,0.));
#2575 = PCURVE('',#90,#2576);
#2576 = DEFINITIONAL_REPRESENTATION('',(#2577),#2581);
#2577 = LINE('',#2578,#2579);
#2578 = CARTESIAN_POINT('',(-8.220409368643,-4.552701611996));
#2579 = VECTOR('',#2580,1.);
#2580 = DIRECTION('',(0.874797693076,0.48448838602));
#2581 = ( GEOMETRIC_REPRESENTATION_CONTEXT(2) 
PARAMETRIC_REPRESENTATION_CONTEXT() REPRESENTATION_CONTEXT('2D SPACE',''
  ) );
#2582 = PCURVE('',#2583,#2588);
#2583 = PLANE('',#2584);
#2584 = AXIS2_PLACEMENT_3D('',#2585,#2586,#2587);
#2585 = CARTESIAN_POINT('',(-8.220409368643,-4.552701611996,-4.));
#2586 = DIRECTION('',(-0.48448838602,0.874797693076,0.));
#2587 = DIRECTION('',(0.874797693076,0.48448838602,0.));
#2588 = DEFINITIONAL_REPRESENTATION('',(#2589),#2593);
#2589 = LINE('',#2590,#2591);
#2590 = CARTESIAN_POINT('',(0.,-8.));
#2591 = VECTOR('',#2592,1.);
#2592 = DIRECTION('',(1.,0.));
#2593 = ( GEOMETRIC_REPRESENTATION_CONTEXT(2) 
PARAMETRIC_REPRESENTATION_CONTEXT() REPRESENTATION_CONTEXT('2D SPACE',''
  ) );
#2594 = ORIENTED_EDGE('',*,*,#2595,.F.);
#2595 = EDGE_CURVE('',#2596,#2568,#2598,.T.);
#2596 = VERTEX_POINT('',#2597);
#2597 = CARTESIAN_POINT('',(-6.601326924895,-5.254891919028,4.));
#2598 = SURFACE_CURVE('',#2599,(#2604,#2615),.PCURVE_S1.);
#2599 = CIRCLE('',#2600,8.437500000001);
#2600 = AXIS2_PLACEMENT_3D('',#2601,#2602,#2603);
#2601 = CARTESIAN_POINT('',(1.098750702587E-12,7.928966916353E-13,4.));
#2602 = DIRECTION('',(0.,0.,-1.));
#2603 = DIRECTION('',(-0.782379487395,-0.622802005218,-0.));
#2604 = PCURVE('',#90,#2605);
#2605 = DEFINITIONAL_REPRESENTATION('',(#2606),#2614);
#2606 = ( BOUNDED_CURVE() B_SPLINE_CURVE(2,(#2607,#2608,#2609,#2610,
#2611,#2612,#2613),.UNSPECIFIED.,.T.,.F.) B_SPLINE_CURVE_WITH_KNOTS((1,2
    ,2,2,2,1),(-2.094395102393,0.,2.094395102393,4.188790204786,
6.28318530718,8.377580409573),.UNSPECIFIED.) CURVE() 
GEOMETRIC_REPRESENTATION_ITEM() RATIONAL_B_SPLINE_CURVE((1.,0.5,1.,0.5,
1.,0.5,1.)) REPRESENTATION_ITEM('') );
#2607 = CARTESIAN_POINT('',(-6.601326924895,-5.254891919028));
#2608 = CARTESIAN_POINT('',(-15.70306671693,6.178941712264));
#2609 = CARTESIAN_POINT('',(-1.250206433571,8.344362775161));
#2610 = CARTESIAN_POINT('',(13.202653849792,10.509783838058));
#2611 = CARTESIAN_POINT('',(7.851533358469,-3.089470856131));
#2612 = CARTESIAN_POINT('',(2.500412867146,-16.68872555031));
#2613 = CARTESIAN_POINT('',(-6.601326924895,-5.254891919028));
#2614 = ( GEOMETRIC_REPRESENTATION_CONTEXT(2) 
PARAMETRIC_REPRESENTATION_CONTEXT() REPRESENTATION_CONTEXT('2D SPACE',''
  ) );
#2615 = PCURVE('',#2616,#2621);
#2616 = CYLINDRICAL_SURFACE('',#2617,8.437500000001);
#2617 = AXIS2_PLACEMENT_3D('',#2618,#2619,#2620);
#2618 = CARTESIAN_POINT('',(1.153014714977E-12,7.116848579865E-13,-4.));
#2619 = DIRECTION('',(-0.,-0.,-1.));
#2620 = DIRECTION('',(-0.874797693076,-0.48448838602,0.));
#2621 = DEFINITIONAL_REPRESENTATION('',(#2622),#2626);
#2622 = LINE('',#2623,#2624);
#2623 = CARTESIAN_POINT('',(-6.449726080294,-8.));
#2624 = VECTOR('',#2625,1.);
#2625 = DIRECTION('',(1.,-0.));
#2626 = ( GEOMETRIC_REPRESENTATION_CONTEXT(2) 
PARAMETRIC_REPRESENTATION_CONTEXT() REPRESENTATION_CONTEXT('2D SPACE',''
  ) );
#2627 = ORIENTED_EDGE('',*,*,#2628,.F.);
#2628 = EDGE_CURVE('',#2629,#2596,#2631,.T.);
#2629 = VERTEX_POINT('',#2630);
#2630 = CARTESIAN_POINT('',(-7.351962309593,-5.852424485141,4.));
#2631 = SURFACE_CURVE('',#2632,(#2636,#2643),.PCURVE_S1.);
#2632 = LINE('',#2633,#2634);
#2633 = CARTESIAN_POINT('',(-7.351962309593,-5.852424485141,4.));
#2634 = VECTOR('',#2635,1.);
#2635 = DIRECTION('',(0.782379487395,0.622802005218,0.));
#2636 = PCURVE('',#90,#2637);
#2637 = DEFINITIONAL_REPRESENTATION('',(#2638),#2642);
#2638 = LINE('',#2639,#2640);
#2639 = CARTESIAN_POINT('',(-7.351962309593,-5.852424485141));
#2640 = VECTOR('',#2641,1.);
#2641 = DIRECTION('',(0.782379487395,0.622802005218));
#2642 = ( GEOMETRIC_REPRESENTATION_CONTEXT(2) 
PARAMETRIC_REPRESENTATION_CONTEXT() REPRESENTATION_CONTEXT('2D SPACE',''
  ) );
#2643 = PCURVE('',#2644,#2649);
#2644 = PLANE('',#2645);
#2645 = AXIS2_PLACEMENT_3D('',#2646,#2647,#2648);
#2646 = CARTESIAN_POINT('',(-7.351962309593,-5.852424485141,-4.));
#2647 = DIRECTION('',(-0.622802005218,0.782379487395,0.));
#2648 = DIRECTION('',(0.782379487395,0.622802005218,0.));
#2649 = DEFINITIONAL_REPRESENTATION('',(#2650),#2654);
#2650 = LINE('',#2651,#2652);
#2651 = CARTESIAN_POINT('',(0.,-8.));
#2652 = VECTOR('',#2653,1.);
#2653 = DIRECTION('',(1.,0.));
#2654 = ( GEOMETRIC_REPRESENTATION_CONTEXT(2) 
PARAMETRIC_REPRESENTATION_CONTEXT() REPRESENTATION_CONTEXT('2D SPACE',''
  ) );
#2655 = ORIENTED_EDGE('',*,*,#2656,.T.);
#2656 = EDGE_CURVE('',#2629,#2657,#2659,.T.);
#2657 = VERTEX_POINT('',#2658);
#2658 = CARTESIAN_POINT('',(-8.24364556219,-7.655377707533,4.));
#2659 = SURFACE_CURVE('',#2660,(#2674,#2691),.PCURVE_S1.);
#2660 = B_SPLINE_CURVE_WITH_KNOTS('',3,(#2661,#2662,#2663,#2664,#2665,
    #2666,#2667,#2668,#2669,#2670,#2671,#2672,#2673),.UNSPECIFIED.,.F.,
  .F.,(4,1,1,1,1,1,1,1,1,1,4),(0.,0.186927563819,0.377660761138,
    0.572069250156,0.77014078192,0.971871396504,1.177259312061,
    1.386303573601,1.599003609573,1.815359050699,2.035369644546),
  .UNSPECIFIED.);
#2661 = CARTESIAN_POINT('',(-7.351962309593,-5.852424485141,4.));
#2662 = CARTESIAN_POINT('',(-7.3982448375,-5.894502515471,4.));
#2663 = CARTESIAN_POINT('',(-7.484987205346,-5.985852895666,4.));
#2664 = CARTESIAN_POINT('',(-7.600058845286,-6.138349968481,4.));
#2665 = CARTESIAN_POINT('',(-7.706610997451,-6.301045988483,4.));
#2666 = CARTESIAN_POINT('',(-7.804947542847,-6.473118442175,4.));
#2667 = CARTESIAN_POINT('',(-7.895837044671,-6.653299365562,4.));
#2668 = CARTESIAN_POINT('',(-7.979541784642,-6.84093596505,4.));
#2669 = CARTESIAN_POINT('',(-8.056261057444,-7.035459964957,4.));
#2670 = CARTESIAN_POINT('',(-8.126089089463,-7.236432332169,4.));
#2671 = CARTESIAN_POINT('',(-8.189077045361,-7.443467689327,4.));
#2672 = CARTESIAN_POINT('',(-8.226190463605,-7.584149689572,4.));
#2673 = CARTESIAN_POINT('',(-8.24364556219,-7.655377707533,4.));
#2674 = PCURVE('',#90,#2675);
#2675 = DEFINITIONAL_REPRESENTATION('',(#2676),#2690);
#2676 = B_SPLINE_CURVE_WITH_KNOTS('',3,(#2677,#2678,#2679,#2680,#2681,
    #2682,#2683,#2684,#2685,#2686,#2687,#2688,#2689),.UNSPECIFIED.,.F.,
  .F.,(4,1,1,1,1,1,1,1,1,1,4),(0.,0.186927563819,0.377660761138,
    0.572069250156,0.77014078192,0.971871396504,1.177259312061,
    1.386303573601,1.599003609573,1.815359050699,2.035369644546),
  .UNSPECIFIED.);
#2677 = CARTESIAN_POINT('',(-7.351962309593,-5.852424485141));
#2678 = CARTESIAN_POINT('',(-7.3982448375,-5.894502515471));
#2679 = CARTESIAN_POINT('',(-7.484987205346,-5.985852895666));
#2680 = CARTESIAN_POINT('',(-7.600058845286,-6.138349968481));
#2681 = CARTESIAN_POINT('',(-7.706610997451,-6.301045988483));
#2682 = CARTESIAN_POINT('',(-7.804947542847,-6.473118442175));
#2683 = CARTESIAN_POINT('',(-7.895837044671,-6.653299365562));
#2684 = CARTESIAN_POINT('',(-7.979541784642,-6.84093596505));
#2685 = CARTESIAN_POINT('',(-8.056261057444,-7.035459964957));
#2686 = CARTESIAN_POINT('',(-8.126089089463,-7.236432332169));
#2687 = CARTESIAN_POINT('',(-8.189077045361,-7.443467689327));
#2688 = CARTESIAN_POINT('',(-8.226190463605,-7.584149689572));
#2689 = CARTESIAN_POINT('',(-8.24364556219,-7.655377707533));
#2690 = ( GEOMETRIC_REPRESENTATION_CONTEXT(2) 
PARAMETRIC_REPRESENTATION_CONTEXT() REPRESENTATION_CONTEXT('2D SPACE',''
  ) );
#2691 = PCURVE('',#2692,#2709);
#2692 = SURFACE_OF_LINEAR_EXTRUSION('',#2693,#2707);
#2693 = B_SPLINE_CURVE_WITH_KNOTS('',3,(#2694,#2695,#2696,#2697,#2698,
    #2699,#2700,#2701,#2702,#2703,#2704,#2705,#2706),.UNSPECIFIED.,.F.,
  .F.,(4,1,1,1,1,1,1,1,1,1,4),(0.,0.186927563819,0.377660761138,
    0.572069250156,0.77014078192,0.971871396504,1.177259312061,
    1.386303573601,1.599003609573,1.815359050699,2.035369644546),
  .UNSPECIFIED.);
#2694 = CARTESIAN_POINT('',(-7.351962309593,-5.852424485141,-4.));
#2695 = CARTESIAN_POINT('',(-7.3982448375,-5.894502515471,-4.));
#2696 = CARTESIAN_POINT('',(-7.484987205346,-5.985852895666,-4.));
#2697 = CARTESIAN_POINT('',(-7.600058845286,-6.138349968481,-4.));
#2698 = CARTESIAN_POINT('',(-7.706610997451,-6.301045988483,-4.));
#2699 = CARTESIAN_POINT('',(-7.804947542847,-6.473118442175,-4.));
#2700 = CARTESIAN_POINT('',(-7.895837044671,-6.653299365562,-4.));
#2701 = CARTESIAN_POINT('',(-7.979541784642,-6.84093596505,-4.));
#2702 = CARTESIAN_POINT('',(-8.056261057444,-7.035459964957,-4.));
#2703 = CARTESIAN_POINT('',(-8.126089089463,-7.236432332169,-4.));
#2704 = CARTESIAN_POINT('',(-8.189077045361,-7.443467689327,-4.));
#2705 = CARTESIAN_POINT('',(-8.226190463605,-7.584149689572,-4.));
#2706 = CARTESIAN_POINT('',(-8.24364556219,-7.655377707533,-4.));
#2707 = VECTOR('',#2708,1.);
#2708 = DIRECTION('',(-0.,-0.,-1.));
#2709 = DEFINITIONAL_REPRESENTATION('',(#2710),#2714);
#2710 = LINE('',#2711,#2712);
#2711 = CARTESIAN_POINT('',(0.,-8.));
#2712 = VECTOR('',#2713,1.);
#2713 = DIRECTION('',(1.,0.));
#2714 = ( GEOMETRIC_REPRESENTATION_CONTEXT(2) 
PARAMETRIC_REPRESENTATION_CONTEXT() REPRESENTATION_CONTEXT('2D SPACE',''
  ) );
#2715 = ORIENTED_EDGE('',*,*,#2716,.F.);
#2716 = EDGE_CURVE('',#2717,#2657,#2719,.T.);
#2717 = VERTEX_POINT('',#2718);
#2718 = CARTESIAN_POINT('',(-7.655377707533,-8.24364556219,4.));
#2719 = SURFACE_CURVE('',#2720,(#2725,#2736),.PCURVE_S1.);
#2720 = CIRCLE('',#2721,11.250000000019);
#2721 = AXIS2_PLACEMENT_3D('',#2722,#2723,#2724);
#2722 = CARTESIAN_POINT('',(1.344311200509E-11,1.391041077311E-11,4.));
#2723 = DIRECTION('',(0.,0.,-1.));
#2724 = DIRECTION('',(-0.680478018447,-0.732768494417,-0.));
#2725 = PCURVE('',#90,#2726);
#2726 = DEFINITIONAL_REPRESENTATION('',(#2727),#2735);
#2727 = ( BOUNDED_CURVE() B_SPLINE_CURVE(2,(#2728,#2729,#2730,#2731,
#2732,#2733,#2734),.UNSPECIFIED.,.T.,.F.) B_SPLINE_CURVE_WITH_KNOTS((1,2
    ,2,2,2,1),(-2.094395102393,0.,2.094395102393,4.188790204786,
6.28318530718,8.377580409573),.UNSPECIFIED.) CURVE() 
GEOMETRIC_REPRESENTATION_ITEM() RATIONAL_B_SPLINE_CURVE((1.,0.5,1.,0.5,
1.,0.5,1.)) REPRESENTATION_ITEM('') );
#2728 = CARTESIAN_POINT('',(-7.655377707533,-8.24364556219));
#2729 = CARTESIAN_POINT('',(-21.93379066085,5.01585757841));
#2730 = CARTESIAN_POINT('',(-3.311517622877,10.751574351416));
#2731 = CARTESIAN_POINT('',(15.310755415106,16.487291124421));
#2732 = CARTESIAN_POINT('',(10.96689533045,-2.507928789184));
#2733 = CARTESIAN_POINT('',(6.623035245794,-21.50314870279));
#2734 = CARTESIAN_POINT('',(-7.655377707533,-8.24364556219));
#2735 = ( GEOMETRIC_REPRESENTATION_CONTEXT(2) 
PARAMETRIC_REPRESENTATION_CONTEXT() REPRESENTATION_CONTEXT('2D SPACE',''
  ) );
#2736 = PCURVE('',#2737,#2742);
#2737 = CYLINDRICAL_SURFACE('',#2738,11.250000000019);
#2738 = AXIS2_PLACEMENT_3D('',#2739,#2740,#2741);
#2739 = CARTESIAN_POINT('',(1.391041077311E-11,1.344311200509E-11,-4.));
#2740 = DIRECTION('',(-0.,-0.,-1.));
#2741 = DIRECTION('',(-0.732768494417,-0.680478018447,0.));
#2742 = DEFINITIONAL_REPRESENTATION('',(#2743),#2747);
#2743 = LINE('',#2744,#2745);
#2744 = CARTESIAN_POINT('',(-6.357152067917,-8.));
#2745 = VECTOR('',#2746,1.);
#2746 = DIRECTION('',(1.,-0.));
#2747 = ( GEOMETRIC_REPRESENTATION_CONTEXT(2) 
PARAMETRIC_REPRESENTATION_CONTEXT() REPRESENTATION_CONTEXT('2D SPACE',''
  ) );
#2748 = ORIENTED_EDGE('',*,*,#2749,.F.);
#2749 = EDGE_CURVE('',#2750,#2717,#2752,.T.);
#2750 = VERTEX_POINT('',#2751);
#2751 = CARTESIAN_POINT('',(-5.852424485141,-7.351962309593,4.));
#2752 = SURFACE_CURVE('',#2753,(#2767,#2784),.PCURVE_S1.);
#2753 = B_SPLINE_CURVE_WITH_KNOTS('',3,(#2754,#2755,#2756,#2757,#2758,
    #2759,#2760,#2761,#2762,#2763,#2764,#2765,#2766),.UNSPECIFIED.,.F.,
  .F.,(4,1,1,1,1,1,1,1,1,1,4),(0.,0.186927563819,0.377660761138,
    0.572069250156,0.77014078192,0.971871396504,1.177259312061,
    1.386303573601,1.599003609573,1.815359050699,2.035369644546),
  .UNSPECIFIED.);
#2754 = CARTESIAN_POINT('',(-5.852424485141,-7.351962309593,4.));
#2755 = CARTESIAN_POINT('',(-5.894502515471,-7.3982448375,4.));
#2756 = CARTESIAN_POINT('',(-5.985852895666,-7.484987205346,4.));
#2757 = CARTESIAN_POINT('',(-6.138349968481,-7.600058845286,4.));
#2758 = CARTESIAN_POINT('',(-6.301045988483,-7.706610997451,4.));
#2759 = CARTESIAN_POINT('',(-6.473118442175,-7.804947542847,4.));
#2760 = CARTESIAN_POINT('',(-6.653299365562,-7.895837044671,4.));
#2761 = CARTESIAN_POINT('',(-6.84093596505,-7.979541784642,4.));
#2762 = CARTESIAN_POINT('',(-7.035459964957,-8.056261057444,4.));
#2763 = CARTESIAN_POINT('',(-7.236432332169,-8.126089089463,4.));
#2764 = CARTESIAN_POINT('',(-7.443467689327,-8.189077045361,4.));
#2765 = CARTESIAN_POINT('',(-7.584149689572,-8.226190463605,4.));
#2766 = CARTESIAN_POINT('',(-7.655377707533,-8.24364556219,4.));
#2767 = PCURVE('',#90,#2768);
#2768 = DEFINITIONAL_REPRESENTATION('',(#2769),#2783);
#2769 = B_SPLINE_CURVE_WITH_KNOTS('',3,(#2770,#2771,#2772,#2773,#2774,
    #2775,#2776,#2777,#2778,#2779,#2780,#2781,#2782),.UNSPECIFIED.,.F.,
  .F.,(4,1,1,1,1,1,1,1,1,1,4),(0.,0.186927563819,0.377660761138,
    0.572069250156,0.77014078192,0.971871396504,1.177259312061,
    1.386303573601,1.599003609573,1.815359050699,2.035369644546),
  .UNSPECIFIED.);
#2770 = CARTESIAN_POINT('',(-5.852424485141,-7.351962309593));
#2771 = CARTESIAN_POINT('',(-5.894502515471,-7.3982448375));
#2772 = CARTESIAN_POINT('',(-5.985852895666,-7.484987205346));
#2773 = CARTESIAN_POINT('',(-6.138349968481,-7.600058845286));
#2774 = CARTESIAN_POINT('',(-6.301045988483,-7.706610997451));
#2775 = CARTESIAN_POINT('',(-6.473118442175,-7.804947542847));
#2776 = CARTESIAN_POINT('',(-6.653299365562,-7.895837044671));
#2777 = CARTESIAN_POINT('',(-6.84093596505,-7.979541784642));
#2778 = CARTESIAN_POINT('',(-7.035459964957,-8.056261057444));
#2779 = CARTESIAN_POINT('',(-7.236432332169,-8.126089089463));
#2780 = CARTESIAN_POINT('',(-7.443467689327,-8.189077045361));
#2781 = CARTESIAN_POINT('',(-7.584149689572,-8.226190463605));
#2782 = CARTESIAN_POINT('',(-7.655377707533,-8.24364556219));
#2783 = ( GEOMETRIC_REPRESENTATION_CONTEXT(2) 
PARAMETRIC_REPRESENTATION_CONTEXT() REPRESENTATION_CONTEXT('2D SPACE',''
  ) );
#2784 = PCURVE('',#2785,#2802);
#2785 = SURFACE_OF_LINEAR_EXTRUSION('',#2786,#2800);
#2786 = B_SPLINE_CURVE_WITH_KNOTS('',3,(#2787,#2788,#2789,#2790,#2791,
    #2792,#2793,#2794,#2795,#2796,#2797,#2798,#2799),.UNSPECIFIED.,.F.,
  .F.,(4,1,1,1,1,1,1,1,1,1,4),(0.,0.186927563819,0.377660761138,
    0.572069250156,0.77014078192,0.971871396504,1.177259312061,
    1.386303573601,1.599003609573,1.815359050699,2.035369644546),
  .UNSPECIFIED.);
#2787 = CARTESIAN_POINT('',(-5.852424485141,-7.351962309593,-4.));
#2788 = CARTESIAN_POINT('',(-5.894502515471,-7.3982448375,-4.));
#2789 = CARTESIAN_POINT('',(-5.985852895666,-7.484987205346,-4.));
#2790 = CARTESIAN_POINT('',(-6.138349968481,-7.600058845286,-4.));
#2791 = CARTESIAN_POINT('',(-6.301045988483,-7.706610997451,-4.));
#2792 = CARTESIAN_POINT('',(-6.473118442175,-7.804947542847,-4.));
#2793 = CARTESIAN_POINT('',(-6.653299365562,-7.895837044671,-4.));
#2794 = CARTESIAN_POINT('',(-6.84093596505,-7.979541784642,-4.));
#2795 = CARTESIAN_POINT('',(-7.035459964957,-8.056261057444,-4.));
#2796 = CARTESIAN_POINT('',(-7.236432332169,-8.126089089463,-4.));
#2797 = CARTESIAN_POINT('',(-7.443467689327,-8.189077045361,-4.));
#2798 = CARTESIAN_POINT('',(-7.584149689572,-8.226190463605,-4.));
#2799 = CARTESIAN_POINT('',(-7.655377707533,-8.24364556219,-4.));
#2800 = VECTOR('',#2801,1.);
#2801 = DIRECTION('',(-0.,-0.,-1.));
#2802 = DEFINITIONAL_REPRESENTATION('',(#2803),#2807);
#2803 = LINE('',#2804,#2805);
#2804 = CARTESIAN_POINT('',(0.,-8.));
#2805 = VECTOR('',#2806,1.);
#2806 = DIRECTION('',(1.,0.));
#2807 = ( GEOMETRIC_REPRESENTATION_CONTEXT(2) 
PARAMETRIC_REPRESENTATION_CONTEXT() REPRESENTATION_CONTEXT('2D SPACE',''
  ) );
#2808 = ORIENTED_EDGE('',*,*,#2809,.T.);
#2809 = EDGE_CURVE('',#2750,#2810,#2812,.T.);
#2810 = VERTEX_POINT('',#2811);
#2811 = CARTESIAN_POINT('',(-5.254891919028,-6.601326924895,4.));
#2812 = SURFACE_CURVE('',#2813,(#2817,#2824),.PCURVE_S1.);
#2813 = LINE('',#2814,#2815);
#2814 = CARTESIAN_POINT('',(-5.852424485141,-7.351962309593,4.));
#2815 = VECTOR('',#2816,1.);
#2816 = DIRECTION('',(0.622802005218,0.782379487395,0.));
#2817 = PCURVE('',#90,#2818);
#2818 = DEFINITIONAL_REPRESENTATION('',(#2819),#2823);
#2819 = LINE('',#2820,#2821);
#2820 = CARTESIAN_POINT('',(-5.852424485141,-7.351962309593));
#2821 = VECTOR('',#2822,1.);
#2822 = DIRECTION('',(0.622802005218,0.782379487395));
#2823 = ( GEOMETRIC_REPRESENTATION_CONTEXT(2) 
PARAMETRIC_REPRESENTATION_CONTEXT() REPRESENTATION_CONTEXT('2D SPACE',''
  ) );
#2824 = PCURVE('',#2825,#2830);
#2825 = PLANE('',#2826);
#2826 = AXIS2_PLACEMENT_3D('',#2827,#2828,#2829);
#2827 = CARTESIAN_POINT('',(-5.852424485141,-7.351962309593,-4.));
#2828 = DIRECTION('',(-0.782379487395,0.622802005218,0.));
#2829 = DIRECTION('',(0.622802005218,0.782379487395,0.));
#2830 = DEFINITIONAL_REPRESENTATION('',(#2831),#2835);
#2831 = LINE('',#2832,#2833);
#2832 = CARTESIAN_POINT('',(0.,-8.));
#2833 = VECTOR('',#2834,1.);
#2834 = DIRECTION('',(1.,0.));
#2835 = ( GEOMETRIC_REPRESENTATION_CONTEXT(2) 
PARAMETRIC_REPRESENTATION_CONTEXT() REPRESENTATION_CONTEXT('2D SPACE',''
  ) );
#2836 = ORIENTED_EDGE('',*,*,#2837,.F.);
#2837 = EDGE_CURVE('',#2838,#2810,#2840,.T.);
#2838 = VERTEX_POINT('',#2839);
#2839 = CARTESIAN_POINT('',(-4.087870757045,-7.381105535331,4.));
#2840 = SURFACE_CURVE('',#2841,(#2846,#2857),.PCURVE_S1.);
#2841 = CIRCLE('',#2842,8.437500000001);
#2842 = AXIS2_PLACEMENT_3D('',#2843,#2844,#2845);
#2843 = CARTESIAN_POINT('',(7.116848579865E-13,1.153014714977E-12,4.));
#2844 = DIRECTION('',(0.,0.,-1.));
#2845 = DIRECTION('',(-0.48448838602,-0.874797693076,-0.));
#2846 = PCURVE('',#90,#2847);
#2847 = DEFINITIONAL_REPRESENTATION('',(#2848),#2856);
#2848 = ( BOUNDED_CURVE() B_SPLINE_CURVE(2,(#2849,#2850,#2851,#2852,
#2853,#2854,#2855),.UNSPECIFIED.,.T.,.F.) B_SPLINE_CURVE_WITH_KNOTS((1,2
    ,2,2,2,1),(-2.094395102393,0.,2.094395102393,4.188790204786,
6.28318530718,8.377580409573),.UNSPECIFIED.) CURVE() 
GEOMETRIC_REPRESENTATION_ITEM() RATIONAL_B_SPLINE_CURVE((1.,0.5,1.,0.5,
1.,0.5,1.)) REPRESENTATION_ITEM('') );
#2849 = CARTESIAN_POINT('',(-4.087870757045,-7.381105535331));
#2850 = CARTESIAN_POINT('',(-16.87232056026,-0.300705689354));
#2851 = CARTESIAN_POINT('',(-4.348289523089,7.230752690656));
#2852 = CARTESIAN_POINT('',(8.175741514091,14.762211070666));
#2853 = CARTESIAN_POINT('',(8.436160280135,0.150352844679));
#2854 = CARTESIAN_POINT('',(8.696579046179,-14.4615053813));
#2855 = CARTESIAN_POINT('',(-4.087870757045,-7.381105535331));
#2856 = ( GEOMETRIC_REPRESENTATION_CONTEXT(2) 
PARAMETRIC_REPRESENTATION_CONTEXT() REPRESENTATION_CONTEXT('2D SPACE',''
  ) );
#2857 = PCURVE('',#2858,#2863);
#2858 = CYLINDRICAL_SURFACE('',#2859,8.437500000001);
#2859 = AXIS2_PLACEMENT_3D('',#2860,#2861,#2862);
#2860 = CARTESIAN_POINT('',(7.928966916353E-13,1.098750702587E-12,-4.));
#2861 = DIRECTION('',(-0.,-0.,-1.));
#2862 = DIRECTION('',(-0.622802005218,-0.782379487395,0.));
#2863 = DEFINITIONAL_REPRESENTATION('',(#2864),#2868);
#2864 = LINE('',#2865,#2866);
#2865 = CARTESIAN_POINT('',(-6.449726080294,-8.));
#2866 = VECTOR('',#2867,1.);
#2867 = DIRECTION('',(1.,-0.));
#2868 = ( GEOMETRIC_REPRESENTATION_CONTEXT(2) 
PARAMETRIC_REPRESENTATION_CONTEXT() REPRESENTATION_CONTEXT('2D SPACE',''
  ) );
#2869 = ORIENTED_EDGE('',*,*,#2870,.F.);
#2870 = EDGE_CURVE('',#2871,#2838,#2873,.T.);
#2871 = VERTEX_POINT('',#2872);
#2872 = CARTESIAN_POINT('',(-4.552701611996,-8.220409368643,4.));
#2873 = SURFACE_CURVE('',#2874,(#2878,#2885),.PCURVE_S1.);
#2874 = LINE('',#2875,#2876);
#2875 = CARTESIAN_POINT('',(-4.552701611996,-8.220409368643,4.));
#2876 = VECTOR('',#2877,1.);
#2877 = DIRECTION('',(0.48448838602,0.874797693076,0.));
#2878 = PCURVE('',#90,#2879);
#2879 = DEFINITIONAL_REPRESENTATION('',(#2880),#2884);
#2880 = LINE('',#2881,#2882);
#2881 = CARTESIAN_POINT('',(-4.552701611996,-8.220409368643));
#2882 = VECTOR('',#2883,1.);
#2883 = DIRECTION('',(0.48448838602,0.874797693076));
#2884 = ( GEOMETRIC_REPRESENTATION_CONTEXT(2) 
PARAMETRIC_REPRESENTATION_CONTEXT() REPRESENTATION_CONTEXT('2D SPACE',''
  ) );
#2885 = PCURVE('',#2886,#2891);
#2886 = PLANE('',#2887);
#2887 = AXIS2_PLACEMENT_3D('',#2888,#2889,#2890);
#2888 = CARTESIAN_POINT('',(-4.552701611996,-8.220409368643,-4.));
#2889 = DIRECTION('',(-0.874797693076,0.48448838602,0.));
#2890 = DIRECTION('',(0.48448838602,0.874797693076,0.));
#2891 = DEFINITIONAL_REPRESENTATION('',(#2892),#2896);
#2892 = LINE('',#2893,#2894);
#2893 = CARTESIAN_POINT('',(0.,-8.));
#2894 = VECTOR('',#2895,1.);
#2895 = DIRECTION('',(1.,0.));
#2896 = ( GEOMETRIC_REPRESENTATION_CONTEXT(2) 
PARAMETRIC_REPRESENTATION_CONTEXT() REPRESENTATION_CONTEXT('2D SPACE',''
  ) );
#2897 = ORIENTED_EDGE('',*,*,#2898,.T.);
#2898 = EDGE_CURVE('',#2871,#2899,#2901,.T.);
#2899 = VERTEX_POINT('',#2900);
#2900 = CARTESIAN_POINT('',(-4.686549191015,-10.22735335657,4.));
#2901 = SURFACE_CURVE('',#2902,(#2916,#2933),.PCURVE_S1.);
#2902 = B_SPLINE_CURVE_WITH_KNOTS('',3,(#2903,#2904,#2905,#2906,#2907,
    #2908,#2909,#2910,#2911,#2912,#2913,#2914,#2915),.UNSPECIFIED.,.F.,
  .F.,(4,1,1,1,1,1,1,1,1,1,4),(0.,0.186927563819,0.377660761138,
    0.572069250156,0.77014078192,0.971871396504,1.177259312061,
    1.386303573601,1.599003609573,1.815359050699,2.035369644546),
  .UNSPECIFIED.);
#2903 = CARTESIAN_POINT('',(-4.552701611996,-8.220409368643,4.));
#2904 = CARTESIAN_POINT('',(-4.579358527169,-8.276995956271,4.));
#2905 = CARTESIAN_POINT('',(-4.624539748382,-8.39458756988,4.));
#2906 = CARTESIAN_POINT('',(-4.672493978045,-8.579512504362,4.));
#2907 = CARTESIAN_POINT('',(-4.708674259208,-8.770599770579,4.));
#2908 = CARTESIAN_POINT('',(-4.733676103603,-8.967205755373,4.));
#2909 = CARTESIAN_POINT('',(-4.74869479985,-9.168453129163,4.));
#2910 = CARTESIAN_POINT('',(-4.754222477954,-9.373839160178,4.));
#2911 = CARTESIAN_POINT('',(-4.750660731883,-9.582915096918,4.));
#2912 = CARTESIAN_POINT('',(-4.738264626166,-9.795311384554,4.));
#2913 = CARTESIAN_POINT('',(-4.717228908317,-10.01069156069,4.));
#2914 = CARTESIAN_POINT('',(-4.697680565088,-10.15486747159,4.));
#2915 = CARTESIAN_POINT('',(-4.686549191015,-10.22735335657,4.));
#2916 = PCURVE('',#90,#2917);
#2917 = DEFINITIONAL_REPRESENTATION('',(#2918),#2932);
#2918 = B_SPLINE_CURVE_WITH_KNOTS('',3,(#2919,#2920,#2921,#2922,#2923,
    #2924,#2925,#2926,#2927,#2928,#2929,#2930,#2931),.UNSPECIFIED.,.F.,
  .F.,(4,1,1,1,1,1,1,1,1,1,4),(0.,0.186927563819,0.377660761138,
    0.572069250156,0.77014078192,0.971871396504,1.177259312061,
    1.386303573601,1.599003609573,1.815359050699,2.035369644546),
  .UNSPECIFIED.);
#2919 = CARTESIAN_POINT('',(-4.552701611996,-8.220409368643));
#2920 = CARTESIAN_POINT('',(-4.579358527169,-8.276995956271));
#2921 = CARTESIAN_POINT('',(-4.624539748382,-8.39458756988));
#2922 = CARTESIAN_POINT('',(-4.672493978045,-8.579512504362));
#2923 = CARTESIAN_POINT('',(-4.708674259208,-8.770599770579));
#2924 = CARTESIAN_POINT('',(-4.733676103603,-8.967205755373));
#2925 = CARTESIAN_POINT('',(-4.74869479985,-9.168453129163));
#2926 = CARTESIAN_POINT('',(-4.754222477954,-9.373839160178));
#2927 = CARTESIAN_POINT('',(-4.750660731883,-9.582915096918));
#2928 = CARTESIAN_POINT('',(-4.738264626166,-9.795311384554));
#2929 = CARTESIAN_POINT('',(-4.717228908317,-10.01069156069));
#2930 = CARTESIAN_POINT('',(-4.697680565088,-10.15486747159));
#2931 = CARTESIAN_POINT('',(-4.686549191015,-10.22735335657));
#2932 = ( GEOMETRIC_REPRESENTATION_CONTEXT(2) 
PARAMETRIC_REPRESENTATION_CONTEXT() REPRESENTATION_CONTEXT('2D SPACE',''
  ) );
#2933 = PCURVE('',#2934,#2951);
#2934 = SURFACE_OF_LINEAR_EXTRUSION('',#2935,#2949);
#2935 = B_SPLINE_CURVE_WITH_KNOTS('',3,(#2936,#2937,#2938,#2939,#2940,
    #2941,#2942,#2943,#2944,#2945,#2946,#2947,#2948),.UNSPECIFIED.,.F.,
  .F.,(4,1,1,1,1,1,1,1,1,1,4),(0.,0.186927563819,0.377660761138,
    0.572069250156,0.77014078192,0.971871396504,1.177259312061,
    1.386303573601,1.599003609573,1.815359050699,2.035369644546),
  .UNSPECIFIED.);
#2936 = CARTESIAN_POINT('',(-4.552701611996,-8.220409368643,-4.));
#2937 = CARTESIAN_POINT('',(-4.579358527169,-8.276995956271,-4.));
#2938 = CARTESIAN_POINT('',(-4.624539748382,-8.39458756988,-4.));
#2939 = CARTESIAN_POINT('',(-4.672493978045,-8.579512504362,-4.));
#2940 = CARTESIAN_POINT('',(-4.708674259208,-8.770599770579,-4.));
#2941 = CARTESIAN_POINT('',(-4.733676103603,-8.967205755373,-4.));
#2942 = CARTESIAN_POINT('',(-4.74869479985,-9.168453129163,-4.));
#2943 = CARTESIAN_POINT('',(-4.754222477954,-9.373839160178,-4.));
#2944 = CARTESIAN_POINT('',(-4.750660731883,-9.582915096918,-4.));
#2945 = CARTESIAN_POINT('',(-4.738264626166,-9.795311384554,-4.));
#2946 = CARTESIAN_POINT('',(-4.717228908317,-10.01069156069,-4.));
#2947 = CARTESIAN_POINT('',(-4.697680565088,-10.15486747159,-4.));
#2948 = CARTESIAN_POINT('',(-4.686549191015,-10.22735335657,-4.));
#2949 = VECTOR('',#2950,1.);
#2950 = DIRECTION('',(-0.,-0.,-1.));
#2951 = DEFINITIONAL_REPRESENTATION('',(#2952),#2956);
#2952 = LINE('',#2953,#2954);
#2953 = CARTESIAN_POINT('',(0.,-8.));
#2954 = VECTOR('',#2955,1.);
#2955 = DIRECTION('',(1.,0.));
#2956 = ( GEOMETRIC_REPRESENTATION_CONTEXT(2) 
PARAMETRIC_REPRESENTATION_CONTEXT() REPRESENTATION_CONTEXT('2D SPACE',''
  ) );
#2957 = ORIENTED_EDGE('',*,*,#2958,.F.);
#2958 = EDGE_CURVE('',#2959,#2899,#2961,.T.);
#2959 = VERTEX_POINT('',#2960);
#2960 = CARTESIAN_POINT('',(-3.917940198693,-10.54572162535,4.));
#2961 = SURFACE_CURVE('',#2962,(#2967,#2978),.PCURVE_S1.);
#2962 = CIRCLE('',#2963,11.250000000019);
#2963 = AXIS2_PLACEMENT_3D('',#2964,#2965,#2966);
#2964 = CARTESIAN_POINT('',(7.096532294502E-12,1.799600004588E-11,4.));
#2965 = DIRECTION('',(0.,0.,-1.));
#2966 = DIRECTION('',(-0.348261350995,-0.937397477809,-0.));
#2967 = PCURVE('',#90,#2968);
#2968 = DEFINITIONAL_REPRESENTATION('',(#2969),#2977);
#2969 = ( BOUNDED_CURVE() B_SPLINE_CURVE(2,(#2970,#2971,#2972,#2973,
#2974,#2975,#2976),.UNSPECIFIED.,.T.,.F.) B_SPLINE_CURVE_WITH_KNOTS((1,2
    ,2,2,2,1),(-2.094395102393,0.,2.094395102393,4.188790204786,
6.28318530718,8.377580409573),.UNSPECIFIED.) CURVE() 
GEOMETRIC_REPRESENTATION_ITEM() RATIONAL_B_SPLINE_CURVE((1.,0.5,1.,0.5,
1.,0.5,1.)) REPRESENTATION_ITEM('') );
#2970 = CARTESIAN_POINT('',(-3.917940198693,-10.54572162535));
#2971 = CARTESIAN_POINT('',(-22.18366585631,-3.75965014019));
#2972 = CARTESIAN_POINT('',(-7.173892729454,8.665896555286));
#2973 = CARTESIAN_POINT('',(7.835880397407,21.091443250763));
#2974 = CARTESIAN_POINT('',(11.091832928168,1.879825070122));
#2975 = CARTESIAN_POINT('',(14.34778545893,-17.33179311051));
#2976 = CARTESIAN_POINT('',(-3.917940198693,-10.54572162535));
#2977 = ( GEOMETRIC_REPRESENTATION_CONTEXT(2) 
PARAMETRIC_REPRESENTATION_CONTEXT() REPRESENTATION_CONTEXT('2D SPACE',''
  ) );
#2978 = PCURVE('',#2979,#2984);
#2979 = CYLINDRICAL_SURFACE('',#2980,11.250000000019);
#2980 = AXIS2_PLACEMENT_3D('',#2981,#2982,#2983);
#2981 = CARTESIAN_POINT('',(7.707087558323E-12,1.774309977503E-11,-4.));
#2982 = DIRECTION('',(-0.,-0.,-1.));
#2983 = DIRECTION('',(-0.416582150312,-0.90909807614,0.));
#2984 = DEFINITIONAL_REPRESENTATION('',(#2985),#2989);
#2985 = LINE('',#2986,#2987);
#2986 = CARTESIAN_POINT('',(-6.357152067917,-8.));
#2987 = VECTOR('',#2988,1.);
#2988 = DIRECTION('',(1.,-0.));
#2989 = ( GEOMETRIC_REPRESENTATION_CONTEXT(2) 
PARAMETRIC_REPRESENTATION_CONTEXT() REPRESENTATION_CONTEXT('2D SPACE',''
  ) );
#2990 = ORIENTED_EDGE('',*,*,#2991,.F.);
#2991 = EDGE_CURVE('',#2992,#2959,#2994,.T.);
#2992 = VERTEX_POINT('',#2993);
#2993 = CARTESIAN_POINT('',(-2.593461026136,-9.031953391258,4.));
#2994 = SURFACE_CURVE('',#2995,(#3009,#3026),.PCURVE_S1.);
#2995 = B_SPLINE_CURVE_WITH_KNOTS('',3,(#2996,#2997,#2998,#2999,#3000,
    #3001,#3002,#3003,#3004,#3005,#3006,#3007,#3008),.UNSPECIFIED.,.F.,
  .F.,(4,1,1,1,1,1,1,1,1,1,4),(0.,0.186927563819,0.377660761138,
    0.572069250156,0.77014078192,0.971871396504,1.177259312061,
    1.386303573601,1.599003609573,1.815359050699,2.035369644546),
  .UNSPECIFIED.);
#2996 = CARTESIAN_POINT('',(-2.593461026136,-9.031953391258,4.));
#2997 = CARTESIAN_POINT('',(-2.614624500488,-9.090815436579,4.));
#2998 = CARTESIAN_POINT('',(-2.665826379978,-9.205913211874,4.));
#2999 = CARTESIAN_POINT('',(-2.76267929418,-9.370583648038,4.));
#3000 = CARTESIAN_POINT('',(-2.872215073765,-9.531286071934,4.));
#3001 = CARTESIAN_POINT('',(-2.993557525121,-9.687986470718,4.));
#3002 = CARTESIAN_POINT('',(-3.125241085863,-9.840909675382,4.));
#3003 = CARTESIAN_POINT('',(-3.266562282483,-9.990048189344,4.));
#3004 = CARTESIAN_POINT('',(-3.416919829935,-10.13536866719,4.));
#3005 = CARTESIAN_POINT('',(-3.575872055634,-10.27679015207,4.));
#3006 = CARTESIAN_POINT('',(-3.743043337458,-10.41421243641,4.));
#3007 = CARTESIAN_POINT('',(-3.858813867796,-10.50233743464,4.));
#3008 = CARTESIAN_POINT('',(-3.917940198693,-10.54572162535,4.));
#3009 = PCURVE('',#90,#3010);
#3010 = DEFINITIONAL_REPRESENTATION('',(#3011),#3025);
#3011 = B_SPLINE_CURVE_WITH_KNOTS('',3,(#3012,#3013,#3014,#3015,#3016,
    #3017,#3018,#3019,#3020,#3021,#3022,#3023,#3024),.UNSPECIFIED.,.F.,
  .F.,(4,1,1,1,1,1,1,1,1,1,4),(0.,0.186927563819,0.377660761138,
    0.572069250156,0.77014078192,0.971871396504,1.177259312061,
    1.386303573601,1.599003609573,1.815359050699,2.035369644546),
  .UNSPECIFIED.);
#3012 = CARTESIAN_POINT('',(-2.593461026136,-9.031953391258));
#3013 = CARTESIAN_POINT('',(-2.614624500488,-9.090815436579));
#3014 = CARTESIAN_POINT('',(-2.665826379978,-9.205913211874));
#3015 = CARTESIAN_POINT('',(-2.76267929418,-9.370583648038));
#3016 = CARTESIAN_POINT('',(-2.872215073765,-9.531286071934));
#3017 = CARTESIAN_POINT('',(-2.993557525121,-9.687986470718));
#3018 = CARTESIAN_POINT('',(-3.125241085863,-9.840909675382));
#3019 = CARTESIAN_POINT('',(-3.266562282483,-9.990048189344));
#3020 = CARTESIAN_POINT('',(-3.416919829935,-10.13536866719));
#3021 = CARTESIAN_POINT('',(-3.575872055634,-10.27679015207));
#3022 = CARTESIAN_POINT('',(-3.743043337458,-10.41421243641));
#3023 = CARTESIAN_POINT('',(-3.858813867796,-10.50233743464));
#3024 = CARTESIAN_POINT('',(-3.917940198693,-10.54572162535));
#3025 = ( GEOMETRIC_REPRESENTATION_CONTEXT(2) 
PARAMETRIC_REPRESENTATION_CONTEXT() REPRESENTATION_CONTEXT('2D SPACE',''
  ) );
#3026 = PCURVE('',#3027,#3044);
#3027 = SURFACE_OF_LINEAR_EXTRUSION('',#3028,#3042);
#3028 = B_SPLINE_CURVE_WITH_KNOTS('',3,(#3029,#3030,#3031,#3032,#3033,
    #3034,#3035,#3036,#3037,#3038,#3039,#3040,#3041),.UNSPECIFIED.,.F.,
  .F.,(4,1,1,1,1,1,1,1,1,1,4),(0.,0.186927563819,0.377660761138,
    0.572069250156,0.77014078192,0.971871396504,1.177259312061,
    1.386303573601,1.599003609573,1.815359050699,2.035369644546),
  .UNSPECIFIED.);
#3029 = CARTESIAN_POINT('',(-2.593461026136,-9.031953391258,-4.));
#3030 = CARTESIAN_POINT('',(-2.614624500488,-9.090815436579,-4.));
#3031 = CARTESIAN_POINT('',(-2.665826379978,-9.205913211874,-4.));
#3032 = CARTESIAN_POINT('',(-2.76267929418,-9.370583648038,-4.));
#3033 = CARTESIAN_POINT('',(-2.872215073765,-9.531286071934,-4.));
#3034 = CARTESIAN_POINT('',(-2.993557525121,-9.687986470718,-4.));
#3035 = CARTESIAN_POINT('',(-3.125241085863,-9.840909675382,-4.));
#3036 = CARTESIAN_POINT('',(-3.266562282483,-9.990048189344,-4.));
#3037 = CARTESIAN_POINT('',(-3.416919829935,-10.13536866719,-4.));
#3038 = CARTESIAN_POINT('',(-3.575872055634,-10.27679015207,-4.));
#3039 = CARTESIAN_POINT('',(-3.743043337458,-10.41421243641,-4.));
#3040 = CARTESIAN_POINT('',(-3.858813867796,-10.50233743464,-4.));
#3041 = CARTESIAN_POINT('',(-3.917940198693,-10.54572162535,-4.));
#3042 = VECTOR('',#3043,1.);
#3043 = DIRECTION('',(-0.,-0.,-1.));
#3044 = DEFINITIONAL_REPRESENTATION('',(#3045),#3049);
#3045 = LINE('',#3046,#3047);
#3046 = CARTESIAN_POINT('',(0.,-8.));
#3047 = VECTOR('',#3048,1.);
#3048 = DIRECTION('',(1.,0.));
#3049 = ( GEOMETRIC_REPRESENTATION_CONTEXT(2) 
PARAMETRIC_REPRESENTATION_CONTEXT() REPRESENTATION_CONTEXT('2D SPACE',''
  ) );
#3050 = ORIENTED_EDGE('',*,*,#3051,.T.);
#3051 = EDGE_CURVE('',#2992,#3052,#3054,.T.);
#3052 = VERTEX_POINT('',#3053);
#3053 = CARTESIAN_POINT('',(-2.328668643766,-8.109790909607,4.));
#3054 = SURFACE_CURVE('',#3055,(#3059,#3066),.PCURVE_S1.);
#3055 = LINE('',#3056,#3057);
#3056 = CARTESIAN_POINT('',(-2.593461026136,-9.031953391258,4.));
#3057 = VECTOR('',#3058,1.);
#3058 = DIRECTION('',(0.27599035778,0.961160404102,0.));
#3059 = PCURVE('',#90,#3060);
#3060 = DEFINITIONAL_REPRESENTATION('',(#3061),#3065);
#3061 = LINE('',#3062,#3063);
#3062 = CARTESIAN_POINT('',(-2.593461026136,-9.031953391258));
#3063 = VECTOR('',#3064,1.);
#3064 = DIRECTION('',(0.27599035778,0.961160404102));
#3065 = ( GEOMETRIC_REPRESENTATION_CONTEXT(2) 
PARAMETRIC_REPRESENTATION_CONTEXT() REPRESENTATION_CONTEXT('2D SPACE',''
  ) );
#3066 = PCURVE('',#3067,#3072);
#3067 = PLANE('',#3068);
#3068 = AXIS2_PLACEMENT_3D('',#3069,#3070,#3071);
#3069 = CARTESIAN_POINT('',(-2.593461026136,-9.031953391258,-4.));
#3070 = DIRECTION('',(-0.961160404102,0.27599035778,0.));
#3071 = DIRECTION('',(0.27599035778,0.961160404102,0.));
#3072 = DEFINITIONAL_REPRESENTATION('',(#3073),#3077);
#3073 = LINE('',#3074,#3075);
#3074 = CARTESIAN_POINT('',(0.,-8.));
#3075 = VECTOR('',#3076,1.);
#3076 = DIRECTION('',(1.,0.));
#3077 = ( GEOMETRIC_REPRESENTATION_CONTEXT(2) 
PARAMETRIC_REPRESENTATION_CONTEXT() REPRESENTATION_CONTEXT('2D SPACE',''
  ) );
#3078 = ORIENTED_EDGE('',*,*,#3079,.F.);
#3079 = EDGE_CURVE('',#3080,#3052,#3082,.T.);
#3080 = VERTEX_POINT('',#3081);
#3081 = CARTESIAN_POINT('',(-0.952073323075,-8.383612743769,4.));
#3082 = SURFACE_CURVE('',#3083,(#3088,#3099),.PCURVE_S1.);
#3083 = CIRCLE('',#3084,8.437500000001);
#3084 = AXIS2_PLACEMENT_3D('',#3085,#3086,#3087);
#3085 = CARTESIAN_POINT('',(2.16271445197E-13,1.337596700068E-12,4.));
#3086 = DIRECTION('',(0.,0.,-1.));
#3087 = DIRECTION('',(-0.112838319772,-0.993613362224,-0.));
#3088 = PCURVE('',#90,#3089);
#3089 = DEFINITIONAL_REPRESENTATION('',(#3090),#3098);
#3090 = ( BOUNDED_CURVE() B_SPLINE_CURVE(2,(#3091,#3092,#3093,#3094,
#3095,#3096,#3097),.UNSPECIFIED.,.T.,.F.) B_SPLINE_CURVE_WITH_KNOTS((1,2
    ,2,2,2,1),(-2.094395102393,0.,2.094395102393,4.188790204786,
6.28318530718,8.377580409573),.UNSPECIFIED.) CURVE() 
GEOMETRIC_REPRESENTATION_ITEM() RATIONAL_B_SPLINE_CURVE((1.,0.5,1.,0.5,
1.,0.5,1.)) REPRESENTATION_ITEM('') );
#3091 = CARTESIAN_POINT('',(-0.952073323075,-8.383612743769));
#3092 = CARTESIAN_POINT('',(-15.47291654626,-6.734573375671));
#3093 = CARTESIAN_POINT('',(-6.784384950058,5.016326055935));
#3094 = CARTESIAN_POINT('',(1.904146646151,16.767225487542));
#3095 = CARTESIAN_POINT('',(7.736458273134,3.367286687838));
#3096 = CARTESIAN_POINT('',(13.568769900117,-10.03265211186));
#3097 = CARTESIAN_POINT('',(-0.952073323075,-8.383612743769));
#3098 = ( GEOMETRIC_REPRESENTATION_CONTEXT(2) 
PARAMETRIC_REPRESENTATION_CONTEXT() REPRESENTATION_CONTEXT('2D SPACE',''
  ) );
#3099 = PCURVE('',#3100,#3105);
#3100 = CYLINDRICAL_SURFACE('',#3101,8.437500000001);
#3101 = AXIS2_PLACEMENT_3D('',#3102,#3103,#3104);
#3102 = CARTESIAN_POINT('',(3.120673346183E-13,1.318541712918E-12,-4.));
#3103 = DIRECTION('',(-0.,-0.,-1.));
#3104 = DIRECTION('',(-0.27599035778,-0.961160404102,0.));
#3105 = DEFINITIONAL_REPRESENTATION('',(#3106),#3110);
#3106 = LINE('',#3107,#3108);
#3107 = CARTESIAN_POINT('',(-6.449726080294,-8.));
#3108 = VECTOR('',#3109,1.);
#3109 = DIRECTION('',(1.,-0.));
#3110 = ( GEOMETRIC_REPRESENTATION_CONTEXT(2) 
PARAMETRIC_REPRESENTATION_CONTEXT() REPRESENTATION_CONTEXT('2D SPACE',''
  ) );
#3111 = ORIENTED_EDGE('',*,*,#3112,.F.);
#3112 = EDGE_CURVE('',#3113,#3080,#3115,.T.);
#3113 = VERTEX_POINT('',#3114);
#3114 = CARTESIAN_POINT('',(-1.060333364315,-9.336911443966,4.));
#3115 = SURFACE_CURVE('',#3116,(#3120,#3127),.PCURVE_S1.);
#3116 = LINE('',#3117,#3118);
#3117 = CARTESIAN_POINT('',(-1.060333364315,-9.336911443966,4.));
#3118 = VECTOR('',#3119,1.);
#3119 = DIRECTION('',(0.112838319772,0.993613362224,0.));
#3120 = PCURVE('',#90,#3121);
#3121 = DEFINITIONAL_REPRESENTATION('',(#3122),#3126);
#3122 = LINE('',#3123,#3124);
#3123 = CARTESIAN_POINT('',(-1.060333364315,-9.336911443966));
#3124 = VECTOR('',#3125,1.);
#3125 = DIRECTION('',(0.112838319772,0.993613362224));
#3126 = ( GEOMETRIC_REPRESENTATION_CONTEXT(2) 
PARAMETRIC_REPRESENTATION_CONTEXT() REPRESENTATION_CONTEXT('2D SPACE',''
  ) );
#3127 = PCURVE('',#3128,#3133);
#3128 = PLANE('',#3129);
#3129 = AXIS2_PLACEMENT_3D('',#3130,#3131,#3132);
#3130 = CARTESIAN_POINT('',(-1.060333364315,-9.336911443966,-4.));
#3131 = DIRECTION('',(-0.993613362224,0.112838319772,0.));
#3132 = DIRECTION('',(0.112838319772,0.993613362224,0.));
#3133 = DEFINITIONAL_REPRESENTATION('',(#3134),#3138);
#3134 = LINE('',#3135,#3136);
#3135 = CARTESIAN_POINT('',(0.,-8.));
#3136 = VECTOR('',#3137,1.);
#3137 = DIRECTION('',(1.,0.));
#3138 = ( GEOMETRIC_REPRESENTATION_CONTEXT(2) 
PARAMETRIC_REPRESENTATION_CONTEXT() REPRESENTATION_CONTEXT('2D SPACE',''
  ) );
#3139 = ORIENTED_EDGE('',*,*,#3140,.T.);
#3140 = EDGE_CURVE('',#3113,#3141,#3143,.T.);
#3141 = VERTEX_POINT('',#3142);
#3142 = CARTESIAN_POINT('',(-0.415968189182,-11.24230716826,4.));
#3143 = SURFACE_CURVE('',#3144,(#3158,#3175),.PCURVE_S1.);
#3144 = B_SPLINE_CURVE_WITH_KNOTS('',3,(#3145,#3146,#3147,#3148,#3149,
    #3150,#3151,#3152,#3153,#3154,#3155,#3156,#3157),.UNSPECIFIED.,.F.,
  .F.,(4,1,1,1,1,1,1,1,1,1,4),(0.,0.186927563819,0.377660761138,
    0.572069250156,0.77014078192,0.971871396504,1.177259312061,
    1.386303573601,1.599003609573,1.815359050699,2.035369644546),
  .UNSPECIFIED.);
#3145 = CARTESIAN_POINT('',(-1.060333364315,-9.336911443966,4.));
#3146 = CARTESIAN_POINT('',(-1.063306393064,-9.399391793885,4.));
#3147 = CARTESIAN_POINT('',(-1.060048036285,-9.525322383705,4.));
#3148 = CARTESIAN_POINT('',(-1.033584258909,-9.714522034928,4.));
#3149 = CARTESIAN_POINT('',(-0.993884549239,-9.904909243289,4.));
#3150 = CARTESIAN_POINT('',(-0.941745388467,-10.09611728023,4.));
#3151 = CARTESIAN_POINT('',(-0.878606818778,-10.28779301608,4.));
#3152 = CARTESIAN_POINT('',(-0.805115896132,-10.47966031723,4.));
#3153 = CARTESIAN_POINT('',(-0.72181537474,-10.67145827471,4.));
#3154 = CARTESIAN_POINT('',(-0.629082326011,-10.86294307335,4.));
#3155 = CARTESIAN_POINT('',(-0.527225431768,-11.0538783891,4.));
#3156 = CARTESIAN_POINT('',(-0.453991385117,-11.17959873517,4.));
#3157 = CARTESIAN_POINT('',(-0.415968189182,-11.24230716826,4.));
#3158 = PCURVE('',#90,#3159);
#3159 = DEFINITIONAL_REPRESENTATION('',(#3160),#3174);
#3160 = B_SPLINE_CURVE_WITH_KNOTS('',3,(#3161,#3162,#3163,#3164,#3165,
    #3166,#3167,#3168,#3169,#3170,#3171,#3172,#3173),.UNSPECIFIED.,.F.,
  .F.,(4,1,1,1,1,1,1,1,1,1,4),(0.,0.186927563819,0.377660761138,
    0.572069250156,0.77014078192,0.971871396504,1.177259312061,
    1.386303573601,1.599003609573,1.815359050699,2.035369644546),
  .UNSPECIFIED.);
#3161 = CARTESIAN_POINT('',(-1.060333364315,-9.336911443966));
#3162 = CARTESIAN_POINT('',(-1.063306393064,-9.399391793885));
#3163 = CARTESIAN_POINT('',(-1.060048036285,-9.525322383705));
#3164 = CARTESIAN_POINT('',(-1.033584258909,-9.714522034928));
#3165 = CARTESIAN_POINT('',(-0.993884549239,-9.904909243289));
#3166 = CARTESIAN_POINT('',(-0.941745388467,-10.09611728023));
#3167 = CARTESIAN_POINT('',(-0.878606818778,-10.28779301608));
#3168 = CARTESIAN_POINT('',(-0.805115896132,-10.47966031723));
#3169 = CARTESIAN_POINT('',(-0.72181537474,-10.67145827471));
#3170 = CARTESIAN_POINT('',(-0.629082326011,-10.86294307335));
#3171 = CARTESIAN_POINT('',(-0.527225431768,-11.0538783891));
#3172 = CARTESIAN_POINT('',(-0.453991385117,-11.17959873517));
#3173 = CARTESIAN_POINT('',(-0.415968189182,-11.24230716826));
#3174 = ( GEOMETRIC_REPRESENTATION_CONTEXT(2) 
PARAMETRIC_REPRESENTATION_CONTEXT() REPRESENTATION_CONTEXT('2D SPACE',''
  ) );
#3175 = PCURVE('',#3176,#3193);
#3176 = SURFACE_OF_LINEAR_EXTRUSION('',#3177,#3191);
#3177 = B_SPLINE_CURVE_WITH_KNOTS('',3,(#3178,#3179,#3180,#3181,#3182,
    #3183,#3184,#3185,#3186,#3187,#3188,#3189,#3190),.UNSPECIFIED.,.F.,
  .F.,(4,1,1,1,1,1,1,1,1,1,4),(0.,0.186927563819,0.377660761138,
    0.572069250156,0.77014078192,0.971871396504,1.177259312061,
    1.386303573601,1.599003609573,1.815359050699,2.035369644546),
  .UNSPECIFIED.);
#3178 = CARTESIAN_POINT('',(-1.060333364315,-9.336911443966,-4.));
#3179 = CARTESIAN_POINT('',(-1.063306393064,-9.399391793885,-4.));
#3180 = CARTESIAN_POINT('',(-1.060048036285,-9.525322383705,-4.));
#3181 = CARTESIAN_POINT('',(-1.033584258909,-9.714522034928,-4.));
#3182 = CARTESIAN_POINT('',(-0.993884549239,-9.904909243289,-4.));
#3183 = CARTESIAN_POINT('',(-0.941745388467,-10.09611728023,-4.));
#3184 = CARTESIAN_POINT('',(-0.878606818778,-10.28779301608,-4.));
#3185 = CARTESIAN_POINT('',(-0.805115896132,-10.47966031723,-4.));
#3186 = CARTESIAN_POINT('',(-0.72181537474,-10.67145827471,-4.));
#3187 = CARTESIAN_POINT('',(-0.629082326011,-10.86294307335,-4.));
#3188 = CARTESIAN_POINT('',(-0.527225431768,-11.0538783891,-4.));
#3189 = CARTESIAN_POINT('',(-0.453991385117,-11.17959873517,-4.));
#3190 = CARTESIAN_POINT('',(-0.415968189182,-11.24230716826,-4.));
#3191 = VECTOR('',#3192,1.);
#3192 = DIRECTION('',(-0.,-0.,-1.));
#3193 = DEFINITIONAL_REPRESENTATION('',(#3194),#3198);
#3194 = LINE('',#3195,#3196);
#3195 = CARTESIAN_POINT('',(0.,-8.));
#3196 = VECTOR('',#3197,1.);
#3197 = DIRECTION('',(1.,0.));
#3198 = ( GEOMETRIC_REPRESENTATION_CONTEXT(2) 
PARAMETRIC_REPRESENTATION_CONTEXT() REPRESENTATION_CONTEXT('2D SPACE',''
  ) );
#3199 = ORIENTED_EDGE('',*,*,#3200,.F.);
#3200 = EDGE_CURVE('',#3201,#3141,#3203,.T.);
#3201 = VERTEX_POINT('',#3202);
#3202 = CARTESIAN_POINT('',(0.415968189182,-11.24230716826,4.));
#3203 = SURFACE_CURVE('',#3204,(#3209,#3220),.PCURVE_S1.);
#3204 = CIRCLE('',#3205,11.250000000019);
#3205 = AXIS2_PLACEMENT_3D('',#3206,#3207,#3208);
#3206 = CARTESIAN_POINT('',(-3.304301277041E-13,1.934186144581E-11,4.));
#3207 = DIRECTION('',(0.,0.,-1.));
#3208 = DIRECTION('',(3.697495014948E-02,-0.999316192735,0.));
#3209 = PCURVE('',#90,#3210);
#3210 = DEFINITIONAL_REPRESENTATION('',(#3211),#3219);
#3211 = ( BOUNDED_CURVE() B_SPLINE_CURVE(2,(#3212,#3213,#3214,#3215,
#3216,#3217,#3218),.UNSPECIFIED.,.T.,.F.) B_SPLINE_CURVE_WITH_KNOTS((1,2
    ,2,2,2,1),(-2.094395102393,0.,2.094395102393,4.188790204786,
6.28318530718,8.377580409573),.UNSPECIFIED.) CURVE() 
GEOMETRIC_REPRESENTATION_ITEM() RATIONAL_B_SPLINE_CURVE((1.,0.5,1.,0.5,
1.,0.5,1.)) REPRESENTATION_ITEM('') );
#3212 = CARTESIAN_POINT('',(0.415968189182,-11.24230716826));
#3213 = CARTESIAN_POINT('',(-19.05627902058,-11.96278520626));
#3214 = CARTESIAN_POINT('',(-9.944107699472,5.260914565163));
#3215 = CARTESIAN_POINT('',(-0.831936378365,22.484614336585));
#3216 = CARTESIAN_POINT('',(9.528139510289,5.981392603159));
#3217 = CARTESIAN_POINT('',(19.888215398944,-10.52182913026));
#3218 = CARTESIAN_POINT('',(0.415968189182,-11.24230716826));
#3219 = ( GEOMETRIC_REPRESENTATION_CONTEXT(2) 
PARAMETRIC_REPRESENTATION_CONTEXT() REPRESENTATION_CONTEXT('2D SPACE',''
  ) );
#3220 = PCURVE('',#3221,#3226);
#3221 = CYLINDRICAL_SURFACE('',#3222,11.250000000019);
#3222 = AXIS2_PLACEMENT_3D('',#3223,#3224,#3225);
#3223 = CARTESIAN_POINT('',(3.304301277041E-13,1.934186144581E-11,-4.));
#3224 = DIRECTION('',(-0.,-0.,-1.));
#3225 = DIRECTION('',(-3.697495014948E-02,-0.999316192735,0.));
#3226 = DEFINITIONAL_REPRESENTATION('',(#3227),#3231);
#3227 = LINE('',#3228,#3229);
#3228 = CARTESIAN_POINT('',(-6.357152067917,-8.));
#3229 = VECTOR('',#3230,1.);
#3230 = DIRECTION('',(1.,-0.));
#3231 = ( GEOMETRIC_REPRESENTATION_CONTEXT(2) 
PARAMETRIC_REPRESENTATION_CONTEXT() REPRESENTATION_CONTEXT('2D SPACE',''
  ) );
#3232 = ORIENTED_EDGE('',*,*,#3233,.F.);
#3233 = EDGE_CURVE('',#3234,#3201,#3236,.T.);
#3234 = VERTEX_POINT('',#3235);
#3235 = CARTESIAN_POINT('',(1.060333364315,-9.336911443966,4.));
#3236 = SURFACE_CURVE('',#3237,(#3251,#3268),.PCURVE_S1.);
#3237 = B_SPLINE_CURVE_WITH_KNOTS('',3,(#3238,#3239,#3240,#3241,#3242,
    #3243,#3244,#3245,#3246,#3247,#3248,#3249,#3250),.UNSPECIFIED.,.F.,
  .F.,(4,1,1,1,1,1,1,1,1,1,4),(0.,0.186927563819,0.377660761138,
    0.572069250156,0.77014078192,0.971871396504,1.177259312061,
    1.386303573601,1.599003609573,1.815359050699,2.035369644546),
  .UNSPECIFIED.);
#3238 = CARTESIAN_POINT('',(1.060333364315,-9.336911443966,4.));
#3239 = CARTESIAN_POINT('',(1.063306393064,-9.399391793885,4.));
#3240 = CARTESIAN_POINT('',(1.060048036285,-9.525322383705,4.));
#3241 = CARTESIAN_POINT('',(1.033584258909,-9.714522034928,4.));
#3242 = CARTESIAN_POINT('',(0.993884549239,-9.904909243289,4.));
#3243 = CARTESIAN_POINT('',(0.941745388467,-10.09611728023,4.));
#3244 = CARTESIAN_POINT('',(0.878606818778,-10.28779301608,4.));
#3245 = CARTESIAN_POINT('',(0.805115896132,-10.47966031723,4.));
#3246 = CARTESIAN_POINT('',(0.72181537474,-10.67145827471,4.));
#3247 = CARTESIAN_POINT('',(0.629082326011,-10.86294307335,4.));
#3248 = CARTESIAN_POINT('',(0.527225431768,-11.0538783891,4.));
#3249 = CARTESIAN_POINT('',(0.453991385117,-11.17959873517,4.));
#3250 = CARTESIAN_POINT('',(0.415968189182,-11.24230716826,4.));
#3251 = PCURVE('',#90,#3252);
#3252 = DEFINITIONAL_REPRESENTATION('',(#3253),#3267);
#3253 = B_SPLINE_CURVE_WITH_KNOTS('',3,(#3254,#3255,#3256,#3257,#3258,
    #3259,#3260,#3261,#3262,#3263,#3264,#3265,#3266),.UNSPECIFIED.,.F.,
  .F.,(4,1,1,1,1,1,1,1,1,1,4),(0.,0.186927563819,0.377660761138,
    0.572069250156,0.77014078192,0.971871396504,1.177259312061,
    1.386303573601,1.599003609573,1.815359050699,2.035369644546),
  .UNSPECIFIED.);
#3254 = CARTESIAN_POINT('',(1.060333364315,-9.336911443966));
#3255 = CARTESIAN_POINT('',(1.063306393064,-9.399391793885));
#3256 = CARTESIAN_POINT('',(1.060048036285,-9.525322383705));
#3257 = CARTESIAN_POINT('',(1.033584258909,-9.714522034928));
#3258 = CARTESIAN_POINT('',(0.993884549239,-9.904909243289));
#3259 = CARTESIAN_POINT('',(0.941745388467,-10.09611728023));
#3260 = CARTESIAN_POINT('',(0.878606818778,-10.28779301608));
#3261 = CARTESIAN_POINT('',(0.805115896132,-10.47966031723));
#3262 = CARTESIAN_POINT('',(0.72181537474,-10.67145827471));
#3263 = CARTESIAN_POINT('',(0.629082326011,-10.86294307335));
#3264 = CARTESIAN_POINT('',(0.527225431768,-11.0538783891));
#3265 = CARTESIAN_POINT('',(0.453991385117,-11.17959873517));
#3266 = CARTESIAN_POINT('',(0.415968189182,-11.24230716826));
#3267 = ( GEOMETRIC_REPRESENTATION_CONTEXT(2) 
PARAMETRIC_REPRESENTATION_CONTEXT() REPRESENTATION_CONTEXT('2D SPACE',''
  ) );
#3268 = PCURVE('',#3269,#3286);
#3269 = SURFACE_OF_LINEAR_EXTRUSION('',#3270,#3284);
#3270 = B_SPLINE_CURVE_WITH_KNOTS('',3,(#3271,#3272,#3273,#3274,#3275,
    #3276,#3277,#3278,#3279,#3280,#3281,#3282,#3283),.UNSPECIFIED.,.F.,
  .F.,(4,1,1,1,1,1,1,1,1,1,4),(0.,0.186927563819,0.377660761138,
    0.572069250156,0.77014078192,0.971871396504,1.177259312061,
    1.386303573601,1.599003609573,1.815359050699,2.035369644546),
  .UNSPECIFIED.);
#3271 = CARTESIAN_POINT('',(1.060333364315,-9.336911443966,-4.));
#3272 = CARTESIAN_POINT('',(1.063306393064,-9.399391793885,-4.));
#3273 = CARTESIAN_POINT('',(1.060048036285,-9.525322383705,-4.));
#3274 = CARTESIAN_POINT('',(1.033584258909,-9.714522034928,-4.));
#3275 = CARTESIAN_POINT('',(0.993884549239,-9.904909243289,-4.));
#3276 = CARTESIAN_POINT('',(0.941745388467,-10.09611728023,-4.));
#3277 = CARTESIAN_POINT('',(0.878606818778,-10.28779301608,-4.));
#3278 = CARTESIAN_POINT('',(0.805115896132,-10.47966031723,-4.));
#3279 = CARTESIAN_POINT('',(0.72181537474,-10.67145827471,-4.));
#3280 = CARTESIAN_POINT('',(0.629082326011,-10.86294307335,-4.));
#3281 = CARTESIAN_POINT('',(0.527225431768,-11.0538783891,-4.));
#3282 = CARTESIAN_POINT('',(0.453991385117,-11.17959873517,-4.));
#3283 = CARTESIAN_POINT('',(0.415968189182,-11.24230716826,-4.));
#3284 = VECTOR('',#3285,1.);
#3285 = DIRECTION('',(-0.,-0.,-1.));
#3286 = DEFINITIONAL_REPRESENTATION('',(#3287),#3291);
#3287 = LINE('',#3288,#3289);
#3288 = CARTESIAN_POINT('',(0.,-8.));
#3289 = VECTOR('',#3290,1.);
#3290 = DIRECTION('',(1.,0.));
#3291 = ( GEOMETRIC_REPRESENTATION_CONTEXT(2) 
PARAMETRIC_REPRESENTATION_CONTEXT() REPRESENTATION_CONTEXT('2D SPACE',''
  ) );
#3292 = ORIENTED_EDGE('',*,*,#3293,.T.);
#3293 = EDGE_CURVE('',#3234,#3294,#3296,.T.);
#3294 = VERTEX_POINT('',#3295);
#3295 = CARTESIAN_POINT('',(0.952073323075,-8.383612743769,4.));
#3296 = SURFACE_CURVE('',#3297,(#3301,#3308),.PCURVE_S1.);
#3297 = LINE('',#3298,#3299);
#3298 = CARTESIAN_POINT('',(1.060333364315,-9.336911443966,4.));
#3299 = VECTOR('',#3300,1.);
#3300 = DIRECTION('',(-0.112838319772,0.993613362224,0.));
#3301 = PCURVE('',#90,#3302);
#3302 = DEFINITIONAL_REPRESENTATION('',(#3303),#3307);
#3303 = LINE('',#3304,#3305);
#3304 = CARTESIAN_POINT('',(1.060333364315,-9.336911443966));
#3305 = VECTOR('',#3306,1.);
#3306 = DIRECTION('',(-0.112838319772,0.993613362224));
#3307 = ( GEOMETRIC_REPRESENTATION_CONTEXT(2) 
PARAMETRIC_REPRESENTATION_CONTEXT() REPRESENTATION_CONTEXT('2D SPACE',''
  ) );
#3308 = PCURVE('',#3309,#3314);
#3309 = PLANE('',#3310);
#3310 = AXIS2_PLACEMENT_3D('',#3311,#3312,#3313);
#3311 = CARTESIAN_POINT('',(1.060333364315,-9.336911443966,-4.));
#3312 = DIRECTION('',(-0.993613362224,-0.112838319772,0.));
#3313 = DIRECTION('',(-0.112838319772,0.993613362224,0.));
#3314 = DEFINITIONAL_REPRESENTATION('',(#3315),#3319);
#3315 = LINE('',#3316,#3317);
#3316 = CARTESIAN_POINT('',(0.,-8.));
#3317 = VECTOR('',#3318,1.);
#3318 = DIRECTION('',(1.,0.));
#3319 = ( GEOMETRIC_REPRESENTATION_CONTEXT(2) 
PARAMETRIC_REPRESENTATION_CONTEXT() REPRESENTATION_CONTEXT('2D SPACE',''
  ) );
#3320 = ORIENTED_EDGE('',*,*,#3321,.F.);
#3321 = EDGE_CURVE('',#3322,#3294,#3324,.T.);
#3322 = VERTEX_POINT('',#3323);
#3323 = CARTESIAN_POINT('',(2.328668643766,-8.109790909607,4.));
#3324 = SURFACE_CURVE('',#3325,(#3330,#3341),.PCURVE_S1.);
#3325 = CIRCLE('',#3326,8.437500000001);
#3326 = AXIS2_PLACEMENT_3D('',#3327,#3328,#3329);
#3327 = CARTESIAN_POINT('',(-3.120673346183E-13,1.318541712918E-12,4.));
#3328 = DIRECTION('',(0.,0.,-1.));
#3329 = DIRECTION('',(0.27599035778,-0.961160404102,0.));
#3330 = PCURVE('',#90,#3331);
#3331 = DEFINITIONAL_REPRESENTATION('',(#3332),#3340);
#3332 = ( BOUNDED_CURVE() B_SPLINE_CURVE(2,(#3333,#3334,#3335,#3336,
#3337,#3338,#3339),.UNSPECIFIED.,.T.,.F.) B_SPLINE_CURVE_WITH_KNOTS((1,2
    ,2,2,2,1),(-2.094395102393,0.,2.094395102393,4.188790204786,
6.28318530718,8.377580409573),.UNSPECIFIED.) CURVE() 
GEOMETRIC_REPRESENTATION_ITEM() RATIONAL_B_SPLINE_CURVE((1.,0.5,1.,0.5,
1.,0.5,1.)) REPRESENTATION_ITEM('') );
#3333 = CARTESIAN_POINT('',(2.328668643766,-8.109790909607));
#3334 = CARTESIAN_POINT('',(-11.71790125043,-12.1431633146));
#3335 = CARTESIAN_POINT('',(-8.187619268984,2.038209252308));
#3336 = CARTESIAN_POINT('',(-4.657337287533,16.219581819218));
#3337 = CARTESIAN_POINT('',(5.858950625217,6.071581657303));
#3338 = CARTESIAN_POINT('',(16.375238537967,-4.076418504611));
#3339 = CARTESIAN_POINT('',(2.328668643766,-8.109790909607));
#3340 = ( GEOMETRIC_REPRESENTATION_CONTEXT(2) 
PARAMETRIC_REPRESENTATION_CONTEXT() REPRESENTATION_CONTEXT('2D SPACE',''
  ) );
#3341 = PCURVE('',#3342,#3347);
#3342 = CYLINDRICAL_SURFACE('',#3343,8.437500000001);
#3343 = AXIS2_PLACEMENT_3D('',#3344,#3345,#3346);
#3344 = CARTESIAN_POINT('',(-2.16271445197E-13,1.337596700068E-12,-4.));
#3345 = DIRECTION('',(0.,-0.,-1.));
#3346 = DIRECTION('',(0.112838319772,-0.993613362224,0.));
#3347 = DEFINITIONAL_REPRESENTATION('',(#3348),#3352);
#3348 = LINE('',#3349,#3350);
#3349 = CARTESIAN_POINT('',(-6.449726080294,-8.));
#3350 = VECTOR('',#3351,1.);
#3351 = DIRECTION('',(1.,-0.));
#3352 = ( GEOMETRIC_REPRESENTATION_CONTEXT(2) 
PARAMETRIC_REPRESENTATION_CONTEXT() REPRESENTATION_CONTEXT('2D SPACE',''
  ) );
#3353 = ORIENTED_EDGE('',*,*,#3354,.F.);
#3354 = EDGE_CURVE('',#3355,#3322,#3357,.T.);
#3355 = VERTEX_POINT('',#3356);
#3356 = CARTESIAN_POINT('',(2.593461026136,-9.031953391258,4.));
#3357 = SURFACE_CURVE('',#3358,(#3362,#3369),.PCURVE_S1.);
#3358 = LINE('',#3359,#3360);
#3359 = CARTESIAN_POINT('',(2.593461026136,-9.031953391258,4.));
#3360 = VECTOR('',#3361,1.);
#3361 = DIRECTION('',(-0.27599035778,0.961160404102,0.));
#3362 = PCURVE('',#90,#3363);
#3363 = DEFINITIONAL_REPRESENTATION('',(#3364),#3368);
#3364 = LINE('',#3365,#3366);
#3365 = CARTESIAN_POINT('',(2.593461026136,-9.031953391258));
#3366 = VECTOR('',#3367,1.);
#3367 = DIRECTION('',(-0.27599035778,0.961160404102));
#3368 = ( GEOMETRIC_REPRESENTATION_CONTEXT(2) 
PARAMETRIC_REPRESENTATION_CONTEXT() REPRESENTATION_CONTEXT('2D SPACE',''
  ) );
#3369 = PCURVE('',#3370,#3375);
#3370 = PLANE('',#3371);
#3371 = AXIS2_PLACEMENT_3D('',#3372,#3373,#3374);
#3372 = CARTESIAN_POINT('',(2.593461026136,-9.031953391258,-4.));
#3373 = DIRECTION('',(-0.961160404102,-0.27599035778,0.));
#3374 = DIRECTION('',(-0.27599035778,0.961160404102,0.));
#3375 = DEFINITIONAL_REPRESENTATION('',(#3376),#3380);
#3376 = LINE('',#3377,#3378);
#3377 = CARTESIAN_POINT('',(0.,-8.));
#3378 = VECTOR('',#3379,1.);
#3379 = DIRECTION('',(1.,0.));
#3380 = ( GEOMETRIC_REPRESENTATION_CONTEXT(2) 
PARAMETRIC_REPRESENTATION_CONTEXT() REPRESENTATION_CONTEXT('2D SPACE',''
  ) );
#3381 = ORIENTED_EDGE('',*,*,#3382,.T.);
#3382 = EDGE_CURVE('',#3355,#3383,#3385,.T.);
#3383 = VERTEX_POINT('',#3384);
#3384 = CARTESIAN_POINT('',(3.917940198693,-10.54572162535,4.));
#3385 = SURFACE_CURVE('',#3386,(#3400,#3417),.PCURVE_S1.);
#3386 = B_SPLINE_CURVE_WITH_KNOTS('',3,(#3387,#3388,#3389,#3390,#3391,
    #3392,#3393,#3394,#3395,#3396,#3397,#3398,#3399),.UNSPECIFIED.,.F.,
  .F.,(4,1,1,1,1,1,1,1,1,1,4),(0.,0.186927563819,0.377660761138,
    0.572069250156,0.77014078192,0.971871396504,1.177259312061,
    1.386303573601,1.599003609573,1.815359050699,2.035369644546),
  .UNSPECIFIED.);
#3387 = CARTESIAN_POINT('',(2.593461026136,-9.031953391258,4.));
#3388 = CARTESIAN_POINT('',(2.614624500488,-9.090815436579,4.));
#3389 = CARTESIAN_POINT('',(2.665826379978,-9.205913211874,4.));
#3390 = CARTESIAN_POINT('',(2.76267929418,-9.370583648038,4.));
#3391 = CARTESIAN_POINT('',(2.872215073765,-9.531286071934,4.));
#3392 = CARTESIAN_POINT('',(2.993557525121,-9.687986470718,4.));
#3393 = CARTESIAN_POINT('',(3.125241085863,-9.840909675382,4.));
#3394 = CARTESIAN_POINT('',(3.266562282483,-9.990048189344,4.));
#3395 = CARTESIAN_POINT('',(3.416919829935,-10.13536866719,4.));
#3396 = CARTESIAN_POINT('',(3.575872055634,-10.27679015207,4.));
#3397 = CARTESIAN_POINT('',(3.743043337458,-10.41421243641,4.));
#3398 = CARTESIAN_POINT('',(3.858813867796,-10.50233743464,4.));
#3399 = CARTESIAN_POINT('',(3.917940198693,-10.54572162535,4.));
#3400 = PCURVE('',#90,#3401);
#3401 = DEFINITIONAL_REPRESENTATION('',(#3402),#3416);
#3402 = B_SPLINE_CURVE_WITH_KNOTS('',3,(#3403,#3404,#3405,#3406,#3407,
    #3408,#3409,#3410,#3411,#3412,#3413,#3414,#3415),.UNSPECIFIED.,.F.,
  .F.,(4,1,1,1,1,1,1,1,1,1,4),(0.,0.186927563819,0.377660761138,
    0.572069250156,0.77014078192,0.971871396504,1.177259312061,
    1.386303573601,1.599003609573,1.815359050699,2.035369644546),
  .UNSPECIFIED.);
#3403 = CARTESIAN_POINT('',(2.593461026136,-9.031953391258));
#3404 = CARTESIAN_POINT('',(2.614624500488,-9.090815436579));
#3405 = CARTESIAN_POINT('',(2.665826379978,-9.205913211874));
#3406 = CARTESIAN_POINT('',(2.76267929418,-9.370583648038));
#3407 = CARTESIAN_POINT('',(2.872215073765,-9.531286071934));
#3408 = CARTESIAN_POINT('',(2.993557525121,-9.687986470718));
#3409 = CARTESIAN_POINT('',(3.125241085863,-9.840909675382));
#3410 = CARTESIAN_POINT('',(3.266562282483,-9.990048189344));
#3411 = CARTESIAN_POINT('',(3.416919829935,-10.13536866719));
#3412 = CARTESIAN_POINT('',(3.575872055634,-10.27679015207));
#3413 = CARTESIAN_POINT('',(3.743043337458,-10.41421243641));
#3414 = CARTESIAN_POINT('',(3.858813867796,-10.50233743464));
#3415 = CARTESIAN_POINT('',(3.917940198693,-10.54572162535));
#3416 = ( GEOMETRIC_REPRESENTATION_CONTEXT(2) 
PARAMETRIC_REPRESENTATION_CONTEXT() REPRESENTATION_CONTEXT('2D SPACE',''
  ) );
#3417 = PCURVE('',#3418,#3435);
#3418 = SURFACE_OF_LINEAR_EXTRUSION('',#3419,#3433);
#3419 = B_SPLINE_CURVE_WITH_KNOTS('',3,(#3420,#3421,#3422,#3423,#3424,
    #3425,#3426,#3427,#3428,#3429,#3430,#3431,#3432),.UNSPECIFIED.,.F.,
  .F.,(4,1,1,1,1,1,1,1,1,1,4),(0.,0.186927563819,0.377660761138,
    0.572069250156,0.77014078192,0.971871396504,1.177259312061,
    1.386303573601,1.599003609573,1.815359050699,2.035369644546),
  .UNSPECIFIED.);
#3420 = CARTESIAN_POINT('',(2.593461026136,-9.031953391258,-4.));
#3421 = CARTESIAN_POINT('',(2.614624500488,-9.090815436579,-4.));
#3422 = CARTESIAN_POINT('',(2.665826379978,-9.205913211874,-4.));
#3423 = CARTESIAN_POINT('',(2.76267929418,-9.370583648038,-4.));
#3424 = CARTESIAN_POINT('',(2.872215073765,-9.531286071934,-4.));
#3425 = CARTESIAN_POINT('',(2.993557525121,-9.687986470718,-4.));
#3426 = CARTESIAN_POINT('',(3.125241085863,-9.840909675382,-4.));
#3427 = CARTESIAN_POINT('',(3.266562282483,-9.990048189344,-4.));
#3428 = CARTESIAN_POINT('',(3.416919829935,-10.13536866719,-4.));
#3429 = CARTESIAN_POINT('',(3.575872055634,-10.27679015207,-4.));
#3430 = CARTESIAN_POINT('',(3.743043337458,-10.41421243641,-4.));
#3431 = CARTESIAN_POINT('',(3.858813867796,-10.50233743464,-4.));
#3432 = CARTESIAN_POINT('',(3.917940198693,-10.54572162535,-4.));
#3433 = VECTOR('',#3434,1.);
#3434 = DIRECTION('',(-0.,-0.,-1.));
#3435 = DEFINITIONAL_REPRESENTATION('',(#3436),#3440);
#3436 = LINE('',#3437,#3438);
#3437 = CARTESIAN_POINT('',(0.,-8.));
#3438 = VECTOR('',#3439,1.);
#3439 = DIRECTION('',(1.,0.));
#3440 = ( GEOMETRIC_REPRESENTATION_CONTEXT(2) 
PARAMETRIC_REPRESENTATION_CONTEXT() REPRESENTATION_CONTEXT('2D SPACE',''
  ) );
#3441 = ORIENTED_EDGE('',*,*,#3442,.F.);
#3442 = EDGE_CURVE('',#3443,#3383,#3445,.T.);
#3443 = VERTEX_POINT('',#3444);
#3444 = CARTESIAN_POINT('',(4.686549191015,-10.22735335657,4.));
#3445 = SURFACE_CURVE('',#3446,(#3451,#3462),.PCURVE_S1.);
#3446 = CIRCLE('',#3447,11.250000000019);
#3447 = AXIS2_PLACEMENT_3D('',#3448,#3449,#3450);
#3448 = CARTESIAN_POINT('',(-7.707087558323E-12,1.774309977503E-11,4.));
#3449 = DIRECTION('',(0.,0.,-1.));
#3450 = DIRECTION('',(0.416582150312,-0.90909807614,0.));
#3451 = PCURVE('',#90,#3452);
#3452 = DEFINITIONAL_REPRESENTATION('',(#3453),#3461);
#3453 = ( BOUNDED_CURVE() B_SPLINE_CURVE(2,(#3454,#3455,#3456,#3457,
#3458,#3459,#3460),.UNSPECIFIED.,.T.,.F.) B_SPLINE_CURVE_WITH_KNOTS((1,2
    ,2,2,2,1),(-2.094395102393,0.,2.094395102393,4.188790204786,
6.28318530718,8.377580409573),.UNSPECIFIED.) CURVE() 
GEOMETRIC_REPRESENTATION_ITEM() RATIONAL_B_SPLINE_CURVE((1.,0.5,1.,0.5,
1.,0.5,1.)) REPRESENTATION_ITEM('') );
#3454 = CARTESIAN_POINT('',(4.686549191015,-10.22735335657));
#3455 = CARTESIAN_POINT('',(-13.02774644956,-18.34469466759));
#3456 = CARTESIAN_POINT('',(-11.2004224158,1.055006022802));
#3457 = CARTESIAN_POINT('',(-9.373098382053,20.454706713199));
#3458 = CARTESIAN_POINT('',(6.513873224768,9.172347333824));
#3459 = CARTESIAN_POINT('',(22.40084483159,-2.110012045551));
#3460 = CARTESIAN_POINT('',(4.686549191015,-10.22735335657));
#3461 = ( GEOMETRIC_REPRESENTATION_CONTEXT(2) 
PARAMETRIC_REPRESENTATION_CONTEXT() REPRESENTATION_CONTEXT('2D SPACE',''
  ) );
#3462 = PCURVE('',#3463,#3468);
#3463 = CYLINDRICAL_SURFACE('',#3464,11.250000000019);
#3464 = AXIS2_PLACEMENT_3D('',#3465,#3466,#3467);
#3465 = CARTESIAN_POINT('',(-7.096532294502E-12,1.799600004588E-11,-4.)
  );
#3466 = DIRECTION('',(0.,-0.,-1.));
#3467 = DIRECTION('',(0.348261350995,-0.937397477809,0.));
#3468 = DEFINITIONAL_REPRESENTATION('',(#3469),#3473);
#3469 = LINE('',#3470,#3471);
#3470 = CARTESIAN_POINT('',(-6.357152067917,-8.));
#3471 = VECTOR('',#3472,1.);
#3472 = DIRECTION('',(1.,-0.));
#3473 = ( GEOMETRIC_REPRESENTATION_CONTEXT(2) 
PARAMETRIC_REPRESENTATION_CONTEXT() REPRESENTATION_CONTEXT('2D SPACE',''
  ) );
#3474 = ORIENTED_EDGE('',*,*,#3475,.F.);
#3475 = EDGE_CURVE('',#3476,#3443,#3478,.T.);
#3476 = VERTEX_POINT('',#3477);
#3477 = CARTESIAN_POINT('',(4.552701611996,-8.220409368643,4.));
#3478 = SURFACE_CURVE('',#3479,(#3493,#3510),.PCURVE_S1.);
#3479 = B_SPLINE_CURVE_WITH_KNOTS('',3,(#3480,#3481,#3482,#3483,#3484,
    #3485,#3486,#3487,#3488,#3489,#3490,#3491,#3492),.UNSPECIFIED.,.F.,
  .F.,(4,1,1,1,1,1,1,1,1,1,4),(0.,0.186927563819,0.377660761138,
    0.572069250156,0.77014078192,0.971871396504,1.177259312061,
    1.386303573601,1.599003609573,1.815359050699,2.035369644546),
  .UNSPECIFIED.);
#3480 = CARTESIAN_POINT('',(4.552701611996,-8.220409368643,4.));
#3481 = CARTESIAN_POINT('',(4.579358527169,-8.276995956271,4.));
#3482 = CARTESIAN_POINT('',(4.624539748382,-8.39458756988,4.));
#3483 = CARTESIAN_POINT('',(4.672493978045,-8.579512504362,4.));
#3484 = CARTESIAN_POINT('',(4.708674259208,-8.770599770579,4.));
#3485 = CARTESIAN_POINT('',(4.733676103603,-8.967205755373,4.));
#3486 = CARTESIAN_POINT('',(4.74869479985,-9.168453129163,4.));
#3487 = CARTESIAN_POINT('',(4.754222477954,-9.373839160178,4.));
#3488 = CARTESIAN_POINT('',(4.750660731883,-9.582915096918,4.));
#3489 = CARTESIAN_POINT('',(4.738264626166,-9.795311384554,4.));
#3490 = CARTESIAN_POINT('',(4.717228908317,-10.01069156069,4.));
#3491 = CARTESIAN_POINT('',(4.697680565088,-10.15486747159,4.));
#3492 = CARTESIAN_POINT('',(4.686549191015,-10.22735335657,4.));
#3493 = PCURVE('',#90,#3494);
#3494 = DEFINITIONAL_REPRESENTATION('',(#3495),#3509);
#3495 = B_SPLINE_CURVE_WITH_KNOTS('',3,(#3496,#3497,#3498,#3499,#3500,
    #3501,#3502,#3503,#3504,#3505,#3506,#3507,#3508),.UNSPECIFIED.,.F.,
  .F.,(4,1,1,1,1,1,1,1,1,1,4),(0.,0.186927563819,0.377660761138,
    0.572069250156,0.77014078192,0.971871396504,1.177259312061,
    1.386303573601,1.599003609573,1.815359050699,2.035369644546),
  .UNSPECIFIED.);
#3496 = CARTESIAN_POINT('',(4.552701611996,-8.220409368643));
#3497 = CARTESIAN_POINT('',(4.579358527169,-8.276995956271));
#3498 = CARTESIAN_POINT('',(4.624539748382,-8.39458756988));
#3499 = CARTESIAN_POINT('',(4.672493978045,-8.579512504362));
#3500 = CARTESIAN_POINT('',(4.708674259208,-8.770599770579));
#3501 = CARTESIAN_POINT('',(4.733676103603,-8.967205755373));
#3502 = CARTESIAN_POINT('',(4.74869479985,-9.168453129163));
#3503 = CARTESIAN_POINT('',(4.754222477954,-9.373839160178));
#3504 = CARTESIAN_POINT('',(4.750660731883,-9.582915096918));
#3505 = CARTESIAN_POINT('',(4.738264626166,-9.795311384554));
#3506 = CARTESIAN_POINT('',(4.717228908317,-10.01069156069));
#3507 = CARTESIAN_POINT('',(4.697680565088,-10.15486747159));
#3508 = CARTESIAN_POINT('',(4.686549191015,-10.22735335657));
#3509 = ( GEOMETRIC_REPRESENTATION_CONTEXT(2) 
PARAMETRIC_REPRESENTATION_CONTEXT() REPRESENTATION_CONTEXT('2D SPACE',''
  ) );
#3510 = PCURVE('',#3511,#3528);
#3511 = SURFACE_OF_LINEAR_EXTRUSION('',#3512,#3526);
#3512 = B_SPLINE_CURVE_WITH_KNOTS('',3,(#3513,#3514,#3515,#3516,#3517,
    #3518,#3519,#3520,#3521,#3522,#3523,#3524,#3525),.UNSPECIFIED.,.F.,
  .F.,(4,1,1,1,1,1,1,1,1,1,4),(0.,0.186927563819,0.377660761138,
    0.572069250156,0.77014078192,0.971871396504,1.177259312061,
    1.386303573601,1.599003609573,1.815359050699,2.035369644546),
  .UNSPECIFIED.);
#3513 = CARTESIAN_POINT('',(4.552701611996,-8.220409368643,-4.));
#3514 = CARTESIAN_POINT('',(4.579358527169,-8.276995956271,-4.));
#3515 = CARTESIAN_POINT('',(4.624539748382,-8.39458756988,-4.));
#3516 = CARTESIAN_POINT('',(4.672493978045,-8.579512504362,-4.));
#3517 = CARTESIAN_POINT('',(4.708674259208,-8.770599770579,-4.));
#3518 = CARTESIAN_POINT('',(4.733676103603,-8.967205755373,-4.));
#3519 = CARTESIAN_POINT('',(4.74869479985,-9.168453129163,-4.));
#3520 = CARTESIAN_POINT('',(4.754222477954,-9.373839160178,-4.));
#3521 = CARTESIAN_POINT('',(4.750660731883,-9.582915096918,-4.));
#3522 = CARTESIAN_POINT('',(4.738264626166,-9.795311384554,-4.));
#3523 = CARTESIAN_POINT('',(4.717228908317,-10.01069156069,-4.));
#3524 = CARTESIAN_POINT('',(4.697680565088,-10.15486747159,-4.));
#3525 = CARTESIAN_POINT('',(4.686549191015,-10.22735335657,-4.));
#3526 = VECTOR('',#3527,1.);
#3527 = DIRECTION('',(-0.,-0.,-1.));
#3528 = DEFINITIONAL_REPRESENTATION('',(#3529),#3533);
#3529 = LINE('',#3530,#3531);
#3530 = CARTESIAN_POINT('',(0.,-8.));
#3531 = VECTOR('',#3532,1.);
#3532 = DIRECTION('',(1.,0.));
#3533 = ( GEOMETRIC_REPRESENTATION_CONTEXT(2) 
PARAMETRIC_REPRESENTATION_CONTEXT() REPRESENTATION_CONTEXT('2D SPACE',''
  ) );
#3534 = ORIENTED_EDGE('',*,*,#3535,.T.);
#3535 = EDGE_CURVE('',#3476,#3536,#3538,.T.);
#3536 = VERTEX_POINT('',#3537);
#3537 = CARTESIAN_POINT('',(4.087870757045,-7.381105535331,4.));
#3538 = SURFACE_CURVE('',#3539,(#3543,#3550),.PCURVE_S1.);
#3539 = LINE('',#3540,#3541);
#3540 = CARTESIAN_POINT('',(4.552701611996,-8.220409368643,4.));
#3541 = VECTOR('',#3542,1.);
#3542 = DIRECTION('',(-0.48448838602,0.874797693076,0.));
#3543 = PCURVE('',#90,#3544);
#3544 = DEFINITIONAL_REPRESENTATION('',(#3545),#3549);
#3545 = LINE('',#3546,#3547);
#3546 = CARTESIAN_POINT('',(4.552701611996,-8.220409368643));
#3547 = VECTOR('',#3548,1.);
#3548 = DIRECTION('',(-0.48448838602,0.874797693076));
#3549 = ( GEOMETRIC_REPRESENTATION_CONTEXT(2) 
PARAMETRIC_REPRESENTATION_CONTEXT() REPRESENTATION_CONTEXT('2D SPACE',''
  ) );
#3550 = PCURVE('',#3551,#3556);
#3551 = PLANE('',#3552);
#3552 = AXIS2_PLACEMENT_3D('',#3553,#3554,#3555);
#3553 = CARTESIAN_POINT('',(4.552701611996,-8.220409368643,-4.));
#3554 = DIRECTION('',(-0.874797693076,-0.48448838602,0.));
#3555 = DIRECTION('',(-0.48448838602,0.874797693076,0.));
#3556 = DEFINITIONAL_REPRESENTATION('',(#3557),#3561);
#3557 = LINE('',#3558,#3559);
#3558 = CARTESIAN_POINT('',(0.,-8.));
#3559 = VECTOR('',#3560,1.);
#3560 = DIRECTION('',(1.,0.));
#3561 = ( GEOMETRIC_REPRESENTATION_CONTEXT(2) 
PARAMETRIC_REPRESENTATION_CONTEXT() REPRESENTATION_CONTEXT('2D SPACE',''
  ) );
#3562 = ORIENTED_EDGE('',*,*,#3563,.F.);
#3563 = EDGE_CURVE('',#3564,#3536,#3566,.T.);
#3564 = VERTEX_POINT('',#3565);
#3565 = CARTESIAN_POINT('',(5.254891919028,-6.601326924895,4.));
#3566 = SURFACE_CURVE('',#3567,(#3572,#3583),.PCURVE_S1.);
#3567 = CIRCLE('',#3568,8.437500000001);
#3568 = AXIS2_PLACEMENT_3D('',#3569,#3570,#3571);
#3569 = CARTESIAN_POINT('',(-7.928966916353E-13,1.098750702587E-12,4.));
#3570 = DIRECTION('',(0.,0.,-1.));
#3571 = DIRECTION('',(0.622802005218,-0.782379487395,0.));
#3572 = PCURVE('',#90,#3573);
#3573 = DEFINITIONAL_REPRESENTATION('',(#3574),#3582);
#3574 = ( BOUNDED_CURVE() B_SPLINE_CURVE(2,(#3575,#3576,#3577,#3578,
#3579,#3580,#3581),.UNSPECIFIED.,.T.,.F.) B_SPLINE_CURVE_WITH_KNOTS((1,2
    ,2,2,2,1),(-2.094395102393,0.,2.094395102393,4.188790204786,
6.28318530718,8.377580409573),.UNSPECIFIED.) CURVE() 
GEOMETRIC_REPRESENTATION_ITEM() RATIONAL_B_SPLINE_CURVE((1.,0.5,1.,0.5,
1.,0.5,1.)) REPRESENTATION_ITEM('') );
#3575 = CARTESIAN_POINT('',(5.254891919028,-6.601326924895));
#3576 = CARTESIAN_POINT('',(-6.178941712264,-15.70306671693));
#3577 = CARTESIAN_POINT('',(-8.344362775161,-1.250206433571));
#3578 = CARTESIAN_POINT('',(-10.50978383805,13.202653849792));
#3579 = CARTESIAN_POINT('',(3.089470856131,7.851533358469));
#3580 = CARTESIAN_POINT('',(16.688725550319,2.500412867146));
#3581 = CARTESIAN_POINT('',(5.254891919028,-6.601326924895));
#3582 = ( GEOMETRIC_REPRESENTATION_CONTEXT(2) 
PARAMETRIC_REPRESENTATION_CONTEXT() REPRESENTATION_CONTEXT('2D SPACE',''
  ) );
#3583 = PCURVE('',#3584,#3589);
#3584 = CYLINDRICAL_SURFACE('',#3585,8.437500000001);
#3585 = AXIS2_PLACEMENT_3D('',#3586,#3587,#3588);
#3586 = CARTESIAN_POINT('',(-7.116848579865E-13,1.153014714977E-12,-4.)
  );
#3587 = DIRECTION('',(0.,-0.,-1.));
#3588 = DIRECTION('',(0.48448838602,-0.874797693076,0.));
#3589 = DEFINITIONAL_REPRESENTATION('',(#3590),#3594);
#3590 = LINE('',#3591,#3592);
#3591 = CARTESIAN_POINT('',(-6.449726080294,-8.));
#3592 = VECTOR('',#3593,1.);
#3593 = DIRECTION('',(1.,-0.));
#3594 = ( GEOMETRIC_REPRESENTATION_CONTEXT(2) 
PARAMETRIC_REPRESENTATION_CONTEXT() REPRESENTATION_CONTEXT('2D SPACE',''
  ) );
#3595 = ORIENTED_EDGE('',*,*,#3596,.F.);
#3596 = EDGE_CURVE('',#3597,#3564,#3599,.T.);
#3597 = VERTEX_POINT('',#3598);
#3598 = CARTESIAN_POINT('',(5.852424485141,-7.351962309593,4.));
#3599 = SURFACE_CURVE('',#3600,(#3604,#3611),.PCURVE_S1.);
#3600 = LINE('',#3601,#3602);
#3601 = CARTESIAN_POINT('',(5.852424485141,-7.351962309593,4.));
#3602 = VECTOR('',#3603,1.);
#3603 = DIRECTION('',(-0.622802005218,0.782379487395,0.));
#3604 = PCURVE('',#90,#3605);
#3605 = DEFINITIONAL_REPRESENTATION('',(#3606),#3610);
#3606 = LINE('',#3607,#3608);
#3607 = CARTESIAN_POINT('',(5.852424485141,-7.351962309593));
#3608 = VECTOR('',#3609,1.);
#3609 = DIRECTION('',(-0.622802005218,0.782379487395));
#3610 = ( GEOMETRIC_REPRESENTATION_CONTEXT(2) 
PARAMETRIC_REPRESENTATION_CONTEXT() REPRESENTATION_CONTEXT('2D SPACE',''
  ) );
#3611 = PCURVE('',#3612,#3617);
#3612 = PLANE('',#3613);
#3613 = AXIS2_PLACEMENT_3D('',#3614,#3615,#3616);
#3614 = CARTESIAN_POINT('',(5.852424485141,-7.351962309593,-4.));
#3615 = DIRECTION('',(-0.782379487395,-0.622802005218,0.));
#3616 = DIRECTION('',(-0.622802005218,0.782379487395,0.));
#3617 = DEFINITIONAL_REPRESENTATION('',(#3618),#3622);
#3618 = LINE('',#3619,#3620);
#3619 = CARTESIAN_POINT('',(0.,-8.));
#3620 = VECTOR('',#3621,1.);
#3621 = DIRECTION('',(1.,0.));
#3622 = ( GEOMETRIC_REPRESENTATION_CONTEXT(2) 
PARAMETRIC_REPRESENTATION_CONTEXT() REPRESENTATION_CONTEXT('2D SPACE',''
  ) );
#3623 = ORIENTED_EDGE('',*,*,#3624,.T.);
#3624 = EDGE_CURVE('',#3597,#3625,#3627,.T.);
#3625 = VERTEX_POINT('',#3626);
#3626 = CARTESIAN_POINT('',(7.655377707533,-8.24364556219,4.));
#3627 = SURFACE_CURVE('',#3628,(#3642,#3659),.PCURVE_S1.);
#3628 = B_SPLINE_CURVE_WITH_KNOTS('',3,(#3629,#3630,#3631,#3632,#3633,
    #3634,#3635,#3636,#3637,#3638,#3639,#3640,#3641),.UNSPECIFIED.,.F.,
  .F.,(4,1,1,1,1,1,1,1,1,1,4),(0.,0.186927563819,0.377660761138,
    0.572069250156,0.77014078192,0.971871396504,1.177259312061,
    1.386303573601,1.599003609573,1.815359050699,2.035369644546),
  .UNSPECIFIED.);
#3629 = CARTESIAN_POINT('',(5.852424485141,-7.351962309593,4.));
#3630 = CARTESIAN_POINT('',(5.894502515471,-7.3982448375,4.));
#3631 = CARTESIAN_POINT('',(5.985852895666,-7.484987205346,4.));
#3632 = CARTESIAN_POINT('',(6.138349968481,-7.600058845286,4.));
#3633 = CARTESIAN_POINT('',(6.301045988483,-7.706610997451,4.));
#3634 = CARTESIAN_POINT('',(6.473118442175,-7.804947542847,4.));
#3635 = CARTESIAN_POINT('',(6.653299365562,-7.895837044671,4.));
#3636 = CARTESIAN_POINT('',(6.84093596505,-7.979541784642,4.));
#3637 = CARTESIAN_POINT('',(7.035459964957,-8.056261057444,4.));
#3638 = CARTESIAN_POINT('',(7.236432332169,-8.126089089463,4.));
#3639 = CARTESIAN_POINT('',(7.443467689327,-8.189077045361,4.));
#3640 = CARTESIAN_POINT('',(7.584149689572,-8.226190463605,4.));
#3641 = CARTESIAN_POINT('',(7.655377707533,-8.24364556219,4.));
#3642 = PCURVE('',#90,#3643);
#3643 = DEFINITIONAL_REPRESENTATION('',(#3644),#3658);
#3644 = B_SPLINE_CURVE_WITH_KNOTS('',3,(#3645,#3646,#3647,#3648,#3649,
    #3650,#3651,#3652,#3653,#3654,#3655,#3656,#3657),.UNSPECIFIED.,.F.,
  .F.,(4,1,1,1,1,1,1,1,1,1,4),(0.,0.186927563819,0.377660761138,
    0.572069250156,0.77014078192,0.971871396504,1.177259312061,
    1.386303573601,1.599003609573,1.815359050699,2.035369644546),
  .UNSPECIFIED.);
#3645 = CARTESIAN_POINT('',(5.852424485141,-7.351962309593));
#3646 = CARTESIAN_POINT('',(5.894502515471,-7.3982448375));
#3647 = CARTESIAN_POINT('',(5.985852895666,-7.484987205346));
#3648 = CARTESIAN_POINT('',(6.138349968481,-7.600058845286));
#3649 = CARTESIAN_POINT('',(6.301045988483,-7.706610997451));
#3650 = CARTESIAN_POINT('',(6.473118442175,-7.804947542847));
#3651 = CARTESIAN_POINT('',(6.653299365562,-7.895837044671));
#3652 = CARTESIAN_POINT('',(6.84093596505,-7.979541784642));
#3653 = CARTESIAN_POINT('',(7.035459964957,-8.056261057444));
#3654 = CARTESIAN_POINT('',(7.236432332169,-8.126089089463));
#3655 = CARTESIAN_POINT('',(7.443467689327,-8.189077045361));
#3656 = CARTESIAN_POINT('',(7.584149689572,-8.226190463605));
#3657 = CARTESIAN_POINT('',(7.655377707533,-8.24364556219));
#3658 = ( GEOMETRIC_REPRESENTATION_CONTEXT(2) 
PARAMETRIC_REPRESENTATION_CONTEXT() REPRESENTATION_CONTEXT('2D SPACE',''
  ) );
#3659 = PCURVE('',#3660,#3677);
#3660 = SURFACE_OF_LINEAR_EXTRUSION('',#3661,#3675);
#3661 = B_SPLINE_CURVE_WITH_KNOTS('',3,(#3662,#3663,#3664,#3665,#3666,
    #3667,#3668,#3669,#3670,#3671,#3672,#3673,#3674),.UNSPECIFIED.,.F.,
  .F.,(4,1,1,1,1,1,1,1,1,1,4),(0.,0.186927563819,0.377660761138,
    0.572069250156,0.77014078192,0.971871396504,1.177259312061,
    1.386303573601,1.599003609573,1.815359050699,2.035369644546),
  .UNSPECIFIED.);
#3662 = CARTESIAN_POINT('',(5.852424485141,-7.351962309593,-4.));
#3663 = CARTESIAN_POINT('',(5.894502515471,-7.3982448375,-4.));
#3664 = CARTESIAN_POINT('',(5.985852895666,-7.484987205346,-4.));
#3665 = CARTESIAN_POINT('',(6.138349968481,-7.600058845286,-4.));
#3666 = CARTESIAN_POINT('',(6.301045988483,-7.706610997451,-4.));
#3667 = CARTESIAN_POINT('',(6.473118442175,-7.804947542847,-4.));
#3668 = CARTESIAN_POINT('',(6.653299365562,-7.895837044671,-4.));
#3669 = CARTESIAN_POINT('',(6.84093596505,-7.979541784642,-4.));
#3670 = CARTESIAN_POINT('',(7.035459964957,-8.056261057444,-4.));
#3671 = CARTESIAN_POINT('',(7.236432332169,-8.126089089463,-4.));
#3672 = CARTESIAN_POINT('',(7.443467689327,-8.189077045361,-4.));
#3673 = CARTESIAN_POINT('',(7.584149689572,-8.226190463605,-4.));
#3674 = CARTESIAN_POINT('',(7.655377707533,-8.24364556219,-4.));
#3675 = VECTOR('',#3676,1.);
#3676 = DIRECTION('',(-0.,-0.,-1.));
#3677 = DEFINITIONAL_REPRESENTATION('',(#3678),#3682);
#3678 = LINE('',#3679,#3680);
#3679 = CARTESIAN_POINT('',(0.,-8.));
#3680 = VECTOR('',#3681,1.);
#3681 = DIRECTION('',(1.,0.));
#3682 = ( GEOMETRIC_REPRESENTATION_CONTEXT(2) 
PARAMETRIC_REPRESENTATION_CONTEXT() REPRESENTATION_CONTEXT('2D SPACE',''
  ) );
#3683 = ORIENTED_EDGE('',*,*,#3684,.F.);
#3684 = EDGE_CURVE('',#3685,#3625,#3687,.T.);
#3685 = VERTEX_POINT('',#3686);
#3686 = CARTESIAN_POINT('',(8.24364556219,-7.655377707533,4.));
#3687 = SURFACE_CURVE('',#3688,(#3693,#3704),.PCURVE_S1.);
#3688 = CIRCLE('',#3689,11.250000000019);
#3689 = AXIS2_PLACEMENT_3D('',#3690,#3691,#3692);
#3690 = CARTESIAN_POINT('',(-1.391041077311E-11,1.344311200509E-11,4.));
#3691 = DIRECTION('',(0.,0.,-1.));
#3692 = DIRECTION('',(0.732768494417,-0.680478018447,0.));
#3693 = PCURVE('',#90,#3694);
#3694 = DEFINITIONAL_REPRESENTATION('',(#3695),#3703);
#3695 = ( BOUNDED_CURVE() B_SPLINE_CURVE(2,(#3696,#3697,#3698,#3699,
#3700,#3701,#3702),.UNSPECIFIED.,.T.,.F.) B_SPLINE_CURVE_WITH_KNOTS((1,2
    ,2,2,2,1),(-2.094395102393,0.,2.094395102393,4.188790204786,
6.28318530718,8.377580409573),.UNSPECIFIED.) CURVE() 
GEOMETRIC_REPRESENTATION_ITEM() RATIONAL_B_SPLINE_CURVE((1.,0.5,1.,0.5,
1.,0.5,1.)) REPRESENTATION_ITEM('') );
#3696 = CARTESIAN_POINT('',(8.24364556219,-7.655377707533));
#3697 = CARTESIAN_POINT('',(-5.01585757841,-21.93379066085));
#3698 = CARTESIAN_POINT('',(-10.75157435141,-3.311517622877));
#3699 = CARTESIAN_POINT('',(-16.48729112442,15.310755415106));
#3700 = CARTESIAN_POINT('',(2.507928789184,10.96689533045));
#3701 = CARTESIAN_POINT('',(21.50314870279,6.623035245794));
#3702 = CARTESIAN_POINT('',(8.24364556219,-7.655377707533));
#3703 = ( GEOMETRIC_REPRESENTATION_CONTEXT(2) 
PARAMETRIC_REPRESENTATION_CONTEXT() REPRESENTATION_CONTEXT('2D SPACE',''
  ) );
#3704 = PCURVE('',#3705,#3710);
#3705 = CYLINDRICAL_SURFACE('',#3706,11.250000000019);
#3706 = AXIS2_PLACEMENT_3D('',#3707,#3708,#3709);
#3707 = CARTESIAN_POINT('',(-1.344311200509E-11,1.391041077311E-11,-4.)
  );
#3708 = DIRECTION('',(0.,-0.,-1.));
#3709 = DIRECTION('',(0.680478018447,-0.732768494417,0.));
#3710 = DEFINITIONAL_REPRESENTATION('',(#3711),#3715);
#3711 = LINE('',#3712,#3713);
#3712 = CARTESIAN_POINT('',(-6.357152067917,-8.));
#3713 = VECTOR('',#3714,1.);
#3714 = DIRECTION('',(1.,-0.));
#3715 = ( GEOMETRIC_REPRESENTATION_CONTEXT(2) 
PARAMETRIC_REPRESENTATION_CONTEXT() REPRESENTATION_CONTEXT('2D SPACE',''
  ) );
#3716 = ORIENTED_EDGE('',*,*,#3717,.F.);
#3717 = EDGE_CURVE('',#3718,#3685,#3720,.T.);
#3718 = VERTEX_POINT('',#3719);
#3719 = CARTESIAN_POINT('',(7.351962309593,-5.852424485141,4.));
#3720 = SURFACE_CURVE('',#3721,(#3735,#3752),.PCURVE_S1.);
#3721 = B_SPLINE_CURVE_WITH_KNOTS('',3,(#3722,#3723,#3724,#3725,#3726,
    #3727,#3728,#3729,#3730,#3731,#3732,#3733,#3734),.UNSPECIFIED.,.F.,
  .F.,(4,1,1,1,1,1,1,1,1,1,4),(0.,0.186927563819,0.377660761138,
    0.572069250156,0.77014078192,0.971871396504,1.177259312061,
    1.386303573601,1.599003609573,1.815359050699,2.035369644546),
  .UNSPECIFIED.);
#3722 = CARTESIAN_POINT('',(7.351962309593,-5.852424485141,4.));
#3723 = CARTESIAN_POINT('',(7.3982448375,-5.894502515471,4.));
#3724 = CARTESIAN_POINT('',(7.484987205346,-5.985852895666,4.));
#3725 = CARTESIAN_POINT('',(7.600058845286,-6.138349968481,4.));
#3726 = CARTESIAN_POINT('',(7.706610997451,-6.301045988483,4.));
#3727 = CARTESIAN_POINT('',(7.804947542847,-6.473118442175,4.));
#3728 = CARTESIAN_POINT('',(7.895837044671,-6.653299365562,4.));
#3729 = CARTESIAN_POINT('',(7.979541784642,-6.84093596505,4.));
#3730 = CARTESIAN_POINT('',(8.056261057444,-7.035459964957,4.));
#3731 = CARTESIAN_POINT('',(8.126089089463,-7.236432332169,4.));
#3732 = CARTESIAN_POINT('',(8.189077045361,-7.443467689327,4.));
#3733 = CARTESIAN_POINT('',(8.226190463605,-7.584149689572,4.));
#3734 = CARTESIAN_POINT('',(8.24364556219,-7.655377707533,4.));
#3735 = PCURVE('',#90,#3736);
#3736 = DEFINITIONAL_REPRESENTATION('',(#3737),#3751);
#3737 = B_SPLINE_CURVE_WITH_KNOTS('',3,(#3738,#3739,#3740,#3741,#3742,
    #3743,#3744,#3745,#3746,#3747,#3748,#3749,#3750),.UNSPECIFIED.,.F.,
  .F.,(4,1,1,1,1,1,1,1,1,1,4),(0.,0.186927563819,0.377660761138,
    0.572069250156,0.77014078192,0.971871396504,1.177259312061,
    1.386303573601,1.599003609573,1.815359050699,2.035369644546),
  .UNSPECIFIED.);
#3738 = CARTESIAN_POINT('',(7.351962309593,-5.852424485141));
#3739 = CARTESIAN_POINT('',(7.3982448375,-5.894502515471));
#3740 = CARTESIAN_POINT('',(7.484987205346,-5.985852895666));
#3741 = CARTESIAN_POINT('',(7.600058845286,-6.138349968481));
#3742 = CARTESIAN_POINT('',(7.706610997451,-6.301045988483));
#3743 = CARTESIAN_POINT('',(7.804947542847,-6.473118442175));
#3744 = CARTESIAN_POINT('',(7.895837044671,-6.653299365562));
#3745 = CARTESIAN_POINT('',(7.979541784642,-6.84093596505));
#3746 = CARTESIAN_POINT('',(8.056261057444,-7.035459964957));
#3747 = CARTESIAN_POINT('',(8.126089089463,-7.236432332169));
#3748 = CARTESIAN_POINT('',(8.189077045361,-7.443467689327));
#3749 = CARTESIAN_POINT('',(8.226190463605,-7.584149689572));
#3750 = CARTESIAN_POINT('',(8.24364556219,-7.655377707533));
#3751 = ( GEOMETRIC_REPRESENTATION_CONTEXT(2) 
PARAMETRIC_REPRESENTATION_CONTEXT() REPRESENTATION_CONTEXT('2D SPACE',''
  ) );
#3752 = PCURVE('',#3753,#3770);
#3753 = SURFACE_OF_LINEAR_EXTRUSION('',#3754,#3768);
#3754 = B_SPLINE_CURVE_WITH_KNOTS('',3,(#3755,#3756,#3757,#3758,#3759,
    #3760,#3761,#3762,#3763,#3764,#3765,#3766,#3767),.UNSPECIFIED.,.F.,
  .F.,(4,1,1,1,1,1,1,1,1,1,4),(0.,0.186927563819,0.377660761138,
    0.572069250156,0.77014078192,0.971871396504,1.177259312061,
    1.386303573601,1.599003609573,1.815359050699,2.035369644546),
  .UNSPECIFIED.);
#3755 = CARTESIAN_POINT('',(7.351962309593,-5.852424485141,-4.));
#3756 = CARTESIAN_POINT('',(7.3982448375,-5.894502515471,-4.));
#3757 = CARTESIAN_POINT('',(7.484987205346,-5.985852895666,-4.));
#3758 = CARTESIAN_POINT('',(7.600058845286,-6.138349968481,-4.));
#3759 = CARTESIAN_POINT('',(7.706610997451,-6.301045988483,-4.));
#3760 = CARTESIAN_POINT('',(7.804947542847,-6.473118442175,-4.));
#3761 = CARTESIAN_POINT('',(7.895837044671,-6.653299365562,-4.));
#3762 = CARTESIAN_POINT('',(7.979541784642,-6.84093596505,-4.));
#3763 = CARTESIAN_POINT('',(8.056261057444,-7.035459964957,-4.));
#3764 = CARTESIAN_POINT('',(8.126089089463,-7.236432332169,-4.));
#3765 = CARTESIAN_POINT('',(8.189077045361,-7.443467689327,-4.));
#3766 = CARTESIAN_POINT('',(8.226190463605,-7.584149689572,-4.));
#3767 = CARTESIAN_POINT('',(8.24364556219,-7.655377707533,-4.));
#3768 = VECTOR('',#3769,1.);
#3769 = DIRECTION('',(-0.,-0.,-1.));
#3770 = DEFINITIONAL_REPRESENTATION('',(#3771),#3775);
#3771 = LINE('',#3772,#3773);
#3772 = CARTESIAN_POINT('',(0.,-8.));
#3773 = VECTOR('',#3774,1.);
#3774 = DIRECTION('',(1.,0.));
#3775 = ( GEOMETRIC_REPRESENTATION_CONTEXT(2) 
PARAMETRIC_REPRESENTATION_CONTEXT() REPRESENTATION_CONTEXT('2D SPACE',''
  ) );
#3776 = ORIENTED_EDGE('',*,*,#3777,.T.);
#3777 = EDGE_CURVE('',#3718,#3778,#3780,.T.);
#3778 = VERTEX_POINT('',#3779);
#3779 = CARTESIAN_POINT('',(6.601326924895,-5.254891919028,4.));
#3780 = SURFACE_CURVE('',#3781,(#3785,#3792),.PCURVE_S1.);
#3781 = LINE('',#3782,#3783);
#3782 = CARTESIAN_POINT('',(7.351962309593,-5.852424485141,4.));
#3783 = VECTOR('',#3784,1.);
#3784 = DIRECTION('',(-0.782379487395,0.622802005218,0.));
#3785 = PCURVE('',#90,#3786);
#3786 = DEFINITIONAL_REPRESENTATION('',(#3787),#3791);
#3787 = LINE('',#3788,#3789);
#3788 = CARTESIAN_POINT('',(7.351962309593,-5.852424485141));
#3789 = VECTOR('',#3790,1.);
#3790 = DIRECTION('',(-0.782379487395,0.622802005218));
#3791 = ( GEOMETRIC_REPRESENTATION_CONTEXT(2) 
PARAMETRIC_REPRESENTATION_CONTEXT() REPRESENTATION_CONTEXT('2D SPACE',''
  ) );
#3792 = PCURVE('',#3793,#3798);
#3793 = PLANE('',#3794);
#3794 = AXIS2_PLACEMENT_3D('',#3795,#3796,#3797);
#3795 = CARTESIAN_POINT('',(7.351962309593,-5.852424485141,-4.));
#3796 = DIRECTION('',(-0.622802005218,-0.782379487395,0.));
#3797 = DIRECTION('',(-0.782379487395,0.622802005218,0.));
#3798 = DEFINITIONAL_REPRESENTATION('',(#3799),#3803);
#3799 = LINE('',#3800,#3801);
#3800 = CARTESIAN_POINT('',(0.,-8.));
#3801 = VECTOR('',#3802,1.);
#3802 = DIRECTION('',(1.,0.));
#3803 = ( GEOMETRIC_REPRESENTATION_CONTEXT(2) 
PARAMETRIC_REPRESENTATION_CONTEXT() REPRESENTATION_CONTEXT('2D SPACE',''
  ) );
#3804 = ORIENTED_EDGE('',*,*,#3805,.F.);
#3805 = EDGE_CURVE('',#3806,#3778,#3808,.T.);
#3806 = VERTEX_POINT('',#3807);
#3807 = CARTESIAN_POINT('',(7.381105535331,-4.087870757045,4.));
#3808 = SURFACE_CURVE('',#3809,(#3814,#3825),.PCURVE_S1.);
#3809 = CIRCLE('',#3810,8.437500000001);
#3810 = AXIS2_PLACEMENT_3D('',#3811,#3812,#3813);
#3811 = CARTESIAN_POINT('',(-1.153014714977E-12,7.116848579865E-13,4.));
#3812 = DIRECTION('',(0.,0.,-1.));
#3813 = DIRECTION('',(0.874797693076,-0.48448838602,0.));
#3814 = PCURVE('',#90,#3815);
#3815 = DEFINITIONAL_REPRESENTATION('',(#3816),#3824);
#3816 = ( BOUNDED_CURVE() B_SPLINE_CURVE(2,(#3817,#3818,#3819,#3820,
#3821,#3822,#3823),.UNSPECIFIED.,.T.,.F.) B_SPLINE_CURVE_WITH_KNOTS((1,2
    ,2,2,2,1),(-2.094395102393,0.,2.094395102393,4.188790204786,
6.28318530718,8.377580409573),.UNSPECIFIED.) CURVE() 
GEOMETRIC_REPRESENTATION_ITEM() RATIONAL_B_SPLINE_CURVE((1.,0.5,1.,0.5,
1.,0.5,1.)) REPRESENTATION_ITEM('') );
#3817 = CARTESIAN_POINT('',(7.381105535331,-4.087870757045));
#3818 = CARTESIAN_POINT('',(0.300705689354,-16.87232056026));
#3819 = CARTESIAN_POINT('',(-7.230752690656,-4.348289523089));
#3820 = CARTESIAN_POINT('',(-14.76221107066,8.175741514091));
#3821 = CARTESIAN_POINT('',(-0.150352844679,8.436160280135));
#3822 = CARTESIAN_POINT('',(14.461505381309,8.696579046179));
#3823 = CARTESIAN_POINT('',(7.381105535331,-4.087870757045));
#3824 = ( GEOMETRIC_REPRESENTATION_CONTEXT(2) 
PARAMETRIC_REPRESENTATION_CONTEXT() REPRESENTATION_CONTEXT('2D SPACE',''
  ) );
#3825 = PCURVE('',#3826,#3831);
#3826 = CYLINDRICAL_SURFACE('',#3827,8.437500000001);
#3827 = AXIS2_PLACEMENT_3D('',#3828,#3829,#3830);
#3828 = CARTESIAN_POINT('',(-1.098750702587E-12,7.928966916353E-13,-4.)
  );
#3829 = DIRECTION('',(0.,-0.,-1.));
#3830 = DIRECTION('',(0.782379487395,-0.622802005218,0.));
#3831 = DEFINITIONAL_REPRESENTATION('',(#3832),#3836);
#3832 = LINE('',#3833,#3834);
#3833 = CARTESIAN_POINT('',(-6.449726080294,-8.));
#3834 = VECTOR('',#3835,1.);
#3835 = DIRECTION('',(1.,-0.));
#3836 = ( GEOMETRIC_REPRESENTATION_CONTEXT(2) 
PARAMETRIC_REPRESENTATION_CONTEXT() REPRESENTATION_CONTEXT('2D SPACE',''
  ) );
#3837 = ORIENTED_EDGE('',*,*,#3838,.F.);
#3838 = EDGE_CURVE('',#3839,#3806,#3841,.T.);
#3839 = VERTEX_POINT('',#3840);
#3840 = CARTESIAN_POINT('',(8.220409368643,-4.552701611996,4.));
#3841 = SURFACE_CURVE('',#3842,(#3846,#3853),.PCURVE_S1.);
#3842 = LINE('',#3843,#3844);
#3843 = CARTESIAN_POINT('',(8.220409368643,-4.552701611996,4.));
#3844 = VECTOR('',#3845,1.);
#3845 = DIRECTION('',(-0.874797693076,0.48448838602,0.));
#3846 = PCURVE('',#90,#3847);
#3847 = DEFINITIONAL_REPRESENTATION('',(#3848),#3852);
#3848 = LINE('',#3849,#3850);
#3849 = CARTESIAN_POINT('',(8.220409368643,-4.552701611996));
#3850 = VECTOR('',#3851,1.);
#3851 = DIRECTION('',(-0.874797693076,0.48448838602));
#3852 = ( GEOMETRIC_REPRESENTATION_CONTEXT(2) 
PARAMETRIC_REPRESENTATION_CONTEXT() REPRESENTATION_CONTEXT('2D SPACE',''
  ) );
#3853 = PCURVE('',#3854,#3859);
#3854 = PLANE('',#3855);
#3855 = AXIS2_PLACEMENT_3D('',#3856,#3857,#3858);
#3856 = CARTESIAN_POINT('',(8.220409368643,-4.552701611996,-4.));
#3857 = DIRECTION('',(-0.48448838602,-0.874797693076,0.));
#3858 = DIRECTION('',(-0.874797693076,0.48448838602,0.));
#3859 = DEFINITIONAL_REPRESENTATION('',(#3860),#3864);
#3860 = LINE('',#3861,#3862);
#3861 = CARTESIAN_POINT('',(0.,-8.));
#3862 = VECTOR('',#3863,1.);
#3863 = DIRECTION('',(1.,0.));
#3864 = ( GEOMETRIC_REPRESENTATION_CONTEXT(2) 
PARAMETRIC_REPRESENTATION_CONTEXT() REPRESENTATION_CONTEXT('2D SPACE',''
  ) );
#3865 = ORIENTED_EDGE('',*,*,#3866,.T.);
#3866 = EDGE_CURVE('',#3839,#3867,#3869,.T.);
#3867 = VERTEX_POINT('',#3868);
#3868 = CARTESIAN_POINT('',(10.227353356573,-4.686549191015,4.));
#3869 = SURFACE_CURVE('',#3870,(#3884,#3901),.PCURVE_S1.);
#3870 = B_SPLINE_CURVE_WITH_KNOTS('',3,(#3871,#3872,#3873,#3874,#3875,
    #3876,#3877,#3878,#3879,#3880,#3881,#3882,#3883),.UNSPECIFIED.,.F.,
  .F.,(4,1,1,1,1,1,1,1,1,1,4),(0.,0.186927563819,0.377660761138,
    0.572069250156,0.77014078192,0.971871396504,1.177259312061,
    1.386303573601,1.599003609573,1.815359050699,2.035369644546),
  .UNSPECIFIED.);
#3871 = CARTESIAN_POINT('',(8.220409368643,-4.552701611996,4.));
#3872 = CARTESIAN_POINT('',(8.276995956271,-4.579358527169,4.));
#3873 = CARTESIAN_POINT('',(8.39458756988,-4.624539748382,4.));
#3874 = CARTESIAN_POINT('',(8.579512504362,-4.672493978045,4.));
#3875 = CARTESIAN_POINT('',(8.770599770579,-4.708674259208,4.));
#3876 = CARTESIAN_POINT('',(8.967205755373,-4.733676103603,4.));
#3877 = CARTESIAN_POINT('',(9.168453129163,-4.74869479985,4.));
#3878 = CARTESIAN_POINT('',(9.373839160178,-4.754222477954,4.));
#3879 = CARTESIAN_POINT('',(9.582915096918,-4.750660731883,4.));
#3880 = CARTESIAN_POINT('',(9.795311384554,-4.738264626166,4.));
#3881 = CARTESIAN_POINT('',(10.010691560699,-4.717228908317,4.));
#3882 = CARTESIAN_POINT('',(10.154867471599,-4.697680565088,4.));
#3883 = CARTESIAN_POINT('',(10.227353356573,-4.686549191015,4.));
#3884 = PCURVE('',#90,#3885);
#3885 = DEFINITIONAL_REPRESENTATION('',(#3886),#3900);
#3886 = B_SPLINE_CURVE_WITH_KNOTS('',3,(#3887,#3888,#3889,#3890,#3891,
    #3892,#3893,#3894,#3895,#3896,#3897,#3898,#3899),.UNSPECIFIED.,.F.,
  .F.,(4,1,1,1,1,1,1,1,1,1,4),(0.,0.186927563819,0.377660761138,
    0.572069250156,0.77014078192,0.971871396504,1.177259312061,
    1.386303573601,1.599003609573,1.815359050699,2.035369644546),
  .UNSPECIFIED.);
#3887 = CARTESIAN_POINT('',(8.220409368643,-4.552701611996));
#3888 = CARTESIAN_POINT('',(8.276995956271,-4.579358527169));
#3889 = CARTESIAN_POINT('',(8.39458756988,-4.624539748382));
#3890 = CARTESIAN_POINT('',(8.579512504362,-4.672493978045));
#3891 = CARTESIAN_POINT('',(8.770599770579,-4.708674259208));
#3892 = CARTESIAN_POINT('',(8.967205755373,-4.733676103603));
#3893 = CARTESIAN_POINT('',(9.168453129163,-4.74869479985));
#3894 = CARTESIAN_POINT('',(9.373839160178,-4.754222477954));
#3895 = CARTESIAN_POINT('',(9.582915096918,-4.750660731883));
#3896 = CARTESIAN_POINT('',(9.795311384554,-4.738264626166));
#3897 = CARTESIAN_POINT('',(10.010691560699,-4.717228908317));
#3898 = CARTESIAN_POINT('',(10.154867471599,-4.697680565088));
#3899 = CARTESIAN_POINT('',(10.227353356573,-4.686549191015));
#3900 = ( GEOMETRIC_REPRESENTATION_CONTEXT(2) 
PARAMETRIC_REPRESENTATION_CONTEXT() REPRESENTATION_CONTEXT('2D SPACE',''
  ) );
#3901 = PCURVE('',#3902,#3919);
#3902 = SURFACE_OF_LINEAR_EXTRUSION('',#3903,#3917);
#3903 = B_SPLINE_CURVE_WITH_KNOTS('',3,(#3904,#3905,#3906,#3907,#3908,
    #3909,#3910,#3911,#3912,#3913,#3914,#3915,#3916),.UNSPECIFIED.,.F.,
  .F.,(4,1,1,1,1,1,1,1,1,1,4),(0.,0.186927563819,0.377660761138,
    0.572069250156,0.77014078192,0.971871396504,1.177259312061,
    1.386303573601,1.599003609573,1.815359050699,2.035369644546),
  .UNSPECIFIED.);
#3904 = CARTESIAN_POINT('',(8.220409368643,-4.552701611996,-4.));
#3905 = CARTESIAN_POINT('',(8.276995956271,-4.579358527169,-4.));
#3906 = CARTESIAN_POINT('',(8.39458756988,-4.624539748382,-4.));
#3907 = CARTESIAN_POINT('',(8.579512504362,-4.672493978045,-4.));
#3908 = CARTESIAN_POINT('',(8.770599770579,-4.708674259208,-4.));
#3909 = CARTESIAN_POINT('',(8.967205755373,-4.733676103603,-4.));
#3910 = CARTESIAN_POINT('',(9.168453129163,-4.74869479985,-4.));
#3911 = CARTESIAN_POINT('',(9.373839160178,-4.754222477954,-4.));
#3912 = CARTESIAN_POINT('',(9.582915096918,-4.750660731883,-4.));
#3913 = CARTESIAN_POINT('',(9.795311384554,-4.738264626166,-4.));
#3914 = CARTESIAN_POINT('',(10.010691560699,-4.717228908317,-4.));
#3915 = CARTESIAN_POINT('',(10.154867471599,-4.697680565088,-4.));
#3916 = CARTESIAN_POINT('',(10.227353356573,-4.686549191015,-4.));
#3917 = VECTOR('',#3918,1.);
#3918 = DIRECTION('',(-0.,-0.,-1.));
#3919 = DEFINITIONAL_REPRESENTATION('',(#3920),#3924);
#3920 = LINE('',#3921,#3922);
#3921 = CARTESIAN_POINT('',(0.,-8.));
#3922 = VECTOR('',#3923,1.);
#3923 = DIRECTION('',(1.,0.));
#3924 = ( GEOMETRIC_REPRESENTATION_CONTEXT(2) 
PARAMETRIC_REPRESENTATION_CONTEXT() REPRESENTATION_CONTEXT('2D SPACE',''
  ) );
#3925 = ORIENTED_EDGE('',*,*,#3926,.F.);
#3926 = EDGE_CURVE('',#3927,#3867,#3929,.T.);
#3927 = VERTEX_POINT('',#3928);
#3928 = CARTESIAN_POINT('',(10.545721625354,-3.917940198693,4.));
#3929 = SURFACE_CURVE('',#3930,(#3935,#3946),.PCURVE_S1.);
#3930 = CIRCLE('',#3931,11.250000000019);
#3931 = AXIS2_PLACEMENT_3D('',#3932,#3933,#3934);
#3932 = CARTESIAN_POINT('',(-1.799600004588E-11,7.096532294502E-12,4.));
#3933 = DIRECTION('',(0.,0.,-1.));
#3934 = DIRECTION('',(0.937397477809,-0.348261350995,0.));
#3935 = PCURVE('',#90,#3936);
#3936 = DEFINITIONAL_REPRESENTATION('',(#3937),#3945);
#3937 = ( BOUNDED_CURVE() B_SPLINE_CURVE(2,(#3938,#3939,#3940,#3941,
#3942,#3943,#3944),.UNSPECIFIED.,.T.,.F.) B_SPLINE_CURVE_WITH_KNOTS((1,2
    ,2,2,2,1),(-2.094395102393,0.,2.094395102393,4.188790204786,
6.28318530718,8.377580409573),.UNSPECIFIED.) CURVE() 
GEOMETRIC_REPRESENTATION_ITEM() RATIONAL_B_SPLINE_CURVE((1.,0.5,1.,0.5,
1.,0.5,1.)) REPRESENTATION_ITEM('') );
#3938 = CARTESIAN_POINT('',(10.545721625354,-3.917940198693));
#3939 = CARTESIAN_POINT('',(3.75965014019,-22.18366585631));
#3940 = CARTESIAN_POINT('',(-8.665896555286,-7.173892729454));
#3941 = CARTESIAN_POINT('',(-21.09144325076,7.835880397407));
#3942 = CARTESIAN_POINT('',(-1.879825070122,11.091832928168));
#3943 = CARTESIAN_POINT('',(17.331793110519,14.34778545893));
#3944 = CARTESIAN_POINT('',(10.545721625354,-3.917940198693));
#3945 = ( GEOMETRIC_REPRESENTATION_CONTEXT(2) 
PARAMETRIC_REPRESENTATION_CONTEXT() REPRESENTATION_CONTEXT('2D SPACE',''
  ) );
#3946 = PCURVE('',#3947,#3952);
#3947 = CYLINDRICAL_SURFACE('',#3948,11.250000000019);
#3948 = AXIS2_PLACEMENT_3D('',#3949,#3950,#3951);
#3949 = CARTESIAN_POINT('',(-1.774309977503E-11,7.707087558323E-12,-4.)
  );
#3950 = DIRECTION('',(0.,-0.,-1.));
#3951 = DIRECTION('',(0.90909807614,-0.416582150312,0.));
#3952 = DEFINITIONAL_REPRESENTATION('',(#3953),#3957);
#3953 = LINE('',#3954,#3955);
#3954 = CARTESIAN_POINT('',(-6.357152067917,-8.));
#3955 = VECTOR('',#3956,1.);
#3956 = DIRECTION('',(1.,-0.));
#3957 = ( GEOMETRIC_REPRESENTATION_CONTEXT(2) 
PARAMETRIC_REPRESENTATION_CONTEXT() REPRESENTATION_CONTEXT('2D SPACE',''
  ) );
#3958 = ORIENTED_EDGE('',*,*,#3959,.F.);
#3959 = EDGE_CURVE('',#3960,#3927,#3962,.T.);
#3960 = VERTEX_POINT('',#3961);
#3961 = CARTESIAN_POINT('',(9.031953391258,-2.593461026136,4.));
#3962 = SURFACE_CURVE('',#3963,(#3977,#3994),.PCURVE_S1.);
#3963 = B_SPLINE_CURVE_WITH_KNOTS('',3,(#3964,#3965,#3966,#3967,#3968,
    #3969,#3970,#3971,#3972,#3973,#3974,#3975,#3976),.UNSPECIFIED.,.F.,
  .F.,(4,1,1,1,1,1,1,1,1,1,4),(0.,0.186927563819,0.377660761138,
    0.572069250156,0.77014078192,0.971871396504,1.177259312061,
    1.386303573601,1.599003609573,1.815359050699,2.035369644546),
  .UNSPECIFIED.);
#3964 = CARTESIAN_POINT('',(9.031953391258,-2.593461026136,4.));
#3965 = CARTESIAN_POINT('',(9.090815436579,-2.614624500488,4.));
#3966 = CARTESIAN_POINT('',(9.205913211874,-2.665826379978,4.));
#3967 = CARTESIAN_POINT('',(9.370583648038,-2.76267929418,4.));
#3968 = CARTESIAN_POINT('',(9.531286071934,-2.872215073765,4.));
#3969 = CARTESIAN_POINT('',(9.687986470718,-2.993557525121,4.));
#3970 = CARTESIAN_POINT('',(9.840909675382,-3.125241085863,4.));
#3971 = CARTESIAN_POINT('',(9.990048189344,-3.266562282483,4.));
#3972 = CARTESIAN_POINT('',(10.135368667197,-3.416919829935,4.));
#3973 = CARTESIAN_POINT('',(10.27679015207,-3.575872055634,4.));
#3974 = CARTESIAN_POINT('',(10.414212436417,-3.743043337458,4.));
#3975 = CARTESIAN_POINT('',(10.502337434641,-3.858813867796,4.));
#3976 = CARTESIAN_POINT('',(10.545721625354,-3.917940198693,4.));
#3977 = PCURVE('',#90,#3978);
#3978 = DEFINITIONAL_REPRESENTATION('',(#3979),#3993);
#3979 = B_SPLINE_CURVE_WITH_KNOTS('',3,(#3980,#3981,#3982,#3983,#3984,
    #3985,#3986,#3987,#3988,#3989,#3990,#3991,#3992),.UNSPECIFIED.,.F.,
  .F.,(4,1,1,1,1,1,1,1,1,1,4),(0.,0.186927563819,0.377660761138,
    0.572069250156,0.77014078192,0.971871396504,1.177259312061,
    1.386303573601,1.599003609573,1.815359050699,2.035369644546),
  .UNSPECIFIED.);
#3980 = CARTESIAN_POINT('',(9.031953391258,-2.593461026136));
#3981 = CARTESIAN_POINT('',(9.090815436579,-2.614624500488));
#3982 = CARTESIAN_POINT('',(9.205913211874,-2.665826379978));
#3983 = CARTESIAN_POINT('',(9.370583648038,-2.76267929418));
#3984 = CARTESIAN_POINT('',(9.531286071934,-2.872215073765));
#3985 = CARTESIAN_POINT('',(9.687986470718,-2.993557525121));
#3986 = CARTESIAN_POINT('',(9.840909675382,-3.125241085863));
#3987 = CARTESIAN_POINT('',(9.990048189344,-3.266562282483));
#3988 = CARTESIAN_POINT('',(10.135368667197,-3.416919829935));
#3989 = CARTESIAN_POINT('',(10.27679015207,-3.575872055634));
#3990 = CARTESIAN_POINT('',(10.414212436417,-3.743043337458));
#3991 = CARTESIAN_POINT('',(10.502337434641,-3.858813867796));
#3992 = CARTESIAN_POINT('',(10.545721625354,-3.917940198693));
#3993 = ( GEOMETRIC_REPRESENTATION_CONTEXT(2) 
PARAMETRIC_REPRESENTATION_CONTEXT() REPRESENTATION_CONTEXT('2D SPACE',''
  ) );
#3994 = PCURVE('',#3995,#4012);
#3995 = SURFACE_OF_LINEAR_EXTRUSION('',#3996,#4010);
#3996 = B_SPLINE_CURVE_WITH_KNOTS('',3,(#3997,#3998,#3999,#4000,#4001,
    #4002,#4003,#4004,#4005,#4006,#4007,#4008,#4009),.UNSPECIFIED.,.F.,
  .F.,(4,1,1,1,1,1,1,1,1,1,4),(0.,0.186927563819,0.377660761138,
    0.572069250156,0.77014078192,0.971871396504,1.177259312061,
    1.386303573601,1.599003609573,1.815359050699,2.035369644546),
  .UNSPECIFIED.);
#3997 = CARTESIAN_POINT('',(9.031953391258,-2.593461026136,-4.));
#3998 = CARTESIAN_POINT('',(9.090815436579,-2.614624500488,-4.));
#3999 = CARTESIAN_POINT('',(9.205913211874,-2.665826379978,-4.));
#4000 = CARTESIAN_POINT('',(9.370583648038,-2.76267929418,-4.));
#4001 = CARTESIAN_POINT('',(9.531286071934,-2.872215073765,-4.));
#4002 = CARTESIAN_POINT('',(9.687986470718,-2.993557525121,-4.));
#4003 = CARTESIAN_POINT('',(9.840909675382,-3.125241085863,-4.));
#4004 = CARTESIAN_POINT('',(9.990048189344,-3.266562282483,-4.));
#4005 = CARTESIAN_POINT('',(10.135368667197,-3.416919829935,-4.));
#4006 = CARTESIAN_POINT('',(10.27679015207,-3.575872055634,-4.));
#4007 = CARTESIAN_POINT('',(10.414212436417,-3.743043337458,-4.));
#4008 = CARTESIAN_POINT('',(10.502337434641,-3.858813867796,-4.));
#4009 = CARTESIAN_POINT('',(10.545721625354,-3.917940198693,-4.));
#4010 = VECTOR('',#4011,1.);
#4011 = DIRECTION('',(-0.,-0.,-1.));
#4012 = DEFINITIONAL_REPRESENTATION('',(#4013),#4017);
#4013 = LINE('',#4014,#4015);
#4014 = CARTESIAN_POINT('',(0.,-8.));
#4015 = VECTOR('',#4016,1.);
#4016 = DIRECTION('',(1.,0.));
#4017 = ( GEOMETRIC_REPRESENTATION_CONTEXT(2) 
PARAMETRIC_REPRESENTATION_CONTEXT() REPRESENTATION_CONTEXT('2D SPACE',''
  ) );
#4018 = ORIENTED_EDGE('',*,*,#4019,.T.);
#4019 = EDGE_CURVE('',#3960,#74,#4020,.T.);
#4020 = SURFACE_CURVE('',#4021,(#4025,#4032),.PCURVE_S1.);
#4021 = LINE('',#4022,#4023);
#4022 = CARTESIAN_POINT('',(9.031953391258,-2.593461026136,4.));
#4023 = VECTOR('',#4024,1.);
#4024 = DIRECTION('',(-0.961160404102,0.27599035778,0.));
#4025 = PCURVE('',#90,#4026);
#4026 = DEFINITIONAL_REPRESENTATION('',(#4027),#4031);
#4027 = LINE('',#4028,#4029);
#4028 = CARTESIAN_POINT('',(9.031953391258,-2.593461026136));
#4029 = VECTOR('',#4030,1.);
#4030 = DIRECTION('',(-0.961160404102,0.27599035778));
#4031 = ( GEOMETRIC_REPRESENTATION_CONTEXT(2) 
PARAMETRIC_REPRESENTATION_CONTEXT() REPRESENTATION_CONTEXT('2D SPACE',''
  ) );
#4032 = PCURVE('',#121,#4033);
#4033 = DEFINITIONAL_REPRESENTATION('',(#4034),#4038);
#4034 = LINE('',#4035,#4036);
#4035 = CARTESIAN_POINT('',(0.,-8.));
#4036 = VECTOR('',#4037,1.);
#4037 = DIRECTION('',(1.,0.));
#4038 = ( GEOMETRIC_REPRESENTATION_CONTEXT(2) 
PARAMETRIC_REPRESENTATION_CONTEXT() REPRESENTATION_CONTEXT('2D SPACE',''
  ) );
#4039 = FACE_BOUND('',#4040,.T.);
#4040 = EDGE_LOOP('',(#4041));
#4041 = ORIENTED_EDGE('',*,*,#4042,.F.);
#4042 = EDGE_CURVE('',#4043,#4043,#4045,.T.);
#4043 = VERTEX_POINT('',#4044);
#4044 = CARTESIAN_POINT('',(4.,-9.797174393179E-16,4.));
#4045 = SURFACE_CURVE('',#4046,(#4051,#4058),.PCURVE_S1.);
#4046 = CIRCLE('',#4047,4.);
#4047 = AXIS2_PLACEMENT_3D('',#4048,#4049,#4050);
#4048 = CARTESIAN_POINT('',(0.,0.,4.));
#4049 = DIRECTION('',(0.,0.,1.));
#4050 = DIRECTION('',(1.,0.,-0.));
#4051 = PCURVE('',#90,#4052);
#4052 = DEFINITIONAL_REPRESENTATION('',(#4053),#4057);
#4053 = CIRCLE('',#4054,4.);
#4054 = AXIS2_PLACEMENT_2D('',#4055,#4056);
#4055 = CARTESIAN_POINT('',(3.204846711808E-16,2.182880132062E-15));
#4056 = DIRECTION('',(1.,0.));
#4057 = ( GEOMETRIC_REPRESENTATION_CONTEXT(2) 
PARAMETRIC_REPRESENTATION_CONTEXT() REPRESENTATION_CONTEXT('2D SPACE',''
  ) );
#4058 = PCURVE('',#4059,#4064);
#4059 = CYLINDRICAL_SURFACE('',#4060,4.);
#4060 = AXIS2_PLACEMENT_3D('',#4061,#4062,#4063);
#4061 = CARTESIAN_POINT('',(0.,0.,4.));
#4062 = DIRECTION('',(0.,0.,1.));
#4063 = DIRECTION('',(1.,0.,-0.));
#4064 = DEFINITIONAL_REPRESENTATION('',(#4065),#4069);
#4065 = LINE('',#4066,#4067);
#4066 = CARTESIAN_POINT('',(0.,0.));
#4067 = VECTOR('',#4068,1.);
#4068 = DIRECTION('',(1.,0.));
#4069 = ( GEOMETRIC_REPRESENTATION_CONTEXT(2) 
PARAMETRIC_REPRESENTATION_CONTEXT() REPRESENTATION_CONTEXT('2D SPACE',''
  ) );
#4070 = ADVANCED_FACE('',(#4071),#121,.F.);
#4071 = FACE_BOUND('',#4072,.F.);
#4072 = EDGE_LOOP('',(#4073,#4096,#4097,#4098));
#4073 = ORIENTED_EDGE('',*,*,#4074,.T.);
#4074 = EDGE_CURVE('',#4075,#3960,#4077,.T.);
#4075 = VERTEX_POINT('',#4076);
#4076 = CARTESIAN_POINT('',(9.031953391258,-2.593461026136,-4.));
#4077 = SURFACE_CURVE('',#4078,(#4082,#4089),.PCURVE_S1.);
#4078 = LINE('',#4079,#4080);
#4079 = CARTESIAN_POINT('',(9.031953391258,-2.593461026136,-4.));
#4080 = VECTOR('',#4081,1.);
#4081 = DIRECTION('',(0.,0.,1.));
#4082 = PCURVE('',#121,#4083);
#4083 = DEFINITIONAL_REPRESENTATION('',(#4084),#4088);
#4084 = LINE('',#4085,#4086);
#4085 = CARTESIAN_POINT('',(0.,0.));
#4086 = VECTOR('',#4087,1.);
#4087 = DIRECTION('',(0.,-1.));
#4088 = ( GEOMETRIC_REPRESENTATION_CONTEXT(2) 
PARAMETRIC_REPRESENTATION_CONTEXT() REPRESENTATION_CONTEXT('2D SPACE',''
  ) );
#4089 = PCURVE('',#3995,#4090);
#4090 = DEFINITIONAL_REPRESENTATION('',(#4091),#4095);
#4091 = LINE('',#4092,#4093);
#4092 = CARTESIAN_POINT('',(0.,0.));
#4093 = VECTOR('',#4094,1.);
#4094 = DIRECTION('',(0.,-1.));
#4095 = ( GEOMETRIC_REPRESENTATION_CONTEXT(2) 
PARAMETRIC_REPRESENTATION_CONTEXT() REPRESENTATION_CONTEXT('2D SPACE',''
  ) );
#4096 = ORIENTED_EDGE('',*,*,#4019,.T.);
#4097 = ORIENTED_EDGE('',*,*,#106,.F.);
#4098 = ORIENTED_EDGE('',*,*,#4099,.F.);
#4099 = EDGE_CURVE('',#4075,#107,#4100,.T.);
#4100 = SURFACE_CURVE('',#4101,(#4105,#4112),.PCURVE_S1.);
#4101 = LINE('',#4102,#4103);
#4102 = CARTESIAN_POINT('',(9.031953391258,-2.593461026136,-4.));
#4103 = VECTOR('',#4104,1.);
#4104 = DIRECTION('',(-0.961160404102,0.27599035778,0.));
#4105 = PCURVE('',#121,#4106);
#4106 = DEFINITIONAL_REPRESENTATION('',(#4107),#4111);
#4107 = LINE('',#4108,#4109);
#4108 = CARTESIAN_POINT('',(0.,0.));
#4109 = VECTOR('',#4110,1.);
#4110 = DIRECTION('',(1.,0.));
#4111 = ( GEOMETRIC_REPRESENTATION_CONTEXT(2) 
PARAMETRIC_REPRESENTATION_CONTEXT() REPRESENTATION_CONTEXT('2D SPACE',''
  ) );
#4112 = PCURVE('',#148,#4113);
#4113 = DEFINITIONAL_REPRESENTATION('',(#4114),#4118);
#4114 = LINE('',#4115,#4116);
#4115 = CARTESIAN_POINT('',(9.031953391258,-2.593461026136));
#4116 = VECTOR('',#4117,1.);
#4117 = DIRECTION('',(-0.961160404102,0.27599035778));
#4118 = ( GEOMETRIC_REPRESENTATION_CONTEXT(2) 
PARAMETRIC_REPRESENTATION_CONTEXT() REPRESENTATION_CONTEXT('2D SPACE',''
  ) );
#4119 = ADVANCED_FACE('',(#4120,#6933),#148,.F.);
#4120 = FACE_BOUND('',#4121,.F.);
#4121 = EDGE_LOOP('',(#4122,#4123,#4166,#4190,#4233,#4256,#4280,#4303,
    #4346,#4370,#4413,#4436,#4460,#4483,#4526,#4550,#4593,#4616,#4640,
    #4663,#4706,#4730,#4773,#4796,#4820,#4843,#4886,#4910,#4953,#4976,
    #5000,#5023,#5066,#5090,#5133,#5156,#5180,#5203,#5246,#5270,#5313,
    #5336,#5360,#5383,#5426,#5450,#5493,#5516,#5540,#5563,#5606,#5630,
    #5673,#5696,#5720,#5743,#5786,#5810,#5853,#5876,#5900,#5923,#5966,
    #5990,#6033,#6056,#6080,#6103,#6146,#6170,#6213,#6236,#6260,#6283,
    #6326,#6350,#6393,#6416,#6440,#6463,#6506,#6530,#6573,#6596,#6620,
    #6643,#6686,#6710,#6753,#6776,#6800,#6823,#6866,#6890,#6931,#6932));
#4122 = ORIENTED_EDGE('',*,*,#227,.F.);
#4123 = ORIENTED_EDGE('',*,*,#4124,.T.);
#4124 = EDGE_CURVE('',#164,#4125,#4127,.T.);
#4125 = VERTEX_POINT('',#4126);
#4126 = CARTESIAN_POINT('',(11.242307168263,-0.415968189182,-4.));
#4127 = SURFACE_CURVE('',#4128,(#4142,#4159),.PCURVE_S1.);
#4128 = B_SPLINE_CURVE_WITH_KNOTS('',3,(#4129,#4130,#4131,#4132,#4133,
    #4134,#4135,#4136,#4137,#4138,#4139,#4140,#4141),.UNSPECIFIED.,.F.,
  .F.,(4,1,1,1,1,1,1,1,1,1,4),(0.,0.186927563819,0.377660761138,
    0.572069250156,0.77014078192,0.971871396504,1.177259312061,
    1.386303573601,1.599003609573,1.815359050699,2.035369644546),
  .UNSPECIFIED.);
#4129 = CARTESIAN_POINT('',(9.336911443966,-1.060333364315,-4.));
#4130 = CARTESIAN_POINT('',(9.399391793885,-1.063306393064,-4.));
#4131 = CARTESIAN_POINT('',(9.525322383705,-1.060048036285,-4.));
#4132 = CARTESIAN_POINT('',(9.714522034928,-1.033584258909,-4.));
#4133 = CARTESIAN_POINT('',(9.904909243289,-0.993884549239,-4.));
#4134 = CARTESIAN_POINT('',(10.096117280238,-0.941745388467,-4.));
#4135 = CARTESIAN_POINT('',(10.287793016084,-0.878606818778,-4.));
#4136 = CARTESIAN_POINT('',(10.479660317232,-0.805115896132,-4.));
#4137 = CARTESIAN_POINT('',(10.671458274716,-0.72181537474,-4.));
#4138 = CARTESIAN_POINT('',(10.862943073359,-0.629082326011,-4.));
#4139 = CARTESIAN_POINT('',(11.0538783891,-0.527225431768,-4.));
#4140 = CARTESIAN_POINT('',(11.179598735178,-0.453991385117,-4.));
#4141 = CARTESIAN_POINT('',(11.242307168263,-0.415968189182,-4.));
#4142 = PCURVE('',#148,#4143);
#4143 = DEFINITIONAL_REPRESENTATION('',(#4144),#4158);
#4144 = B_SPLINE_CURVE_WITH_KNOTS('',3,(#4145,#4146,#4147,#4148,#4149,
    #4150,#4151,#4152,#4153,#4154,#4155,#4156,#4157),.UNSPECIFIED.,.F.,
  .F.,(4,1,1,1,1,1,1,1,1,1,4),(0.,0.186927563819,0.377660761138,
    0.572069250156,0.77014078192,0.971871396504,1.177259312061,
    1.386303573601,1.599003609573,1.815359050699,2.035369644546),
  .UNSPECIFIED.);
#4145 = CARTESIAN_POINT('',(9.336911443966,-1.060333364315));
#4146 = CARTESIAN_POINT('',(9.399391793885,-1.063306393064));
#4147 = CARTESIAN_POINT('',(9.525322383705,-1.060048036285));
#4148 = CARTESIAN_POINT('',(9.714522034928,-1.033584258909));
#4149 = CARTESIAN_POINT('',(9.904909243289,-0.993884549239));
#4150 = CARTESIAN_POINT('',(10.096117280238,-0.941745388467));
#4151 = CARTESIAN_POINT('',(10.287793016084,-0.878606818778));
#4152 = CARTESIAN_POINT('',(10.479660317232,-0.805115896132));
#4153 = CARTESIAN_POINT('',(10.671458274716,-0.72181537474));
#4154 = CARTESIAN_POINT('',(10.862943073359,-0.629082326011));
#4155 = CARTESIAN_POINT('',(11.0538783891,-0.527225431768));
#4156 = CARTESIAN_POINT('',(11.179598735178,-0.453991385117));
#4157 = CARTESIAN_POINT('',(11.242307168263,-0.415968189182));
#4158 = ( GEOMETRIC_REPRESENTATION_CONTEXT(2) 
PARAMETRIC_REPRESENTATION_CONTEXT() REPRESENTATION_CONTEXT('2D SPACE',''
  ) );
#4159 = PCURVE('',#181,#4160);
#4160 = DEFINITIONAL_REPRESENTATION('',(#4161),#4165);
#4161 = LINE('',#4162,#4163);
#4162 = CARTESIAN_POINT('',(0.,0.));
#4163 = VECTOR('',#4164,1.);
#4164 = DIRECTION('',(1.,0.));
#4165 = ( GEOMETRIC_REPRESENTATION_CONTEXT(2) 
PARAMETRIC_REPRESENTATION_CONTEXT() REPRESENTATION_CONTEXT('2D SPACE',''
  ) );
#4166 = ORIENTED_EDGE('',*,*,#4167,.T.);
#4167 = EDGE_CURVE('',#4125,#4168,#4170,.T.);
#4168 = VERTEX_POINT('',#4169);
#4169 = CARTESIAN_POINT('',(11.242307168263,0.415968189182,-4.));
#4170 = SURFACE_CURVE('',#4171,(#4176,#4183),.PCURVE_S1.);
#4171 = CIRCLE('',#4172,11.250000000019);
#4172 = AXIS2_PLACEMENT_3D('',#4173,#4174,#4175);
#4173 = CARTESIAN_POINT('',(-1.934186144581E-11,3.304301277041E-13,-4.)
  );
#4174 = DIRECTION('',(0.,0.,1.));
#4175 = DIRECTION('',(0.999316192735,-3.697495014948E-02,0.));
#4176 = PCURVE('',#148,#4177);
#4177 = DEFINITIONAL_REPRESENTATION('',(#4178),#4182);
#4178 = CIRCLE('',#4179,11.250000000019);
#4179 = AXIS2_PLACEMENT_2D('',#4180,#4181);
#4180 = CARTESIAN_POINT('',(-1.934154096114E-11,3.326130078361E-13));
#4181 = DIRECTION('',(0.999316192735,-3.697495014948E-02));
#4182 = ( GEOMETRIC_REPRESENTATION_CONTEXT(2) 
PARAMETRIC_REPRESENTATION_CONTEXT() REPRESENTATION_CONTEXT('2D SPACE',''
  ) );
#4183 = PCURVE('',#317,#4184);
#4184 = DEFINITIONAL_REPRESENTATION('',(#4185),#4189);
#4185 = LINE('',#4186,#4187);
#4186 = CARTESIAN_POINT('',(-6.28318530718,0.));
#4187 = VECTOR('',#4188,1.);
#4188 = DIRECTION('',(-1.,0.));
#4189 = ( GEOMETRIC_REPRESENTATION_CONTEXT(2) 
PARAMETRIC_REPRESENTATION_CONTEXT() REPRESENTATION_CONTEXT('2D SPACE',''
  ) );
#4190 = ORIENTED_EDGE('',*,*,#4191,.F.);
#4191 = EDGE_CURVE('',#4192,#4168,#4194,.T.);
#4192 = VERTEX_POINT('',#4193);
#4193 = CARTESIAN_POINT('',(9.336911443966,1.060333364315,-4.));
#4194 = SURFACE_CURVE('',#4195,(#4209,#4226),.PCURVE_S1.);
#4195 = B_SPLINE_CURVE_WITH_KNOTS('',3,(#4196,#4197,#4198,#4199,#4200,
    #4201,#4202,#4203,#4204,#4205,#4206,#4207,#4208),.UNSPECIFIED.,.F.,
  .F.,(4,1,1,1,1,1,1,1,1,1,4),(0.,0.186927563819,0.377660761138,
    0.572069250156,0.77014078192,0.971871396504,1.177259312061,
    1.386303573601,1.599003609573,1.815359050699,2.035369644546),
  .UNSPECIFIED.);
#4196 = CARTESIAN_POINT('',(9.336911443966,1.060333364315,-4.));
#4197 = CARTESIAN_POINT('',(9.399391793885,1.063306393064,-4.));
#4198 = CARTESIAN_POINT('',(9.525322383705,1.060048036285,-4.));
#4199 = CARTESIAN_POINT('',(9.714522034928,1.033584258909,-4.));
#4200 = CARTESIAN_POINT('',(9.904909243289,0.993884549239,-4.));
#4201 = CARTESIAN_POINT('',(10.096117280238,0.941745388467,-4.));
#4202 = CARTESIAN_POINT('',(10.287793016084,0.878606818778,-4.));
#4203 = CARTESIAN_POINT('',(10.479660317232,0.805115896132,-4.));
#4204 = CARTESIAN_POINT('',(10.671458274716,0.72181537474,-4.));
#4205 = CARTESIAN_POINT('',(10.862943073359,0.629082326011,-4.));
#4206 = CARTESIAN_POINT('',(11.0538783891,0.527225431768,-4.));
#4207 = CARTESIAN_POINT('',(11.179598735178,0.453991385117,-4.));
#4208 = CARTESIAN_POINT('',(11.242307168263,0.415968189182,-4.));
#4209 = PCURVE('',#148,#4210);
#4210 = DEFINITIONAL_REPRESENTATION('',(#4211),#4225);
#4211 = B_SPLINE_CURVE_WITH_KNOTS('',3,(#4212,#4213,#4214,#4215,#4216,
    #4217,#4218,#4219,#4220,#4221,#4222,#4223,#4224),.UNSPECIFIED.,.F.,
  .F.,(4,1,1,1,1,1,1,1,1,1,4),(0.,0.186927563819,0.377660761138,
    0.572069250156,0.77014078192,0.971871396504,1.177259312061,
    1.386303573601,1.599003609573,1.815359050699,2.035369644546),
  .UNSPECIFIED.);
#4212 = CARTESIAN_POINT('',(9.336911443966,1.060333364315));
#4213 = CARTESIAN_POINT('',(9.399391793885,1.063306393064));
#4214 = CARTESIAN_POINT('',(9.525322383705,1.060048036285));
#4215 = CARTESIAN_POINT('',(9.714522034928,1.033584258909));
#4216 = CARTESIAN_POINT('',(9.904909243289,0.993884549239));
#4217 = CARTESIAN_POINT('',(10.096117280238,0.941745388467));
#4218 = CARTESIAN_POINT('',(10.287793016084,0.878606818778));
#4219 = CARTESIAN_POINT('',(10.479660317232,0.805115896132));
#4220 = CARTESIAN_POINT('',(10.671458274716,0.72181537474));
#4221 = CARTESIAN_POINT('',(10.862943073359,0.629082326011));
#4222 = CARTESIAN_POINT('',(11.0538783891,0.527225431768));
#4223 = CARTESIAN_POINT('',(11.179598735178,0.453991385117));
#4224 = CARTESIAN_POINT('',(11.242307168263,0.415968189182));
#4225 = ( GEOMETRIC_REPRESENTATION_CONTEXT(2) 
PARAMETRIC_REPRESENTATION_CONTEXT() REPRESENTATION_CONTEXT('2D SPACE',''
  ) );
#4226 = PCURVE('',#365,#4227);
#4227 = DEFINITIONAL_REPRESENTATION('',(#4228),#4232);
#4228 = LINE('',#4229,#4230);
#4229 = CARTESIAN_POINT('',(0.,0.));
#4230 = VECTOR('',#4231,1.);
#4231 = DIRECTION('',(1.,0.));
#4232 = ( GEOMETRIC_REPRESENTATION_CONTEXT(2) 
PARAMETRIC_REPRESENTATION_CONTEXT() REPRESENTATION_CONTEXT('2D SPACE',''
  ) );
#4233 = ORIENTED_EDGE('',*,*,#4234,.T.);
#4234 = EDGE_CURVE('',#4192,#4235,#4237,.T.);
#4235 = VERTEX_POINT('',#4236);
#4236 = CARTESIAN_POINT('',(8.383612743769,0.952073323075,-4.));
#4237 = SURFACE_CURVE('',#4238,(#4242,#4249),.PCURVE_S1.);
#4238 = LINE('',#4239,#4240);
#4239 = CARTESIAN_POINT('',(9.336911443966,1.060333364315,-4.));
#4240 = VECTOR('',#4241,1.);
#4241 = DIRECTION('',(-0.993613362224,-0.112838319772,0.));
#4242 = PCURVE('',#148,#4243);
#4243 = DEFINITIONAL_REPRESENTATION('',(#4244),#4248);
#4244 = LINE('',#4245,#4246);
#4245 = CARTESIAN_POINT('',(9.336911443966,1.060333364315));
#4246 = VECTOR('',#4247,1.);
#4247 = DIRECTION('',(-0.993613362224,-0.112838319772));
#4248 = ( GEOMETRIC_REPRESENTATION_CONTEXT(2) 
PARAMETRIC_REPRESENTATION_CONTEXT() REPRESENTATION_CONTEXT('2D SPACE',''
  ) );
#4249 = PCURVE('',#405,#4250);
#4250 = DEFINITIONAL_REPRESENTATION('',(#4251),#4255);
#4251 = LINE('',#4252,#4253);
#4252 = CARTESIAN_POINT('',(0.,0.));
#4253 = VECTOR('',#4254,1.);
#4254 = DIRECTION('',(1.,0.));
#4255 = ( GEOMETRIC_REPRESENTATION_CONTEXT(2) 
PARAMETRIC_REPRESENTATION_CONTEXT() REPRESENTATION_CONTEXT('2D SPACE',''
  ) );
#4256 = ORIENTED_EDGE('',*,*,#4257,.T.);
#4257 = EDGE_CURVE('',#4235,#4258,#4260,.T.);
#4258 = VERTEX_POINT('',#4259);
#4259 = CARTESIAN_POINT('',(8.109790909607,2.328668643766,-4.));
#4260 = SURFACE_CURVE('',#4261,(#4266,#4273),.PCURVE_S1.);
#4261 = CIRCLE('',#4262,8.437500000001);
#4262 = AXIS2_PLACEMENT_3D('',#4263,#4264,#4265);
#4263 = CARTESIAN_POINT('',(-1.337596700068E-12,-2.16271445197E-13,-4.)
  );
#4264 = DIRECTION('',(0.,0.,1.));
#4265 = DIRECTION('',(0.993613362224,0.112838319772,-0.));
#4266 = PCURVE('',#148,#4267);
#4267 = DEFINITIONAL_REPRESENTATION('',(#4268),#4272);
#4268 = CIRCLE('',#4269,8.437500000001);
#4269 = AXIS2_PLACEMENT_2D('',#4270,#4271);
#4270 = CARTESIAN_POINT('',(-1.337276215397E-12,-2.140885650649E-13));
#4271 = DIRECTION('',(0.993613362224,0.112838319772));
#4272 = ( GEOMETRIC_REPRESENTATION_CONTEXT(2) 
PARAMETRIC_REPRESENTATION_CONTEXT() REPRESENTATION_CONTEXT('2D SPACE',''
  ) );
#4273 = PCURVE('',#438,#4274);
#4274 = DEFINITIONAL_REPRESENTATION('',(#4275),#4279);
#4275 = LINE('',#4276,#4277);
#4276 = CARTESIAN_POINT('',(-6.28318530718,0.));
#4277 = VECTOR('',#4278,1.);
#4278 = DIRECTION('',(-1.,0.));
#4279 = ( GEOMETRIC_REPRESENTATION_CONTEXT(2) 
PARAMETRIC_REPRESENTATION_CONTEXT() REPRESENTATION_CONTEXT('2D SPACE',''
  ) );
#4280 = ORIENTED_EDGE('',*,*,#4281,.F.);
#4281 = EDGE_CURVE('',#4282,#4258,#4284,.T.);
#4282 = VERTEX_POINT('',#4283);
#4283 = CARTESIAN_POINT('',(9.031953391258,2.593461026136,-4.));
#4284 = SURFACE_CURVE('',#4285,(#4289,#4296),.PCURVE_S1.);
#4285 = LINE('',#4286,#4287);
#4286 = CARTESIAN_POINT('',(9.031953391258,2.593461026136,-4.));
#4287 = VECTOR('',#4288,1.);
#4288 = DIRECTION('',(-0.961160404102,-0.27599035778,0.));
#4289 = PCURVE('',#148,#4290);
#4290 = DEFINITIONAL_REPRESENTATION('',(#4291),#4295);
#4291 = LINE('',#4292,#4293);
#4292 = CARTESIAN_POINT('',(9.031953391258,2.593461026136));
#4293 = VECTOR('',#4294,1.);
#4294 = DIRECTION('',(-0.961160404102,-0.27599035778));
#4295 = ( GEOMETRIC_REPRESENTATION_CONTEXT(2) 
PARAMETRIC_REPRESENTATION_CONTEXT() REPRESENTATION_CONTEXT('2D SPACE',''
  ) );
#4296 = PCURVE('',#466,#4297);
#4297 = DEFINITIONAL_REPRESENTATION('',(#4298),#4302);
#4298 = LINE('',#4299,#4300);
#4299 = CARTESIAN_POINT('',(0.,0.));
#4300 = VECTOR('',#4301,1.);
#4301 = DIRECTION('',(1.,0.));
#4302 = ( GEOMETRIC_REPRESENTATION_CONTEXT(2) 
PARAMETRIC_REPRESENTATION_CONTEXT() REPRESENTATION_CONTEXT('2D SPACE',''
  ) );
#4303 = ORIENTED_EDGE('',*,*,#4304,.T.);
#4304 = EDGE_CURVE('',#4282,#4305,#4307,.T.);
#4305 = VERTEX_POINT('',#4306);
#4306 = CARTESIAN_POINT('',(10.545721625354,3.917940198693,-4.));
#4307 = SURFACE_CURVE('',#4308,(#4322,#4339),.PCURVE_S1.);
#4308 = B_SPLINE_CURVE_WITH_KNOTS('',3,(#4309,#4310,#4311,#4312,#4313,
    #4314,#4315,#4316,#4317,#4318,#4319,#4320,#4321),.UNSPECIFIED.,.F.,
  .F.,(4,1,1,1,1,1,1,1,1,1,4),(0.,0.186927563819,0.377660761138,
    0.572069250156,0.77014078192,0.971871396504,1.177259312061,
    1.386303573601,1.599003609573,1.815359050699,2.035369644546),
  .UNSPECIFIED.);
#4309 = CARTESIAN_POINT('',(9.031953391258,2.593461026136,-4.));
#4310 = CARTESIAN_POINT('',(9.090815436579,2.614624500488,-4.));
#4311 = CARTESIAN_POINT('',(9.205913211874,2.665826379978,-4.));
#4312 = CARTESIAN_POINT('',(9.370583648038,2.76267929418,-4.));
#4313 = CARTESIAN_POINT('',(9.531286071934,2.872215073765,-4.));
#4314 = CARTESIAN_POINT('',(9.687986470718,2.993557525121,-4.));
#4315 = CARTESIAN_POINT('',(9.840909675382,3.125241085863,-4.));
#4316 = CARTESIAN_POINT('',(9.990048189344,3.266562282483,-4.));
#4317 = CARTESIAN_POINT('',(10.135368667197,3.416919829935,-4.));
#4318 = CARTESIAN_POINT('',(10.27679015207,3.575872055634,-4.));
#4319 = CARTESIAN_POINT('',(10.414212436417,3.743043337458,-4.));
#4320 = CARTESIAN_POINT('',(10.502337434641,3.858813867796,-4.));
#4321 = CARTESIAN_POINT('',(10.545721625354,3.917940198693,-4.));
#4322 = PCURVE('',#148,#4323);
#4323 = DEFINITIONAL_REPRESENTATION('',(#4324),#4338);
#4324 = B_SPLINE_CURVE_WITH_KNOTS('',3,(#4325,#4326,#4327,#4328,#4329,
    #4330,#4331,#4332,#4333,#4334,#4335,#4336,#4337),.UNSPECIFIED.,.F.,
  .F.,(4,1,1,1,1,1,1,1,1,1,4),(0.,0.186927563819,0.377660761138,
    0.572069250156,0.77014078192,0.971871396504,1.177259312061,
    1.386303573601,1.599003609573,1.815359050699,2.035369644546),
  .UNSPECIFIED.);
#4325 = CARTESIAN_POINT('',(9.031953391258,2.593461026136));
#4326 = CARTESIAN_POINT('',(9.090815436579,2.614624500488));
#4327 = CARTESIAN_POINT('',(9.205913211874,2.665826379978));
#4328 = CARTESIAN_POINT('',(9.370583648038,2.76267929418));
#4329 = CARTESIAN_POINT('',(9.531286071934,2.872215073765));
#4330 = CARTESIAN_POINT('',(9.687986470718,2.993557525121));
#4331 = CARTESIAN_POINT('',(9.840909675382,3.125241085863));
#4332 = CARTESIAN_POINT('',(9.990048189344,3.266562282483));
#4333 = CARTESIAN_POINT('',(10.135368667197,3.416919829935));
#4334 = CARTESIAN_POINT('',(10.27679015207,3.575872055634));
#4335 = CARTESIAN_POINT('',(10.414212436417,3.743043337458));
#4336 = CARTESIAN_POINT('',(10.502337434641,3.858813867796));
#4337 = CARTESIAN_POINT('',(10.545721625354,3.917940198693));
#4338 = ( GEOMETRIC_REPRESENTATION_CONTEXT(2) 
PARAMETRIC_REPRESENTATION_CONTEXT() REPRESENTATION_CONTEXT('2D SPACE',''
  ) );
#4339 = PCURVE('',#514,#4340);
#4340 = DEFINITIONAL_REPRESENTATION('',(#4341),#4345);
#4341 = LINE('',#4342,#4343);
#4342 = CARTESIAN_POINT('',(0.,0.));
#4343 = VECTOR('',#4344,1.);
#4344 = DIRECTION('',(1.,0.));
#4345 = ( GEOMETRIC_REPRESENTATION_CONTEXT(2) 
PARAMETRIC_REPRESENTATION_CONTEXT() REPRESENTATION_CONTEXT('2D SPACE',''
  ) );
#4346 = ORIENTED_EDGE('',*,*,#4347,.T.);
#4347 = EDGE_CURVE('',#4305,#4348,#4350,.T.);
#4348 = VERTEX_POINT('',#4349);
#4349 = CARTESIAN_POINT('',(10.227353356573,4.686549191015,-4.));
#4350 = SURFACE_CURVE('',#4351,(#4356,#4363),.PCURVE_S1.);
#4351 = CIRCLE('',#4352,11.250000000019);
#4352 = AXIS2_PLACEMENT_3D('',#4353,#4354,#4355);
#4353 = CARTESIAN_POINT('',(-1.799600004588E-11,-7.096532294502E-12,-4.)
  );
#4354 = DIRECTION('',(0.,0.,1.));
#4355 = DIRECTION('',(0.937397477809,0.348261350995,-0.));
#4356 = PCURVE('',#148,#4357);
#4357 = DEFINITIONAL_REPRESENTATION('',(#4358),#4362);
#4358 = CIRCLE('',#4359,11.250000000019);
#4359 = AXIS2_PLACEMENT_2D('',#4360,#4361);
#4360 = CARTESIAN_POINT('',(-1.799567956121E-11,-7.094349414369E-12));
#4361 = DIRECTION('',(0.937397477809,0.348261350995));
#4362 = ( GEOMETRIC_REPRESENTATION_CONTEXT(2) 
PARAMETRIC_REPRESENTATION_CONTEXT() REPRESENTATION_CONTEXT('2D SPACE',''
  ) );
#4363 = PCURVE('',#559,#4364);
#4364 = DEFINITIONAL_REPRESENTATION('',(#4365),#4369);
#4365 = LINE('',#4366,#4367);
#4366 = CARTESIAN_POINT('',(-6.28318530718,0.));
#4367 = VECTOR('',#4368,1.);
#4368 = DIRECTION('',(-1.,0.));
#4369 = ( GEOMETRIC_REPRESENTATION_CONTEXT(2) 
PARAMETRIC_REPRESENTATION_CONTEXT() REPRESENTATION_CONTEXT('2D SPACE',''
  ) );
#4370 = ORIENTED_EDGE('',*,*,#4371,.F.);
#4371 = EDGE_CURVE('',#4372,#4348,#4374,.T.);
#4372 = VERTEX_POINT('',#4373);
#4373 = CARTESIAN_POINT('',(8.220409368643,4.552701611996,-4.));
#4374 = SURFACE_CURVE('',#4375,(#4389,#4406),.PCURVE_S1.);
#4375 = B_SPLINE_CURVE_WITH_KNOTS('',3,(#4376,#4377,#4378,#4379,#4380,
    #4381,#4382,#4383,#4384,#4385,#4386,#4387,#4388),.UNSPECIFIED.,.F.,
  .F.,(4,1,1,1,1,1,1,1,1,1,4),(0.,0.186927563819,0.377660761138,
    0.572069250156,0.77014078192,0.971871396504,1.177259312061,
    1.386303573601,1.599003609573,1.815359050699,2.035369644546),
  .UNSPECIFIED.);
#4376 = CARTESIAN_POINT('',(8.220409368643,4.552701611996,-4.));
#4377 = CARTESIAN_POINT('',(8.276995956271,4.579358527169,-4.));
#4378 = CARTESIAN_POINT('',(8.39458756988,4.624539748382,-4.));
#4379 = CARTESIAN_POINT('',(8.579512504362,4.672493978045,-4.));
#4380 = CARTESIAN_POINT('',(8.770599770579,4.708674259208,-4.));
#4381 = CARTESIAN_POINT('',(8.967205755373,4.733676103603,-4.));
#4382 = CARTESIAN_POINT('',(9.168453129163,4.74869479985,-4.));
#4383 = CARTESIAN_POINT('',(9.373839160178,4.754222477954,-4.));
#4384 = CARTESIAN_POINT('',(9.582915096918,4.750660731883,-4.));
#4385 = CARTESIAN_POINT('',(9.795311384554,4.738264626166,-4.));
#4386 = CARTESIAN_POINT('',(10.010691560699,4.717228908317,-4.));
#4387 = CARTESIAN_POINT('',(10.154867471599,4.697680565088,-4.));
#4388 = CARTESIAN_POINT('',(10.227353356573,4.686549191015,-4.));
#4389 = PCURVE('',#148,#4390);
#4390 = DEFINITIONAL_REPRESENTATION('',(#4391),#4405);
#4391 = B_SPLINE_CURVE_WITH_KNOTS('',3,(#4392,#4393,#4394,#4395,#4396,
    #4397,#4398,#4399,#4400,#4401,#4402,#4403,#4404),.UNSPECIFIED.,.F.,
  .F.,(4,1,1,1,1,1,1,1,1,1,4),(0.,0.186927563819,0.377660761138,
    0.572069250156,0.77014078192,0.971871396504,1.177259312061,
    1.386303573601,1.599003609573,1.815359050699,2.035369644546),
  .UNSPECIFIED.);
#4392 = CARTESIAN_POINT('',(8.220409368643,4.552701611996));
#4393 = CARTESIAN_POINT('',(8.276995956271,4.579358527169));
#4394 = CARTESIAN_POINT('',(8.39458756988,4.624539748382));
#4395 = CARTESIAN_POINT('',(8.579512504362,4.672493978045));
#4396 = CARTESIAN_POINT('',(8.770599770579,4.708674259208));
#4397 = CARTESIAN_POINT('',(8.967205755373,4.733676103603));
#4398 = CARTESIAN_POINT('',(9.168453129163,4.74869479985));
#4399 = CARTESIAN_POINT('',(9.373839160178,4.754222477954));
#4400 = CARTESIAN_POINT('',(9.582915096918,4.750660731883));
#4401 = CARTESIAN_POINT('',(9.795311384554,4.738264626166));
#4402 = CARTESIAN_POINT('',(10.010691560699,4.717228908317));
#4403 = CARTESIAN_POINT('',(10.154867471599,4.697680565088));
#4404 = CARTESIAN_POINT('',(10.227353356573,4.686549191015));
#4405 = ( GEOMETRIC_REPRESENTATION_CONTEXT(2) 
PARAMETRIC_REPRESENTATION_CONTEXT() REPRESENTATION_CONTEXT('2D SPACE',''
  ) );
#4406 = PCURVE('',#607,#4407);
#4407 = DEFINITIONAL_REPRESENTATION('',(#4408),#4412);
#4408 = LINE('',#4409,#4410);
#4409 = CARTESIAN_POINT('',(0.,0.));
#4410 = VECTOR('',#4411,1.);
#4411 = DIRECTION('',(1.,0.));
#4412 = ( GEOMETRIC_REPRESENTATION_CONTEXT(2) 
PARAMETRIC_REPRESENTATION_CONTEXT() REPRESENTATION_CONTEXT('2D SPACE',''
  ) );
#4413 = ORIENTED_EDGE('',*,*,#4414,.T.);
#4414 = EDGE_CURVE('',#4372,#4415,#4417,.T.);
#4415 = VERTEX_POINT('',#4416);
#4416 = CARTESIAN_POINT('',(7.381105535331,4.087870757045,-4.));
#4417 = SURFACE_CURVE('',#4418,(#4422,#4429),.PCURVE_S1.);
#4418 = LINE('',#4419,#4420);
#4419 = CARTESIAN_POINT('',(8.220409368643,4.552701611996,-4.));
#4420 = VECTOR('',#4421,1.);
#4421 = DIRECTION('',(-0.874797693076,-0.48448838602,0.));
#4422 = PCURVE('',#148,#4423);
#4423 = DEFINITIONAL_REPRESENTATION('',(#4424),#4428);
#4424 = LINE('',#4425,#4426);
#4425 = CARTESIAN_POINT('',(8.220409368643,4.552701611996));
#4426 = VECTOR('',#4427,1.);
#4427 = DIRECTION('',(-0.874797693076,-0.48448838602));
#4428 = ( GEOMETRIC_REPRESENTATION_CONTEXT(2) 
PARAMETRIC_REPRESENTATION_CONTEXT() REPRESENTATION_CONTEXT('2D SPACE',''
  ) );
#4429 = PCURVE('',#647,#4430);
#4430 = DEFINITIONAL_REPRESENTATION('',(#4431),#4435);
#4431 = LINE('',#4432,#4433);
#4432 = CARTESIAN_POINT('',(0.,0.));
#4433 = VECTOR('',#4434,1.);
#4434 = DIRECTION('',(1.,0.));
#4435 = ( GEOMETRIC_REPRESENTATION_CONTEXT(2) 
PARAMETRIC_REPRESENTATION_CONTEXT() REPRESENTATION_CONTEXT('2D SPACE',''
  ) );
#4436 = ORIENTED_EDGE('',*,*,#4437,.T.);
#4437 = EDGE_CURVE('',#4415,#4438,#4440,.T.);
#4438 = VERTEX_POINT('',#4439);
#4439 = CARTESIAN_POINT('',(6.601326924895,5.254891919028,-4.));
#4440 = SURFACE_CURVE('',#4441,(#4446,#4453),.PCURVE_S1.);
#4441 = CIRCLE('',#4442,8.437500000001);
#4442 = AXIS2_PLACEMENT_3D('',#4443,#4444,#4445);
#4443 = CARTESIAN_POINT('',(-1.153014714977E-12,-7.116848579865E-13,-4.)
  );
#4444 = DIRECTION('',(0.,0.,1.));
#4445 = DIRECTION('',(0.874797693076,0.48448838602,-0.));
#4446 = PCURVE('',#148,#4447);
#4447 = DEFINITIONAL_REPRESENTATION('',(#4448),#4452);
#4448 = CIRCLE('',#4449,8.437500000001);
#4449 = AXIS2_PLACEMENT_2D('',#4450,#4451);
#4450 = CARTESIAN_POINT('',(-1.152694230306E-12,-7.095019778545E-13));
#4451 = DIRECTION('',(0.874797693076,0.48448838602));
#4452 = ( GEOMETRIC_REPRESENTATION_CONTEXT(2) 
PARAMETRIC_REPRESENTATION_CONTEXT() REPRESENTATION_CONTEXT('2D SPACE',''
  ) );
#4453 = PCURVE('',#680,#4454);
#4454 = DEFINITIONAL_REPRESENTATION('',(#4455),#4459);
#4455 = LINE('',#4456,#4457);
#4456 = CARTESIAN_POINT('',(-6.28318530718,0.));
#4457 = VECTOR('',#4458,1.);
#4458 = DIRECTION('',(-1.,0.));
#4459 = ( GEOMETRIC_REPRESENTATION_CONTEXT(2) 
PARAMETRIC_REPRESENTATION_CONTEXT() REPRESENTATION_CONTEXT('2D SPACE',''
  ) );
#4460 = ORIENTED_EDGE('',*,*,#4461,.F.);
#4461 = EDGE_CURVE('',#4462,#4438,#4464,.T.);
#4462 = VERTEX_POINT('',#4463);
#4463 = CARTESIAN_POINT('',(7.351962309593,5.852424485141,-4.));
#4464 = SURFACE_CURVE('',#4465,(#4469,#4476),.PCURVE_S1.);
#4465 = LINE('',#4466,#4467);
#4466 = CARTESIAN_POINT('',(7.351962309593,5.852424485141,-4.));
#4467 = VECTOR('',#4468,1.);
#4468 = DIRECTION('',(-0.782379487395,-0.622802005218,0.));
#4469 = PCURVE('',#148,#4470);
#4470 = DEFINITIONAL_REPRESENTATION('',(#4471),#4475);
#4471 = LINE('',#4472,#4473);
#4472 = CARTESIAN_POINT('',(7.351962309593,5.852424485141));
#4473 = VECTOR('',#4474,1.);
#4474 = DIRECTION('',(-0.782379487395,-0.622802005218));
#4475 = ( GEOMETRIC_REPRESENTATION_CONTEXT(2) 
PARAMETRIC_REPRESENTATION_CONTEXT() REPRESENTATION_CONTEXT('2D SPACE',''
  ) );
#4476 = PCURVE('',#708,#4477);
#4477 = DEFINITIONAL_REPRESENTATION('',(#4478),#4482);
#4478 = LINE('',#4479,#4480);
#4479 = CARTESIAN_POINT('',(0.,0.));
#4480 = VECTOR('',#4481,1.);
#4481 = DIRECTION('',(1.,0.));
#4482 = ( GEOMETRIC_REPRESENTATION_CONTEXT(2) 
PARAMETRIC_REPRESENTATION_CONTEXT() REPRESENTATION_CONTEXT('2D SPACE',''
  ) );
#4483 = ORIENTED_EDGE('',*,*,#4484,.T.);
#4484 = EDGE_CURVE('',#4462,#4485,#4487,.T.);
#4485 = VERTEX_POINT('',#4486);
#4486 = CARTESIAN_POINT('',(8.24364556219,7.655377707533,-4.));
#4487 = SURFACE_CURVE('',#4488,(#4502,#4519),.PCURVE_S1.);
#4488 = B_SPLINE_CURVE_WITH_KNOTS('',3,(#4489,#4490,#4491,#4492,#4493,
    #4494,#4495,#4496,#4497,#4498,#4499,#4500,#4501),.UNSPECIFIED.,.F.,
  .F.,(4,1,1,1,1,1,1,1,1,1,4),(0.,0.186927563819,0.377660761138,
    0.572069250156,0.77014078192,0.971871396504,1.177259312061,
    1.386303573601,1.599003609573,1.815359050699,2.035369644546),
  .UNSPECIFIED.);
#4489 = CARTESIAN_POINT('',(7.351962309593,5.852424485141,-4.));
#4490 = CARTESIAN_POINT('',(7.3982448375,5.894502515471,-4.));
#4491 = CARTESIAN_POINT('',(7.484987205346,5.985852895666,-4.));
#4492 = CARTESIAN_POINT('',(7.600058845286,6.138349968481,-4.));
#4493 = CARTESIAN_POINT('',(7.706610997451,6.301045988483,-4.));
#4494 = CARTESIAN_POINT('',(7.804947542847,6.473118442175,-4.));
#4495 = CARTESIAN_POINT('',(7.895837044671,6.653299365562,-4.));
#4496 = CARTESIAN_POINT('',(7.979541784642,6.84093596505,-4.));
#4497 = CARTESIAN_POINT('',(8.056261057444,7.035459964957,-4.));
#4498 = CARTESIAN_POINT('',(8.126089089463,7.236432332169,-4.));
#4499 = CARTESIAN_POINT('',(8.189077045361,7.443467689327,-4.));
#4500 = CARTESIAN_POINT('',(8.226190463605,7.584149689572,-4.));
#4501 = CARTESIAN_POINT('',(8.24364556219,7.655377707533,-4.));
#4502 = PCURVE('',#148,#4503);
#4503 = DEFINITIONAL_REPRESENTATION('',(#4504),#4518);
#4504 = B_SPLINE_CURVE_WITH_KNOTS('',3,(#4505,#4506,#4507,#4508,#4509,
    #4510,#4511,#4512,#4513,#4514,#4515,#4516,#4517),.UNSPECIFIED.,.F.,
  .F.,(4,1,1,1,1,1,1,1,1,1,4),(0.,0.186927563819,0.377660761138,
    0.572069250156,0.77014078192,0.971871396504,1.177259312061,
    1.386303573601,1.599003609573,1.815359050699,2.035369644546),
  .UNSPECIFIED.);
#4505 = CARTESIAN_POINT('',(7.351962309593,5.852424485141));
#4506 = CARTESIAN_POINT('',(7.3982448375,5.894502515471));
#4507 = CARTESIAN_POINT('',(7.484987205346,5.985852895666));
#4508 = CARTESIAN_POINT('',(7.600058845286,6.138349968481));
#4509 = CARTESIAN_POINT('',(7.706610997451,6.301045988483));
#4510 = CARTESIAN_POINT('',(7.804947542847,6.473118442175));
#4511 = CARTESIAN_POINT('',(7.895837044671,6.653299365562));
#4512 = CARTESIAN_POINT('',(7.979541784642,6.84093596505));
#4513 = CARTESIAN_POINT('',(8.056261057444,7.035459964957));
#4514 = CARTESIAN_POINT('',(8.126089089463,7.236432332169));
#4515 = CARTESIAN_POINT('',(8.189077045361,7.443467689327));
#4516 = CARTESIAN_POINT('',(8.226190463605,7.584149689572));
#4517 = CARTESIAN_POINT('',(8.24364556219,7.655377707533));
#4518 = ( GEOMETRIC_REPRESENTATION_CONTEXT(2) 
PARAMETRIC_REPRESENTATION_CONTEXT() REPRESENTATION_CONTEXT('2D SPACE',''
  ) );
#4519 = PCURVE('',#756,#4520);
#4520 = DEFINITIONAL_REPRESENTATION('',(#4521),#4525);
#4521 = LINE('',#4522,#4523);
#4522 = CARTESIAN_POINT('',(0.,0.));
#4523 = VECTOR('',#4524,1.);
#4524 = DIRECTION('',(1.,0.));
#4525 = ( GEOMETRIC_REPRESENTATION_CONTEXT(2) 
PARAMETRIC_REPRESENTATION_CONTEXT() REPRESENTATION_CONTEXT('2D SPACE',''
  ) );
#4526 = ORIENTED_EDGE('',*,*,#4527,.T.);
#4527 = EDGE_CURVE('',#4485,#4528,#4530,.T.);
#4528 = VERTEX_POINT('',#4529);
#4529 = CARTESIAN_POINT('',(7.655377707533,8.24364556219,-4.));
#4530 = SURFACE_CURVE('',#4531,(#4536,#4543),.PCURVE_S1.);
#4531 = CIRCLE('',#4532,11.250000000019);
#4532 = AXIS2_PLACEMENT_3D('',#4533,#4534,#4535);
#4533 = CARTESIAN_POINT('',(-1.391041077311E-11,-1.344311200509E-11,-4.)
  );
#4534 = DIRECTION('',(0.,0.,1.));
#4535 = DIRECTION('',(0.732768494417,0.680478018447,-0.));
#4536 = PCURVE('',#148,#4537);
#4537 = DEFINITIONAL_REPRESENTATION('',(#4538),#4542);
#4538 = CIRCLE('',#4539,11.250000000019);
#4539 = AXIS2_PLACEMENT_2D('',#4540,#4541);
#4540 = CARTESIAN_POINT('',(-1.391009028844E-11,-1.344092912496E-11));
#4541 = DIRECTION('',(0.732768494417,0.680478018447));
#4542 = ( GEOMETRIC_REPRESENTATION_CONTEXT(2) 
PARAMETRIC_REPRESENTATION_CONTEXT() REPRESENTATION_CONTEXT('2D SPACE',''
  ) );
#4543 = PCURVE('',#801,#4544);
#4544 = DEFINITIONAL_REPRESENTATION('',(#4545),#4549);
#4545 = LINE('',#4546,#4547);
#4546 = CARTESIAN_POINT('',(-6.28318530718,0.));
#4547 = VECTOR('',#4548,1.);
#4548 = DIRECTION('',(-1.,0.));
#4549 = ( GEOMETRIC_REPRESENTATION_CONTEXT(2) 
PARAMETRIC_REPRESENTATION_CONTEXT() REPRESENTATION_CONTEXT('2D SPACE',''
  ) );
#4550 = ORIENTED_EDGE('',*,*,#4551,.F.);
#4551 = EDGE_CURVE('',#4552,#4528,#4554,.T.);
#4552 = VERTEX_POINT('',#4553);
#4553 = CARTESIAN_POINT('',(5.852424485141,7.351962309593,-4.));
#4554 = SURFACE_CURVE('',#4555,(#4569,#4586),.PCURVE_S1.);
#4555 = B_SPLINE_CURVE_WITH_KNOTS('',3,(#4556,#4557,#4558,#4559,#4560,
    #4561,#4562,#4563,#4564,#4565,#4566,#4567,#4568),.UNSPECIFIED.,.F.,
  .F.,(4,1,1,1,1,1,1,1,1,1,4),(0.,0.186927563819,0.377660761138,
    0.572069250156,0.77014078192,0.971871396504,1.177259312061,
    1.386303573601,1.599003609573,1.815359050699,2.035369644546),
  .UNSPECIFIED.);
#4556 = CARTESIAN_POINT('',(5.852424485141,7.351962309593,-4.));
#4557 = CARTESIAN_POINT('',(5.894502515471,7.3982448375,-4.));
#4558 = CARTESIAN_POINT('',(5.985852895666,7.484987205346,-4.));
#4559 = CARTESIAN_POINT('',(6.138349968481,7.600058845286,-4.));
#4560 = CARTESIAN_POINT('',(6.301045988483,7.706610997451,-4.));
#4561 = CARTESIAN_POINT('',(6.473118442175,7.804947542847,-4.));
#4562 = CARTESIAN_POINT('',(6.653299365562,7.895837044671,-4.));
#4563 = CARTESIAN_POINT('',(6.84093596505,7.979541784642,-4.));
#4564 = CARTESIAN_POINT('',(7.035459964957,8.056261057444,-4.));
#4565 = CARTESIAN_POINT('',(7.236432332169,8.126089089463,-4.));
#4566 = CARTESIAN_POINT('',(7.443467689327,8.189077045361,-4.));
#4567 = CARTESIAN_POINT('',(7.584149689572,8.226190463605,-4.));
#4568 = CARTESIAN_POINT('',(7.655377707533,8.24364556219,-4.));
#4569 = PCURVE('',#148,#4570);
#4570 = DEFINITIONAL_REPRESENTATION('',(#4571),#4585);
#4571 = B_SPLINE_CURVE_WITH_KNOTS('',3,(#4572,#4573,#4574,#4575,#4576,
    #4577,#4578,#4579,#4580,#4581,#4582,#4583,#4584),.UNSPECIFIED.,.F.,
  .F.,(4,1,1,1,1,1,1,1,1,1,4),(0.,0.186927563819,0.377660761138,
    0.572069250156,0.77014078192,0.971871396504,1.177259312061,
    1.386303573601,1.599003609573,1.815359050699,2.035369644546),
  .UNSPECIFIED.);
#4572 = CARTESIAN_POINT('',(5.852424485141,7.351962309593));
#4573 = CARTESIAN_POINT('',(5.894502515471,7.3982448375));
#4574 = CARTESIAN_POINT('',(5.985852895666,7.484987205346));
#4575 = CARTESIAN_POINT('',(6.138349968481,7.600058845286));
#4576 = CARTESIAN_POINT('',(6.301045988483,7.706610997451));
#4577 = CARTESIAN_POINT('',(6.473118442175,7.804947542847));
#4578 = CARTESIAN_POINT('',(6.653299365562,7.895837044671));
#4579 = CARTESIAN_POINT('',(6.84093596505,7.979541784642));
#4580 = CARTESIAN_POINT('',(7.035459964957,8.056261057444));
#4581 = CARTESIAN_POINT('',(7.236432332169,8.126089089463));
#4582 = CARTESIAN_POINT('',(7.443467689327,8.189077045361));
#4583 = CARTESIAN_POINT('',(7.584149689572,8.226190463605));
#4584 = CARTESIAN_POINT('',(7.655377707533,8.24364556219));
#4585 = ( GEOMETRIC_REPRESENTATION_CONTEXT(2) 
PARAMETRIC_REPRESENTATION_CONTEXT() REPRESENTATION_CONTEXT('2D SPACE',''
  ) );
#4586 = PCURVE('',#849,#4587);
#4587 = DEFINITIONAL_REPRESENTATION('',(#4588),#4592);
#4588 = LINE('',#4589,#4590);
#4589 = CARTESIAN_POINT('',(0.,0.));
#4590 = VECTOR('',#4591,1.);
#4591 = DIRECTION('',(1.,0.));
#4592 = ( GEOMETRIC_REPRESENTATION_CONTEXT(2) 
PARAMETRIC_REPRESENTATION_CONTEXT() REPRESENTATION_CONTEXT('2D SPACE',''
  ) );
#4593 = ORIENTED_EDGE('',*,*,#4594,.T.);
#4594 = EDGE_CURVE('',#4552,#4595,#4597,.T.);
#4595 = VERTEX_POINT('',#4596);
#4596 = CARTESIAN_POINT('',(5.254891919028,6.601326924895,-4.));
#4597 = SURFACE_CURVE('',#4598,(#4602,#4609),.PCURVE_S1.);
#4598 = LINE('',#4599,#4600);
#4599 = CARTESIAN_POINT('',(5.852424485141,7.351962309593,-4.));
#4600 = VECTOR('',#4601,1.);
#4601 = DIRECTION('',(-0.622802005218,-0.782379487395,0.));
#4602 = PCURVE('',#148,#4603);
#4603 = DEFINITIONAL_REPRESENTATION('',(#4604),#4608);
#4604 = LINE('',#4605,#4606);
#4605 = CARTESIAN_POINT('',(5.852424485141,7.351962309593));
#4606 = VECTOR('',#4607,1.);
#4607 = DIRECTION('',(-0.622802005218,-0.782379487395));
#4608 = ( GEOMETRIC_REPRESENTATION_CONTEXT(2) 
PARAMETRIC_REPRESENTATION_CONTEXT() REPRESENTATION_CONTEXT('2D SPACE',''
  ) );
#4609 = PCURVE('',#889,#4610);
#4610 = DEFINITIONAL_REPRESENTATION('',(#4611),#4615);
#4611 = LINE('',#4612,#4613);
#4612 = CARTESIAN_POINT('',(0.,0.));
#4613 = VECTOR('',#4614,1.);
#4614 = DIRECTION('',(1.,0.));
#4615 = ( GEOMETRIC_REPRESENTATION_CONTEXT(2) 
PARAMETRIC_REPRESENTATION_CONTEXT() REPRESENTATION_CONTEXT('2D SPACE',''
  ) );
#4616 = ORIENTED_EDGE('',*,*,#4617,.T.);
#4617 = EDGE_CURVE('',#4595,#4618,#4620,.T.);
#4618 = VERTEX_POINT('',#4619);
#4619 = CARTESIAN_POINT('',(4.087870757045,7.381105535331,-4.));
#4620 = SURFACE_CURVE('',#4621,(#4626,#4633),.PCURVE_S1.);
#4621 = CIRCLE('',#4622,8.437500000001);
#4622 = AXIS2_PLACEMENT_3D('',#4623,#4624,#4625);
#4623 = CARTESIAN_POINT('',(-7.928966916353E-13,-1.098750702587E-12,-4.)
  );
#4624 = DIRECTION('',(0.,0.,1.));
#4625 = DIRECTION('',(0.622802005218,0.782379487395,-0.));
#4626 = PCURVE('',#148,#4627);
#4627 = DEFINITIONAL_REPRESENTATION('',(#4628),#4632);
#4628 = CIRCLE('',#4629,8.437500000001);
#4629 = AXIS2_PLACEMENT_2D('',#4630,#4631);
#4630 = CARTESIAN_POINT('',(-7.925762069641E-13,-1.096567822455E-12));
#4631 = DIRECTION('',(0.622802005218,0.782379487395));
#4632 = ( GEOMETRIC_REPRESENTATION_CONTEXT(2) 
PARAMETRIC_REPRESENTATION_CONTEXT() REPRESENTATION_CONTEXT('2D SPACE',''
  ) );
#4633 = PCURVE('',#922,#4634);
#4634 = DEFINITIONAL_REPRESENTATION('',(#4635),#4639);
#4635 = LINE('',#4636,#4637);
#4636 = CARTESIAN_POINT('',(-6.28318530718,0.));
#4637 = VECTOR('',#4638,1.);
#4638 = DIRECTION('',(-1.,0.));
#4639 = ( GEOMETRIC_REPRESENTATION_CONTEXT(2) 
PARAMETRIC_REPRESENTATION_CONTEXT() REPRESENTATION_CONTEXT('2D SPACE',''
  ) );
#4640 = ORIENTED_EDGE('',*,*,#4641,.F.);
#4641 = EDGE_CURVE('',#4642,#4618,#4644,.T.);
#4642 = VERTEX_POINT('',#4643);
#4643 = CARTESIAN_POINT('',(4.552701611996,8.220409368643,-4.));
#4644 = SURFACE_CURVE('',#4645,(#4649,#4656),.PCURVE_S1.);
#4645 = LINE('',#4646,#4647);
#4646 = CARTESIAN_POINT('',(4.552701611996,8.220409368643,-4.));
#4647 = VECTOR('',#4648,1.);
#4648 = DIRECTION('',(-0.48448838602,-0.874797693076,0.));
#4649 = PCURVE('',#148,#4650);
#4650 = DEFINITIONAL_REPRESENTATION('',(#4651),#4655);
#4651 = LINE('',#4652,#4653);
#4652 = CARTESIAN_POINT('',(4.552701611996,8.220409368643));
#4653 = VECTOR('',#4654,1.);
#4654 = DIRECTION('',(-0.48448838602,-0.874797693076));
#4655 = ( GEOMETRIC_REPRESENTATION_CONTEXT(2) 
PARAMETRIC_REPRESENTATION_CONTEXT() REPRESENTATION_CONTEXT('2D SPACE',''
  ) );
#4656 = PCURVE('',#950,#4657);
#4657 = DEFINITIONAL_REPRESENTATION('',(#4658),#4662);
#4658 = LINE('',#4659,#4660);
#4659 = CARTESIAN_POINT('',(0.,0.));
#4660 = VECTOR('',#4661,1.);
#4661 = DIRECTION('',(1.,0.));
#4662 = ( GEOMETRIC_REPRESENTATION_CONTEXT(2) 
PARAMETRIC_REPRESENTATION_CONTEXT() REPRESENTATION_CONTEXT('2D SPACE',''
  ) );
#4663 = ORIENTED_EDGE('',*,*,#4664,.T.);
#4664 = EDGE_CURVE('',#4642,#4665,#4667,.T.);
#4665 = VERTEX_POINT('',#4666);
#4666 = CARTESIAN_POINT('',(4.686549191015,10.227353356573,-4.));
#4667 = SURFACE_CURVE('',#4668,(#4682,#4699),.PCURVE_S1.);
#4668 = B_SPLINE_CURVE_WITH_KNOTS('',3,(#4669,#4670,#4671,#4672,#4673,
    #4674,#4675,#4676,#4677,#4678,#4679,#4680,#4681),.UNSPECIFIED.,.F.,
  .F.,(4,1,1,1,1,1,1,1,1,1,4),(0.,0.186927563819,0.377660761138,
    0.572069250156,0.77014078192,0.971871396504,1.177259312061,
    1.386303573601,1.599003609573,1.815359050699,2.035369644546),
  .UNSPECIFIED.);
#4669 = CARTESIAN_POINT('',(4.552701611996,8.220409368643,-4.));
#4670 = CARTESIAN_POINT('',(4.579358527169,8.276995956271,-4.));
#4671 = CARTESIAN_POINT('',(4.624539748382,8.39458756988,-4.));
#4672 = CARTESIAN_POINT('',(4.672493978045,8.579512504362,-4.));
#4673 = CARTESIAN_POINT('',(4.708674259208,8.770599770579,-4.));
#4674 = CARTESIAN_POINT('',(4.733676103603,8.967205755373,-4.));
#4675 = CARTESIAN_POINT('',(4.74869479985,9.168453129163,-4.));
#4676 = CARTESIAN_POINT('',(4.754222477954,9.373839160178,-4.));
#4677 = CARTESIAN_POINT('',(4.750660731883,9.582915096918,-4.));
#4678 = CARTESIAN_POINT('',(4.738264626166,9.795311384554,-4.));
#4679 = CARTESIAN_POINT('',(4.717228908317,10.010691560699,-4.));
#4680 = CARTESIAN_POINT('',(4.697680565088,10.154867471599,-4.));
#4681 = CARTESIAN_POINT('',(4.686549191015,10.227353356573,-4.));
#4682 = PCURVE('',#148,#4683);
#4683 = DEFINITIONAL_REPRESENTATION('',(#4684),#4698);
#4684 = B_SPLINE_CURVE_WITH_KNOTS('',3,(#4685,#4686,#4687,#4688,#4689,
    #4690,#4691,#4692,#4693,#4694,#4695,#4696,#4697),.UNSPECIFIED.,.F.,
  .F.,(4,1,1,1,1,1,1,1,1,1,4),(0.,0.186927563819,0.377660761138,
    0.572069250156,0.77014078192,0.971871396504,1.177259312061,
    1.386303573601,1.599003609573,1.815359050699,2.035369644546),
  .UNSPECIFIED.);
#4685 = CARTESIAN_POINT('',(4.552701611996,8.220409368643));
#4686 = CARTESIAN_POINT('',(4.579358527169,8.276995956271));
#4687 = CARTESIAN_POINT('',(4.624539748382,8.39458756988));
#4688 = CARTESIAN_POINT('',(4.672493978045,8.579512504362));
#4689 = CARTESIAN_POINT('',(4.708674259208,8.770599770579));
#4690 = CARTESIAN_POINT('',(4.733676103603,8.967205755373));
#4691 = CARTESIAN_POINT('',(4.74869479985,9.168453129163));
#4692 = CARTESIAN_POINT('',(4.754222477954,9.373839160178));
#4693 = CARTESIAN_POINT('',(4.750660731883,9.582915096918));
#4694 = CARTESIAN_POINT('',(4.738264626166,9.795311384554));
#4695 = CARTESIAN_POINT('',(4.717228908317,10.010691560699));
#4696 = CARTESIAN_POINT('',(4.697680565088,10.154867471599));
#4697 = CARTESIAN_POINT('',(4.686549191015,10.227353356573));
#4698 = ( GEOMETRIC_REPRESENTATION_CONTEXT(2) 
PARAMETRIC_REPRESENTATION_CONTEXT() REPRESENTATION_CONTEXT('2D SPACE',''
  ) );
#4699 = PCURVE('',#998,#4700);
#4700 = DEFINITIONAL_REPRESENTATION('',(#4701),#4705);
#4701 = LINE('',#4702,#4703);
#4702 = CARTESIAN_POINT('',(0.,0.));
#4703 = VECTOR('',#4704,1.);
#4704 = DIRECTION('',(1.,0.));
#4705 = ( GEOMETRIC_REPRESENTATION_CONTEXT(2) 
PARAMETRIC_REPRESENTATION_CONTEXT() REPRESENTATION_CONTEXT('2D SPACE',''
  ) );
#4706 = ORIENTED_EDGE('',*,*,#4707,.T.);
#4707 = EDGE_CURVE('',#4665,#4708,#4710,.T.);
#4708 = VERTEX_POINT('',#4709);
#4709 = CARTESIAN_POINT('',(3.917940198693,10.545721625354,-4.));
#4710 = SURFACE_CURVE('',#4711,(#4716,#4723),.PCURVE_S1.);
#4711 = CIRCLE('',#4712,11.250000000019);
#4712 = AXIS2_PLACEMENT_3D('',#4713,#4714,#4715);
#4713 = CARTESIAN_POINT('',(-7.707087558323E-12,-1.774309977503E-11,-4.)
  );
#4714 = DIRECTION('',(0.,0.,1.));
#4715 = DIRECTION('',(0.416582150312,0.90909807614,-0.));
#4716 = PCURVE('',#148,#4717);
#4717 = DEFINITIONAL_REPRESENTATION('',(#4718),#4722);
#4718 = CIRCLE('',#4719,11.250000000019);
#4719 = AXIS2_PLACEMENT_2D('',#4720,#4721);
#4720 = CARTESIAN_POINT('',(-7.706767073652E-12,-1.774091689489E-11));
#4721 = DIRECTION('',(0.416582150312,0.90909807614));
#4722 = ( GEOMETRIC_REPRESENTATION_CONTEXT(2) 
PARAMETRIC_REPRESENTATION_CONTEXT() REPRESENTATION_CONTEXT('2D SPACE',''
  ) );
#4723 = PCURVE('',#1043,#4724);
#4724 = DEFINITIONAL_REPRESENTATION('',(#4725),#4729);
#4725 = LINE('',#4726,#4727);
#4726 = CARTESIAN_POINT('',(-6.28318530718,0.));
#4727 = VECTOR('',#4728,1.);
#4728 = DIRECTION('',(-1.,0.));
#4729 = ( GEOMETRIC_REPRESENTATION_CONTEXT(2) 
PARAMETRIC_REPRESENTATION_CONTEXT() REPRESENTATION_CONTEXT('2D SPACE',''
  ) );
#4730 = ORIENTED_EDGE('',*,*,#4731,.F.);
#4731 = EDGE_CURVE('',#4732,#4708,#4734,.T.);
#4732 = VERTEX_POINT('',#4733);
#4733 = CARTESIAN_POINT('',(2.593461026136,9.031953391258,-4.));
#4734 = SURFACE_CURVE('',#4735,(#4749,#4766),.PCURVE_S1.);
#4735 = B_SPLINE_CURVE_WITH_KNOTS('',3,(#4736,#4737,#4738,#4739,#4740,
    #4741,#4742,#4743,#4744,#4745,#4746,#4747,#4748),.UNSPECIFIED.,.F.,
  .F.,(4,1,1,1,1,1,1,1,1,1,4),(0.,0.186927563819,0.377660761138,
    0.572069250156,0.77014078192,0.971871396504,1.177259312061,
    1.386303573601,1.599003609573,1.815359050699,2.035369644546),
  .UNSPECIFIED.);
#4736 = CARTESIAN_POINT('',(2.593461026136,9.031953391258,-4.));
#4737 = CARTESIAN_POINT('',(2.614624500488,9.090815436579,-4.));
#4738 = CARTESIAN_POINT('',(2.665826379978,9.205913211874,-4.));
#4739 = CARTESIAN_POINT('',(2.76267929418,9.370583648038,-4.));
#4740 = CARTESIAN_POINT('',(2.872215073765,9.531286071934,-4.));
#4741 = CARTESIAN_POINT('',(2.993557525121,9.687986470718,-4.));
#4742 = CARTESIAN_POINT('',(3.125241085863,9.840909675382,-4.));
#4743 = CARTESIAN_POINT('',(3.266562282483,9.990048189344,-4.));
#4744 = CARTESIAN_POINT('',(3.416919829935,10.135368667197,-4.));
#4745 = CARTESIAN_POINT('',(3.575872055634,10.27679015207,-4.));
#4746 = CARTESIAN_POINT('',(3.743043337458,10.414212436417,-4.));
#4747 = CARTESIAN_POINT('',(3.858813867796,10.502337434641,-4.));
#4748 = CARTESIAN_POINT('',(3.917940198693,10.545721625354,-4.));
#4749 = PCURVE('',#148,#4750);
#4750 = DEFINITIONAL_REPRESENTATION('',(#4751),#4765);
#4751 = B_SPLINE_CURVE_WITH_KNOTS('',3,(#4752,#4753,#4754,#4755,#4756,
    #4757,#4758,#4759,#4760,#4761,#4762,#4763,#4764),.UNSPECIFIED.,.F.,
  .F.,(4,1,1,1,1,1,1,1,1,1,4),(0.,0.186927563819,0.377660761138,
    0.572069250156,0.77014078192,0.971871396504,1.177259312061,
    1.386303573601,1.599003609573,1.815359050699,2.035369644546),
  .UNSPECIFIED.);
#4752 = CARTESIAN_POINT('',(2.593461026136,9.031953391258));
#4753 = CARTESIAN_POINT('',(2.614624500488,9.090815436579));
#4754 = CARTESIAN_POINT('',(2.665826379978,9.205913211874));
#4755 = CARTESIAN_POINT('',(2.76267929418,9.370583648038));
#4756 = CARTESIAN_POINT('',(2.872215073765,9.531286071934));
#4757 = CARTESIAN_POINT('',(2.993557525121,9.687986470718));
#4758 = CARTESIAN_POINT('',(3.125241085863,9.840909675382));
#4759 = CARTESIAN_POINT('',(3.266562282483,9.990048189344));
#4760 = CARTESIAN_POINT('',(3.416919829935,10.135368667197));
#4761 = CARTESIAN_POINT('',(3.575872055634,10.27679015207));
#4762 = CARTESIAN_POINT('',(3.743043337458,10.414212436417));
#4763 = CARTESIAN_POINT('',(3.858813867796,10.502337434641));
#4764 = CARTESIAN_POINT('',(3.917940198693,10.545721625354));
#4765 = ( GEOMETRIC_REPRESENTATION_CONTEXT(2) 
PARAMETRIC_REPRESENTATION_CONTEXT() REPRESENTATION_CONTEXT('2D SPACE',''
  ) );
#4766 = PCURVE('',#1091,#4767);
#4767 = DEFINITIONAL_REPRESENTATION('',(#4768),#4772);
#4768 = LINE('',#4769,#4770);
#4769 = CARTESIAN_POINT('',(0.,0.));
#4770 = VECTOR('',#4771,1.);
#4771 = DIRECTION('',(1.,0.));
#4772 = ( GEOMETRIC_REPRESENTATION_CONTEXT(2) 
PARAMETRIC_REPRESENTATION_CONTEXT() REPRESENTATION_CONTEXT('2D SPACE',''
  ) );
#4773 = ORIENTED_EDGE('',*,*,#4774,.T.);
#4774 = EDGE_CURVE('',#4732,#4775,#4777,.T.);
#4775 = VERTEX_POINT('',#4776);
#4776 = CARTESIAN_POINT('',(2.328668643766,8.109790909607,-4.));
#4777 = SURFACE_CURVE('',#4778,(#4782,#4789),.PCURVE_S1.);
#4778 = LINE('',#4779,#4780);
#4779 = CARTESIAN_POINT('',(2.593461026136,9.031953391258,-4.));
#4780 = VECTOR('',#4781,1.);
#4781 = DIRECTION('',(-0.27599035778,-0.961160404102,0.));
#4782 = PCURVE('',#148,#4783);
#4783 = DEFINITIONAL_REPRESENTATION('',(#4784),#4788);
#4784 = LINE('',#4785,#4786);
#4785 = CARTESIAN_POINT('',(2.593461026136,9.031953391258));
#4786 = VECTOR('',#4787,1.);
#4787 = DIRECTION('',(-0.27599035778,-0.961160404102));
#4788 = ( GEOMETRIC_REPRESENTATION_CONTEXT(2) 
PARAMETRIC_REPRESENTATION_CONTEXT() REPRESENTATION_CONTEXT('2D SPACE',''
  ) );
#4789 = PCURVE('',#1131,#4790);
#4790 = DEFINITIONAL_REPRESENTATION('',(#4791),#4795);
#4791 = LINE('',#4792,#4793);
#4792 = CARTESIAN_POINT('',(0.,0.));
#4793 = VECTOR('',#4794,1.);
#4794 = DIRECTION('',(1.,0.));
#4795 = ( GEOMETRIC_REPRESENTATION_CONTEXT(2) 
PARAMETRIC_REPRESENTATION_CONTEXT() REPRESENTATION_CONTEXT('2D SPACE',''
  ) );
#4796 = ORIENTED_EDGE('',*,*,#4797,.T.);
#4797 = EDGE_CURVE('',#4775,#4798,#4800,.T.);
#4798 = VERTEX_POINT('',#4799);
#4799 = CARTESIAN_POINT('',(0.952073323075,8.383612743769,-4.));
#4800 = SURFACE_CURVE('',#4801,(#4806,#4813),.PCURVE_S1.);
#4801 = CIRCLE('',#4802,8.437500000001);
#4802 = AXIS2_PLACEMENT_3D('',#4803,#4804,#4805);
#4803 = CARTESIAN_POINT('',(-3.120673346183E-13,-1.318541712918E-12,-4.)
  );
#4804 = DIRECTION('',(0.,0.,1.));
#4805 = DIRECTION('',(0.27599035778,0.961160404102,-0.));
#4806 = PCURVE('',#148,#4807);
#4807 = DEFINITIONAL_REPRESENTATION('',(#4808),#4812);
#4808 = CIRCLE('',#4809,8.437500000001);
#4809 = AXIS2_PLACEMENT_2D('',#4810,#4811);
#4810 = CARTESIAN_POINT('',(-3.117468499471E-13,-1.316358832786E-12));
#4811 = DIRECTION('',(0.27599035778,0.961160404102));
#4812 = ( GEOMETRIC_REPRESENTATION_CONTEXT(2) 
PARAMETRIC_REPRESENTATION_CONTEXT() REPRESENTATION_CONTEXT('2D SPACE',''
  ) );
#4813 = PCURVE('',#1164,#4814);
#4814 = DEFINITIONAL_REPRESENTATION('',(#4815),#4819);
#4815 = LINE('',#4816,#4817);
#4816 = CARTESIAN_POINT('',(-6.28318530718,0.));
#4817 = VECTOR('',#4818,1.);
#4818 = DIRECTION('',(-1.,0.));
#4819 = ( GEOMETRIC_REPRESENTATION_CONTEXT(2) 
PARAMETRIC_REPRESENTATION_CONTEXT() REPRESENTATION_CONTEXT('2D SPACE',''
  ) );
#4820 = ORIENTED_EDGE('',*,*,#4821,.F.);
#4821 = EDGE_CURVE('',#4822,#4798,#4824,.T.);
#4822 = VERTEX_POINT('',#4823);
#4823 = CARTESIAN_POINT('',(1.060333364315,9.336911443966,-4.));
#4824 = SURFACE_CURVE('',#4825,(#4829,#4836),.PCURVE_S1.);
#4825 = LINE('',#4826,#4827);
#4826 = CARTESIAN_POINT('',(1.060333364315,9.336911443966,-4.));
#4827 = VECTOR('',#4828,1.);
#4828 = DIRECTION('',(-0.112838319772,-0.993613362224,0.));
#4829 = PCURVE('',#148,#4830);
#4830 = DEFINITIONAL_REPRESENTATION('',(#4831),#4835);
#4831 = LINE('',#4832,#4833);
#4832 = CARTESIAN_POINT('',(1.060333364315,9.336911443966));
#4833 = VECTOR('',#4834,1.);
#4834 = DIRECTION('',(-0.112838319772,-0.993613362224));
#4835 = ( GEOMETRIC_REPRESENTATION_CONTEXT(2) 
PARAMETRIC_REPRESENTATION_CONTEXT() REPRESENTATION_CONTEXT('2D SPACE',''
  ) );
#4836 = PCURVE('',#1192,#4837);
#4837 = DEFINITIONAL_REPRESENTATION('',(#4838),#4842);
#4838 = LINE('',#4839,#4840);
#4839 = CARTESIAN_POINT('',(0.,0.));
#4840 = VECTOR('',#4841,1.);
#4841 = DIRECTION('',(1.,0.));
#4842 = ( GEOMETRIC_REPRESENTATION_CONTEXT(2) 
PARAMETRIC_REPRESENTATION_CONTEXT() REPRESENTATION_CONTEXT('2D SPACE',''
  ) );
#4843 = ORIENTED_EDGE('',*,*,#4844,.T.);
#4844 = EDGE_CURVE('',#4822,#4845,#4847,.T.);
#4845 = VERTEX_POINT('',#4846);
#4846 = CARTESIAN_POINT('',(0.415968189182,11.242307168263,-4.));
#4847 = SURFACE_CURVE('',#4848,(#4862,#4879),.PCURVE_S1.);
#4848 = B_SPLINE_CURVE_WITH_KNOTS('',3,(#4849,#4850,#4851,#4852,#4853,
    #4854,#4855,#4856,#4857,#4858,#4859,#4860,#4861),.UNSPECIFIED.,.F.,
  .F.,(4,1,1,1,1,1,1,1,1,1,4),(0.,0.186927563819,0.377660761138,
    0.572069250156,0.77014078192,0.971871396504,1.177259312061,
    1.386303573601,1.599003609573,1.815359050699,2.035369644546),
  .UNSPECIFIED.);
#4849 = CARTESIAN_POINT('',(1.060333364315,9.336911443966,-4.));
#4850 = CARTESIAN_POINT('',(1.063306393064,9.399391793885,-4.));
#4851 = CARTESIAN_POINT('',(1.060048036285,9.525322383705,-4.));
#4852 = CARTESIAN_POINT('',(1.033584258909,9.714522034928,-4.));
#4853 = CARTESIAN_POINT('',(0.993884549239,9.904909243289,-4.));
#4854 = CARTESIAN_POINT('',(0.941745388467,10.096117280238,-4.));
#4855 = CARTESIAN_POINT('',(0.878606818778,10.287793016084,-4.));
#4856 = CARTESIAN_POINT('',(0.805115896132,10.479660317232,-4.));
#4857 = CARTESIAN_POINT('',(0.72181537474,10.671458274716,-4.));
#4858 = CARTESIAN_POINT('',(0.629082326011,10.862943073359,-4.));
#4859 = CARTESIAN_POINT('',(0.527225431768,11.0538783891,-4.));
#4860 = CARTESIAN_POINT('',(0.453991385117,11.179598735178,-4.));
#4861 = CARTESIAN_POINT('',(0.415968189182,11.242307168263,-4.));
#4862 = PCURVE('',#148,#4863);
#4863 = DEFINITIONAL_REPRESENTATION('',(#4864),#4878);
#4864 = B_SPLINE_CURVE_WITH_KNOTS('',3,(#4865,#4866,#4867,#4868,#4869,
    #4870,#4871,#4872,#4873,#4874,#4875,#4876,#4877),.UNSPECIFIED.,.F.,
  .F.,(4,1,1,1,1,1,1,1,1,1,4),(0.,0.186927563819,0.377660761138,
    0.572069250156,0.77014078192,0.971871396504,1.177259312061,
    1.386303573601,1.599003609573,1.815359050699,2.035369644546),
  .UNSPECIFIED.);
#4865 = CARTESIAN_POINT('',(1.060333364315,9.336911443966));
#4866 = CARTESIAN_POINT('',(1.063306393064,9.399391793885));
#4867 = CARTESIAN_POINT('',(1.060048036285,9.525322383705));
#4868 = CARTESIAN_POINT('',(1.033584258909,9.714522034928));
#4869 = CARTESIAN_POINT('',(0.993884549239,9.904909243289));
#4870 = CARTESIAN_POINT('',(0.941745388467,10.096117280238));
#4871 = CARTESIAN_POINT('',(0.878606818778,10.287793016084));
#4872 = CARTESIAN_POINT('',(0.805115896132,10.479660317232));
#4873 = CARTESIAN_POINT('',(0.72181537474,10.671458274716));
#4874 = CARTESIAN_POINT('',(0.629082326011,10.862943073359));
#4875 = CARTESIAN_POINT('',(0.527225431768,11.0538783891));
#4876 = CARTESIAN_POINT('',(0.453991385117,11.179598735178));
#4877 = CARTESIAN_POINT('',(0.415968189182,11.242307168263));
#4878 = ( GEOMETRIC_REPRESENTATION_CONTEXT(2) 
PARAMETRIC_REPRESENTATION_CONTEXT() REPRESENTATION_CONTEXT('2D SPACE',''
  ) );
#4879 = PCURVE('',#1240,#4880);
#4880 = DEFINITIONAL_REPRESENTATION('',(#4881),#4885);
#4881 = LINE('',#4882,#4883);
#4882 = CARTESIAN_POINT('',(0.,0.));
#4883 = VECTOR('',#4884,1.);
#4884 = DIRECTION('',(1.,0.));
#4885 = ( GEOMETRIC_REPRESENTATION_CONTEXT(2) 
PARAMETRIC_REPRESENTATION_CONTEXT() REPRESENTATION_CONTEXT('2D SPACE',''
  ) );
#4886 = ORIENTED_EDGE('',*,*,#4887,.T.);
#4887 = EDGE_CURVE('',#4845,#4888,#4890,.T.);
#4888 = VERTEX_POINT('',#4889);
#4889 = CARTESIAN_POINT('',(-0.415968189182,11.242307168263,-4.));
#4890 = SURFACE_CURVE('',#4891,(#4896,#4903),.PCURVE_S1.);
#4891 = CIRCLE('',#4892,11.250000000019);
#4892 = AXIS2_PLACEMENT_3D('',#4893,#4894,#4895);
#4893 = CARTESIAN_POINT('',(-3.304301277041E-13,-1.934186144581E-11,-4.)
  );
#4894 = DIRECTION('',(0.,0.,1.));
#4895 = DIRECTION('',(3.697495014948E-02,0.999316192735,-0.));
#4896 = PCURVE('',#148,#4897);
#4897 = DEFINITIONAL_REPRESENTATION('',(#4898),#4902);
#4898 = CIRCLE('',#4899,11.250000000019);
#4899 = AXIS2_PLACEMENT_2D('',#4900,#4901);
#4900 = CARTESIAN_POINT('',(-3.301096430329E-13,-1.933967856568E-11));
#4901 = DIRECTION('',(3.697495014948E-02,0.999316192735));
#4902 = ( GEOMETRIC_REPRESENTATION_CONTEXT(2) 
PARAMETRIC_REPRESENTATION_CONTEXT() REPRESENTATION_CONTEXT('2D SPACE',''
  ) );
#4903 = PCURVE('',#1285,#4904);
#4904 = DEFINITIONAL_REPRESENTATION('',(#4905),#4909);
#4905 = LINE('',#4906,#4907);
#4906 = CARTESIAN_POINT('',(-6.28318530718,0.));
#4907 = VECTOR('',#4908,1.);
#4908 = DIRECTION('',(-1.,0.));
#4909 = ( GEOMETRIC_REPRESENTATION_CONTEXT(2) 
PARAMETRIC_REPRESENTATION_CONTEXT() REPRESENTATION_CONTEXT('2D SPACE',''
  ) );
#4910 = ORIENTED_EDGE('',*,*,#4911,.F.);
#4911 = EDGE_CURVE('',#4912,#4888,#4914,.T.);
#4912 = VERTEX_POINT('',#4913);
#4913 = CARTESIAN_POINT('',(-1.060333364315,9.336911443966,-4.));
#4914 = SURFACE_CURVE('',#4915,(#4929,#4946),.PCURVE_S1.);
#4915 = B_SPLINE_CURVE_WITH_KNOTS('',3,(#4916,#4917,#4918,#4919,#4920,
    #4921,#4922,#4923,#4924,#4925,#4926,#4927,#4928),.UNSPECIFIED.,.F.,
  .F.,(4,1,1,1,1,1,1,1,1,1,4),(0.,0.186927563819,0.377660761138,
    0.572069250156,0.77014078192,0.971871396504,1.177259312061,
    1.386303573601,1.599003609573,1.815359050699,2.035369644546),
  .UNSPECIFIED.);
#4916 = CARTESIAN_POINT('',(-1.060333364315,9.336911443966,-4.));
#4917 = CARTESIAN_POINT('',(-1.063306393064,9.399391793885,-4.));
#4918 = CARTESIAN_POINT('',(-1.060048036285,9.525322383705,-4.));
#4919 = CARTESIAN_POINT('',(-1.033584258909,9.714522034928,-4.));
#4920 = CARTESIAN_POINT('',(-0.993884549239,9.904909243289,-4.));
#4921 = CARTESIAN_POINT('',(-0.941745388467,10.096117280238,-4.));
#4922 = CARTESIAN_POINT('',(-0.878606818778,10.287793016084,-4.));
#4923 = CARTESIAN_POINT('',(-0.805115896132,10.479660317232,-4.));
#4924 = CARTESIAN_POINT('',(-0.72181537474,10.671458274716,-4.));
#4925 = CARTESIAN_POINT('',(-0.629082326011,10.862943073359,-4.));
#4926 = CARTESIAN_POINT('',(-0.527225431768,11.0538783891,-4.));
#4927 = CARTESIAN_POINT('',(-0.453991385117,11.179598735178,-4.));
#4928 = CARTESIAN_POINT('',(-0.415968189182,11.242307168263,-4.));
#4929 = PCURVE('',#148,#4930);
#4930 = DEFINITIONAL_REPRESENTATION('',(#4931),#4945);
#4931 = B_SPLINE_CURVE_WITH_KNOTS('',3,(#4932,#4933,#4934,#4935,#4936,
    #4937,#4938,#4939,#4940,#4941,#4942,#4943,#4944),.UNSPECIFIED.,.F.,
  .F.,(4,1,1,1,1,1,1,1,1,1,4),(0.,0.186927563819,0.377660761138,
    0.572069250156,0.77014078192,0.971871396504,1.177259312061,
    1.386303573601,1.599003609573,1.815359050699,2.035369644546),
  .UNSPECIFIED.);
#4932 = CARTESIAN_POINT('',(-1.060333364315,9.336911443966));
#4933 = CARTESIAN_POINT('',(-1.063306393064,9.399391793885));
#4934 = CARTESIAN_POINT('',(-1.060048036285,9.525322383705));
#4935 = CARTESIAN_POINT('',(-1.033584258909,9.714522034928));
#4936 = CARTESIAN_POINT('',(-0.993884549239,9.904909243289));
#4937 = CARTESIAN_POINT('',(-0.941745388467,10.096117280238));
#4938 = CARTESIAN_POINT('',(-0.878606818778,10.287793016084));
#4939 = CARTESIAN_POINT('',(-0.805115896132,10.479660317232));
#4940 = CARTESIAN_POINT('',(-0.72181537474,10.671458274716));
#4941 = CARTESIAN_POINT('',(-0.629082326011,10.862943073359));
#4942 = CARTESIAN_POINT('',(-0.527225431768,11.0538783891));
#4943 = CARTESIAN_POINT('',(-0.453991385117,11.179598735178));
#4944 = CARTESIAN_POINT('',(-0.415968189182,11.242307168263));
#4945 = ( GEOMETRIC_REPRESENTATION_CONTEXT(2) 
PARAMETRIC_REPRESENTATION_CONTEXT() REPRESENTATION_CONTEXT('2D SPACE',''
  ) );
#4946 = PCURVE('',#1333,#4947);
#4947 = DEFINITIONAL_REPRESENTATION('',(#4948),#4952);
#4948 = LINE('',#4949,#4950);
#4949 = CARTESIAN_POINT('',(0.,0.));
#4950 = VECTOR('',#4951,1.);
#4951 = DIRECTION('',(1.,0.));
#4952 = ( GEOMETRIC_REPRESENTATION_CONTEXT(2) 
PARAMETRIC_REPRESENTATION_CONTEXT() REPRESENTATION_CONTEXT('2D SPACE',''
  ) );
#4953 = ORIENTED_EDGE('',*,*,#4954,.T.);
#4954 = EDGE_CURVE('',#4912,#4955,#4957,.T.);
#4955 = VERTEX_POINT('',#4956);
#4956 = CARTESIAN_POINT('',(-0.952073323075,8.383612743769,-4.));
#4957 = SURFACE_CURVE('',#4958,(#4962,#4969),.PCURVE_S1.);
#4958 = LINE('',#4959,#4960);
#4959 = CARTESIAN_POINT('',(-1.060333364315,9.336911443966,-4.));
#4960 = VECTOR('',#4961,1.);
#4961 = DIRECTION('',(0.112838319772,-0.993613362224,0.));
#4962 = PCURVE('',#148,#4963);
#4963 = DEFINITIONAL_REPRESENTATION('',(#4964),#4968);
#4964 = LINE('',#4965,#4966);
#4965 = CARTESIAN_POINT('',(-1.060333364315,9.336911443966));
#4966 = VECTOR('',#4967,1.);
#4967 = DIRECTION('',(0.112838319772,-0.993613362224));
#4968 = ( GEOMETRIC_REPRESENTATION_CONTEXT(2) 
PARAMETRIC_REPRESENTATION_CONTEXT() REPRESENTATION_CONTEXT('2D SPACE',''
  ) );
#4969 = PCURVE('',#1373,#4970);
#4970 = DEFINITIONAL_REPRESENTATION('',(#4971),#4975);
#4971 = LINE('',#4972,#4973);
#4972 = CARTESIAN_POINT('',(0.,0.));
#4973 = VECTOR('',#4974,1.);
#4974 = DIRECTION('',(1.,0.));
#4975 = ( GEOMETRIC_REPRESENTATION_CONTEXT(2) 
PARAMETRIC_REPRESENTATION_CONTEXT() REPRESENTATION_CONTEXT('2D SPACE',''
  ) );
#4976 = ORIENTED_EDGE('',*,*,#4977,.T.);
#4977 = EDGE_CURVE('',#4955,#4978,#4980,.T.);
#4978 = VERTEX_POINT('',#4979);
#4979 = CARTESIAN_POINT('',(-2.328668643766,8.109790909607,-4.));
#4980 = SURFACE_CURVE('',#4981,(#4986,#4993),.PCURVE_S1.);
#4981 = CIRCLE('',#4982,8.437500000001);
#4982 = AXIS2_PLACEMENT_3D('',#4983,#4984,#4985);
#4983 = CARTESIAN_POINT('',(2.16271445197E-13,-1.337596700068E-12,-4.));
#4984 = DIRECTION('',(0.,0.,1.));
#4985 = DIRECTION('',(-0.112838319772,0.993613362224,0.));
#4986 = PCURVE('',#148,#4987);
#4987 = DEFINITIONAL_REPRESENTATION('',(#4988),#4992);
#4988 = CIRCLE('',#4989,8.437500000001);
#4989 = AXIS2_PLACEMENT_2D('',#4990,#4991);
#4990 = CARTESIAN_POINT('',(2.165919298682E-13,-1.335413819936E-12));
#4991 = DIRECTION('',(-0.112838319772,0.993613362224));
#4992 = ( GEOMETRIC_REPRESENTATION_CONTEXT(2) 
PARAMETRIC_REPRESENTATION_CONTEXT() REPRESENTATION_CONTEXT('2D SPACE',''
  ) );
#4993 = PCURVE('',#1406,#4994);
#4994 = DEFINITIONAL_REPRESENTATION('',(#4995),#4999);
#4995 = LINE('',#4996,#4997);
#4996 = CARTESIAN_POINT('',(-6.28318530718,0.));
#4997 = VECTOR('',#4998,1.);
#4998 = DIRECTION('',(-1.,0.));
#4999 = ( GEOMETRIC_REPRESENTATION_CONTEXT(2) 
PARAMETRIC_REPRESENTATION_CONTEXT() REPRESENTATION_CONTEXT('2D SPACE',''
  ) );
#5000 = ORIENTED_EDGE('',*,*,#5001,.F.);
#5001 = EDGE_CURVE('',#5002,#4978,#5004,.T.);
#5002 = VERTEX_POINT('',#5003);
#5003 = CARTESIAN_POINT('',(-2.593461026136,9.031953391258,-4.));
#5004 = SURFACE_CURVE('',#5005,(#5009,#5016),.PCURVE_S1.);
#5005 = LINE('',#5006,#5007);
#5006 = CARTESIAN_POINT('',(-2.593461026136,9.031953391258,-4.));
#5007 = VECTOR('',#5008,1.);
#5008 = DIRECTION('',(0.27599035778,-0.961160404102,0.));
#5009 = PCURVE('',#148,#5010);
#5010 = DEFINITIONAL_REPRESENTATION('',(#5011),#5015);
#5011 = LINE('',#5012,#5013);
#5012 = CARTESIAN_POINT('',(-2.593461026136,9.031953391258));
#5013 = VECTOR('',#5014,1.);
#5014 = DIRECTION('',(0.27599035778,-0.961160404102));
#5015 = ( GEOMETRIC_REPRESENTATION_CONTEXT(2) 
PARAMETRIC_REPRESENTATION_CONTEXT() REPRESENTATION_CONTEXT('2D SPACE',''
  ) );
#5016 = PCURVE('',#1434,#5017);
#5017 = DEFINITIONAL_REPRESENTATION('',(#5018),#5022);
#5018 = LINE('',#5019,#5020);
#5019 = CARTESIAN_POINT('',(0.,0.));
#5020 = VECTOR('',#5021,1.);
#5021 = DIRECTION('',(1.,0.));
#5022 = ( GEOMETRIC_REPRESENTATION_CONTEXT(2) 
PARAMETRIC_REPRESENTATION_CONTEXT() REPRESENTATION_CONTEXT('2D SPACE',''
  ) );
#5023 = ORIENTED_EDGE('',*,*,#5024,.T.);
#5024 = EDGE_CURVE('',#5002,#5025,#5027,.T.);
#5025 = VERTEX_POINT('',#5026);
#5026 = CARTESIAN_POINT('',(-3.917940198693,10.545721625354,-4.));
#5027 = SURFACE_CURVE('',#5028,(#5042,#5059),.PCURVE_S1.);
#5028 = B_SPLINE_CURVE_WITH_KNOTS('',3,(#5029,#5030,#5031,#5032,#5033,
    #5034,#5035,#5036,#5037,#5038,#5039,#5040,#5041),.UNSPECIFIED.,.F.,
  .F.,(4,1,1,1,1,1,1,1,1,1,4),(0.,0.186927563819,0.377660761138,
    0.572069250156,0.77014078192,0.971871396504,1.177259312061,
    1.386303573601,1.599003609573,1.815359050699,2.035369644546),
  .UNSPECIFIED.);
#5029 = CARTESIAN_POINT('',(-2.593461026136,9.031953391258,-4.));
#5030 = CARTESIAN_POINT('',(-2.614624500488,9.090815436579,-4.));
#5031 = CARTESIAN_POINT('',(-2.665826379978,9.205913211874,-4.));
#5032 = CARTESIAN_POINT('',(-2.76267929418,9.370583648038,-4.));
#5033 = CARTESIAN_POINT('',(-2.872215073765,9.531286071934,-4.));
#5034 = CARTESIAN_POINT('',(-2.993557525121,9.687986470718,-4.));
#5035 = CARTESIAN_POINT('',(-3.125241085863,9.840909675382,-4.));
#5036 = CARTESIAN_POINT('',(-3.266562282483,9.990048189344,-4.));
#5037 = CARTESIAN_POINT('',(-3.416919829935,10.135368667197,-4.));
#5038 = CARTESIAN_POINT('',(-3.575872055634,10.27679015207,-4.));
#5039 = CARTESIAN_POINT('',(-3.743043337458,10.414212436417,-4.));
#5040 = CARTESIAN_POINT('',(-3.858813867796,10.502337434641,-4.));
#5041 = CARTESIAN_POINT('',(-3.917940198693,10.545721625354,-4.));
#5042 = PCURVE('',#148,#5043);
#5043 = DEFINITIONAL_REPRESENTATION('',(#5044),#5058);
#5044 = B_SPLINE_CURVE_WITH_KNOTS('',3,(#5045,#5046,#5047,#5048,#5049,
    #5050,#5051,#5052,#5053,#5054,#5055,#5056,#5057),.UNSPECIFIED.,.F.,
  .F.,(4,1,1,1,1,1,1,1,1,1,4),(0.,0.186927563819,0.377660761138,
    0.572069250156,0.77014078192,0.971871396504,1.177259312061,
    1.386303573601,1.599003609573,1.815359050699,2.035369644546),
  .UNSPECIFIED.);
#5045 = CARTESIAN_POINT('',(-2.593461026136,9.031953391258));
#5046 = CARTESIAN_POINT('',(-2.614624500488,9.090815436579));
#5047 = CARTESIAN_POINT('',(-2.665826379978,9.205913211874));
#5048 = CARTESIAN_POINT('',(-2.76267929418,9.370583648038));
#5049 = CARTESIAN_POINT('',(-2.872215073765,9.531286071934));
#5050 = CARTESIAN_POINT('',(-2.993557525121,9.687986470718));
#5051 = CARTESIAN_POINT('',(-3.125241085863,9.840909675382));
#5052 = CARTESIAN_POINT('',(-3.266562282483,9.990048189344));
#5053 = CARTESIAN_POINT('',(-3.416919829935,10.135368667197));
#5054 = CARTESIAN_POINT('',(-3.575872055634,10.27679015207));
#5055 = CARTESIAN_POINT('',(-3.743043337458,10.414212436417));
#5056 = CARTESIAN_POINT('',(-3.858813867796,10.502337434641));
#5057 = CARTESIAN_POINT('',(-3.917940198693,10.545721625354));
#5058 = ( GEOMETRIC_REPRESENTATION_CONTEXT(2) 
PARAMETRIC_REPRESENTATION_CONTEXT() REPRESENTATION_CONTEXT('2D SPACE',''
  ) );
#5059 = PCURVE('',#1482,#5060);
#5060 = DEFINITIONAL_REPRESENTATION('',(#5061),#5065);
#5061 = LINE('',#5062,#5063);
#5062 = CARTESIAN_POINT('',(0.,0.));
#5063 = VECTOR('',#5064,1.);
#5064 = DIRECTION('',(1.,0.));
#5065 = ( GEOMETRIC_REPRESENTATION_CONTEXT(2) 
PARAMETRIC_REPRESENTATION_CONTEXT() REPRESENTATION_CONTEXT('2D SPACE',''
  ) );
#5066 = ORIENTED_EDGE('',*,*,#5067,.T.);
#5067 = EDGE_CURVE('',#5025,#5068,#5070,.T.);
#5068 = VERTEX_POINT('',#5069);
#5069 = CARTESIAN_POINT('',(-4.686549191015,10.227353356573,-4.));
#5070 = SURFACE_CURVE('',#5071,(#5076,#5083),.PCURVE_S1.);
#5071 = CIRCLE('',#5072,11.250000000019);
#5072 = AXIS2_PLACEMENT_3D('',#5073,#5074,#5075);
#5073 = CARTESIAN_POINT('',(7.096532294502E-12,-1.799600004588E-11,-4.)
  );
#5074 = DIRECTION('',(0.,0.,1.));
#5075 = DIRECTION('',(-0.348261350995,0.937397477809,0.));
#5076 = PCURVE('',#148,#5077);
#5077 = DEFINITIONAL_REPRESENTATION('',(#5078),#5082);
#5078 = CIRCLE('',#5079,11.250000000019);
#5079 = AXIS2_PLACEMENT_2D('',#5080,#5081);
#5080 = CARTESIAN_POINT('',(7.096852779173E-12,-1.799381716575E-11));
#5081 = DIRECTION('',(-0.348261350995,0.937397477809));
#5082 = ( GEOMETRIC_REPRESENTATION_CONTEXT(2) 
PARAMETRIC_REPRESENTATION_CONTEXT() REPRESENTATION_CONTEXT('2D SPACE',''
  ) );
#5083 = PCURVE('',#1527,#5084);
#5084 = DEFINITIONAL_REPRESENTATION('',(#5085),#5089);
#5085 = LINE('',#5086,#5087);
#5086 = CARTESIAN_POINT('',(-6.28318530718,0.));
#5087 = VECTOR('',#5088,1.);
#5088 = DIRECTION('',(-1.,0.));
#5089 = ( GEOMETRIC_REPRESENTATION_CONTEXT(2) 
PARAMETRIC_REPRESENTATION_CONTEXT() REPRESENTATION_CONTEXT('2D SPACE',''
  ) );
#5090 = ORIENTED_EDGE('',*,*,#5091,.F.);
#5091 = EDGE_CURVE('',#5092,#5068,#5094,.T.);
#5092 = VERTEX_POINT('',#5093);
#5093 = CARTESIAN_POINT('',(-4.552701611996,8.220409368643,-4.));
#5094 = SURFACE_CURVE('',#5095,(#5109,#5126),.PCURVE_S1.);
#5095 = B_SPLINE_CURVE_WITH_KNOTS('',3,(#5096,#5097,#5098,#5099,#5100,
    #5101,#5102,#5103,#5104,#5105,#5106,#5107,#5108),.UNSPECIFIED.,.F.,
  .F.,(4,1,1,1,1,1,1,1,1,1,4),(0.,0.186927563819,0.377660761138,
    0.572069250156,0.77014078192,0.971871396504,1.177259312061,
    1.386303573601,1.599003609573,1.815359050699,2.035369644546),
  .UNSPECIFIED.);
#5096 = CARTESIAN_POINT('',(-4.552701611996,8.220409368643,-4.));
#5097 = CARTESIAN_POINT('',(-4.579358527169,8.276995956271,-4.));
#5098 = CARTESIAN_POINT('',(-4.624539748382,8.39458756988,-4.));
#5099 = CARTESIAN_POINT('',(-4.672493978045,8.579512504362,-4.));
#5100 = CARTESIAN_POINT('',(-4.708674259208,8.770599770579,-4.));
#5101 = CARTESIAN_POINT('',(-4.733676103603,8.967205755373,-4.));
#5102 = CARTESIAN_POINT('',(-4.74869479985,9.168453129163,-4.));
#5103 = CARTESIAN_POINT('',(-4.754222477954,9.373839160178,-4.));
#5104 = CARTESIAN_POINT('',(-4.750660731883,9.582915096918,-4.));
#5105 = CARTESIAN_POINT('',(-4.738264626166,9.795311384554,-4.));
#5106 = CARTESIAN_POINT('',(-4.717228908317,10.010691560699,-4.));
#5107 = CARTESIAN_POINT('',(-4.697680565088,10.154867471599,-4.));
#5108 = CARTESIAN_POINT('',(-4.686549191015,10.227353356573,-4.));
#5109 = PCURVE('',#148,#5110);
#5110 = DEFINITIONAL_REPRESENTATION('',(#5111),#5125);
#5111 = B_SPLINE_CURVE_WITH_KNOTS('',3,(#5112,#5113,#5114,#5115,#5116,
    #5117,#5118,#5119,#5120,#5121,#5122,#5123,#5124),.UNSPECIFIED.,.F.,
  .F.,(4,1,1,1,1,1,1,1,1,1,4),(0.,0.186927563819,0.377660761138,
    0.572069250156,0.77014078192,0.971871396504,1.177259312061,
    1.386303573601,1.599003609573,1.815359050699,2.035369644546),
  .UNSPECIFIED.);
#5112 = CARTESIAN_POINT('',(-4.552701611996,8.220409368643));
#5113 = CARTESIAN_POINT('',(-4.579358527169,8.276995956271));
#5114 = CARTESIAN_POINT('',(-4.624539748382,8.39458756988));
#5115 = CARTESIAN_POINT('',(-4.672493978045,8.579512504362));
#5116 = CARTESIAN_POINT('',(-4.708674259208,8.770599770579));
#5117 = CARTESIAN_POINT('',(-4.733676103603,8.967205755373));
#5118 = CARTESIAN_POINT('',(-4.74869479985,9.168453129163));
#5119 = CARTESIAN_POINT('',(-4.754222477954,9.373839160178));
#5120 = CARTESIAN_POINT('',(-4.750660731883,9.582915096918));
#5121 = CARTESIAN_POINT('',(-4.738264626166,9.795311384554));
#5122 = CARTESIAN_POINT('',(-4.717228908317,10.010691560699));
#5123 = CARTESIAN_POINT('',(-4.697680565088,10.154867471599));
#5124 = CARTESIAN_POINT('',(-4.686549191015,10.227353356573));
#5125 = ( GEOMETRIC_REPRESENTATION_CONTEXT(2) 
PARAMETRIC_REPRESENTATION_CONTEXT() REPRESENTATION_CONTEXT('2D SPACE',''
  ) );
#5126 = PCURVE('',#1575,#5127);
#5127 = DEFINITIONAL_REPRESENTATION('',(#5128),#5132);
#5128 = LINE('',#5129,#5130);
#5129 = CARTESIAN_POINT('',(0.,0.));
#5130 = VECTOR('',#5131,1.);
#5131 = DIRECTION('',(1.,0.));
#5132 = ( GEOMETRIC_REPRESENTATION_CONTEXT(2) 
PARAMETRIC_REPRESENTATION_CONTEXT() REPRESENTATION_CONTEXT('2D SPACE',''
  ) );
#5133 = ORIENTED_EDGE('',*,*,#5134,.T.);
#5134 = EDGE_CURVE('',#5092,#5135,#5137,.T.);
#5135 = VERTEX_POINT('',#5136);
#5136 = CARTESIAN_POINT('',(-4.087870757045,7.381105535331,-4.));
#5137 = SURFACE_CURVE('',#5138,(#5142,#5149),.PCURVE_S1.);
#5138 = LINE('',#5139,#5140);
#5139 = CARTESIAN_POINT('',(-4.552701611996,8.220409368643,-4.));
#5140 = VECTOR('',#5141,1.);
#5141 = DIRECTION('',(0.48448838602,-0.874797693076,0.));
#5142 = PCURVE('',#148,#5143);
#5143 = DEFINITIONAL_REPRESENTATION('',(#5144),#5148);
#5144 = LINE('',#5145,#5146);
#5145 = CARTESIAN_POINT('',(-4.552701611996,8.220409368643));
#5146 = VECTOR('',#5147,1.);
#5147 = DIRECTION('',(0.48448838602,-0.874797693076));
#5148 = ( GEOMETRIC_REPRESENTATION_CONTEXT(2) 
PARAMETRIC_REPRESENTATION_CONTEXT() REPRESENTATION_CONTEXT('2D SPACE',''
  ) );
#5149 = PCURVE('',#1615,#5150);
#5150 = DEFINITIONAL_REPRESENTATION('',(#5151),#5155);
#5151 = LINE('',#5152,#5153);
#5152 = CARTESIAN_POINT('',(0.,0.));
#5153 = VECTOR('',#5154,1.);
#5154 = DIRECTION('',(1.,0.));
#5155 = ( GEOMETRIC_REPRESENTATION_CONTEXT(2) 
PARAMETRIC_REPRESENTATION_CONTEXT() REPRESENTATION_CONTEXT('2D SPACE',''
  ) );
#5156 = ORIENTED_EDGE('',*,*,#5157,.T.);
#5157 = EDGE_CURVE('',#5135,#5158,#5160,.T.);
#5158 = VERTEX_POINT('',#5159);
#5159 = CARTESIAN_POINT('',(-5.254891919028,6.601326924895,-4.));
#5160 = SURFACE_CURVE('',#5161,(#5166,#5173),.PCURVE_S1.);
#5161 = CIRCLE('',#5162,8.437500000001);
#5162 = AXIS2_PLACEMENT_3D('',#5163,#5164,#5165);
#5163 = CARTESIAN_POINT('',(7.116848579865E-13,-1.153014714977E-12,-4.)
  );
#5164 = DIRECTION('',(0.,0.,1.));
#5165 = DIRECTION('',(-0.48448838602,0.874797693076,0.));
#5166 = PCURVE('',#148,#5167);
#5167 = DEFINITIONAL_REPRESENTATION('',(#5168),#5172);
#5168 = CIRCLE('',#5169,8.437500000001);
#5169 = AXIS2_PLACEMENT_2D('',#5170,#5171);
#5170 = CARTESIAN_POINT('',(7.120053426577E-13,-1.150831834845E-12));
#5171 = DIRECTION('',(-0.48448838602,0.874797693076));
#5172 = ( GEOMETRIC_REPRESENTATION_CONTEXT(2) 
PARAMETRIC_REPRESENTATION_CONTEXT() REPRESENTATION_CONTEXT('2D SPACE',''
  ) );
#5173 = PCURVE('',#1648,#5174);
#5174 = DEFINITIONAL_REPRESENTATION('',(#5175),#5179);
#5175 = LINE('',#5176,#5177);
#5176 = CARTESIAN_POINT('',(-6.28318530718,0.));
#5177 = VECTOR('',#5178,1.);
#5178 = DIRECTION('',(-1.,0.));
#5179 = ( GEOMETRIC_REPRESENTATION_CONTEXT(2) 
PARAMETRIC_REPRESENTATION_CONTEXT() REPRESENTATION_CONTEXT('2D SPACE',''
  ) );
#5180 = ORIENTED_EDGE('',*,*,#5181,.F.);
#5181 = EDGE_CURVE('',#5182,#5158,#5184,.T.);
#5182 = VERTEX_POINT('',#5183);
#5183 = CARTESIAN_POINT('',(-5.852424485141,7.351962309593,-4.));
#5184 = SURFACE_CURVE('',#5185,(#5189,#5196),.PCURVE_S1.);
#5185 = LINE('',#5186,#5187);
#5186 = CARTESIAN_POINT('',(-5.852424485141,7.351962309593,-4.));
#5187 = VECTOR('',#5188,1.);
#5188 = DIRECTION('',(0.622802005218,-0.782379487395,0.));
#5189 = PCURVE('',#148,#5190);
#5190 = DEFINITIONAL_REPRESENTATION('',(#5191),#5195);
#5191 = LINE('',#5192,#5193);
#5192 = CARTESIAN_POINT('',(-5.852424485141,7.351962309593));
#5193 = VECTOR('',#5194,1.);
#5194 = DIRECTION('',(0.622802005218,-0.782379487395));
#5195 = ( GEOMETRIC_REPRESENTATION_CONTEXT(2) 
PARAMETRIC_REPRESENTATION_CONTEXT() REPRESENTATION_CONTEXT('2D SPACE',''
  ) );
#5196 = PCURVE('',#1676,#5197);
#5197 = DEFINITIONAL_REPRESENTATION('',(#5198),#5202);
#5198 = LINE('',#5199,#5200);
#5199 = CARTESIAN_POINT('',(0.,0.));
#5200 = VECTOR('',#5201,1.);
#5201 = DIRECTION('',(1.,0.));
#5202 = ( GEOMETRIC_REPRESENTATION_CONTEXT(2) 
PARAMETRIC_REPRESENTATION_CONTEXT() REPRESENTATION_CONTEXT('2D SPACE',''
  ) );
#5203 = ORIENTED_EDGE('',*,*,#5204,.T.);
#5204 = EDGE_CURVE('',#5182,#5205,#5207,.T.);
#5205 = VERTEX_POINT('',#5206);
#5206 = CARTESIAN_POINT('',(-7.655377707533,8.24364556219,-4.));
#5207 = SURFACE_CURVE('',#5208,(#5222,#5239),.PCURVE_S1.);
#5208 = B_SPLINE_CURVE_WITH_KNOTS('',3,(#5209,#5210,#5211,#5212,#5213,
    #5214,#5215,#5216,#5217,#5218,#5219,#5220,#5221),.UNSPECIFIED.,.F.,
  .F.,(4,1,1,1,1,1,1,1,1,1,4),(0.,0.186927563819,0.377660761138,
    0.572069250156,0.77014078192,0.971871396504,1.177259312061,
    1.386303573601,1.599003609573,1.815359050699,2.035369644546),
  .UNSPECIFIED.);
#5209 = CARTESIAN_POINT('',(-5.852424485141,7.351962309593,-4.));
#5210 = CARTESIAN_POINT('',(-5.894502515471,7.3982448375,-4.));
#5211 = CARTESIAN_POINT('',(-5.985852895666,7.484987205346,-4.));
#5212 = CARTESIAN_POINT('',(-6.138349968481,7.600058845286,-4.));
#5213 = CARTESIAN_POINT('',(-6.301045988483,7.706610997451,-4.));
#5214 = CARTESIAN_POINT('',(-6.473118442175,7.804947542847,-4.));
#5215 = CARTESIAN_POINT('',(-6.653299365562,7.895837044671,-4.));
#5216 = CARTESIAN_POINT('',(-6.84093596505,7.979541784642,-4.));
#5217 = CARTESIAN_POINT('',(-7.035459964957,8.056261057444,-4.));
#5218 = CARTESIAN_POINT('',(-7.236432332169,8.126089089463,-4.));
#5219 = CARTESIAN_POINT('',(-7.443467689327,8.189077045361,-4.));
#5220 = CARTESIAN_POINT('',(-7.584149689572,8.226190463605,-4.));
#5221 = CARTESIAN_POINT('',(-7.655377707533,8.24364556219,-4.));
#5222 = PCURVE('',#148,#5223);
#5223 = DEFINITIONAL_REPRESENTATION('',(#5224),#5238);
#5224 = B_SPLINE_CURVE_WITH_KNOTS('',3,(#5225,#5226,#5227,#5228,#5229,
    #5230,#5231,#5232,#5233,#5234,#5235,#5236,#5237),.UNSPECIFIED.,.F.,
  .F.,(4,1,1,1,1,1,1,1,1,1,4),(0.,0.186927563819,0.377660761138,
    0.572069250156,0.77014078192,0.971871396504,1.177259312061,
    1.386303573601,1.599003609573,1.815359050699,2.035369644546),
  .UNSPECIFIED.);
#5225 = CARTESIAN_POINT('',(-5.852424485141,7.351962309593));
#5226 = CARTESIAN_POINT('',(-5.894502515471,7.3982448375));
#5227 = CARTESIAN_POINT('',(-5.985852895666,7.484987205346));
#5228 = CARTESIAN_POINT('',(-6.138349968481,7.600058845286));
#5229 = CARTESIAN_POINT('',(-6.301045988483,7.706610997451));
#5230 = CARTESIAN_POINT('',(-6.473118442175,7.804947542847));
#5231 = CARTESIAN_POINT('',(-6.653299365562,7.895837044671));
#5232 = CARTESIAN_POINT('',(-6.84093596505,7.979541784642));
#5233 = CARTESIAN_POINT('',(-7.035459964957,8.056261057444));
#5234 = CARTESIAN_POINT('',(-7.236432332169,8.126089089463));
#5235 = CARTESIAN_POINT('',(-7.443467689327,8.189077045361));
#5236 = CARTESIAN_POINT('',(-7.584149689572,8.226190463605));
#5237 = CARTESIAN_POINT('',(-7.655377707533,8.24364556219));
#5238 = ( GEOMETRIC_REPRESENTATION_CONTEXT(2) 
PARAMETRIC_REPRESENTATION_CONTEXT() REPRESENTATION_CONTEXT('2D SPACE',''
  ) );
#5239 = PCURVE('',#1724,#5240);
#5240 = DEFINITIONAL_REPRESENTATION('',(#5241),#5245);
#5241 = LINE('',#5242,#5243);
#5242 = CARTESIAN_POINT('',(0.,0.));
#5243 = VECTOR('',#5244,1.);
#5244 = DIRECTION('',(1.,0.));
#5245 = ( GEOMETRIC_REPRESENTATION_CONTEXT(2) 
PARAMETRIC_REPRESENTATION_CONTEXT() REPRESENTATION_CONTEXT('2D SPACE',''
  ) );
#5246 = ORIENTED_EDGE('',*,*,#5247,.T.);
#5247 = EDGE_CURVE('',#5205,#5248,#5250,.T.);
#5248 = VERTEX_POINT('',#5249);
#5249 = CARTESIAN_POINT('',(-8.24364556219,7.655377707533,-4.));
#5250 = SURFACE_CURVE('',#5251,(#5256,#5263),.PCURVE_S1.);
#5251 = CIRCLE('',#5252,11.250000000019);
#5252 = AXIS2_PLACEMENT_3D('',#5253,#5254,#5255);
#5253 = CARTESIAN_POINT('',(1.344311200509E-11,-1.391041077311E-11,-4.)
  );
#5254 = DIRECTION('',(0.,0.,1.));
#5255 = DIRECTION('',(-0.680478018447,0.732768494417,0.));
#5256 = PCURVE('',#148,#5257);
#5257 = DEFINITIONAL_REPRESENTATION('',(#5258),#5262);
#5258 = CIRCLE('',#5259,11.250000000019);
#5259 = AXIS2_PLACEMENT_2D('',#5260,#5261);
#5260 = CARTESIAN_POINT('',(1.344343248977E-11,-1.390822789298E-11));
#5261 = DIRECTION('',(-0.680478018447,0.732768494417));
#5262 = ( GEOMETRIC_REPRESENTATION_CONTEXT(2) 
PARAMETRIC_REPRESENTATION_CONTEXT() REPRESENTATION_CONTEXT('2D SPACE',''
  ) );
#5263 = PCURVE('',#1769,#5264);
#5264 = DEFINITIONAL_REPRESENTATION('',(#5265),#5269);
#5265 = LINE('',#5266,#5267);
#5266 = CARTESIAN_POINT('',(-6.28318530718,0.));
#5267 = VECTOR('',#5268,1.);
#5268 = DIRECTION('',(-1.,0.));
#5269 = ( GEOMETRIC_REPRESENTATION_CONTEXT(2) 
PARAMETRIC_REPRESENTATION_CONTEXT() REPRESENTATION_CONTEXT('2D SPACE',''
  ) );
#5270 = ORIENTED_EDGE('',*,*,#5271,.F.);
#5271 = EDGE_CURVE('',#5272,#5248,#5274,.T.);
#5272 = VERTEX_POINT('',#5273);
#5273 = CARTESIAN_POINT('',(-7.351962309593,5.852424485141,-4.));
#5274 = SURFACE_CURVE('',#5275,(#5289,#5306),.PCURVE_S1.);
#5275 = B_SPLINE_CURVE_WITH_KNOTS('',3,(#5276,#5277,#5278,#5279,#5280,
    #5281,#5282,#5283,#5284,#5285,#5286,#5287,#5288),.UNSPECIFIED.,.F.,
  .F.,(4,1,1,1,1,1,1,1,1,1,4),(0.,0.186927563819,0.377660761138,
    0.572069250156,0.77014078192,0.971871396504,1.177259312061,
    1.386303573601,1.599003609573,1.815359050699,2.035369644546),
  .UNSPECIFIED.);
#5276 = CARTESIAN_POINT('',(-7.351962309593,5.852424485141,-4.));
#5277 = CARTESIAN_POINT('',(-7.3982448375,5.894502515471,-4.));
#5278 = CARTESIAN_POINT('',(-7.484987205346,5.985852895666,-4.));
#5279 = CARTESIAN_POINT('',(-7.600058845286,6.138349968481,-4.));
#5280 = CARTESIAN_POINT('',(-7.706610997451,6.301045988483,-4.));
#5281 = CARTESIAN_POINT('',(-7.804947542847,6.473118442175,-4.));
#5282 = CARTESIAN_POINT('',(-7.895837044671,6.653299365562,-4.));
#5283 = CARTESIAN_POINT('',(-7.979541784642,6.84093596505,-4.));
#5284 = CARTESIAN_POINT('',(-8.056261057444,7.035459964957,-4.));
#5285 = CARTESIAN_POINT('',(-8.126089089463,7.236432332169,-4.));
#5286 = CARTESIAN_POINT('',(-8.189077045361,7.443467689327,-4.));
#5287 = CARTESIAN_POINT('',(-8.226190463605,7.584149689572,-4.));
#5288 = CARTESIAN_POINT('',(-8.24364556219,7.655377707533,-4.));
#5289 = PCURVE('',#148,#5290);
#5290 = DEFINITIONAL_REPRESENTATION('',(#5291),#5305);
#5291 = B_SPLINE_CURVE_WITH_KNOTS('',3,(#5292,#5293,#5294,#5295,#5296,
    #5297,#5298,#5299,#5300,#5301,#5302,#5303,#5304),.UNSPECIFIED.,.F.,
  .F.,(4,1,1,1,1,1,1,1,1,1,4),(0.,0.186927563819,0.377660761138,
    0.572069250156,0.77014078192,0.971871396504,1.177259312061,
    1.386303573601,1.599003609573,1.815359050699,2.035369644546),
  .UNSPECIFIED.);
#5292 = CARTESIAN_POINT('',(-7.351962309593,5.852424485141));
#5293 = CARTESIAN_POINT('',(-7.3982448375,5.894502515471));
#5294 = CARTESIAN_POINT('',(-7.484987205346,5.985852895666));
#5295 = CARTESIAN_POINT('',(-7.600058845286,6.138349968481));
#5296 = CARTESIAN_POINT('',(-7.706610997451,6.301045988483));
#5297 = CARTESIAN_POINT('',(-7.804947542847,6.473118442175));
#5298 = CARTESIAN_POINT('',(-7.895837044671,6.653299365562));
#5299 = CARTESIAN_POINT('',(-7.979541784642,6.84093596505));
#5300 = CARTESIAN_POINT('',(-8.056261057444,7.035459964957));
#5301 = CARTESIAN_POINT('',(-8.126089089463,7.236432332169));
#5302 = CARTESIAN_POINT('',(-8.189077045361,7.443467689327));
#5303 = CARTESIAN_POINT('',(-8.226190463605,7.584149689572));
#5304 = CARTESIAN_POINT('',(-8.24364556219,7.655377707533));
#5305 = ( GEOMETRIC_REPRESENTATION_CONTEXT(2) 
PARAMETRIC_REPRESENTATION_CONTEXT() REPRESENTATION_CONTEXT('2D SPACE',''
  ) );
#5306 = PCURVE('',#1817,#5307);
#5307 = DEFINITIONAL_REPRESENTATION('',(#5308),#5312);
#5308 = LINE('',#5309,#5310);
#5309 = CARTESIAN_POINT('',(0.,0.));
#5310 = VECTOR('',#5311,1.);
#5311 = DIRECTION('',(1.,0.));
#5312 = ( GEOMETRIC_REPRESENTATION_CONTEXT(2) 
PARAMETRIC_REPRESENTATION_CONTEXT() REPRESENTATION_CONTEXT('2D SPACE',''
  ) );
#5313 = ORIENTED_EDGE('',*,*,#5314,.T.);
#5314 = EDGE_CURVE('',#5272,#5315,#5317,.T.);
#5315 = VERTEX_POINT('',#5316);
#5316 = CARTESIAN_POINT('',(-6.601326924895,5.254891919028,-4.));
#5317 = SURFACE_CURVE('',#5318,(#5322,#5329),.PCURVE_S1.);
#5318 = LINE('',#5319,#5320);
#5319 = CARTESIAN_POINT('',(-7.351962309593,5.852424485141,-4.));
#5320 = VECTOR('',#5321,1.);
#5321 = DIRECTION('',(0.782379487395,-0.622802005218,0.));
#5322 = PCURVE('',#148,#5323);
#5323 = DEFINITIONAL_REPRESENTATION('',(#5324),#5328);
#5324 = LINE('',#5325,#5326);
#5325 = CARTESIAN_POINT('',(-7.351962309593,5.852424485141));
#5326 = VECTOR('',#5327,1.);
#5327 = DIRECTION('',(0.782379487395,-0.622802005218));
#5328 = ( GEOMETRIC_REPRESENTATION_CONTEXT(2) 
PARAMETRIC_REPRESENTATION_CONTEXT() REPRESENTATION_CONTEXT('2D SPACE',''
  ) );
#5329 = PCURVE('',#1857,#5330);
#5330 = DEFINITIONAL_REPRESENTATION('',(#5331),#5335);
#5331 = LINE('',#5332,#5333);
#5332 = CARTESIAN_POINT('',(0.,0.));
#5333 = VECTOR('',#5334,1.);
#5334 = DIRECTION('',(1.,0.));
#5335 = ( GEOMETRIC_REPRESENTATION_CONTEXT(2) 
PARAMETRIC_REPRESENTATION_CONTEXT() REPRESENTATION_CONTEXT('2D SPACE',''
  ) );
#5336 = ORIENTED_EDGE('',*,*,#5337,.T.);
#5337 = EDGE_CURVE('',#5315,#5338,#5340,.T.);
#5338 = VERTEX_POINT('',#5339);
#5339 = CARTESIAN_POINT('',(-7.381105535331,4.087870757045,-4.));
#5340 = SURFACE_CURVE('',#5341,(#5346,#5353),.PCURVE_S1.);
#5341 = CIRCLE('',#5342,8.437500000001);
#5342 = AXIS2_PLACEMENT_3D('',#5343,#5344,#5345);
#5343 = CARTESIAN_POINT('',(1.098750702587E-12,-7.928966916353E-13,-4.)
  );
#5344 = DIRECTION('',(0.,0.,1.));
#5345 = DIRECTION('',(-0.782379487395,0.622802005218,0.));
#5346 = PCURVE('',#148,#5347);
#5347 = DEFINITIONAL_REPRESENTATION('',(#5348),#5352);
#5348 = CIRCLE('',#5349,8.437500000001);
#5349 = AXIS2_PLACEMENT_2D('',#5350,#5351);
#5350 = CARTESIAN_POINT('',(1.099071187258E-12,-7.907138115032E-13));
#5351 = DIRECTION('',(-0.782379487395,0.622802005218));
#5352 = ( GEOMETRIC_REPRESENTATION_CONTEXT(2) 
PARAMETRIC_REPRESENTATION_CONTEXT() REPRESENTATION_CONTEXT('2D SPACE',''
  ) );
#5353 = PCURVE('',#1890,#5354);
#5354 = DEFINITIONAL_REPRESENTATION('',(#5355),#5359);
#5355 = LINE('',#5356,#5357);
#5356 = CARTESIAN_POINT('',(-6.28318530718,0.));
#5357 = VECTOR('',#5358,1.);
#5358 = DIRECTION('',(-1.,0.));
#5359 = ( GEOMETRIC_REPRESENTATION_CONTEXT(2) 
PARAMETRIC_REPRESENTATION_CONTEXT() REPRESENTATION_CONTEXT('2D SPACE',''
  ) );
#5360 = ORIENTED_EDGE('',*,*,#5361,.F.);
#5361 = EDGE_CURVE('',#5362,#5338,#5364,.T.);
#5362 = VERTEX_POINT('',#5363);
#5363 = CARTESIAN_POINT('',(-8.220409368643,4.552701611996,-4.));
#5364 = SURFACE_CURVE('',#5365,(#5369,#5376),.PCURVE_S1.);
#5365 = LINE('',#5366,#5367);
#5366 = CARTESIAN_POINT('',(-8.220409368643,4.552701611996,-4.));
#5367 = VECTOR('',#5368,1.);
#5368 = DIRECTION('',(0.874797693076,-0.48448838602,0.));
#5369 = PCURVE('',#148,#5370);
#5370 = DEFINITIONAL_REPRESENTATION('',(#5371),#5375);
#5371 = LINE('',#5372,#5373);
#5372 = CARTESIAN_POINT('',(-8.220409368643,4.552701611996));
#5373 = VECTOR('',#5374,1.);
#5374 = DIRECTION('',(0.874797693076,-0.48448838602));
#5375 = ( GEOMETRIC_REPRESENTATION_CONTEXT(2) 
PARAMETRIC_REPRESENTATION_CONTEXT() REPRESENTATION_CONTEXT('2D SPACE',''
  ) );
#5376 = PCURVE('',#1918,#5377);
#5377 = DEFINITIONAL_REPRESENTATION('',(#5378),#5382);
#5378 = LINE('',#5379,#5380);
#5379 = CARTESIAN_POINT('',(0.,0.));
#5380 = VECTOR('',#5381,1.);
#5381 = DIRECTION('',(1.,0.));
#5382 = ( GEOMETRIC_REPRESENTATION_CONTEXT(2) 
PARAMETRIC_REPRESENTATION_CONTEXT() REPRESENTATION_CONTEXT('2D SPACE',''
  ) );
#5383 = ORIENTED_EDGE('',*,*,#5384,.T.);
#5384 = EDGE_CURVE('',#5362,#5385,#5387,.T.);
#5385 = VERTEX_POINT('',#5386);
#5386 = CARTESIAN_POINT('',(-10.22735335657,4.686549191015,-4.));
#5387 = SURFACE_CURVE('',#5388,(#5402,#5419),.PCURVE_S1.);
#5388 = B_SPLINE_CURVE_WITH_KNOTS('',3,(#5389,#5390,#5391,#5392,#5393,
    #5394,#5395,#5396,#5397,#5398,#5399,#5400,#5401),.UNSPECIFIED.,.F.,
  .F.,(4,1,1,1,1,1,1,1,1,1,4),(0.,0.186927563819,0.377660761138,
    0.572069250156,0.77014078192,0.971871396504,1.177259312061,
    1.386303573601,1.599003609573,1.815359050699,2.035369644546),
  .UNSPECIFIED.);
#5389 = CARTESIAN_POINT('',(-8.220409368643,4.552701611996,-4.));
#5390 = CARTESIAN_POINT('',(-8.276995956271,4.579358527169,-4.));
#5391 = CARTESIAN_POINT('',(-8.39458756988,4.624539748382,-4.));
#5392 = CARTESIAN_POINT('',(-8.579512504362,4.672493978045,-4.));
#5393 = CARTESIAN_POINT('',(-8.770599770579,4.708674259208,-4.));
#5394 = CARTESIAN_POINT('',(-8.967205755373,4.733676103603,-4.));
#5395 = CARTESIAN_POINT('',(-9.168453129163,4.74869479985,-4.));
#5396 = CARTESIAN_POINT('',(-9.373839160178,4.754222477954,-4.));
#5397 = CARTESIAN_POINT('',(-9.582915096918,4.750660731883,-4.));
#5398 = CARTESIAN_POINT('',(-9.795311384554,4.738264626166,-4.));
#5399 = CARTESIAN_POINT('',(-10.01069156069,4.717228908317,-4.));
#5400 = CARTESIAN_POINT('',(-10.15486747159,4.697680565088,-4.));
#5401 = CARTESIAN_POINT('',(-10.22735335657,4.686549191015,-4.));
#5402 = PCURVE('',#148,#5403);
#5403 = DEFINITIONAL_REPRESENTATION('',(#5404),#5418);
#5404 = B_SPLINE_CURVE_WITH_KNOTS('',3,(#5405,#5406,#5407,#5408,#5409,
    #5410,#5411,#5412,#5413,#5414,#5415,#5416,#5417),.UNSPECIFIED.,.F.,
  .F.,(4,1,1,1,1,1,1,1,1,1,4),(0.,0.186927563819,0.377660761138,
    0.572069250156,0.77014078192,0.971871396504,1.177259312061,
    1.386303573601,1.599003609573,1.815359050699,2.035369644546),
  .UNSPECIFIED.);
#5405 = CARTESIAN_POINT('',(-8.220409368643,4.552701611996));
#5406 = CARTESIAN_POINT('',(-8.276995956271,4.579358527169));
#5407 = CARTESIAN_POINT('',(-8.39458756988,4.624539748382));
#5408 = CARTESIAN_POINT('',(-8.579512504362,4.672493978045));
#5409 = CARTESIAN_POINT('',(-8.770599770579,4.708674259208));
#5410 = CARTESIAN_POINT('',(-8.967205755373,4.733676103603));
#5411 = CARTESIAN_POINT('',(-9.168453129163,4.74869479985));
#5412 = CARTESIAN_POINT('',(-9.373839160178,4.754222477954));
#5413 = CARTESIAN_POINT('',(-9.582915096918,4.750660731883));
#5414 = CARTESIAN_POINT('',(-9.795311384554,4.738264626166));
#5415 = CARTESIAN_POINT('',(-10.01069156069,4.717228908317));
#5416 = CARTESIAN_POINT('',(-10.15486747159,4.697680565088));
#5417 = CARTESIAN_POINT('',(-10.22735335657,4.686549191015));
#5418 = ( GEOMETRIC_REPRESENTATION_CONTEXT(2) 
PARAMETRIC_REPRESENTATION_CONTEXT() REPRESENTATION_CONTEXT('2D SPACE',''
  ) );
#5419 = PCURVE('',#1966,#5420);
#5420 = DEFINITIONAL_REPRESENTATION('',(#5421),#5425);
#5421 = LINE('',#5422,#5423);
#5422 = CARTESIAN_POINT('',(0.,0.));
#5423 = VECTOR('',#5424,1.);
#5424 = DIRECTION('',(1.,0.));
#5425 = ( GEOMETRIC_REPRESENTATION_CONTEXT(2) 
PARAMETRIC_REPRESENTATION_CONTEXT() REPRESENTATION_CONTEXT('2D SPACE',''
  ) );
#5426 = ORIENTED_EDGE('',*,*,#5427,.T.);
#5427 = EDGE_CURVE('',#5385,#5428,#5430,.T.);
#5428 = VERTEX_POINT('',#5429);
#5429 = CARTESIAN_POINT('',(-10.54572162535,3.917940198693,-4.));
#5430 = SURFACE_CURVE('',#5431,(#5436,#5443),.PCURVE_S1.);
#5431 = CIRCLE('',#5432,11.250000000019);
#5432 = AXIS2_PLACEMENT_3D('',#5433,#5434,#5435);
#5433 = CARTESIAN_POINT('',(1.774309977503E-11,-7.707087558323E-12,-4.)
  );
#5434 = DIRECTION('',(0.,0.,1.));
#5435 = DIRECTION('',(-0.90909807614,0.416582150312,0.));
#5436 = PCURVE('',#148,#5437);
#5437 = DEFINITIONAL_REPRESENTATION('',(#5438),#5442);
#5438 = CIRCLE('',#5439,11.250000000019);
#5439 = AXIS2_PLACEMENT_2D('',#5440,#5441);
#5440 = CARTESIAN_POINT('',(1.77434202597E-11,-7.704904678191E-12));
#5441 = DIRECTION('',(-0.90909807614,0.416582150312));
#5442 = ( GEOMETRIC_REPRESENTATION_CONTEXT(2) 
PARAMETRIC_REPRESENTATION_CONTEXT() REPRESENTATION_CONTEXT('2D SPACE',''
  ) );
#5443 = PCURVE('',#2011,#5444);
#5444 = DEFINITIONAL_REPRESENTATION('',(#5445),#5449);
#5445 = LINE('',#5446,#5447);
#5446 = CARTESIAN_POINT('',(-6.28318530718,0.));
#5447 = VECTOR('',#5448,1.);
#5448 = DIRECTION('',(-1.,0.));
#5449 = ( GEOMETRIC_REPRESENTATION_CONTEXT(2) 
PARAMETRIC_REPRESENTATION_CONTEXT() REPRESENTATION_CONTEXT('2D SPACE',''
  ) );
#5450 = ORIENTED_EDGE('',*,*,#5451,.F.);
#5451 = EDGE_CURVE('',#5452,#5428,#5454,.T.);
#5452 = VERTEX_POINT('',#5453);
#5453 = CARTESIAN_POINT('',(-9.031953391258,2.593461026136,-4.));
#5454 = SURFACE_CURVE('',#5455,(#5469,#5486),.PCURVE_S1.);
#5455 = B_SPLINE_CURVE_WITH_KNOTS('',3,(#5456,#5457,#5458,#5459,#5460,
    #5461,#5462,#5463,#5464,#5465,#5466,#5467,#5468),.UNSPECIFIED.,.F.,
  .F.,(4,1,1,1,1,1,1,1,1,1,4),(0.,0.186927563819,0.377660761138,
    0.572069250156,0.77014078192,0.971871396504,1.177259312061,
    1.386303573601,1.599003609573,1.815359050699,2.035369644546),
  .UNSPECIFIED.);
#5456 = CARTESIAN_POINT('',(-9.031953391258,2.593461026136,-4.));
#5457 = CARTESIAN_POINT('',(-9.090815436579,2.614624500488,-4.));
#5458 = CARTESIAN_POINT('',(-9.205913211874,2.665826379978,-4.));
#5459 = CARTESIAN_POINT('',(-9.370583648038,2.76267929418,-4.));
#5460 = CARTESIAN_POINT('',(-9.531286071934,2.872215073765,-4.));
#5461 = CARTESIAN_POINT('',(-9.687986470718,2.993557525121,-4.));
#5462 = CARTESIAN_POINT('',(-9.840909675382,3.125241085863,-4.));
#5463 = CARTESIAN_POINT('',(-9.990048189344,3.266562282483,-4.));
#5464 = CARTESIAN_POINT('',(-10.13536866719,3.416919829935,-4.));
#5465 = CARTESIAN_POINT('',(-10.27679015207,3.575872055634,-4.));
#5466 = CARTESIAN_POINT('',(-10.41421243641,3.743043337458,-4.));
#5467 = CARTESIAN_POINT('',(-10.50233743464,3.858813867796,-4.));
#5468 = CARTESIAN_POINT('',(-10.54572162535,3.917940198693,-4.));
#5469 = PCURVE('',#148,#5470);
#5470 = DEFINITIONAL_REPRESENTATION('',(#5471),#5485);
#5471 = B_SPLINE_CURVE_WITH_KNOTS('',3,(#5472,#5473,#5474,#5475,#5476,
    #5477,#5478,#5479,#5480,#5481,#5482,#5483,#5484),.UNSPECIFIED.,.F.,
  .F.,(4,1,1,1,1,1,1,1,1,1,4),(0.,0.186927563819,0.377660761138,
    0.572069250156,0.77014078192,0.971871396504,1.177259312061,
    1.386303573601,1.599003609573,1.815359050699,2.035369644546),
  .UNSPECIFIED.);
#5472 = CARTESIAN_POINT('',(-9.031953391258,2.593461026136));
#5473 = CARTESIAN_POINT('',(-9.090815436579,2.614624500488));
#5474 = CARTESIAN_POINT('',(-9.205913211874,2.665826379978));
#5475 = CARTESIAN_POINT('',(-9.370583648038,2.76267929418));
#5476 = CARTESIAN_POINT('',(-9.531286071934,2.872215073765));
#5477 = CARTESIAN_POINT('',(-9.687986470718,2.993557525121));
#5478 = CARTESIAN_POINT('',(-9.840909675382,3.125241085863));
#5479 = CARTESIAN_POINT('',(-9.990048189344,3.266562282483));
#5480 = CARTESIAN_POINT('',(-10.13536866719,3.416919829935));
#5481 = CARTESIAN_POINT('',(-10.27679015207,3.575872055634));
#5482 = CARTESIAN_POINT('',(-10.41421243641,3.743043337458));
#5483 = CARTESIAN_POINT('',(-10.50233743464,3.858813867796));
#5484 = CARTESIAN_POINT('',(-10.54572162535,3.917940198693));
#5485 = ( GEOMETRIC_REPRESENTATION_CONTEXT(2) 
PARAMETRIC_REPRESENTATION_CONTEXT() REPRESENTATION_CONTEXT('2D SPACE',''
  ) );
#5486 = PCURVE('',#2059,#5487);
#5487 = DEFINITIONAL_REPRESENTATION('',(#5488),#5492);
#5488 = LINE('',#5489,#5490);
#5489 = CARTESIAN_POINT('',(0.,0.));
#5490 = VECTOR('',#5491,1.);
#5491 = DIRECTION('',(1.,0.));
#5492 = ( GEOMETRIC_REPRESENTATION_CONTEXT(2) 
PARAMETRIC_REPRESENTATION_CONTEXT() REPRESENTATION_CONTEXT('2D SPACE',''
  ) );
#5493 = ORIENTED_EDGE('',*,*,#5494,.T.);
#5494 = EDGE_CURVE('',#5452,#5495,#5497,.T.);
#5495 = VERTEX_POINT('',#5496);
#5496 = CARTESIAN_POINT('',(-8.109790909607,2.328668643766,-4.));
#5497 = SURFACE_CURVE('',#5498,(#5502,#5509),.PCURVE_S1.);
#5498 = LINE('',#5499,#5500);
#5499 = CARTESIAN_POINT('',(-9.031953391258,2.593461026136,-4.));
#5500 = VECTOR('',#5501,1.);
#5501 = DIRECTION('',(0.961160404102,-0.27599035778,0.));
#5502 = PCURVE('',#148,#5503);
#5503 = DEFINITIONAL_REPRESENTATION('',(#5504),#5508);
#5504 = LINE('',#5505,#5506);
#5505 = CARTESIAN_POINT('',(-9.031953391258,2.593461026136));
#5506 = VECTOR('',#5507,1.);
#5507 = DIRECTION('',(0.961160404102,-0.27599035778));
#5508 = ( GEOMETRIC_REPRESENTATION_CONTEXT(2) 
PARAMETRIC_REPRESENTATION_CONTEXT() REPRESENTATION_CONTEXT('2D SPACE',''
  ) );
#5509 = PCURVE('',#2099,#5510);
#5510 = DEFINITIONAL_REPRESENTATION('',(#5511),#5515);
#5511 = LINE('',#5512,#5513);
#5512 = CARTESIAN_POINT('',(0.,0.));
#5513 = VECTOR('',#5514,1.);
#5514 = DIRECTION('',(1.,0.));
#5515 = ( GEOMETRIC_REPRESENTATION_CONTEXT(2) 
PARAMETRIC_REPRESENTATION_CONTEXT() REPRESENTATION_CONTEXT('2D SPACE',''
  ) );
#5516 = ORIENTED_EDGE('',*,*,#5517,.T.);
#5517 = EDGE_CURVE('',#5495,#5518,#5520,.T.);
#5518 = VERTEX_POINT('',#5519);
#5519 = CARTESIAN_POINT('',(-8.383612743769,0.952073323075,-4.));
#5520 = SURFACE_CURVE('',#5521,(#5526,#5533),.PCURVE_S1.);
#5521 = CIRCLE('',#5522,8.437500000001);
#5522 = AXIS2_PLACEMENT_3D('',#5523,#5524,#5525);
#5523 = CARTESIAN_POINT('',(1.318541712918E-12,-3.120673346183E-13,-4.)
  );
#5524 = DIRECTION('',(0.,0.,1.));
#5525 = DIRECTION('',(-0.961160404102,0.27599035778,0.));
#5526 = PCURVE('',#148,#5527);
#5527 = DEFINITIONAL_REPRESENTATION('',(#5528),#5532);
#5528 = CIRCLE('',#5529,8.437500000001);
#5529 = AXIS2_PLACEMENT_2D('',#5530,#5531);
#5530 = CARTESIAN_POINT('',(1.31886219759E-12,-3.098844544862E-13));
#5531 = DIRECTION('',(-0.961160404102,0.27599035778));
#5532 = ( GEOMETRIC_REPRESENTATION_CONTEXT(2) 
PARAMETRIC_REPRESENTATION_CONTEXT() REPRESENTATION_CONTEXT('2D SPACE',''
  ) );
#5533 = PCURVE('',#2132,#5534);
#5534 = DEFINITIONAL_REPRESENTATION('',(#5535),#5539);
#5535 = LINE('',#5536,#5537);
#5536 = CARTESIAN_POINT('',(-6.28318530718,0.));
#5537 = VECTOR('',#5538,1.);
#5538 = DIRECTION('',(-1.,0.));
#5539 = ( GEOMETRIC_REPRESENTATION_CONTEXT(2) 
PARAMETRIC_REPRESENTATION_CONTEXT() REPRESENTATION_CONTEXT('2D SPACE',''
  ) );
#5540 = ORIENTED_EDGE('',*,*,#5541,.F.);
#5541 = EDGE_CURVE('',#5542,#5518,#5544,.T.);
#5542 = VERTEX_POINT('',#5543);
#5543 = CARTESIAN_POINT('',(-9.336911443966,1.060333364315,-4.));
#5544 = SURFACE_CURVE('',#5545,(#5549,#5556),.PCURVE_S1.);
#5545 = LINE('',#5546,#5547);
#5546 = CARTESIAN_POINT('',(-9.336911443966,1.060333364315,-4.));
#5547 = VECTOR('',#5548,1.);
#5548 = DIRECTION('',(0.993613362224,-0.112838319772,0.));
#5549 = PCURVE('',#148,#5550);
#5550 = DEFINITIONAL_REPRESENTATION('',(#5551),#5555);
#5551 = LINE('',#5552,#5553);
#5552 = CARTESIAN_POINT('',(-9.336911443966,1.060333364315));
#5553 = VECTOR('',#5554,1.);
#5554 = DIRECTION('',(0.993613362224,-0.112838319772));
#5555 = ( GEOMETRIC_REPRESENTATION_CONTEXT(2) 
PARAMETRIC_REPRESENTATION_CONTEXT() REPRESENTATION_CONTEXT('2D SPACE',''
  ) );
#5556 = PCURVE('',#2160,#5557);
#5557 = DEFINITIONAL_REPRESENTATION('',(#5558),#5562);
#5558 = LINE('',#5559,#5560);
#5559 = CARTESIAN_POINT('',(0.,0.));
#5560 = VECTOR('',#5561,1.);
#5561 = DIRECTION('',(1.,0.));
#5562 = ( GEOMETRIC_REPRESENTATION_CONTEXT(2) 
PARAMETRIC_REPRESENTATION_CONTEXT() REPRESENTATION_CONTEXT('2D SPACE',''
  ) );
#5563 = ORIENTED_EDGE('',*,*,#5564,.T.);
#5564 = EDGE_CURVE('',#5542,#5565,#5567,.T.);
#5565 = VERTEX_POINT('',#5566);
#5566 = CARTESIAN_POINT('',(-11.24230716826,0.415968189182,-4.));
#5567 = SURFACE_CURVE('',#5568,(#5582,#5599),.PCURVE_S1.);
#5568 = B_SPLINE_CURVE_WITH_KNOTS('',3,(#5569,#5570,#5571,#5572,#5573,
    #5574,#5575,#5576,#5577,#5578,#5579,#5580,#5581),.UNSPECIFIED.,.F.,
  .F.,(4,1,1,1,1,1,1,1,1,1,4),(0.,0.186927563819,0.377660761138,
    0.572069250156,0.77014078192,0.971871396504,1.177259312061,
    1.386303573601,1.599003609573,1.815359050699,2.035369644546),
  .UNSPECIFIED.);
#5569 = CARTESIAN_POINT('',(-9.336911443966,1.060333364315,-4.));
#5570 = CARTESIAN_POINT('',(-9.399391793885,1.063306393064,-4.));
#5571 = CARTESIAN_POINT('',(-9.525322383705,1.060048036285,-4.));
#5572 = CARTESIAN_POINT('',(-9.714522034928,1.033584258909,-4.));
#5573 = CARTESIAN_POINT('',(-9.904909243289,0.993884549239,-4.));
#5574 = CARTESIAN_POINT('',(-10.09611728023,0.941745388467,-4.));
#5575 = CARTESIAN_POINT('',(-10.28779301608,0.878606818778,-4.));
#5576 = CARTESIAN_POINT('',(-10.47966031723,0.805115896132,-4.));
#5577 = CARTESIAN_POINT('',(-10.67145827471,0.72181537474,-4.));
#5578 = CARTESIAN_POINT('',(-10.86294307335,0.629082326011,-4.));
#5579 = CARTESIAN_POINT('',(-11.0538783891,0.527225431768,-4.));
#5580 = CARTESIAN_POINT('',(-11.17959873517,0.453991385117,-4.));
#5581 = CARTESIAN_POINT('',(-11.24230716826,0.415968189182,-4.));
#5582 = PCURVE('',#148,#5583);
#5583 = DEFINITIONAL_REPRESENTATION('',(#5584),#5598);
#5584 = B_SPLINE_CURVE_WITH_KNOTS('',3,(#5585,#5586,#5587,#5588,#5589,
    #5590,#5591,#5592,#5593,#5594,#5595,#5596,#5597),.UNSPECIFIED.,.F.,
  .F.,(4,1,1,1,1,1,1,1,1,1,4),(0.,0.186927563819,0.377660761138,
    0.572069250156,0.77014078192,0.971871396504,1.177259312061,
    1.386303573601,1.599003609573,1.815359050699,2.035369644546),
  .UNSPECIFIED.);
#5585 = CARTESIAN_POINT('',(-9.336911443966,1.060333364315));
#5586 = CARTESIAN_POINT('',(-9.399391793885,1.063306393064));
#5587 = CARTESIAN_POINT('',(-9.525322383705,1.060048036285));
#5588 = CARTESIAN_POINT('',(-9.714522034928,1.033584258909));
#5589 = CARTESIAN_POINT('',(-9.904909243289,0.993884549239));
#5590 = CARTESIAN_POINT('',(-10.09611728023,0.941745388467));
#5591 = CARTESIAN_POINT('',(-10.28779301608,0.878606818778));
#5592 = CARTESIAN_POINT('',(-10.47966031723,0.805115896132));
#5593 = CARTESIAN_POINT('',(-10.67145827471,0.72181537474));
#5594 = CARTESIAN_POINT('',(-10.86294307335,0.629082326011));
#5595 = CARTESIAN_POINT('',(-11.0538783891,0.527225431768));
#5596 = CARTESIAN_POINT('',(-11.17959873517,0.453991385117));
#5597 = CARTESIAN_POINT('',(-11.24230716826,0.415968189182));
#5598 = ( GEOMETRIC_REPRESENTATION_CONTEXT(2) 
PARAMETRIC_REPRESENTATION_CONTEXT() REPRESENTATION_CONTEXT('2D SPACE',''
  ) );
#5599 = PCURVE('',#2208,#5600);
#5600 = DEFINITIONAL_REPRESENTATION('',(#5601),#5605);
#5601 = LINE('',#5602,#5603);
#5602 = CARTESIAN_POINT('',(0.,0.));
#5603 = VECTOR('',#5604,1.);
#5604 = DIRECTION('',(1.,0.));
#5605 = ( GEOMETRIC_REPRESENTATION_CONTEXT(2) 
PARAMETRIC_REPRESENTATION_CONTEXT() REPRESENTATION_CONTEXT('2D SPACE',''
  ) );
#5606 = ORIENTED_EDGE('',*,*,#5607,.T.);
#5607 = EDGE_CURVE('',#5565,#5608,#5610,.T.);
#5608 = VERTEX_POINT('',#5609);
#5609 = CARTESIAN_POINT('',(-11.24230716826,-0.415968189182,-4.));
#5610 = SURFACE_CURVE('',#5611,(#5616,#5623),.PCURVE_S1.);
#5611 = CIRCLE('',#5612,11.250000000019);
#5612 = AXIS2_PLACEMENT_3D('',#5613,#5614,#5615);
#5613 = CARTESIAN_POINT('',(1.934186144581E-11,-3.304301277041E-13,-4.)
  );
#5614 = DIRECTION('',(0.,0.,1.));
#5615 = DIRECTION('',(-0.999316192735,3.697495014948E-02,0.));
#5616 = PCURVE('',#148,#5617);
#5617 = DEFINITIONAL_REPRESENTATION('',(#5618),#5622);
#5618 = CIRCLE('',#5619,11.250000000019);
#5619 = AXIS2_PLACEMENT_2D('',#5620,#5621);
#5620 = CARTESIAN_POINT('',(1.934218193048E-11,-3.28247247572E-13));
#5621 = DIRECTION('',(-0.999316192735,3.697495014948E-02));
#5622 = ( GEOMETRIC_REPRESENTATION_CONTEXT(2) 
PARAMETRIC_REPRESENTATION_CONTEXT() REPRESENTATION_CONTEXT('2D SPACE',''
  ) );
#5623 = PCURVE('',#2253,#5624);
#5624 = DEFINITIONAL_REPRESENTATION('',(#5625),#5629);
#5625 = LINE('',#5626,#5627);
#5626 = CARTESIAN_POINT('',(-6.28318530718,0.));
#5627 = VECTOR('',#5628,1.);
#5628 = DIRECTION('',(-1.,0.));
#5629 = ( GEOMETRIC_REPRESENTATION_CONTEXT(2) 
PARAMETRIC_REPRESENTATION_CONTEXT() REPRESENTATION_CONTEXT('2D SPACE',''
  ) );
#5630 = ORIENTED_EDGE('',*,*,#5631,.F.);
#5631 = EDGE_CURVE('',#5632,#5608,#5634,.T.);
#5632 = VERTEX_POINT('',#5633);
#5633 = CARTESIAN_POINT('',(-9.336911443966,-1.060333364315,-4.));
#5634 = SURFACE_CURVE('',#5635,(#5649,#5666),.PCURVE_S1.);
#5635 = B_SPLINE_CURVE_WITH_KNOTS('',3,(#5636,#5637,#5638,#5639,#5640,
    #5641,#5642,#5643,#5644,#5645,#5646,#5647,#5648),.UNSPECIFIED.,.F.,
  .F.,(4,1,1,1,1,1,1,1,1,1,4),(0.,0.186927563819,0.377660761138,
    0.572069250156,0.77014078192,0.971871396504,1.177259312061,
    1.386303573601,1.599003609573,1.815359050699,2.035369644546),
  .UNSPECIFIED.);
#5636 = CARTESIAN_POINT('',(-9.336911443966,-1.060333364315,-4.));
#5637 = CARTESIAN_POINT('',(-9.399391793885,-1.063306393064,-4.));
#5638 = CARTESIAN_POINT('',(-9.525322383705,-1.060048036285,-4.));
#5639 = CARTESIAN_POINT('',(-9.714522034928,-1.033584258909,-4.));
#5640 = CARTESIAN_POINT('',(-9.904909243289,-0.993884549239,-4.));
#5641 = CARTESIAN_POINT('',(-10.09611728023,-0.941745388467,-4.));
#5642 = CARTESIAN_POINT('',(-10.28779301608,-0.878606818778,-4.));
#5643 = CARTESIAN_POINT('',(-10.47966031723,-0.805115896132,-4.));
#5644 = CARTESIAN_POINT('',(-10.67145827471,-0.72181537474,-4.));
#5645 = CARTESIAN_POINT('',(-10.86294307335,-0.629082326011,-4.));
#5646 = CARTESIAN_POINT('',(-11.0538783891,-0.527225431768,-4.));
#5647 = CARTESIAN_POINT('',(-11.17959873517,-0.453991385117,-4.));
#5648 = CARTESIAN_POINT('',(-11.24230716826,-0.415968189182,-4.));
#5649 = PCURVE('',#148,#5650);
#5650 = DEFINITIONAL_REPRESENTATION('',(#5651),#5665);
#5651 = B_SPLINE_CURVE_WITH_KNOTS('',3,(#5652,#5653,#5654,#5655,#5656,
    #5657,#5658,#5659,#5660,#5661,#5662,#5663,#5664),.UNSPECIFIED.,.F.,
  .F.,(4,1,1,1,1,1,1,1,1,1,4),(0.,0.186927563819,0.377660761138,
    0.572069250156,0.77014078192,0.971871396504,1.177259312061,
    1.386303573601,1.599003609573,1.815359050699,2.035369644546),
  .UNSPECIFIED.);
#5652 = CARTESIAN_POINT('',(-9.336911443966,-1.060333364315));
#5653 = CARTESIAN_POINT('',(-9.399391793885,-1.063306393064));
#5654 = CARTESIAN_POINT('',(-9.525322383705,-1.060048036285));
#5655 = CARTESIAN_POINT('',(-9.714522034928,-1.033584258909));
#5656 = CARTESIAN_POINT('',(-9.904909243289,-0.993884549239));
#5657 = CARTESIAN_POINT('',(-10.09611728023,-0.941745388467));
#5658 = CARTESIAN_POINT('',(-10.28779301608,-0.878606818778));
#5659 = CARTESIAN_POINT('',(-10.47966031723,-0.805115896132));
#5660 = CARTESIAN_POINT('',(-10.67145827471,-0.72181537474));
#5661 = CARTESIAN_POINT('',(-10.86294307335,-0.629082326011));
#5662 = CARTESIAN_POINT('',(-11.0538783891,-0.527225431768));
#5663 = CARTESIAN_POINT('',(-11.17959873517,-0.453991385117));
#5664 = CARTESIAN_POINT('',(-11.24230716826,-0.415968189182));
#5665 = ( GEOMETRIC_REPRESENTATION_CONTEXT(2) 
PARAMETRIC_REPRESENTATION_CONTEXT() REPRESENTATION_CONTEXT('2D SPACE',''
  ) );
#5666 = PCURVE('',#2301,#5667);
#5667 = DEFINITIONAL_REPRESENTATION('',(#5668),#5672);
#5668 = LINE('',#5669,#5670);
#5669 = CARTESIAN_POINT('',(0.,0.));
#5670 = VECTOR('',#5671,1.);
#5671 = DIRECTION('',(1.,0.));
#5672 = ( GEOMETRIC_REPRESENTATION_CONTEXT(2) 
PARAMETRIC_REPRESENTATION_CONTEXT() REPRESENTATION_CONTEXT('2D SPACE',''
  ) );
#5673 = ORIENTED_EDGE('',*,*,#5674,.T.);
#5674 = EDGE_CURVE('',#5632,#5675,#5677,.T.);
#5675 = VERTEX_POINT('',#5676);
#5676 = CARTESIAN_POINT('',(-8.383612743769,-0.952073323075,-4.));
#5677 = SURFACE_CURVE('',#5678,(#5682,#5689),.PCURVE_S1.);
#5678 = LINE('',#5679,#5680);
#5679 = CARTESIAN_POINT('',(-9.336911443966,-1.060333364315,-4.));
#5680 = VECTOR('',#5681,1.);
#5681 = DIRECTION('',(0.993613362224,0.112838319772,0.));
#5682 = PCURVE('',#148,#5683);
#5683 = DEFINITIONAL_REPRESENTATION('',(#5684),#5688);
#5684 = LINE('',#5685,#5686);
#5685 = CARTESIAN_POINT('',(-9.336911443966,-1.060333364315));
#5686 = VECTOR('',#5687,1.);
#5687 = DIRECTION('',(0.993613362224,0.112838319772));
#5688 = ( GEOMETRIC_REPRESENTATION_CONTEXT(2) 
PARAMETRIC_REPRESENTATION_CONTEXT() REPRESENTATION_CONTEXT('2D SPACE',''
  ) );
#5689 = PCURVE('',#2341,#5690);
#5690 = DEFINITIONAL_REPRESENTATION('',(#5691),#5695);
#5691 = LINE('',#5692,#5693);
#5692 = CARTESIAN_POINT('',(0.,0.));
#5693 = VECTOR('',#5694,1.);
#5694 = DIRECTION('',(1.,0.));
#5695 = ( GEOMETRIC_REPRESENTATION_CONTEXT(2) 
PARAMETRIC_REPRESENTATION_CONTEXT() REPRESENTATION_CONTEXT('2D SPACE',''
  ) );
#5696 = ORIENTED_EDGE('',*,*,#5697,.T.);
#5697 = EDGE_CURVE('',#5675,#5698,#5700,.T.);
#5698 = VERTEX_POINT('',#5699);
#5699 = CARTESIAN_POINT('',(-8.109790909607,-2.328668643766,-4.));
#5700 = SURFACE_CURVE('',#5701,(#5706,#5713),.PCURVE_S1.);
#5701 = CIRCLE('',#5702,8.437500000001);
#5702 = AXIS2_PLACEMENT_3D('',#5703,#5704,#5705);
#5703 = CARTESIAN_POINT('',(1.337596700068E-12,2.16271445197E-13,-4.));
#5704 = DIRECTION('',(0.,0.,1.));
#5705 = DIRECTION('',(-0.993613362224,-0.112838319772,0.));
#5706 = PCURVE('',#148,#5707);
#5707 = DEFINITIONAL_REPRESENTATION('',(#5708),#5712);
#5708 = CIRCLE('',#5709,8.437500000001);
#5709 = AXIS2_PLACEMENT_2D('',#5710,#5711);
#5710 = CARTESIAN_POINT('',(1.33791718474E-12,2.18454325329E-13));
#5711 = DIRECTION('',(-0.993613362224,-0.112838319772));
#5712 = ( GEOMETRIC_REPRESENTATION_CONTEXT(2) 
PARAMETRIC_REPRESENTATION_CONTEXT() REPRESENTATION_CONTEXT('2D SPACE',''
  ) );
#5713 = PCURVE('',#2374,#5714);
#5714 = DEFINITIONAL_REPRESENTATION('',(#5715),#5719);
#5715 = LINE('',#5716,#5717);
#5716 = CARTESIAN_POINT('',(-6.28318530718,0.));
#5717 = VECTOR('',#5718,1.);
#5718 = DIRECTION('',(-1.,0.));
#5719 = ( GEOMETRIC_REPRESENTATION_CONTEXT(2) 
PARAMETRIC_REPRESENTATION_CONTEXT() REPRESENTATION_CONTEXT('2D SPACE',''
  ) );
#5720 = ORIENTED_EDGE('',*,*,#5721,.F.);
#5721 = EDGE_CURVE('',#5722,#5698,#5724,.T.);
#5722 = VERTEX_POINT('',#5723);
#5723 = CARTESIAN_POINT('',(-9.031953391258,-2.593461026136,-4.));
#5724 = SURFACE_CURVE('',#5725,(#5729,#5736),.PCURVE_S1.);
#5725 = LINE('',#5726,#5727);
#5726 = CARTESIAN_POINT('',(-9.031953391258,-2.593461026136,-4.));
#5727 = VECTOR('',#5728,1.);
#5728 = DIRECTION('',(0.961160404102,0.27599035778,0.));
#5729 = PCURVE('',#148,#5730);
#5730 = DEFINITIONAL_REPRESENTATION('',(#5731),#5735);
#5731 = LINE('',#5732,#5733);
#5732 = CARTESIAN_POINT('',(-9.031953391258,-2.593461026136));
#5733 = VECTOR('',#5734,1.);
#5734 = DIRECTION('',(0.961160404102,0.27599035778));
#5735 = ( GEOMETRIC_REPRESENTATION_CONTEXT(2) 
PARAMETRIC_REPRESENTATION_CONTEXT() REPRESENTATION_CONTEXT('2D SPACE',''
  ) );
#5736 = PCURVE('',#2402,#5737);
#5737 = DEFINITIONAL_REPRESENTATION('',(#5738),#5742);
#5738 = LINE('',#5739,#5740);
#5739 = CARTESIAN_POINT('',(0.,0.));
#5740 = VECTOR('',#5741,1.);
#5741 = DIRECTION('',(1.,0.));
#5742 = ( GEOMETRIC_REPRESENTATION_CONTEXT(2) 
PARAMETRIC_REPRESENTATION_CONTEXT() REPRESENTATION_CONTEXT('2D SPACE',''
  ) );
#5743 = ORIENTED_EDGE('',*,*,#5744,.T.);
#5744 = EDGE_CURVE('',#5722,#5745,#5747,.T.);
#5745 = VERTEX_POINT('',#5746);
#5746 = CARTESIAN_POINT('',(-10.54572162535,-3.917940198693,-4.));
#5747 = SURFACE_CURVE('',#5748,(#5762,#5779),.PCURVE_S1.);
#5748 = B_SPLINE_CURVE_WITH_KNOTS('',3,(#5749,#5750,#5751,#5752,#5753,
    #5754,#5755,#5756,#5757,#5758,#5759,#5760,#5761),.UNSPECIFIED.,.F.,
  .F.,(4,1,1,1,1,1,1,1,1,1,4),(0.,0.186927563819,0.377660761138,
    0.572069250156,0.77014078192,0.971871396504,1.177259312061,
    1.386303573601,1.599003609573,1.815359050699,2.035369644546),
  .UNSPECIFIED.);
#5749 = CARTESIAN_POINT('',(-9.031953391258,-2.593461026136,-4.));
#5750 = CARTESIAN_POINT('',(-9.090815436579,-2.614624500488,-4.));
#5751 = CARTESIAN_POINT('',(-9.205913211874,-2.665826379978,-4.));
#5752 = CARTESIAN_POINT('',(-9.370583648038,-2.76267929418,-4.));
#5753 = CARTESIAN_POINT('',(-9.531286071934,-2.872215073765,-4.));
#5754 = CARTESIAN_POINT('',(-9.687986470718,-2.993557525121,-4.));
#5755 = CARTESIAN_POINT('',(-9.840909675382,-3.125241085863,-4.));
#5756 = CARTESIAN_POINT('',(-9.990048189344,-3.266562282483,-4.));
#5757 = CARTESIAN_POINT('',(-10.13536866719,-3.416919829935,-4.));
#5758 = CARTESIAN_POINT('',(-10.27679015207,-3.575872055634,-4.));
#5759 = CARTESIAN_POINT('',(-10.41421243641,-3.743043337458,-4.));
#5760 = CARTESIAN_POINT('',(-10.50233743464,-3.858813867796,-4.));
#5761 = CARTESIAN_POINT('',(-10.54572162535,-3.917940198693,-4.));
#5762 = PCURVE('',#148,#5763);
#5763 = DEFINITIONAL_REPRESENTATION('',(#5764),#5778);
#5764 = B_SPLINE_CURVE_WITH_KNOTS('',3,(#5765,#5766,#5767,#5768,#5769,
    #5770,#5771,#5772,#5773,#5774,#5775,#5776,#5777),.UNSPECIFIED.,.F.,
  .F.,(4,1,1,1,1,1,1,1,1,1,4),(0.,0.186927563819,0.377660761138,
    0.572069250156,0.77014078192,0.971871396504,1.177259312061,
    1.386303573601,1.599003609573,1.815359050699,2.035369644546),
  .UNSPECIFIED.);
#5765 = CARTESIAN_POINT('',(-9.031953391258,-2.593461026136));
#5766 = CARTESIAN_POINT('',(-9.090815436579,-2.614624500488));
#5767 = CARTESIAN_POINT('',(-9.205913211874,-2.665826379978));
#5768 = CARTESIAN_POINT('',(-9.370583648038,-2.76267929418));
#5769 = CARTESIAN_POINT('',(-9.531286071934,-2.872215073765));
#5770 = CARTESIAN_POINT('',(-9.687986470718,-2.993557525121));
#5771 = CARTESIAN_POINT('',(-9.840909675382,-3.125241085863));
#5772 = CARTESIAN_POINT('',(-9.990048189344,-3.266562282483));
#5773 = CARTESIAN_POINT('',(-10.13536866719,-3.416919829935));
#5774 = CARTESIAN_POINT('',(-10.27679015207,-3.575872055634));
#5775 = CARTESIAN_POINT('',(-10.41421243641,-3.743043337458));
#5776 = CARTESIAN_POINT('',(-10.50233743464,-3.858813867796));
#5777 = CARTESIAN_POINT('',(-10.54572162535,-3.917940198693));
#5778 = ( GEOMETRIC_REPRESENTATION_CONTEXT(2) 
PARAMETRIC_REPRESENTATION_CONTEXT() REPRESENTATION_CONTEXT('2D SPACE',''
  ) );
#5779 = PCURVE('',#2450,#5780);
#5780 = DEFINITIONAL_REPRESENTATION('',(#5781),#5785);
#5781 = LINE('',#5782,#5783);
#5782 = CARTESIAN_POINT('',(0.,0.));
#5783 = VECTOR('',#5784,1.);
#5784 = DIRECTION('',(1.,0.));
#5785 = ( GEOMETRIC_REPRESENTATION_CONTEXT(2) 
PARAMETRIC_REPRESENTATION_CONTEXT() REPRESENTATION_CONTEXT('2D SPACE',''
  ) );
#5786 = ORIENTED_EDGE('',*,*,#5787,.T.);
#5787 = EDGE_CURVE('',#5745,#5788,#5790,.T.);
#5788 = VERTEX_POINT('',#5789);
#5789 = CARTESIAN_POINT('',(-10.22735335657,-4.686549191015,-4.));
#5790 = SURFACE_CURVE('',#5791,(#5796,#5803),.PCURVE_S1.);
#5791 = CIRCLE('',#5792,11.250000000019);
#5792 = AXIS2_PLACEMENT_3D('',#5793,#5794,#5795);
#5793 = CARTESIAN_POINT('',(1.799600004588E-11,7.096532294502E-12,-4.));
#5794 = DIRECTION('',(0.,0.,1.));
#5795 = DIRECTION('',(-0.937397477809,-0.348261350995,0.));
#5796 = PCURVE('',#148,#5797);
#5797 = DEFINITIONAL_REPRESENTATION('',(#5798),#5802);
#5798 = CIRCLE('',#5799,11.250000000019);
#5799 = AXIS2_PLACEMENT_2D('',#5800,#5801);
#5800 = CARTESIAN_POINT('',(1.799632053055E-11,7.098715174634E-12));
#5801 = DIRECTION('',(-0.937397477809,-0.348261350995));
#5802 = ( GEOMETRIC_REPRESENTATION_CONTEXT(2) 
PARAMETRIC_REPRESENTATION_CONTEXT() REPRESENTATION_CONTEXT('2D SPACE',''
  ) );
#5803 = PCURVE('',#2495,#5804);
#5804 = DEFINITIONAL_REPRESENTATION('',(#5805),#5809);
#5805 = LINE('',#5806,#5807);
#5806 = CARTESIAN_POINT('',(-6.28318530718,0.));
#5807 = VECTOR('',#5808,1.);
#5808 = DIRECTION('',(-1.,0.));
#5809 = ( GEOMETRIC_REPRESENTATION_CONTEXT(2) 
PARAMETRIC_REPRESENTATION_CONTEXT() REPRESENTATION_CONTEXT('2D SPACE',''
  ) );
#5810 = ORIENTED_EDGE('',*,*,#5811,.F.);
#5811 = EDGE_CURVE('',#5812,#5788,#5814,.T.);
#5812 = VERTEX_POINT('',#5813);
#5813 = CARTESIAN_POINT('',(-8.220409368643,-4.552701611996,-4.));
#5814 = SURFACE_CURVE('',#5815,(#5829,#5846),.PCURVE_S1.);
#5815 = B_SPLINE_CURVE_WITH_KNOTS('',3,(#5816,#5817,#5818,#5819,#5820,
    #5821,#5822,#5823,#5824,#5825,#5826,#5827,#5828),.UNSPECIFIED.,.F.,
  .F.,(4,1,1,1,1,1,1,1,1,1,4),(0.,0.186927563819,0.377660761138,
    0.572069250156,0.77014078192,0.971871396504,1.177259312061,
    1.386303573601,1.599003609573,1.815359050699,2.035369644546),
  .UNSPECIFIED.);
#5816 = CARTESIAN_POINT('',(-8.220409368643,-4.552701611996,-4.));
#5817 = CARTESIAN_POINT('',(-8.276995956271,-4.579358527169,-4.));
#5818 = CARTESIAN_POINT('',(-8.39458756988,-4.624539748382,-4.));
#5819 = CARTESIAN_POINT('',(-8.579512504362,-4.672493978045,-4.));
#5820 = CARTESIAN_POINT('',(-8.770599770579,-4.708674259208,-4.));
#5821 = CARTESIAN_POINT('',(-8.967205755373,-4.733676103603,-4.));
#5822 = CARTESIAN_POINT('',(-9.168453129163,-4.74869479985,-4.));
#5823 = CARTESIAN_POINT('',(-9.373839160178,-4.754222477954,-4.));
#5824 = CARTESIAN_POINT('',(-9.582915096918,-4.750660731883,-4.));
#5825 = CARTESIAN_POINT('',(-9.795311384554,-4.738264626166,-4.));
#5826 = CARTESIAN_POINT('',(-10.01069156069,-4.717228908317,-4.));
#5827 = CARTESIAN_POINT('',(-10.15486747159,-4.697680565088,-4.));
#5828 = CARTESIAN_POINT('',(-10.22735335657,-4.686549191015,-4.));
#5829 = PCURVE('',#148,#5830);
#5830 = DEFINITIONAL_REPRESENTATION('',(#5831),#5845);
#5831 = B_SPLINE_CURVE_WITH_KNOTS('',3,(#5832,#5833,#5834,#5835,#5836,
    #5837,#5838,#5839,#5840,#5841,#5842,#5843,#5844),.UNSPECIFIED.,.F.,
  .F.,(4,1,1,1,1,1,1,1,1,1,4),(0.,0.186927563819,0.377660761138,
    0.572069250156,0.77014078192,0.971871396504,1.177259312061,
    1.386303573601,1.599003609573,1.815359050699,2.035369644546),
  .UNSPECIFIED.);
#5832 = CARTESIAN_POINT('',(-8.220409368643,-4.552701611996));
#5833 = CARTESIAN_POINT('',(-8.276995956271,-4.579358527169));
#5834 = CARTESIAN_POINT('',(-8.39458756988,-4.624539748382));
#5835 = CARTESIAN_POINT('',(-8.579512504362,-4.672493978045));
#5836 = CARTESIAN_POINT('',(-8.770599770579,-4.708674259208));
#5837 = CARTESIAN_POINT('',(-8.967205755373,-4.733676103603));
#5838 = CARTESIAN_POINT('',(-9.168453129163,-4.74869479985));
#5839 = CARTESIAN_POINT('',(-9.373839160178,-4.754222477954));
#5840 = CARTESIAN_POINT('',(-9.582915096918,-4.750660731883));
#5841 = CARTESIAN_POINT('',(-9.795311384554,-4.738264626166));
#5842 = CARTESIAN_POINT('',(-10.01069156069,-4.717228908317));
#5843 = CARTESIAN_POINT('',(-10.15486747159,-4.697680565088));
#5844 = CARTESIAN_POINT('',(-10.22735335657,-4.686549191015));
#5845 = ( GEOMETRIC_REPRESENTATION_CONTEXT(2) 
PARAMETRIC_REPRESENTATION_CONTEXT() REPRESENTATION_CONTEXT('2D SPACE',''
  ) );
#5846 = PCURVE('',#2543,#5847);
#5847 = DEFINITIONAL_REPRESENTATION('',(#5848),#5852);
#5848 = LINE('',#5849,#5850);
#5849 = CARTESIAN_POINT('',(0.,0.));
#5850 = VECTOR('',#5851,1.);
#5851 = DIRECTION('',(1.,0.));
#5852 = ( GEOMETRIC_REPRESENTATION_CONTEXT(2) 
PARAMETRIC_REPRESENTATION_CONTEXT() REPRESENTATION_CONTEXT('2D SPACE',''
  ) );
#5853 = ORIENTED_EDGE('',*,*,#5854,.T.);
#5854 = EDGE_CURVE('',#5812,#5855,#5857,.T.);
#5855 = VERTEX_POINT('',#5856);
#5856 = CARTESIAN_POINT('',(-7.381105535331,-4.087870757045,-4.));
#5857 = SURFACE_CURVE('',#5858,(#5862,#5869),.PCURVE_S1.);
#5858 = LINE('',#5859,#5860);
#5859 = CARTESIAN_POINT('',(-8.220409368643,-4.552701611996,-4.));
#5860 = VECTOR('',#5861,1.);
#5861 = DIRECTION('',(0.874797693076,0.48448838602,0.));
#5862 = PCURVE('',#148,#5863);
#5863 = DEFINITIONAL_REPRESENTATION('',(#5864),#5868);
#5864 = LINE('',#5865,#5866);
#5865 = CARTESIAN_POINT('',(-8.220409368643,-4.552701611996));
#5866 = VECTOR('',#5867,1.);
#5867 = DIRECTION('',(0.874797693076,0.48448838602));
#5868 = ( GEOMETRIC_REPRESENTATION_CONTEXT(2) 
PARAMETRIC_REPRESENTATION_CONTEXT() REPRESENTATION_CONTEXT('2D SPACE',''
  ) );
#5869 = PCURVE('',#2583,#5870);
#5870 = DEFINITIONAL_REPRESENTATION('',(#5871),#5875);
#5871 = LINE('',#5872,#5873);
#5872 = CARTESIAN_POINT('',(0.,0.));
#5873 = VECTOR('',#5874,1.);
#5874 = DIRECTION('',(1.,0.));
#5875 = ( GEOMETRIC_REPRESENTATION_CONTEXT(2) 
PARAMETRIC_REPRESENTATION_CONTEXT() REPRESENTATION_CONTEXT('2D SPACE',''
  ) );
#5876 = ORIENTED_EDGE('',*,*,#5877,.T.);
#5877 = EDGE_CURVE('',#5855,#5878,#5880,.T.);
#5878 = VERTEX_POINT('',#5879);
#5879 = CARTESIAN_POINT('',(-6.601326924895,-5.254891919028,-4.));
#5880 = SURFACE_CURVE('',#5881,(#5886,#5893),.PCURVE_S1.);
#5881 = CIRCLE('',#5882,8.437500000001);
#5882 = AXIS2_PLACEMENT_3D('',#5883,#5884,#5885);
#5883 = CARTESIAN_POINT('',(1.153014714977E-12,7.116848579865E-13,-4.));
#5884 = DIRECTION('',(0.,0.,1.));
#5885 = DIRECTION('',(-0.874797693076,-0.48448838602,0.));
#5886 = PCURVE('',#148,#5887);
#5887 = DEFINITIONAL_REPRESENTATION('',(#5888),#5892);
#5888 = CIRCLE('',#5889,8.437500000001);
#5889 = AXIS2_PLACEMENT_2D('',#5890,#5891);
#5890 = CARTESIAN_POINT('',(1.153335199648E-12,7.138677381186E-13));
#5891 = DIRECTION('',(-0.874797693076,-0.48448838602));
#5892 = ( GEOMETRIC_REPRESENTATION_CONTEXT(2) 
PARAMETRIC_REPRESENTATION_CONTEXT() REPRESENTATION_CONTEXT('2D SPACE',''
  ) );
#5893 = PCURVE('',#2616,#5894);
#5894 = DEFINITIONAL_REPRESENTATION('',(#5895),#5899);
#5895 = LINE('',#5896,#5897);
#5896 = CARTESIAN_POINT('',(-6.28318530718,0.));
#5897 = VECTOR('',#5898,1.);
#5898 = DIRECTION('',(-1.,0.));
#5899 = ( GEOMETRIC_REPRESENTATION_CONTEXT(2) 
PARAMETRIC_REPRESENTATION_CONTEXT() REPRESENTATION_CONTEXT('2D SPACE',''
  ) );
#5900 = ORIENTED_EDGE('',*,*,#5901,.F.);
#5901 = EDGE_CURVE('',#5902,#5878,#5904,.T.);
#5902 = VERTEX_POINT('',#5903);
#5903 = CARTESIAN_POINT('',(-7.351962309593,-5.852424485141,-4.));
#5904 = SURFACE_CURVE('',#5905,(#5909,#5916),.PCURVE_S1.);
#5905 = LINE('',#5906,#5907);
#5906 = CARTESIAN_POINT('',(-7.351962309593,-5.852424485141,-4.));
#5907 = VECTOR('',#5908,1.);
#5908 = DIRECTION('',(0.782379487395,0.622802005218,0.));
#5909 = PCURVE('',#148,#5910);
#5910 = DEFINITIONAL_REPRESENTATION('',(#5911),#5915);
#5911 = LINE('',#5912,#5913);
#5912 = CARTESIAN_POINT('',(-7.351962309593,-5.852424485141));
#5913 = VECTOR('',#5914,1.);
#5914 = DIRECTION('',(0.782379487395,0.622802005218));
#5915 = ( GEOMETRIC_REPRESENTATION_CONTEXT(2) 
PARAMETRIC_REPRESENTATION_CONTEXT() REPRESENTATION_CONTEXT('2D SPACE',''
  ) );
#5916 = PCURVE('',#2644,#5917);
#5917 = DEFINITIONAL_REPRESENTATION('',(#5918),#5922);
#5918 = LINE('',#5919,#5920);
#5919 = CARTESIAN_POINT('',(0.,0.));
#5920 = VECTOR('',#5921,1.);
#5921 = DIRECTION('',(1.,0.));
#5922 = ( GEOMETRIC_REPRESENTATION_CONTEXT(2) 
PARAMETRIC_REPRESENTATION_CONTEXT() REPRESENTATION_CONTEXT('2D SPACE',''
  ) );
#5923 = ORIENTED_EDGE('',*,*,#5924,.T.);
#5924 = EDGE_CURVE('',#5902,#5925,#5927,.T.);
#5925 = VERTEX_POINT('',#5926);
#5926 = CARTESIAN_POINT('',(-8.24364556219,-7.655377707533,-4.));
#5927 = SURFACE_CURVE('',#5928,(#5942,#5959),.PCURVE_S1.);
#5928 = B_SPLINE_CURVE_WITH_KNOTS('',3,(#5929,#5930,#5931,#5932,#5933,
    #5934,#5935,#5936,#5937,#5938,#5939,#5940,#5941),.UNSPECIFIED.,.F.,
  .F.,(4,1,1,1,1,1,1,1,1,1,4),(0.,0.186927563819,0.377660761138,
    0.572069250156,0.77014078192,0.971871396504,1.177259312061,
    1.386303573601,1.599003609573,1.815359050699,2.035369644546),
  .UNSPECIFIED.);
#5929 = CARTESIAN_POINT('',(-7.351962309593,-5.852424485141,-4.));
#5930 = CARTESIAN_POINT('',(-7.3982448375,-5.894502515471,-4.));
#5931 = CARTESIAN_POINT('',(-7.484987205346,-5.985852895666,-4.));
#5932 = CARTESIAN_POINT('',(-7.600058845286,-6.138349968481,-4.));
#5933 = CARTESIAN_POINT('',(-7.706610997451,-6.301045988483,-4.));
#5934 = CARTESIAN_POINT('',(-7.804947542847,-6.473118442175,-4.));
#5935 = CARTESIAN_POINT('',(-7.895837044671,-6.653299365562,-4.));
#5936 = CARTESIAN_POINT('',(-7.979541784642,-6.84093596505,-4.));
#5937 = CARTESIAN_POINT('',(-8.056261057444,-7.035459964957,-4.));
#5938 = CARTESIAN_POINT('',(-8.126089089463,-7.236432332169,-4.));
#5939 = CARTESIAN_POINT('',(-8.189077045361,-7.443467689327,-4.));
#5940 = CARTESIAN_POINT('',(-8.226190463605,-7.584149689572,-4.));
#5941 = CARTESIAN_POINT('',(-8.24364556219,-7.655377707533,-4.));
#5942 = PCURVE('',#148,#5943);
#5943 = DEFINITIONAL_REPRESENTATION('',(#5944),#5958);
#5944 = B_SPLINE_CURVE_WITH_KNOTS('',3,(#5945,#5946,#5947,#5948,#5949,
    #5950,#5951,#5952,#5953,#5954,#5955,#5956,#5957),.UNSPECIFIED.,.F.,
  .F.,(4,1,1,1,1,1,1,1,1,1,4),(0.,0.186927563819,0.377660761138,
    0.572069250156,0.77014078192,0.971871396504,1.177259312061,
    1.386303573601,1.599003609573,1.815359050699,2.035369644546),
  .UNSPECIFIED.);
#5945 = CARTESIAN_POINT('',(-7.351962309593,-5.852424485141));
#5946 = CARTESIAN_POINT('',(-7.3982448375,-5.894502515471));
#5947 = CARTESIAN_POINT('',(-7.484987205346,-5.985852895666));
#5948 = CARTESIAN_POINT('',(-7.600058845286,-6.138349968481));
#5949 = CARTESIAN_POINT('',(-7.706610997451,-6.301045988483));
#5950 = CARTESIAN_POINT('',(-7.804947542847,-6.473118442175));
#5951 = CARTESIAN_POINT('',(-7.895837044671,-6.653299365562));
#5952 = CARTESIAN_POINT('',(-7.979541784642,-6.84093596505));
#5953 = CARTESIAN_POINT('',(-8.056261057444,-7.035459964957));
#5954 = CARTESIAN_POINT('',(-8.126089089463,-7.236432332169));
#5955 = CARTESIAN_POINT('',(-8.189077045361,-7.443467689327));
#5956 = CARTESIAN_POINT('',(-8.226190463605,-7.584149689572));
#5957 = CARTESIAN_POINT('',(-8.24364556219,-7.655377707533));
#5958 = ( GEOMETRIC_REPRESENTATION_CONTEXT(2) 
PARAMETRIC_REPRESENTATION_CONTEXT() REPRESENTATION_CONTEXT('2D SPACE',''
  ) );
#5959 = PCURVE('',#2692,#5960);
#5960 = DEFINITIONAL_REPRESENTATION('',(#5961),#5965);
#5961 = LINE('',#5962,#5963);
#5962 = CARTESIAN_POINT('',(0.,0.));
#5963 = VECTOR('',#5964,1.);
#5964 = DIRECTION('',(1.,0.));
#5965 = ( GEOMETRIC_REPRESENTATION_CONTEXT(2) 
PARAMETRIC_REPRESENTATION_CONTEXT() REPRESENTATION_CONTEXT('2D SPACE',''
  ) );
#5966 = ORIENTED_EDGE('',*,*,#5967,.T.);
#5967 = EDGE_CURVE('',#5925,#5968,#5970,.T.);
#5968 = VERTEX_POINT('',#5969);
#5969 = CARTESIAN_POINT('',(-7.655377707533,-8.24364556219,-4.));
#5970 = SURFACE_CURVE('',#5971,(#5976,#5983),.PCURVE_S1.);
#5971 = CIRCLE('',#5972,11.250000000019);
#5972 = AXIS2_PLACEMENT_3D('',#5973,#5974,#5975);
#5973 = CARTESIAN_POINT('',(1.391041077311E-11,1.344311200509E-11,-4.));
#5974 = DIRECTION('',(0.,0.,1.));
#5975 = DIRECTION('',(-0.732768494417,-0.680478018447,0.));
#5976 = PCURVE('',#148,#5977);
#5977 = DEFINITIONAL_REPRESENTATION('',(#5978),#5982);
#5978 = CIRCLE('',#5979,11.250000000019);
#5979 = AXIS2_PLACEMENT_2D('',#5980,#5981);
#5980 = CARTESIAN_POINT('',(1.391073125778E-11,1.344529488523E-11));
#5981 = DIRECTION('',(-0.732768494417,-0.680478018447));
#5982 = ( GEOMETRIC_REPRESENTATION_CONTEXT(2) 
PARAMETRIC_REPRESENTATION_CONTEXT() REPRESENTATION_CONTEXT('2D SPACE',''
  ) );
#5983 = PCURVE('',#2737,#5984);
#5984 = DEFINITIONAL_REPRESENTATION('',(#5985),#5989);
#5985 = LINE('',#5986,#5987);
#5986 = CARTESIAN_POINT('',(-6.28318530718,0.));
#5987 = VECTOR('',#5988,1.);
#5988 = DIRECTION('',(-1.,0.));
#5989 = ( GEOMETRIC_REPRESENTATION_CONTEXT(2) 
PARAMETRIC_REPRESENTATION_CONTEXT() REPRESENTATION_CONTEXT('2D SPACE',''
  ) );
#5990 = ORIENTED_EDGE('',*,*,#5991,.F.);
#5991 = EDGE_CURVE('',#5992,#5968,#5994,.T.);
#5992 = VERTEX_POINT('',#5993);
#5993 = CARTESIAN_POINT('',(-5.852424485141,-7.351962309593,-4.));
#5994 = SURFACE_CURVE('',#5995,(#6009,#6026),.PCURVE_S1.);
#5995 = B_SPLINE_CURVE_WITH_KNOTS('',3,(#5996,#5997,#5998,#5999,#6000,
    #6001,#6002,#6003,#6004,#6005,#6006,#6007,#6008),.UNSPECIFIED.,.F.,
  .F.,(4,1,1,1,1,1,1,1,1,1,4),(0.,0.186927563819,0.377660761138,
    0.572069250156,0.77014078192,0.971871396504,1.177259312061,
    1.386303573601,1.599003609573,1.815359050699,2.035369644546),
  .UNSPECIFIED.);
#5996 = CARTESIAN_POINT('',(-5.852424485141,-7.351962309593,-4.));
#5997 = CARTESIAN_POINT('',(-5.894502515471,-7.3982448375,-4.));
#5998 = CARTESIAN_POINT('',(-5.985852895666,-7.484987205346,-4.));
#5999 = CARTESIAN_POINT('',(-6.138349968481,-7.600058845286,-4.));
#6000 = CARTESIAN_POINT('',(-6.301045988483,-7.706610997451,-4.));
#6001 = CARTESIAN_POINT('',(-6.473118442175,-7.804947542847,-4.));
#6002 = CARTESIAN_POINT('',(-6.653299365562,-7.895837044671,-4.));
#6003 = CARTESIAN_POINT('',(-6.84093596505,-7.979541784642,-4.));
#6004 = CARTESIAN_POINT('',(-7.035459964957,-8.056261057444,-4.));
#6005 = CARTESIAN_POINT('',(-7.236432332169,-8.126089089463,-4.));
#6006 = CARTESIAN_POINT('',(-7.443467689327,-8.189077045361,-4.));
#6007 = CARTESIAN_POINT('',(-7.584149689572,-8.226190463605,-4.));
#6008 = CARTESIAN_POINT('',(-7.655377707533,-8.24364556219,-4.));
#6009 = PCURVE('',#148,#6010);
#6010 = DEFINITIONAL_REPRESENTATION('',(#6011),#6025);
#6011 = B_SPLINE_CURVE_WITH_KNOTS('',3,(#6012,#6013,#6014,#6015,#6016,
    #6017,#6018,#6019,#6020,#6021,#6022,#6023,#6024),.UNSPECIFIED.,.F.,
  .F.,(4,1,1,1,1,1,1,1,1,1,4),(0.,0.186927563819,0.377660761138,
    0.572069250156,0.77014078192,0.971871396504,1.177259312061,
    1.386303573601,1.599003609573,1.815359050699,2.035369644546),
  .UNSPECIFIED.);
#6012 = CARTESIAN_POINT('',(-5.852424485141,-7.351962309593));
#6013 = CARTESIAN_POINT('',(-5.894502515471,-7.3982448375));
#6014 = CARTESIAN_POINT('',(-5.985852895666,-7.484987205346));
#6015 = CARTESIAN_POINT('',(-6.138349968481,-7.600058845286));
#6016 = CARTESIAN_POINT('',(-6.301045988483,-7.706610997451));
#6017 = CARTESIAN_POINT('',(-6.473118442175,-7.804947542847));
#6018 = CARTESIAN_POINT('',(-6.653299365562,-7.895837044671));
#6019 = CARTESIAN_POINT('',(-6.84093596505,-7.979541784642));
#6020 = CARTESIAN_POINT('',(-7.035459964957,-8.056261057444));
#6021 = CARTESIAN_POINT('',(-7.236432332169,-8.126089089463));
#6022 = CARTESIAN_POINT('',(-7.443467689327,-8.189077045361));
#6023 = CARTESIAN_POINT('',(-7.584149689572,-8.226190463605));
#6024 = CARTESIAN_POINT('',(-7.655377707533,-8.24364556219));
#6025 = ( GEOMETRIC_REPRESENTATION_CONTEXT(2) 
PARAMETRIC_REPRESENTATION_CONTEXT() REPRESENTATION_CONTEXT('2D SPACE',''
  ) );
#6026 = PCURVE('',#2785,#6027);
#6027 = DEFINITIONAL_REPRESENTATION('',(#6028),#6032);
#6028 = LINE('',#6029,#6030);
#6029 = CARTESIAN_POINT('',(0.,0.));
#6030 = VECTOR('',#6031,1.);
#6031 = DIRECTION('',(1.,0.));
#6032 = ( GEOMETRIC_REPRESENTATION_CONTEXT(2) 
PARAMETRIC_REPRESENTATION_CONTEXT() REPRESENTATION_CONTEXT('2D SPACE',''
  ) );
#6033 = ORIENTED_EDGE('',*,*,#6034,.T.);
#6034 = EDGE_CURVE('',#5992,#6035,#6037,.T.);
#6035 = VERTEX_POINT('',#6036);
#6036 = CARTESIAN_POINT('',(-5.254891919028,-6.601326924895,-4.));
#6037 = SURFACE_CURVE('',#6038,(#6042,#6049),.PCURVE_S1.);
#6038 = LINE('',#6039,#6040);
#6039 = CARTESIAN_POINT('',(-5.852424485141,-7.351962309593,-4.));
#6040 = VECTOR('',#6041,1.);
#6041 = DIRECTION('',(0.622802005218,0.782379487395,0.));
#6042 = PCURVE('',#148,#6043);
#6043 = DEFINITIONAL_REPRESENTATION('',(#6044),#6048);
#6044 = LINE('',#6045,#6046);
#6045 = CARTESIAN_POINT('',(-5.852424485141,-7.351962309593));
#6046 = VECTOR('',#6047,1.);
#6047 = DIRECTION('',(0.622802005218,0.782379487395));
#6048 = ( GEOMETRIC_REPRESENTATION_CONTEXT(2) 
PARAMETRIC_REPRESENTATION_CONTEXT() REPRESENTATION_CONTEXT('2D SPACE',''
  ) );
#6049 = PCURVE('',#2825,#6050);
#6050 = DEFINITIONAL_REPRESENTATION('',(#6051),#6055);
#6051 = LINE('',#6052,#6053);
#6052 = CARTESIAN_POINT('',(0.,0.));
#6053 = VECTOR('',#6054,1.);
#6054 = DIRECTION('',(1.,0.));
#6055 = ( GEOMETRIC_REPRESENTATION_CONTEXT(2) 
PARAMETRIC_REPRESENTATION_CONTEXT() REPRESENTATION_CONTEXT('2D SPACE',''
  ) );
#6056 = ORIENTED_EDGE('',*,*,#6057,.T.);
#6057 = EDGE_CURVE('',#6035,#6058,#6060,.T.);
#6058 = VERTEX_POINT('',#6059);
#6059 = CARTESIAN_POINT('',(-4.087870757045,-7.381105535331,-4.));
#6060 = SURFACE_CURVE('',#6061,(#6066,#6073),.PCURVE_S1.);
#6061 = CIRCLE('',#6062,8.437500000001);
#6062 = AXIS2_PLACEMENT_3D('',#6063,#6064,#6065);
#6063 = CARTESIAN_POINT('',(7.928966916353E-13,1.098750702587E-12,-4.));
#6064 = DIRECTION('',(0.,0.,1.));
#6065 = DIRECTION('',(-0.622802005218,-0.782379487395,0.));
#6066 = PCURVE('',#148,#6067);
#6067 = DEFINITIONAL_REPRESENTATION('',(#6068),#6072);
#6068 = CIRCLE('',#6069,8.437500000001);
#6069 = AXIS2_PLACEMENT_2D('',#6070,#6071);
#6070 = CARTESIAN_POINT('',(7.932171763065E-13,1.100933582719E-12));
#6071 = DIRECTION('',(-0.622802005218,-0.782379487395));
#6072 = ( GEOMETRIC_REPRESENTATION_CONTEXT(2) 
PARAMETRIC_REPRESENTATION_CONTEXT() REPRESENTATION_CONTEXT('2D SPACE',''
  ) );
#6073 = PCURVE('',#2858,#6074);
#6074 = DEFINITIONAL_REPRESENTATION('',(#6075),#6079);
#6075 = LINE('',#6076,#6077);
#6076 = CARTESIAN_POINT('',(-6.28318530718,0.));
#6077 = VECTOR('',#6078,1.);
#6078 = DIRECTION('',(-1.,0.));
#6079 = ( GEOMETRIC_REPRESENTATION_CONTEXT(2) 
PARAMETRIC_REPRESENTATION_CONTEXT() REPRESENTATION_CONTEXT('2D SPACE',''
  ) );
#6080 = ORIENTED_EDGE('',*,*,#6081,.F.);
#6081 = EDGE_CURVE('',#6082,#6058,#6084,.T.);
#6082 = VERTEX_POINT('',#6083);
#6083 = CARTESIAN_POINT('',(-4.552701611996,-8.220409368643,-4.));
#6084 = SURFACE_CURVE('',#6085,(#6089,#6096),.PCURVE_S1.);
#6085 = LINE('',#6086,#6087);
#6086 = CARTESIAN_POINT('',(-4.552701611996,-8.220409368643,-4.));
#6087 = VECTOR('',#6088,1.);
#6088 = DIRECTION('',(0.48448838602,0.874797693076,0.));
#6089 = PCURVE('',#148,#6090);
#6090 = DEFINITIONAL_REPRESENTATION('',(#6091),#6095);
#6091 = LINE('',#6092,#6093);
#6092 = CARTESIAN_POINT('',(-4.552701611996,-8.220409368643));
#6093 = VECTOR('',#6094,1.);
#6094 = DIRECTION('',(0.48448838602,0.874797693076));
#6095 = ( GEOMETRIC_REPRESENTATION_CONTEXT(2) 
PARAMETRIC_REPRESENTATION_CONTEXT() REPRESENTATION_CONTEXT('2D SPACE',''
  ) );
#6096 = PCURVE('',#2886,#6097);
#6097 = DEFINITIONAL_REPRESENTATION('',(#6098),#6102);
#6098 = LINE('',#6099,#6100);
#6099 = CARTESIAN_POINT('',(0.,0.));
#6100 = VECTOR('',#6101,1.);
#6101 = DIRECTION('',(1.,0.));
#6102 = ( GEOMETRIC_REPRESENTATION_CONTEXT(2) 
PARAMETRIC_REPRESENTATION_CONTEXT() REPRESENTATION_CONTEXT('2D SPACE',''
  ) );
#6103 = ORIENTED_EDGE('',*,*,#6104,.T.);
#6104 = EDGE_CURVE('',#6082,#6105,#6107,.T.);
#6105 = VERTEX_POINT('',#6106);
#6106 = CARTESIAN_POINT('',(-4.686549191015,-10.22735335657,-4.));
#6107 = SURFACE_CURVE('',#6108,(#6122,#6139),.PCURVE_S1.);
#6108 = B_SPLINE_CURVE_WITH_KNOTS('',3,(#6109,#6110,#6111,#6112,#6113,
    #6114,#6115,#6116,#6117,#6118,#6119,#6120,#6121),.UNSPECIFIED.,.F.,
  .F.,(4,1,1,1,1,1,1,1,1,1,4),(0.,0.186927563819,0.377660761138,
    0.572069250156,0.77014078192,0.971871396504,1.177259312061,
    1.386303573601,1.599003609573,1.815359050699,2.035369644546),
  .UNSPECIFIED.);
#6109 = CARTESIAN_POINT('',(-4.552701611996,-8.220409368643,-4.));
#6110 = CARTESIAN_POINT('',(-4.579358527169,-8.276995956271,-4.));
#6111 = CARTESIAN_POINT('',(-4.624539748382,-8.39458756988,-4.));
#6112 = CARTESIAN_POINT('',(-4.672493978045,-8.579512504362,-4.));
#6113 = CARTESIAN_POINT('',(-4.708674259208,-8.770599770579,-4.));
#6114 = CARTESIAN_POINT('',(-4.733676103603,-8.967205755373,-4.));
#6115 = CARTESIAN_POINT('',(-4.74869479985,-9.168453129163,-4.));
#6116 = CARTESIAN_POINT('',(-4.754222477954,-9.373839160178,-4.));
#6117 = CARTESIAN_POINT('',(-4.750660731883,-9.582915096918,-4.));
#6118 = CARTESIAN_POINT('',(-4.738264626166,-9.795311384554,-4.));
#6119 = CARTESIAN_POINT('',(-4.717228908317,-10.01069156069,-4.));
#6120 = CARTESIAN_POINT('',(-4.697680565088,-10.15486747159,-4.));
#6121 = CARTESIAN_POINT('',(-4.686549191015,-10.22735335657,-4.));
#6122 = PCURVE('',#148,#6123);
#6123 = DEFINITIONAL_REPRESENTATION('',(#6124),#6138);
#6124 = B_SPLINE_CURVE_WITH_KNOTS('',3,(#6125,#6126,#6127,#6128,#6129,
    #6130,#6131,#6132,#6133,#6134,#6135,#6136,#6137),.UNSPECIFIED.,.F.,
  .F.,(4,1,1,1,1,1,1,1,1,1,4),(0.,0.186927563819,0.377660761138,
    0.572069250156,0.77014078192,0.971871396504,1.177259312061,
    1.386303573601,1.599003609573,1.815359050699,2.035369644546),
  .UNSPECIFIED.);
#6125 = CARTESIAN_POINT('',(-4.552701611996,-8.220409368643));
#6126 = CARTESIAN_POINT('',(-4.579358527169,-8.276995956271));
#6127 = CARTESIAN_POINT('',(-4.624539748382,-8.39458756988));
#6128 = CARTESIAN_POINT('',(-4.672493978045,-8.579512504362));
#6129 = CARTESIAN_POINT('',(-4.708674259208,-8.770599770579));
#6130 = CARTESIAN_POINT('',(-4.733676103603,-8.967205755373));
#6131 = CARTESIAN_POINT('',(-4.74869479985,-9.168453129163));
#6132 = CARTESIAN_POINT('',(-4.754222477954,-9.373839160178));
#6133 = CARTESIAN_POINT('',(-4.750660731883,-9.582915096918));
#6134 = CARTESIAN_POINT('',(-4.738264626166,-9.795311384554));
#6135 = CARTESIAN_POINT('',(-4.717228908317,-10.01069156069));
#6136 = CARTESIAN_POINT('',(-4.697680565088,-10.15486747159));
#6137 = CARTESIAN_POINT('',(-4.686549191015,-10.22735335657));
#6138 = ( GEOMETRIC_REPRESENTATION_CONTEXT(2) 
PARAMETRIC_REPRESENTATION_CONTEXT() REPRESENTATION_CONTEXT('2D SPACE',''
  ) );
#6139 = PCURVE('',#2934,#6140);
#6140 = DEFINITIONAL_REPRESENTATION('',(#6141),#6145);
#6141 = LINE('',#6142,#6143);
#6142 = CARTESIAN_POINT('',(0.,0.));
#6143 = VECTOR('',#6144,1.);
#6144 = DIRECTION('',(1.,0.));
#6145 = ( GEOMETRIC_REPRESENTATION_CONTEXT(2) 
PARAMETRIC_REPRESENTATION_CONTEXT() REPRESENTATION_CONTEXT('2D SPACE',''
  ) );
#6146 = ORIENTED_EDGE('',*,*,#6147,.T.);
#6147 = EDGE_CURVE('',#6105,#6148,#6150,.T.);
#6148 = VERTEX_POINT('',#6149);
#6149 = CARTESIAN_POINT('',(-3.917940198693,-10.54572162535,-4.));
#6150 = SURFACE_CURVE('',#6151,(#6156,#6163),.PCURVE_S1.);
#6151 = CIRCLE('',#6152,11.250000000019);
#6152 = AXIS2_PLACEMENT_3D('',#6153,#6154,#6155);
#6153 = CARTESIAN_POINT('',(7.707087558323E-12,1.774309977503E-11,-4.));
#6154 = DIRECTION('',(0.,0.,1.));
#6155 = DIRECTION('',(-0.416582150312,-0.90909807614,0.));
#6156 = PCURVE('',#148,#6157);
#6157 = DEFINITIONAL_REPRESENTATION('',(#6158),#6162);
#6158 = CIRCLE('',#6159,11.250000000019);
#6159 = AXIS2_PLACEMENT_2D('',#6160,#6161);
#6160 = CARTESIAN_POINT('',(7.707408042994E-12,1.774528265516E-11));
#6161 = DIRECTION('',(-0.416582150312,-0.90909807614));
#6162 = ( GEOMETRIC_REPRESENTATION_CONTEXT(2) 
PARAMETRIC_REPRESENTATION_CONTEXT() REPRESENTATION_CONTEXT('2D SPACE',''
  ) );
#6163 = PCURVE('',#2979,#6164);
#6164 = DEFINITIONAL_REPRESENTATION('',(#6165),#6169);
#6165 = LINE('',#6166,#6167);
#6166 = CARTESIAN_POINT('',(-6.28318530718,0.));
#6167 = VECTOR('',#6168,1.);
#6168 = DIRECTION('',(-1.,0.));
#6169 = ( GEOMETRIC_REPRESENTATION_CONTEXT(2) 
PARAMETRIC_REPRESENTATION_CONTEXT() REPRESENTATION_CONTEXT('2D SPACE',''
  ) );
#6170 = ORIENTED_EDGE('',*,*,#6171,.F.);
#6171 = EDGE_CURVE('',#6172,#6148,#6174,.T.);
#6172 = VERTEX_POINT('',#6173);
#6173 = CARTESIAN_POINT('',(-2.593461026136,-9.031953391258,-4.));
#6174 = SURFACE_CURVE('',#6175,(#6189,#6206),.PCURVE_S1.);
#6175 = B_SPLINE_CURVE_WITH_KNOTS('',3,(#6176,#6177,#6178,#6179,#6180,
    #6181,#6182,#6183,#6184,#6185,#6186,#6187,#6188),.UNSPECIFIED.,.F.,
  .F.,(4,1,1,1,1,1,1,1,1,1,4),(0.,0.186927563819,0.377660761138,
    0.572069250156,0.77014078192,0.971871396504,1.177259312061,
    1.386303573601,1.599003609573,1.815359050699,2.035369644546),
  .UNSPECIFIED.);
#6176 = CARTESIAN_POINT('',(-2.593461026136,-9.031953391258,-4.));
#6177 = CARTESIAN_POINT('',(-2.614624500488,-9.090815436579,-4.));
#6178 = CARTESIAN_POINT('',(-2.665826379978,-9.205913211874,-4.));
#6179 = CARTESIAN_POINT('',(-2.76267929418,-9.370583648038,-4.));
#6180 = CARTESIAN_POINT('',(-2.872215073765,-9.531286071934,-4.));
#6181 = CARTESIAN_POINT('',(-2.993557525121,-9.687986470718,-4.));
#6182 = CARTESIAN_POINT('',(-3.125241085863,-9.840909675382,-4.));
#6183 = CARTESIAN_POINT('',(-3.266562282483,-9.990048189344,-4.));
#6184 = CARTESIAN_POINT('',(-3.416919829935,-10.13536866719,-4.));
#6185 = CARTESIAN_POINT('',(-3.575872055634,-10.27679015207,-4.));
#6186 = CARTESIAN_POINT('',(-3.743043337458,-10.41421243641,-4.));
#6187 = CARTESIAN_POINT('',(-3.858813867796,-10.50233743464,-4.));
#6188 = CARTESIAN_POINT('',(-3.917940198693,-10.54572162535,-4.));
#6189 = PCURVE('',#148,#6190);
#6190 = DEFINITIONAL_REPRESENTATION('',(#6191),#6205);
#6191 = B_SPLINE_CURVE_WITH_KNOTS('',3,(#6192,#6193,#6194,#6195,#6196,
    #6197,#6198,#6199,#6200,#6201,#6202,#6203,#6204),.UNSPECIFIED.,.F.,
  .F.,(4,1,1,1,1,1,1,1,1,1,4),(0.,0.186927563819,0.377660761138,
    0.572069250156,0.77014078192,0.971871396504,1.177259312061,
    1.386303573601,1.599003609573,1.815359050699,2.035369644546),
  .UNSPECIFIED.);
#6192 = CARTESIAN_POINT('',(-2.593461026136,-9.031953391258));
#6193 = CARTESIAN_POINT('',(-2.614624500488,-9.090815436579));
#6194 = CARTESIAN_POINT('',(-2.665826379978,-9.205913211874));
#6195 = CARTESIAN_POINT('',(-2.76267929418,-9.370583648038));
#6196 = CARTESIAN_POINT('',(-2.872215073765,-9.531286071934));
#6197 = CARTESIAN_POINT('',(-2.993557525121,-9.687986470718));
#6198 = CARTESIAN_POINT('',(-3.125241085863,-9.840909675382));
#6199 = CARTESIAN_POINT('',(-3.266562282483,-9.990048189344));
#6200 = CARTESIAN_POINT('',(-3.416919829935,-10.13536866719));
#6201 = CARTESIAN_POINT('',(-3.575872055634,-10.27679015207));
#6202 = CARTESIAN_POINT('',(-3.743043337458,-10.41421243641));
#6203 = CARTESIAN_POINT('',(-3.858813867796,-10.50233743464));
#6204 = CARTESIAN_POINT('',(-3.917940198693,-10.54572162535));
#6205 = ( GEOMETRIC_REPRESENTATION_CONTEXT(2) 
PARAMETRIC_REPRESENTATION_CONTEXT() REPRESENTATION_CONTEXT('2D SPACE',''
  ) );
#6206 = PCURVE('',#3027,#6207);
#6207 = DEFINITIONAL_REPRESENTATION('',(#6208),#6212);
#6208 = LINE('',#6209,#6210);
#6209 = CARTESIAN_POINT('',(0.,0.));
#6210 = VECTOR('',#6211,1.);
#6211 = DIRECTION('',(1.,0.));
#6212 = ( GEOMETRIC_REPRESENTATION_CONTEXT(2) 
PARAMETRIC_REPRESENTATION_CONTEXT() REPRESENTATION_CONTEXT('2D SPACE',''
  ) );
#6213 = ORIENTED_EDGE('',*,*,#6214,.T.);
#6214 = EDGE_CURVE('',#6172,#6215,#6217,.T.);
#6215 = VERTEX_POINT('',#6216);
#6216 = CARTESIAN_POINT('',(-2.328668643766,-8.109790909607,-4.));
#6217 = SURFACE_CURVE('',#6218,(#6222,#6229),.PCURVE_S1.);
#6218 = LINE('',#6219,#6220);
#6219 = CARTESIAN_POINT('',(-2.593461026136,-9.031953391258,-4.));
#6220 = VECTOR('',#6221,1.);
#6221 = DIRECTION('',(0.27599035778,0.961160404102,0.));
#6222 = PCURVE('',#148,#6223);
#6223 = DEFINITIONAL_REPRESENTATION('',(#6224),#6228);
#6224 = LINE('',#6225,#6226);
#6225 = CARTESIAN_POINT('',(-2.593461026136,-9.031953391258));
#6226 = VECTOR('',#6227,1.);
#6227 = DIRECTION('',(0.27599035778,0.961160404102));
#6228 = ( GEOMETRIC_REPRESENTATION_CONTEXT(2) 
PARAMETRIC_REPRESENTATION_CONTEXT() REPRESENTATION_CONTEXT('2D SPACE',''
  ) );
#6229 = PCURVE('',#3067,#6230);
#6230 = DEFINITIONAL_REPRESENTATION('',(#6231),#6235);
#6231 = LINE('',#6232,#6233);
#6232 = CARTESIAN_POINT('',(0.,0.));
#6233 = VECTOR('',#6234,1.);
#6234 = DIRECTION('',(1.,0.));
#6235 = ( GEOMETRIC_REPRESENTATION_CONTEXT(2) 
PARAMETRIC_REPRESENTATION_CONTEXT() REPRESENTATION_CONTEXT('2D SPACE',''
  ) );
#6236 = ORIENTED_EDGE('',*,*,#6237,.T.);
#6237 = EDGE_CURVE('',#6215,#6238,#6240,.T.);
#6238 = VERTEX_POINT('',#6239);
#6239 = CARTESIAN_POINT('',(-0.952073323075,-8.383612743769,-4.));
#6240 = SURFACE_CURVE('',#6241,(#6246,#6253),.PCURVE_S1.);
#6241 = CIRCLE('',#6242,8.437500000001);
#6242 = AXIS2_PLACEMENT_3D('',#6243,#6244,#6245);
#6243 = CARTESIAN_POINT('',(3.120673346183E-13,1.318541712918E-12,-4.));
#6244 = DIRECTION('',(0.,0.,1.));
#6245 = DIRECTION('',(-0.27599035778,-0.961160404102,0.));
#6246 = PCURVE('',#148,#6247);
#6247 = DEFINITIONAL_REPRESENTATION('',(#6248),#6252);
#6248 = CIRCLE('',#6249,8.437500000001);
#6249 = AXIS2_PLACEMENT_2D('',#6250,#6251);
#6250 = CARTESIAN_POINT('',(3.123878192894E-13,1.32072459305E-12));
#6251 = DIRECTION('',(-0.27599035778,-0.961160404102));
#6252 = ( GEOMETRIC_REPRESENTATION_CONTEXT(2) 
PARAMETRIC_REPRESENTATION_CONTEXT() REPRESENTATION_CONTEXT('2D SPACE',''
  ) );
#6253 = PCURVE('',#3100,#6254);
#6254 = DEFINITIONAL_REPRESENTATION('',(#6255),#6259);
#6255 = LINE('',#6256,#6257);
#6256 = CARTESIAN_POINT('',(-6.28318530718,0.));
#6257 = VECTOR('',#6258,1.);
#6258 = DIRECTION('',(-1.,0.));
#6259 = ( GEOMETRIC_REPRESENTATION_CONTEXT(2) 
PARAMETRIC_REPRESENTATION_CONTEXT() REPRESENTATION_CONTEXT('2D SPACE',''
  ) );
#6260 = ORIENTED_EDGE('',*,*,#6261,.F.);
#6261 = EDGE_CURVE('',#6262,#6238,#6264,.T.);
#6262 = VERTEX_POINT('',#6263);
#6263 = CARTESIAN_POINT('',(-1.060333364315,-9.336911443966,-4.));
#6264 = SURFACE_CURVE('',#6265,(#6269,#6276),.PCURVE_S1.);
#6265 = LINE('',#6266,#6267);
#6266 = CARTESIAN_POINT('',(-1.060333364315,-9.336911443966,-4.));
#6267 = VECTOR('',#6268,1.);
#6268 = DIRECTION('',(0.112838319772,0.993613362224,0.));
#6269 = PCURVE('',#148,#6270);
#6270 = DEFINITIONAL_REPRESENTATION('',(#6271),#6275);
#6271 = LINE('',#6272,#6273);
#6272 = CARTESIAN_POINT('',(-1.060333364315,-9.336911443966));
#6273 = VECTOR('',#6274,1.);
#6274 = DIRECTION('',(0.112838319772,0.993613362224));
#6275 = ( GEOMETRIC_REPRESENTATION_CONTEXT(2) 
PARAMETRIC_REPRESENTATION_CONTEXT() REPRESENTATION_CONTEXT('2D SPACE',''
  ) );
#6276 = PCURVE('',#3128,#6277);
#6277 = DEFINITIONAL_REPRESENTATION('',(#6278),#6282);
#6278 = LINE('',#6279,#6280);
#6279 = CARTESIAN_POINT('',(0.,0.));
#6280 = VECTOR('',#6281,1.);
#6281 = DIRECTION('',(1.,0.));
#6282 = ( GEOMETRIC_REPRESENTATION_CONTEXT(2) 
PARAMETRIC_REPRESENTATION_CONTEXT() REPRESENTATION_CONTEXT('2D SPACE',''
  ) );
#6283 = ORIENTED_EDGE('',*,*,#6284,.T.);
#6284 = EDGE_CURVE('',#6262,#6285,#6287,.T.);
#6285 = VERTEX_POINT('',#6286);
#6286 = CARTESIAN_POINT('',(-0.415968189182,-11.24230716826,-4.));
#6287 = SURFACE_CURVE('',#6288,(#6302,#6319),.PCURVE_S1.);
#6288 = B_SPLINE_CURVE_WITH_KNOTS('',3,(#6289,#6290,#6291,#6292,#6293,
    #6294,#6295,#6296,#6297,#6298,#6299,#6300,#6301),.UNSPECIFIED.,.F.,
  .F.,(4,1,1,1,1,1,1,1,1,1,4),(0.,0.186927563819,0.377660761138,
    0.572069250156,0.77014078192,0.971871396504,1.177259312061,
    1.386303573601,1.599003609573,1.815359050699,2.035369644546),
  .UNSPECIFIED.);
#6289 = CARTESIAN_POINT('',(-1.060333364315,-9.336911443966,-4.));
#6290 = CARTESIAN_POINT('',(-1.063306393064,-9.399391793885,-4.));
#6291 = CARTESIAN_POINT('',(-1.060048036285,-9.525322383705,-4.));
#6292 = CARTESIAN_POINT('',(-1.033584258909,-9.714522034928,-4.));
#6293 = CARTESIAN_POINT('',(-0.993884549239,-9.904909243289,-4.));
#6294 = CARTESIAN_POINT('',(-0.941745388467,-10.09611728023,-4.));
#6295 = CARTESIAN_POINT('',(-0.878606818778,-10.28779301608,-4.));
#6296 = CARTESIAN_POINT('',(-0.805115896132,-10.47966031723,-4.));
#6297 = CARTESIAN_POINT('',(-0.72181537474,-10.67145827471,-4.));
#6298 = CARTESIAN_POINT('',(-0.629082326011,-10.86294307335,-4.));
#6299 = CARTESIAN_POINT('',(-0.527225431768,-11.0538783891,-4.));
#6300 = CARTESIAN_POINT('',(-0.453991385117,-11.17959873517,-4.));
#6301 = CARTESIAN_POINT('',(-0.415968189182,-11.24230716826,-4.));
#6302 = PCURVE('',#148,#6303);
#6303 = DEFINITIONAL_REPRESENTATION('',(#6304),#6318);
#6304 = B_SPLINE_CURVE_WITH_KNOTS('',3,(#6305,#6306,#6307,#6308,#6309,
    #6310,#6311,#6312,#6313,#6314,#6315,#6316,#6317),.UNSPECIFIED.,.F.,
  .F.,(4,1,1,1,1,1,1,1,1,1,4),(0.,0.186927563819,0.377660761138,
    0.572069250156,0.77014078192,0.971871396504,1.177259312061,
    1.386303573601,1.599003609573,1.815359050699,2.035369644546),
  .UNSPECIFIED.);
#6305 = CARTESIAN_POINT('',(-1.060333364315,-9.336911443966));
#6306 = CARTESIAN_POINT('',(-1.063306393064,-9.399391793885));
#6307 = CARTESIAN_POINT('',(-1.060048036285,-9.525322383705));
#6308 = CARTESIAN_POINT('',(-1.033584258909,-9.714522034928));
#6309 = CARTESIAN_POINT('',(-0.993884549239,-9.904909243289));
#6310 = CARTESIAN_POINT('',(-0.941745388467,-10.09611728023));
#6311 = CARTESIAN_POINT('',(-0.878606818778,-10.28779301608));
#6312 = CARTESIAN_POINT('',(-0.805115896132,-10.47966031723));
#6313 = CARTESIAN_POINT('',(-0.72181537474,-10.67145827471));
#6314 = CARTESIAN_POINT('',(-0.629082326011,-10.86294307335));
#6315 = CARTESIAN_POINT('',(-0.527225431768,-11.0538783891));
#6316 = CARTESIAN_POINT('',(-0.453991385117,-11.17959873517));
#6317 = CARTESIAN_POINT('',(-0.415968189182,-11.24230716826));
#6318 = ( GEOMETRIC_REPRESENTATION_CONTEXT(2) 
PARAMETRIC_REPRESENTATION_CONTEXT() REPRESENTATION_CONTEXT('2D SPACE',''
  ) );
#6319 = PCURVE('',#3176,#6320);
#6320 = DEFINITIONAL_REPRESENTATION('',(#6321),#6325);
#6321 = LINE('',#6322,#6323);
#6322 = CARTESIAN_POINT('',(0.,0.));
#6323 = VECTOR('',#6324,1.);
#6324 = DIRECTION('',(1.,0.));
#6325 = ( GEOMETRIC_REPRESENTATION_CONTEXT(2) 
PARAMETRIC_REPRESENTATION_CONTEXT() REPRESENTATION_CONTEXT('2D SPACE',''
  ) );
#6326 = ORIENTED_EDGE('',*,*,#6327,.T.);
#6327 = EDGE_CURVE('',#6285,#6328,#6330,.T.);
#6328 = VERTEX_POINT('',#6329);
#6329 = CARTESIAN_POINT('',(0.415968189182,-11.24230716826,-4.));
#6330 = SURFACE_CURVE('',#6331,(#6336,#6343),.PCURVE_S1.);
#6331 = CIRCLE('',#6332,11.250000000019);
#6332 = AXIS2_PLACEMENT_3D('',#6333,#6334,#6335);
#6333 = CARTESIAN_POINT('',(3.304301277041E-13,1.934186144581E-11,-4.));
#6334 = DIRECTION('',(0.,0.,1.));
#6335 = DIRECTION('',(-3.697495014948E-02,-0.999316192735,0.));
#6336 = PCURVE('',#148,#6337);
#6337 = DEFINITIONAL_REPRESENTATION('',(#6338),#6342);
#6338 = CIRCLE('',#6339,11.250000000019);
#6339 = AXIS2_PLACEMENT_2D('',#6340,#6341);
#6340 = CARTESIAN_POINT('',(3.307506123752E-13,1.934404432594E-11));
#6341 = DIRECTION('',(-3.697495014948E-02,-0.999316192735));
#6342 = ( GEOMETRIC_REPRESENTATION_CONTEXT(2) 
PARAMETRIC_REPRESENTATION_CONTEXT() REPRESENTATION_CONTEXT('2D SPACE',''
  ) );
#6343 = PCURVE('',#3221,#6344);
#6344 = DEFINITIONAL_REPRESENTATION('',(#6345),#6349);
#6345 = LINE('',#6346,#6347);
#6346 = CARTESIAN_POINT('',(-6.28318530718,0.));
#6347 = VECTOR('',#6348,1.);
#6348 = DIRECTION('',(-1.,0.));
#6349 = ( GEOMETRIC_REPRESENTATION_CONTEXT(2) 
PARAMETRIC_REPRESENTATION_CONTEXT() REPRESENTATION_CONTEXT('2D SPACE',''
  ) );
#6350 = ORIENTED_EDGE('',*,*,#6351,.F.);
#6351 = EDGE_CURVE('',#6352,#6328,#6354,.T.);
#6352 = VERTEX_POINT('',#6353);
#6353 = CARTESIAN_POINT('',(1.060333364315,-9.336911443966,-4.));
#6354 = SURFACE_CURVE('',#6355,(#6369,#6386),.PCURVE_S1.);
#6355 = B_SPLINE_CURVE_WITH_KNOTS('',3,(#6356,#6357,#6358,#6359,#6360,
    #6361,#6362,#6363,#6364,#6365,#6366,#6367,#6368),.UNSPECIFIED.,.F.,
  .F.,(4,1,1,1,1,1,1,1,1,1,4),(0.,0.186927563819,0.377660761138,
    0.572069250156,0.77014078192,0.971871396504,1.177259312061,
    1.386303573601,1.599003609573,1.815359050699,2.035369644546),
  .UNSPECIFIED.);
#6356 = CARTESIAN_POINT('',(1.060333364315,-9.336911443966,-4.));
#6357 = CARTESIAN_POINT('',(1.063306393064,-9.399391793885,-4.));
#6358 = CARTESIAN_POINT('',(1.060048036285,-9.525322383705,-4.));
#6359 = CARTESIAN_POINT('',(1.033584258909,-9.714522034928,-4.));
#6360 = CARTESIAN_POINT('',(0.993884549239,-9.904909243289,-4.));
#6361 = CARTESIAN_POINT('',(0.941745388467,-10.09611728023,-4.));
#6362 = CARTESIAN_POINT('',(0.878606818778,-10.28779301608,-4.));
#6363 = CARTESIAN_POINT('',(0.805115896132,-10.47966031723,-4.));
#6364 = CARTESIAN_POINT('',(0.72181537474,-10.67145827471,-4.));
#6365 = CARTESIAN_POINT('',(0.629082326011,-10.86294307335,-4.));
#6366 = CARTESIAN_POINT('',(0.527225431768,-11.0538783891,-4.));
#6367 = CARTESIAN_POINT('',(0.453991385117,-11.17959873517,-4.));
#6368 = CARTESIAN_POINT('',(0.415968189182,-11.24230716826,-4.));
#6369 = PCURVE('',#148,#6370);
#6370 = DEFINITIONAL_REPRESENTATION('',(#6371),#6385);
#6371 = B_SPLINE_CURVE_WITH_KNOTS('',3,(#6372,#6373,#6374,#6375,#6376,
    #6377,#6378,#6379,#6380,#6381,#6382,#6383,#6384),.UNSPECIFIED.,.F.,
  .F.,(4,1,1,1,1,1,1,1,1,1,4),(0.,0.186927563819,0.377660761138,
    0.572069250156,0.77014078192,0.971871396504,1.177259312061,
    1.386303573601,1.599003609573,1.815359050699,2.035369644546),
  .UNSPECIFIED.);
#6372 = CARTESIAN_POINT('',(1.060333364315,-9.336911443966));
#6373 = CARTESIAN_POINT('',(1.063306393064,-9.399391793885));
#6374 = CARTESIAN_POINT('',(1.060048036285,-9.525322383705));
#6375 = CARTESIAN_POINT('',(1.033584258909,-9.714522034928));
#6376 = CARTESIAN_POINT('',(0.993884549239,-9.904909243289));
#6377 = CARTESIAN_POINT('',(0.941745388467,-10.09611728023));
#6378 = CARTESIAN_POINT('',(0.878606818778,-10.28779301608));
#6379 = CARTESIAN_POINT('',(0.805115896132,-10.47966031723));
#6380 = CARTESIAN_POINT('',(0.72181537474,-10.67145827471));
#6381 = CARTESIAN_POINT('',(0.629082326011,-10.86294307335));
#6382 = CARTESIAN_POINT('',(0.527225431768,-11.0538783891));
#6383 = CARTESIAN_POINT('',(0.453991385117,-11.17959873517));
#6384 = CARTESIAN_POINT('',(0.415968189182,-11.24230716826));
#6385 = ( GEOMETRIC_REPRESENTATION_CONTEXT(2) 
PARAMETRIC_REPRESENTATION_CONTEXT() REPRESENTATION_CONTEXT('2D SPACE',''
  ) );
#6386 = PCURVE('',#3269,#6387);
#6387 = DEFINITIONAL_REPRESENTATION('',(#6388),#6392);
#6388 = LINE('',#6389,#6390);
#6389 = CARTESIAN_POINT('',(0.,0.));
#6390 = VECTOR('',#6391,1.);
#6391 = DIRECTION('',(1.,0.));
#6392 = ( GEOMETRIC_REPRESENTATION_CONTEXT(2) 
PARAMETRIC_REPRESENTATION_CONTEXT() REPRESENTATION_CONTEXT('2D SPACE',''
  ) );
#6393 = ORIENTED_EDGE('',*,*,#6394,.T.);
#6394 = EDGE_CURVE('',#6352,#6395,#6397,.T.);
#6395 = VERTEX_POINT('',#6396);
#6396 = CARTESIAN_POINT('',(0.952073323075,-8.383612743769,-4.));
#6397 = SURFACE_CURVE('',#6398,(#6402,#6409),.PCURVE_S1.);
#6398 = LINE('',#6399,#6400);
#6399 = CARTESIAN_POINT('',(1.060333364315,-9.336911443966,-4.));
#6400 = VECTOR('',#6401,1.);
#6401 = DIRECTION('',(-0.112838319772,0.993613362224,0.));
#6402 = PCURVE('',#148,#6403);
#6403 = DEFINITIONAL_REPRESENTATION('',(#6404),#6408);
#6404 = LINE('',#6405,#6406);
#6405 = CARTESIAN_POINT('',(1.060333364315,-9.336911443966));
#6406 = VECTOR('',#6407,1.);
#6407 = DIRECTION('',(-0.112838319772,0.993613362224));
#6408 = ( GEOMETRIC_REPRESENTATION_CONTEXT(2) 
PARAMETRIC_REPRESENTATION_CONTEXT() REPRESENTATION_CONTEXT('2D SPACE',''
  ) );
#6409 = PCURVE('',#3309,#6410);
#6410 = DEFINITIONAL_REPRESENTATION('',(#6411),#6415);
#6411 = LINE('',#6412,#6413);
#6412 = CARTESIAN_POINT('',(0.,0.));
#6413 = VECTOR('',#6414,1.);
#6414 = DIRECTION('',(1.,0.));
#6415 = ( GEOMETRIC_REPRESENTATION_CONTEXT(2) 
PARAMETRIC_REPRESENTATION_CONTEXT() REPRESENTATION_CONTEXT('2D SPACE',''
  ) );
#6416 = ORIENTED_EDGE('',*,*,#6417,.T.);
#6417 = EDGE_CURVE('',#6395,#6418,#6420,.T.);
#6418 = VERTEX_POINT('',#6419);
#6419 = CARTESIAN_POINT('',(2.328668643766,-8.109790909607,-4.));
#6420 = SURFACE_CURVE('',#6421,(#6426,#6433),.PCURVE_S1.);
#6421 = CIRCLE('',#6422,8.437500000001);
#6422 = AXIS2_PLACEMENT_3D('',#6423,#6424,#6425);
#6423 = CARTESIAN_POINT('',(-2.16271445197E-13,1.337596700068E-12,-4.));
#6424 = DIRECTION('',(0.,0.,1.));
#6425 = DIRECTION('',(0.112838319772,-0.993613362224,0.));
#6426 = PCURVE('',#148,#6427);
#6427 = DEFINITIONAL_REPRESENTATION('',(#6428),#6432);
#6428 = CIRCLE('',#6429,8.437500000001);
#6429 = AXIS2_PLACEMENT_2D('',#6430,#6431);
#6430 = CARTESIAN_POINT('',(-2.159509605258E-13,1.3397795802E-12));
#6431 = DIRECTION('',(0.112838319772,-0.993613362224));
#6432 = ( GEOMETRIC_REPRESENTATION_CONTEXT(2) 
PARAMETRIC_REPRESENTATION_CONTEXT() REPRESENTATION_CONTEXT('2D SPACE',''
  ) );
#6433 = PCURVE('',#3342,#6434);
#6434 = DEFINITIONAL_REPRESENTATION('',(#6435),#6439);
#6435 = LINE('',#6436,#6437);
#6436 = CARTESIAN_POINT('',(-6.28318530718,0.));
#6437 = VECTOR('',#6438,1.);
#6438 = DIRECTION('',(-1.,0.));
#6439 = ( GEOMETRIC_REPRESENTATION_CONTEXT(2) 
PARAMETRIC_REPRESENTATION_CONTEXT() REPRESENTATION_CONTEXT('2D SPACE',''
  ) );
#6440 = ORIENTED_EDGE('',*,*,#6441,.F.);
#6441 = EDGE_CURVE('',#6442,#6418,#6444,.T.);
#6442 = VERTEX_POINT('',#6443);
#6443 = CARTESIAN_POINT('',(2.593461026136,-9.031953391258,-4.));
#6444 = SURFACE_CURVE('',#6445,(#6449,#6456),.PCURVE_S1.);
#6445 = LINE('',#6446,#6447);
#6446 = CARTESIAN_POINT('',(2.593461026136,-9.031953391258,-4.));
#6447 = VECTOR('',#6448,1.);
#6448 = DIRECTION('',(-0.27599035778,0.961160404102,0.));
#6449 = PCURVE('',#148,#6450);
#6450 = DEFINITIONAL_REPRESENTATION('',(#6451),#6455);
#6451 = LINE('',#6452,#6453);
#6452 = CARTESIAN_POINT('',(2.593461026136,-9.031953391258));
#6453 = VECTOR('',#6454,1.);
#6454 = DIRECTION('',(-0.27599035778,0.961160404102));
#6455 = ( GEOMETRIC_REPRESENTATION_CONTEXT(2) 
PARAMETRIC_REPRESENTATION_CONTEXT() REPRESENTATION_CONTEXT('2D SPACE',''
  ) );
#6456 = PCURVE('',#3370,#6457);
#6457 = DEFINITIONAL_REPRESENTATION('',(#6458),#6462);
#6458 = LINE('',#6459,#6460);
#6459 = CARTESIAN_POINT('',(0.,0.));
#6460 = VECTOR('',#6461,1.);
#6461 = DIRECTION('',(1.,0.));
#6462 = ( GEOMETRIC_REPRESENTATION_CONTEXT(2) 
PARAMETRIC_REPRESENTATION_CONTEXT() REPRESENTATION_CONTEXT('2D SPACE',''
  ) );
#6463 = ORIENTED_EDGE('',*,*,#6464,.T.);
#6464 = EDGE_CURVE('',#6442,#6465,#6467,.T.);
#6465 = VERTEX_POINT('',#6466);
#6466 = CARTESIAN_POINT('',(3.917940198693,-10.54572162535,-4.));
#6467 = SURFACE_CURVE('',#6468,(#6482,#6499),.PCURVE_S1.);
#6468 = B_SPLINE_CURVE_WITH_KNOTS('',3,(#6469,#6470,#6471,#6472,#6473,
    #6474,#6475,#6476,#6477,#6478,#6479,#6480,#6481),.UNSPECIFIED.,.F.,
  .F.,(4,1,1,1,1,1,1,1,1,1,4),(0.,0.186927563819,0.377660761138,
    0.572069250156,0.77014078192,0.971871396504,1.177259312061,
    1.386303573601,1.599003609573,1.815359050699,2.035369644546),
  .UNSPECIFIED.);
#6469 = CARTESIAN_POINT('',(2.593461026136,-9.031953391258,-4.));
#6470 = CARTESIAN_POINT('',(2.614624500488,-9.090815436579,-4.));
#6471 = CARTESIAN_POINT('',(2.665826379978,-9.205913211874,-4.));
#6472 = CARTESIAN_POINT('',(2.76267929418,-9.370583648038,-4.));
#6473 = CARTESIAN_POINT('',(2.872215073765,-9.531286071934,-4.));
#6474 = CARTESIAN_POINT('',(2.993557525121,-9.687986470718,-4.));
#6475 = CARTESIAN_POINT('',(3.125241085863,-9.840909675382,-4.));
#6476 = CARTESIAN_POINT('',(3.266562282483,-9.990048189344,-4.));
#6477 = CARTESIAN_POINT('',(3.416919829935,-10.13536866719,-4.));
#6478 = CARTESIAN_POINT('',(3.575872055634,-10.27679015207,-4.));
#6479 = CARTESIAN_POINT('',(3.743043337458,-10.41421243641,-4.));
#6480 = CARTESIAN_POINT('',(3.858813867796,-10.50233743464,-4.));
#6481 = CARTESIAN_POINT('',(3.917940198693,-10.54572162535,-4.));
#6482 = PCURVE('',#148,#6483);
#6483 = DEFINITIONAL_REPRESENTATION('',(#6484),#6498);
#6484 = B_SPLINE_CURVE_WITH_KNOTS('',3,(#6485,#6486,#6487,#6488,#6489,
    #6490,#6491,#6492,#6493,#6494,#6495,#6496,#6497),.UNSPECIFIED.,.F.,
  .F.,(4,1,1,1,1,1,1,1,1,1,4),(0.,0.186927563819,0.377660761138,
    0.572069250156,0.77014078192,0.971871396504,1.177259312061,
    1.386303573601,1.599003609573,1.815359050699,2.035369644546),
  .UNSPECIFIED.);
#6485 = CARTESIAN_POINT('',(2.593461026136,-9.031953391258));
#6486 = CARTESIAN_POINT('',(2.614624500488,-9.090815436579));
#6487 = CARTESIAN_POINT('',(2.665826379978,-9.205913211874));
#6488 = CARTESIAN_POINT('',(2.76267929418,-9.370583648038));
#6489 = CARTESIAN_POINT('',(2.872215073765,-9.531286071934));
#6490 = CARTESIAN_POINT('',(2.993557525121,-9.687986470718));
#6491 = CARTESIAN_POINT('',(3.125241085863,-9.840909675382));
#6492 = CARTESIAN_POINT('',(3.266562282483,-9.990048189344));
#6493 = CARTESIAN_POINT('',(3.416919829935,-10.13536866719));
#6494 = CARTESIAN_POINT('',(3.575872055634,-10.27679015207));
#6495 = CARTESIAN_POINT('',(3.743043337458,-10.41421243641));
#6496 = CARTESIAN_POINT('',(3.858813867796,-10.50233743464));
#6497 = CARTESIAN_POINT('',(3.917940198693,-10.54572162535));
#6498 = ( GEOMETRIC_REPRESENTATION_CONTEXT(2) 
PARAMETRIC_REPRESENTATION_CONTEXT() REPRESENTATION_CONTEXT('2D SPACE',''
  ) );
#6499 = PCURVE('',#3418,#6500);
#6500 = DEFINITIONAL_REPRESENTATION('',(#6501),#6505);
#6501 = LINE('',#6502,#6503);
#6502 = CARTESIAN_POINT('',(0.,0.));
#6503 = VECTOR('',#6504,1.);
#6504 = DIRECTION('',(1.,0.));
#6505 = ( GEOMETRIC_REPRESENTATION_CONTEXT(2) 
PARAMETRIC_REPRESENTATION_CONTEXT() REPRESENTATION_CONTEXT('2D SPACE',''
  ) );
#6506 = ORIENTED_EDGE('',*,*,#6507,.T.);
#6507 = EDGE_CURVE('',#6465,#6508,#6510,.T.);
#6508 = VERTEX_POINT('',#6509);
#6509 = CARTESIAN_POINT('',(4.686549191015,-10.22735335657,-4.));
#6510 = SURFACE_CURVE('',#6511,(#6516,#6523),.PCURVE_S1.);
#6511 = CIRCLE('',#6512,11.250000000019);
#6512 = AXIS2_PLACEMENT_3D('',#6513,#6514,#6515);
#6513 = CARTESIAN_POINT('',(-7.096532294502E-12,1.799600004588E-11,-4.)
  );
#6514 = DIRECTION('',(0.,0.,1.));
#6515 = DIRECTION('',(0.348261350995,-0.937397477809,0.));
#6516 = PCURVE('',#148,#6517);
#6517 = DEFINITIONAL_REPRESENTATION('',(#6518),#6522);
#6518 = CIRCLE('',#6519,11.250000000019);
#6519 = AXIS2_PLACEMENT_2D('',#6520,#6521);
#6520 = CARTESIAN_POINT('',(-7.09621180983E-12,1.799818292601E-11));
#6521 = DIRECTION('',(0.348261350995,-0.937397477809));
#6522 = ( GEOMETRIC_REPRESENTATION_CONTEXT(2) 
PARAMETRIC_REPRESENTATION_CONTEXT() REPRESENTATION_CONTEXT('2D SPACE',''
  ) );
#6523 = PCURVE('',#3463,#6524);
#6524 = DEFINITIONAL_REPRESENTATION('',(#6525),#6529);
#6525 = LINE('',#6526,#6527);
#6526 = CARTESIAN_POINT('',(-6.28318530718,0.));
#6527 = VECTOR('',#6528,1.);
#6528 = DIRECTION('',(-1.,0.));
#6529 = ( GEOMETRIC_REPRESENTATION_CONTEXT(2) 
PARAMETRIC_REPRESENTATION_CONTEXT() REPRESENTATION_CONTEXT('2D SPACE',''
  ) );
#6530 = ORIENTED_EDGE('',*,*,#6531,.F.);
#6531 = EDGE_CURVE('',#6532,#6508,#6534,.T.);
#6532 = VERTEX_POINT('',#6533);
#6533 = CARTESIAN_POINT('',(4.552701611996,-8.220409368643,-4.));
#6534 = SURFACE_CURVE('',#6535,(#6549,#6566),.PCURVE_S1.);
#6535 = B_SPLINE_CURVE_WITH_KNOTS('',3,(#6536,#6537,#6538,#6539,#6540,
    #6541,#6542,#6543,#6544,#6545,#6546,#6547,#6548),.UNSPECIFIED.,.F.,
  .F.,(4,1,1,1,1,1,1,1,1,1,4),(0.,0.186927563819,0.377660761138,
    0.572069250156,0.77014078192,0.971871396504,1.177259312061,
    1.386303573601,1.599003609573,1.815359050699,2.035369644546),
  .UNSPECIFIED.);
#6536 = CARTESIAN_POINT('',(4.552701611996,-8.220409368643,-4.));
#6537 = CARTESIAN_POINT('',(4.579358527169,-8.276995956271,-4.));
#6538 = CARTESIAN_POINT('',(4.624539748382,-8.39458756988,-4.));
#6539 = CARTESIAN_POINT('',(4.672493978045,-8.579512504362,-4.));
#6540 = CARTESIAN_POINT('',(4.708674259208,-8.770599770579,-4.));
#6541 = CARTESIAN_POINT('',(4.733676103603,-8.967205755373,-4.));
#6542 = CARTESIAN_POINT('',(4.74869479985,-9.168453129163,-4.));
#6543 = CARTESIAN_POINT('',(4.754222477954,-9.373839160178,-4.));
#6544 = CARTESIAN_POINT('',(4.750660731883,-9.582915096918,-4.));
#6545 = CARTESIAN_POINT('',(4.738264626166,-9.795311384554,-4.));
#6546 = CARTESIAN_POINT('',(4.717228908317,-10.01069156069,-4.));
#6547 = CARTESIAN_POINT('',(4.697680565088,-10.15486747159,-4.));
#6548 = CARTESIAN_POINT('',(4.686549191015,-10.22735335657,-4.));
#6549 = PCURVE('',#148,#6550);
#6550 = DEFINITIONAL_REPRESENTATION('',(#6551),#6565);
#6551 = B_SPLINE_CURVE_WITH_KNOTS('',3,(#6552,#6553,#6554,#6555,#6556,
    #6557,#6558,#6559,#6560,#6561,#6562,#6563,#6564),.UNSPECIFIED.,.F.,
  .F.,(4,1,1,1,1,1,1,1,1,1,4),(0.,0.186927563819,0.377660761138,
    0.572069250156,0.77014078192,0.971871396504,1.177259312061,
    1.386303573601,1.599003609573,1.815359050699,2.035369644546),
  .UNSPECIFIED.);
#6552 = CARTESIAN_POINT('',(4.552701611996,-8.220409368643));
#6553 = CARTESIAN_POINT('',(4.579358527169,-8.276995956271));
#6554 = CARTESIAN_POINT('',(4.624539748382,-8.39458756988));
#6555 = CARTESIAN_POINT('',(4.672493978045,-8.579512504362));
#6556 = CARTESIAN_POINT('',(4.708674259208,-8.770599770579));
#6557 = CARTESIAN_POINT('',(4.733676103603,-8.967205755373));
#6558 = CARTESIAN_POINT('',(4.74869479985,-9.168453129163));
#6559 = CARTESIAN_POINT('',(4.754222477954,-9.373839160178));
#6560 = CARTESIAN_POINT('',(4.750660731883,-9.582915096918));
#6561 = CARTESIAN_POINT('',(4.738264626166,-9.795311384554));
#6562 = CARTESIAN_POINT('',(4.717228908317,-10.01069156069));
#6563 = CARTESIAN_POINT('',(4.697680565088,-10.15486747159));
#6564 = CARTESIAN_POINT('',(4.686549191015,-10.22735335657));
#6565 = ( GEOMETRIC_REPRESENTATION_CONTEXT(2) 
PARAMETRIC_REPRESENTATION_CONTEXT() REPRESENTATION_CONTEXT('2D SPACE',''
  ) );
#6566 = PCURVE('',#3511,#6567);
#6567 = DEFINITIONAL_REPRESENTATION('',(#6568),#6572);
#6568 = LINE('',#6569,#6570);
#6569 = CARTESIAN_POINT('',(0.,0.));
#6570 = VECTOR('',#6571,1.);
#6571 = DIRECTION('',(1.,0.));
#6572 = ( GEOMETRIC_REPRESENTATION_CONTEXT(2) 
PARAMETRIC_REPRESENTATION_CONTEXT() REPRESENTATION_CONTEXT('2D SPACE',''
  ) );
#6573 = ORIENTED_EDGE('',*,*,#6574,.T.);
#6574 = EDGE_CURVE('',#6532,#6575,#6577,.T.);
#6575 = VERTEX_POINT('',#6576);
#6576 = CARTESIAN_POINT('',(4.087870757045,-7.381105535331,-4.));
#6577 = SURFACE_CURVE('',#6578,(#6582,#6589),.PCURVE_S1.);
#6578 = LINE('',#6579,#6580);
#6579 = CARTESIAN_POINT('',(4.552701611996,-8.220409368643,-4.));
#6580 = VECTOR('',#6581,1.);
#6581 = DIRECTION('',(-0.48448838602,0.874797693076,0.));
#6582 = PCURVE('',#148,#6583);
#6583 = DEFINITIONAL_REPRESENTATION('',(#6584),#6588);
#6584 = LINE('',#6585,#6586);
#6585 = CARTESIAN_POINT('',(4.552701611996,-8.220409368643));
#6586 = VECTOR('',#6587,1.);
#6587 = DIRECTION('',(-0.48448838602,0.874797693076));
#6588 = ( GEOMETRIC_REPRESENTATION_CONTEXT(2) 
PARAMETRIC_REPRESENTATION_CONTEXT() REPRESENTATION_CONTEXT('2D SPACE',''
  ) );
#6589 = PCURVE('',#3551,#6590);
#6590 = DEFINITIONAL_REPRESENTATION('',(#6591),#6595);
#6591 = LINE('',#6592,#6593);
#6592 = CARTESIAN_POINT('',(0.,0.));
#6593 = VECTOR('',#6594,1.);
#6594 = DIRECTION('',(1.,0.));
#6595 = ( GEOMETRIC_REPRESENTATION_CONTEXT(2) 
PARAMETRIC_REPRESENTATION_CONTEXT() REPRESENTATION_CONTEXT('2D SPACE',''
  ) );
#6596 = ORIENTED_EDGE('',*,*,#6597,.T.);
#6597 = EDGE_CURVE('',#6575,#6598,#6600,.T.);
#6598 = VERTEX_POINT('',#6599);
#6599 = CARTESIAN_POINT('',(5.254891919028,-6.601326924895,-4.));
#6600 = SURFACE_CURVE('',#6601,(#6606,#6613),.PCURVE_S1.);
#6601 = CIRCLE('',#6602,8.437500000001);
#6602 = AXIS2_PLACEMENT_3D('',#6603,#6604,#6605);
#6603 = CARTESIAN_POINT('',(-7.116848579865E-13,1.153014714977E-12,-4.)
  );
#6604 = DIRECTION('',(0.,0.,1.));
#6605 = DIRECTION('',(0.48448838602,-0.874797693076,0.));
#6606 = PCURVE('',#148,#6607);
#6607 = DEFINITIONAL_REPRESENTATION('',(#6608),#6612);
#6608 = CIRCLE('',#6609,8.437500000001);
#6609 = AXIS2_PLACEMENT_2D('',#6610,#6611);
#6610 = CARTESIAN_POINT('',(-7.113643733153E-13,1.155197595109E-12));
#6611 = DIRECTION('',(0.48448838602,-0.874797693076));
#6612 = ( GEOMETRIC_REPRESENTATION_CONTEXT(2) 
PARAMETRIC_REPRESENTATION_CONTEXT() REPRESENTATION_CONTEXT('2D SPACE',''
  ) );
#6613 = PCURVE('',#3584,#6614);
#6614 = DEFINITIONAL_REPRESENTATION('',(#6615),#6619);
#6615 = LINE('',#6616,#6617);
#6616 = CARTESIAN_POINT('',(-6.28318530718,0.));
#6617 = VECTOR('',#6618,1.);
#6618 = DIRECTION('',(-1.,0.));
#6619 = ( GEOMETRIC_REPRESENTATION_CONTEXT(2) 
PARAMETRIC_REPRESENTATION_CONTEXT() REPRESENTATION_CONTEXT('2D SPACE',''
  ) );
#6620 = ORIENTED_EDGE('',*,*,#6621,.F.);
#6621 = EDGE_CURVE('',#6622,#6598,#6624,.T.);
#6622 = VERTEX_POINT('',#6623);
#6623 = CARTESIAN_POINT('',(5.852424485141,-7.351962309593,-4.));
#6624 = SURFACE_CURVE('',#6625,(#6629,#6636),.PCURVE_S1.);
#6625 = LINE('',#6626,#6627);
#6626 = CARTESIAN_POINT('',(5.852424485141,-7.351962309593,-4.));
#6627 = VECTOR('',#6628,1.);
#6628 = DIRECTION('',(-0.622802005218,0.782379487395,0.));
#6629 = PCURVE('',#148,#6630);
#6630 = DEFINITIONAL_REPRESENTATION('',(#6631),#6635);
#6631 = LINE('',#6632,#6633);
#6632 = CARTESIAN_POINT('',(5.852424485141,-7.351962309593));
#6633 = VECTOR('',#6634,1.);
#6634 = DIRECTION('',(-0.622802005218,0.782379487395));
#6635 = ( GEOMETRIC_REPRESENTATION_CONTEXT(2) 
PARAMETRIC_REPRESENTATION_CONTEXT() REPRESENTATION_CONTEXT('2D SPACE',''
  ) );
#6636 = PCURVE('',#3612,#6637);
#6637 = DEFINITIONAL_REPRESENTATION('',(#6638),#6642);
#6638 = LINE('',#6639,#6640);
#6639 = CARTESIAN_POINT('',(0.,0.));
#6640 = VECTOR('',#6641,1.);
#6641 = DIRECTION('',(1.,0.));
#6642 = ( GEOMETRIC_REPRESENTATION_CONTEXT(2) 
PARAMETRIC_REPRESENTATION_CONTEXT() REPRESENTATION_CONTEXT('2D SPACE',''
  ) );
#6643 = ORIENTED_EDGE('',*,*,#6644,.T.);
#6644 = EDGE_CURVE('',#6622,#6645,#6647,.T.);
#6645 = VERTEX_POINT('',#6646);
#6646 = CARTESIAN_POINT('',(7.655377707533,-8.24364556219,-4.));
#6647 = SURFACE_CURVE('',#6648,(#6662,#6679),.PCURVE_S1.);
#6648 = B_SPLINE_CURVE_WITH_KNOTS('',3,(#6649,#6650,#6651,#6652,#6653,
    #6654,#6655,#6656,#6657,#6658,#6659,#6660,#6661),.UNSPECIFIED.,.F.,
  .F.,(4,1,1,1,1,1,1,1,1,1,4),(0.,0.186927563819,0.377660761138,
    0.572069250156,0.77014078192,0.971871396504,1.177259312061,
    1.386303573601,1.599003609573,1.815359050699,2.035369644546),
  .UNSPECIFIED.);
#6649 = CARTESIAN_POINT('',(5.852424485141,-7.351962309593,-4.));
#6650 = CARTESIAN_POINT('',(5.894502515471,-7.3982448375,-4.));
#6651 = CARTESIAN_POINT('',(5.985852895666,-7.484987205346,-4.));
#6652 = CARTESIAN_POINT('',(6.138349968481,-7.600058845286,-4.));
#6653 = CARTESIAN_POINT('',(6.301045988483,-7.706610997451,-4.));
#6654 = CARTESIAN_POINT('',(6.473118442175,-7.804947542847,-4.));
#6655 = CARTESIAN_POINT('',(6.653299365562,-7.895837044671,-4.));
#6656 = CARTESIAN_POINT('',(6.84093596505,-7.979541784642,-4.));
#6657 = CARTESIAN_POINT('',(7.035459964957,-8.056261057444,-4.));
#6658 = CARTESIAN_POINT('',(7.236432332169,-8.126089089463,-4.));
#6659 = CARTESIAN_POINT('',(7.443467689327,-8.189077045361,-4.));
#6660 = CARTESIAN_POINT('',(7.584149689572,-8.226190463605,-4.));
#6661 = CARTESIAN_POINT('',(7.655377707533,-8.24364556219,-4.));
#6662 = PCURVE('',#148,#6663);
#6663 = DEFINITIONAL_REPRESENTATION('',(#6664),#6678);
#6664 = B_SPLINE_CURVE_WITH_KNOTS('',3,(#6665,#6666,#6667,#6668,#6669,
    #6670,#6671,#6672,#6673,#6674,#6675,#6676,#6677),.UNSPECIFIED.,.F.,
  .F.,(4,1,1,1,1,1,1,1,1,1,4),(0.,0.186927563819,0.377660761138,
    0.572069250156,0.77014078192,0.971871396504,1.177259312061,
    1.386303573601,1.599003609573,1.815359050699,2.035369644546),
  .UNSPECIFIED.);
#6665 = CARTESIAN_POINT('',(5.852424485141,-7.351962309593));
#6666 = CARTESIAN_POINT('',(5.894502515471,-7.3982448375));
#6667 = CARTESIAN_POINT('',(5.985852895666,-7.484987205346));
#6668 = CARTESIAN_POINT('',(6.138349968481,-7.600058845286));
#6669 = CARTESIAN_POINT('',(6.301045988483,-7.706610997451));
#6670 = CARTESIAN_POINT('',(6.473118442175,-7.804947542847));
#6671 = CARTESIAN_POINT('',(6.653299365562,-7.895837044671));
#6672 = CARTESIAN_POINT('',(6.84093596505,-7.979541784642));
#6673 = CARTESIAN_POINT('',(7.035459964957,-8.056261057444));
#6674 = CARTESIAN_POINT('',(7.236432332169,-8.126089089463));
#6675 = CARTESIAN_POINT('',(7.443467689327,-8.189077045361));
#6676 = CARTESIAN_POINT('',(7.584149689572,-8.226190463605));
#6677 = CARTESIAN_POINT('',(7.655377707533,-8.24364556219));
#6678 = ( GEOMETRIC_REPRESENTATION_CONTEXT(2) 
PARAMETRIC_REPRESENTATION_CONTEXT() REPRESENTATION_CONTEXT('2D SPACE',''
  ) );
#6679 = PCURVE('',#3660,#6680);
#6680 = DEFINITIONAL_REPRESENTATION('',(#6681),#6685);
#6681 = LINE('',#6682,#6683);
#6682 = CARTESIAN_POINT('',(0.,0.));
#6683 = VECTOR('',#6684,1.);
#6684 = DIRECTION('',(1.,0.));
#6685 = ( GEOMETRIC_REPRESENTATION_CONTEXT(2) 
PARAMETRIC_REPRESENTATION_CONTEXT() REPRESENTATION_CONTEXT('2D SPACE',''
  ) );
#6686 = ORIENTED_EDGE('',*,*,#6687,.T.);
#6687 = EDGE_CURVE('',#6645,#6688,#6690,.T.);
#6688 = VERTEX_POINT('',#6689);
#6689 = CARTESIAN_POINT('',(8.24364556219,-7.655377707533,-4.));
#6690 = SURFACE_CURVE('',#6691,(#6696,#6703),.PCURVE_S1.);
#6691 = CIRCLE('',#6692,11.250000000019);
#6692 = AXIS2_PLACEMENT_3D('',#6693,#6694,#6695);
#6693 = CARTESIAN_POINT('',(-1.344311200509E-11,1.391041077311E-11,-4.)
  );
#6694 = DIRECTION('',(0.,0.,1.));
#6695 = DIRECTION('',(0.680478018447,-0.732768494417,0.));
#6696 = PCURVE('',#148,#6697);
#6697 = DEFINITIONAL_REPRESENTATION('',(#6698),#6702);
#6698 = CIRCLE('',#6699,11.250000000019);
#6699 = AXIS2_PLACEMENT_2D('',#6700,#6701);
#6700 = CARTESIAN_POINT('',(-1.344279152042E-11,1.391259365324E-11));
#6701 = DIRECTION('',(0.680478018447,-0.732768494417));
#6702 = ( GEOMETRIC_REPRESENTATION_CONTEXT(2) 
PARAMETRIC_REPRESENTATION_CONTEXT() REPRESENTATION_CONTEXT('2D SPACE',''
  ) );
#6703 = PCURVE('',#3705,#6704);
#6704 = DEFINITIONAL_REPRESENTATION('',(#6705),#6709);
#6705 = LINE('',#6706,#6707);
#6706 = CARTESIAN_POINT('',(-6.28318530718,0.));
#6707 = VECTOR('',#6708,1.);
#6708 = DIRECTION('',(-1.,0.));
#6709 = ( GEOMETRIC_REPRESENTATION_CONTEXT(2) 
PARAMETRIC_REPRESENTATION_CONTEXT() REPRESENTATION_CONTEXT('2D SPACE',''
  ) );
#6710 = ORIENTED_EDGE('',*,*,#6711,.F.);
#6711 = EDGE_CURVE('',#6712,#6688,#6714,.T.);
#6712 = VERTEX_POINT('',#6713);
#6713 = CARTESIAN_POINT('',(7.351962309593,-5.852424485141,-4.));
#6714 = SURFACE_CURVE('',#6715,(#6729,#6746),.PCURVE_S1.);
#6715 = B_SPLINE_CURVE_WITH_KNOTS('',3,(#6716,#6717,#6718,#6719,#6720,
    #6721,#6722,#6723,#6724,#6725,#6726,#6727,#6728),.UNSPECIFIED.,.F.,
  .F.,(4,1,1,1,1,1,1,1,1,1,4),(0.,0.186927563819,0.377660761138,
    0.572069250156,0.77014078192,0.971871396504,1.177259312061,
    1.386303573601,1.599003609573,1.815359050699,2.035369644546),
  .UNSPECIFIED.);
#6716 = CARTESIAN_POINT('',(7.351962309593,-5.852424485141,-4.));
#6717 = CARTESIAN_POINT('',(7.3982448375,-5.894502515471,-4.));
#6718 = CARTESIAN_POINT('',(7.484987205346,-5.985852895666,-4.));
#6719 = CARTESIAN_POINT('',(7.600058845286,-6.138349968481,-4.));
#6720 = CARTESIAN_POINT('',(7.706610997451,-6.301045988483,-4.));
#6721 = CARTESIAN_POINT('',(7.804947542847,-6.473118442175,-4.));
#6722 = CARTESIAN_POINT('',(7.895837044671,-6.653299365562,-4.));
#6723 = CARTESIAN_POINT('',(7.979541784642,-6.84093596505,-4.));
#6724 = CARTESIAN_POINT('',(8.056261057444,-7.035459964957,-4.));
#6725 = CARTESIAN_POINT('',(8.126089089463,-7.236432332169,-4.));
#6726 = CARTESIAN_POINT('',(8.189077045361,-7.443467689327,-4.));
#6727 = CARTESIAN_POINT('',(8.226190463605,-7.584149689572,-4.));
#6728 = CARTESIAN_POINT('',(8.24364556219,-7.655377707533,-4.));
#6729 = PCURVE('',#148,#6730);
#6730 = DEFINITIONAL_REPRESENTATION('',(#6731),#6745);
#6731 = B_SPLINE_CURVE_WITH_KNOTS('',3,(#6732,#6733,#6734,#6735,#6736,
    #6737,#6738,#6739,#6740,#6741,#6742,#6743,#6744),.UNSPECIFIED.,.F.,
  .F.,(4,1,1,1,1,1,1,1,1,1,4),(0.,0.186927563819,0.377660761138,
    0.572069250156,0.77014078192,0.971871396504,1.177259312061,
    1.386303573601,1.599003609573,1.815359050699,2.035369644546),
  .UNSPECIFIED.);
#6732 = CARTESIAN_POINT('',(7.351962309593,-5.852424485141));
#6733 = CARTESIAN_POINT('',(7.3982448375,-5.894502515471));
#6734 = CARTESIAN_POINT('',(7.484987205346,-5.985852895666));
#6735 = CARTESIAN_POINT('',(7.600058845286,-6.138349968481));
#6736 = CARTESIAN_POINT('',(7.706610997451,-6.301045988483));
#6737 = CARTESIAN_POINT('',(7.804947542847,-6.473118442175));
#6738 = CARTESIAN_POINT('',(7.895837044671,-6.653299365562));
#6739 = CARTESIAN_POINT('',(7.979541784642,-6.84093596505));
#6740 = CARTESIAN_POINT('',(8.056261057444,-7.035459964957));
#6741 = CARTESIAN_POINT('',(8.126089089463,-7.236432332169));
#6742 = CARTESIAN_POINT('',(8.189077045361,-7.443467689327));
#6743 = CARTESIAN_POINT('',(8.226190463605,-7.584149689572));
#6744 = CARTESIAN_POINT('',(8.24364556219,-7.655377707533));
#6745 = ( GEOMETRIC_REPRESENTATION_CONTEXT(2) 
PARAMETRIC_REPRESENTATION_CONTEXT() REPRESENTATION_CONTEXT('2D SPACE',''
  ) );
#6746 = PCURVE('',#3753,#6747);
#6747 = DEFINITIONAL_REPRESENTATION('',(#6748),#6752);
#6748 = LINE('',#6749,#6750);
#6749 = CARTESIAN_POINT('',(0.,0.));
#6750 = VECTOR('',#6751,1.);
#6751 = DIRECTION('',(1.,0.));
#6752 = ( GEOMETRIC_REPRESENTATION_CONTEXT(2) 
PARAMETRIC_REPRESENTATION_CONTEXT() REPRESENTATION_CONTEXT('2D SPACE',''
  ) );
#6753 = ORIENTED_EDGE('',*,*,#6754,.T.);
#6754 = EDGE_CURVE('',#6712,#6755,#6757,.T.);
#6755 = VERTEX_POINT('',#6756);
#6756 = CARTESIAN_POINT('',(6.601326924895,-5.254891919028,-4.));
#6757 = SURFACE_CURVE('',#6758,(#6762,#6769),.PCURVE_S1.);
#6758 = LINE('',#6759,#6760);
#6759 = CARTESIAN_POINT('',(7.351962309593,-5.852424485141,-4.));
#6760 = VECTOR('',#6761,1.);
#6761 = DIRECTION('',(-0.782379487395,0.622802005218,0.));
#6762 = PCURVE('',#148,#6763);
#6763 = DEFINITIONAL_REPRESENTATION('',(#6764),#6768);
#6764 = LINE('',#6765,#6766);
#6765 = CARTESIAN_POINT('',(7.351962309593,-5.852424485141));
#6766 = VECTOR('',#6767,1.);
#6767 = DIRECTION('',(-0.782379487395,0.622802005218));
#6768 = ( GEOMETRIC_REPRESENTATION_CONTEXT(2) 
PARAMETRIC_REPRESENTATION_CONTEXT() REPRESENTATION_CONTEXT('2D SPACE',''
  ) );
#6769 = PCURVE('',#3793,#6770);
#6770 = DEFINITIONAL_REPRESENTATION('',(#6771),#6775);
#6771 = LINE('',#6772,#6773);
#6772 = CARTESIAN_POINT('',(0.,0.));
#6773 = VECTOR('',#6774,1.);
#6774 = DIRECTION('',(1.,0.));
#6775 = ( GEOMETRIC_REPRESENTATION_CONTEXT(2) 
PARAMETRIC_REPRESENTATION_CONTEXT() REPRESENTATION_CONTEXT('2D SPACE',''
  ) );
#6776 = ORIENTED_EDGE('',*,*,#6777,.T.);
#6777 = EDGE_CURVE('',#6755,#6778,#6780,.T.);
#6778 = VERTEX_POINT('',#6779);
#6779 = CARTESIAN_POINT('',(7.381105535331,-4.087870757045,-4.));
#6780 = SURFACE_CURVE('',#6781,(#6786,#6793),.PCURVE_S1.);
#6781 = CIRCLE('',#6782,8.437500000001);
#6782 = AXIS2_PLACEMENT_3D('',#6783,#6784,#6785);
#6783 = CARTESIAN_POINT('',(-1.098750702587E-12,7.928966916353E-13,-4.)
  );
#6784 = DIRECTION('',(0.,0.,1.));
#6785 = DIRECTION('',(0.782379487395,-0.622802005218,0.));
#6786 = PCURVE('',#148,#6787);
#6787 = DEFINITIONAL_REPRESENTATION('',(#6788),#6792);
#6788 = CIRCLE('',#6789,8.437500000001);
#6789 = AXIS2_PLACEMENT_2D('',#6790,#6791);
#6790 = CARTESIAN_POINT('',(-1.098430217916E-12,7.950795717674E-13));
#6791 = DIRECTION('',(0.782379487395,-0.622802005218));
#6792 = ( GEOMETRIC_REPRESENTATION_CONTEXT(2) 
PARAMETRIC_REPRESENTATION_CONTEXT() REPRESENTATION_CONTEXT('2D SPACE',''
  ) );
#6793 = PCURVE('',#3826,#6794);
#6794 = DEFINITIONAL_REPRESENTATION('',(#6795),#6799);
#6795 = LINE('',#6796,#6797);
#6796 = CARTESIAN_POINT('',(-6.28318530718,0.));
#6797 = VECTOR('',#6798,1.);
#6798 = DIRECTION('',(-1.,0.));
#6799 = ( GEOMETRIC_REPRESENTATION_CONTEXT(2) 
PARAMETRIC_REPRESENTATION_CONTEXT() REPRESENTATION_CONTEXT('2D SPACE',''
  ) );
#6800 = ORIENTED_EDGE('',*,*,#6801,.F.);
#6801 = EDGE_CURVE('',#6802,#6778,#6804,.T.);
#6802 = VERTEX_POINT('',#6803);
#6803 = CARTESIAN_POINT('',(8.220409368643,-4.552701611996,-4.));
#6804 = SURFACE_CURVE('',#6805,(#6809,#6816),.PCURVE_S1.);
#6805 = LINE('',#6806,#6807);
#6806 = CARTESIAN_POINT('',(8.220409368643,-4.552701611996,-4.));
#6807 = VECTOR('',#6808,1.);
#6808 = DIRECTION('',(-0.874797693076,0.48448838602,0.));
#6809 = PCURVE('',#148,#6810);
#6810 = DEFINITIONAL_REPRESENTATION('',(#6811),#6815);
#6811 = LINE('',#6812,#6813);
#6812 = CARTESIAN_POINT('',(8.220409368643,-4.552701611996));
#6813 = VECTOR('',#6814,1.);
#6814 = DIRECTION('',(-0.874797693076,0.48448838602));
#6815 = ( GEOMETRIC_REPRESENTATION_CONTEXT(2) 
PARAMETRIC_REPRESENTATION_CONTEXT() REPRESENTATION_CONTEXT('2D SPACE',''
  ) );
#6816 = PCURVE('',#3854,#6817);
#6817 = DEFINITIONAL_REPRESENTATION('',(#6818),#6822);
#6818 = LINE('',#6819,#6820);
#6819 = CARTESIAN_POINT('',(0.,0.));
#6820 = VECTOR('',#6821,1.);
#6821 = DIRECTION('',(1.,0.));
#6822 = ( GEOMETRIC_REPRESENTATION_CONTEXT(2) 
PARAMETRIC_REPRESENTATION_CONTEXT() REPRESENTATION_CONTEXT('2D SPACE',''
  ) );
#6823 = ORIENTED_EDGE('',*,*,#6824,.T.);
#6824 = EDGE_CURVE('',#6802,#6825,#6827,.T.);
#6825 = VERTEX_POINT('',#6826);
#6826 = CARTESIAN_POINT('',(10.227353356573,-4.686549191015,-4.));
#6827 = SURFACE_CURVE('',#6828,(#6842,#6859),.PCURVE_S1.);
#6828 = B_SPLINE_CURVE_WITH_KNOTS('',3,(#6829,#6830,#6831,#6832,#6833,
    #6834,#6835,#6836,#6837,#6838,#6839,#6840,#6841),.UNSPECIFIED.,.F.,
  .F.,(4,1,1,1,1,1,1,1,1,1,4),(0.,0.186927563819,0.377660761138,
    0.572069250156,0.77014078192,0.971871396504,1.177259312061,
    1.386303573601,1.599003609573,1.815359050699,2.035369644546),
  .UNSPECIFIED.);
#6829 = CARTESIAN_POINT('',(8.220409368643,-4.552701611996,-4.));
#6830 = CARTESIAN_POINT('',(8.276995956271,-4.579358527169,-4.));
#6831 = CARTESIAN_POINT('',(8.39458756988,-4.624539748382,-4.));
#6832 = CARTESIAN_POINT('',(8.579512504362,-4.672493978045,-4.));
#6833 = CARTESIAN_POINT('',(8.770599770579,-4.708674259208,-4.));
#6834 = CARTESIAN_POINT('',(8.967205755373,-4.733676103603,-4.));
#6835 = CARTESIAN_POINT('',(9.168453129163,-4.74869479985,-4.));
#6836 = CARTESIAN_POINT('',(9.373839160178,-4.754222477954,-4.));
#6837 = CARTESIAN_POINT('',(9.582915096918,-4.750660731883,-4.));
#6838 = CARTESIAN_POINT('',(9.795311384554,-4.738264626166,-4.));
#6839 = CARTESIAN_POINT('',(10.010691560699,-4.717228908317,-4.));
#6840 = CARTESIAN_POINT('',(10.154867471599,-4.697680565088,-4.));
#6841 = CARTESIAN_POINT('',(10.227353356573,-4.686549191015,-4.));
#6842 = PCURVE('',#148,#6843);
#6843 = DEFINITIONAL_REPRESENTATION('',(#6844),#6858);
#6844 = B_SPLINE_CURVE_WITH_KNOTS('',3,(#6845,#6846,#6847,#6848,#6849,
    #6850,#6851,#6852,#6853,#6854,#6855,#6856,#6857),.UNSPECIFIED.,.F.,
  .F.,(4,1,1,1,1,1,1,1,1,1,4),(0.,0.186927563819,0.377660761138,
    0.572069250156,0.77014078192,0.971871396504,1.177259312061,
    1.386303573601,1.599003609573,1.815359050699,2.035369644546),
  .UNSPECIFIED.);
#6845 = CARTESIAN_POINT('',(8.220409368643,-4.552701611996));
#6846 = CARTESIAN_POINT('',(8.276995956271,-4.579358527169));
#6847 = CARTESIAN_POINT('',(8.39458756988,-4.624539748382));
#6848 = CARTESIAN_POINT('',(8.579512504362,-4.672493978045));
#6849 = CARTESIAN_POINT('',(8.770599770579,-4.708674259208));
#6850 = CARTESIAN_POINT('',(8.967205755373,-4.733676103603));
#6851 = CARTESIAN_POINT('',(9.168453129163,-4.74869479985));
#6852 = CARTESIAN_POINT('',(9.373839160178,-4.754222477954));
#6853 = CARTESIAN_POINT('',(9.582915096918,-4.750660731883));
#6854 = CARTESIAN_POINT('',(9.795311384554,-4.738264626166));
#6855 = CARTESIAN_POINT('',(10.010691560699,-4.717228908317));
#6856 = CARTESIAN_POINT('',(10.154867471599,-4.697680565088));
#6857 = CARTESIAN_POINT('',(10.227353356573,-4.686549191015));
#6858 = ( GEOMETRIC_REPRESENTATION_CONTEXT(2) 
PARAMETRIC_REPRESENTATION_CONTEXT() REPRESENTATION_CONTEXT('2D SPACE',''
  ) );
#6859 = PCURVE('',#3902,#6860);
#6860 = DEFINITIONAL_REPRESENTATION('',(#6861),#6865);
#6861 = LINE('',#6862,#6863);
#6862 = CARTESIAN_POINT('',(0.,0.));
#6863 = VECTOR('',#6864,1.);
#6864 = DIRECTION('',(1.,0.));
#6865 = ( GEOMETRIC_REPRESENTATION_CONTEXT(2) 
PARAMETRIC_REPRESENTATION_CONTEXT() REPRESENTATION_CONTEXT('2D SPACE',''
  ) );
#6866 = ORIENTED_EDGE('',*,*,#6867,.T.);
#6867 = EDGE_CURVE('',#6825,#6868,#6870,.T.);
#6868 = VERTEX_POINT('',#6869);
#6869 = CARTESIAN_POINT('',(10.545721625354,-3.917940198693,-4.));
#6870 = SURFACE_CURVE('',#6871,(#6876,#6883),.PCURVE_S1.);
#6871 = CIRCLE('',#6872,11.250000000019);
#6872 = AXIS2_PLACEMENT_3D('',#6873,#6874,#6875);
#6873 = CARTESIAN_POINT('',(-1.774309977503E-11,7.707087558323E-12,-4.)
  );
#6874 = DIRECTION('',(0.,0.,1.));
#6875 = DIRECTION('',(0.90909807614,-0.416582150312,0.));
#6876 = PCURVE('',#148,#6877);
#6877 = DEFINITIONAL_REPRESENTATION('',(#6878),#6882);
#6878 = CIRCLE('',#6879,11.250000000019);
#6879 = AXIS2_PLACEMENT_2D('',#6880,#6881);
#6880 = CARTESIAN_POINT('',(-1.774277929035E-11,7.709270438455E-12));
#6881 = DIRECTION('',(0.90909807614,-0.416582150312));
#6882 = ( GEOMETRIC_REPRESENTATION_CONTEXT(2) 
PARAMETRIC_REPRESENTATION_CONTEXT() REPRESENTATION_CONTEXT('2D SPACE',''
  ) );
#6883 = PCURVE('',#3947,#6884);
#6884 = DEFINITIONAL_REPRESENTATION('',(#6885),#6889);
#6885 = LINE('',#6886,#6887);
#6886 = CARTESIAN_POINT('',(-6.28318530718,0.));
#6887 = VECTOR('',#6888,1.);
#6888 = DIRECTION('',(-1.,0.));
#6889 = ( GEOMETRIC_REPRESENTATION_CONTEXT(2) 
PARAMETRIC_REPRESENTATION_CONTEXT() REPRESENTATION_CONTEXT('2D SPACE',''
  ) );
#6890 = ORIENTED_EDGE('',*,*,#6891,.F.);
#6891 = EDGE_CURVE('',#4075,#6868,#6892,.T.);
#6892 = SURFACE_CURVE('',#6893,(#6907,#6924),.PCURVE_S1.);
#6893 = B_SPLINE_CURVE_WITH_KNOTS('',3,(#6894,#6895,#6896,#6897,#6898,
    #6899,#6900,#6901,#6902,#6903,#6904,#6905,#6906),.UNSPECIFIED.,.F.,
  .F.,(4,1,1,1,1,1,1,1,1,1,4),(0.,0.186927563819,0.377660761138,
    0.572069250156,0.77014078192,0.971871396504,1.177259312061,
    1.386303573601,1.599003609573,1.815359050699,2.035369644546),
  .UNSPECIFIED.);
#6894 = CARTESIAN_POINT('',(9.031953391258,-2.593461026136,-4.));
#6895 = CARTESIAN_POINT('',(9.090815436579,-2.614624500488,-4.));
#6896 = CARTESIAN_POINT('',(9.205913211874,-2.665826379978,-4.));
#6897 = CARTESIAN_POINT('',(9.370583648038,-2.76267929418,-4.));
#6898 = CARTESIAN_POINT('',(9.531286071934,-2.872215073765,-4.));
#6899 = CARTESIAN_POINT('',(9.687986470718,-2.993557525121,-4.));
#6900 = CARTESIAN_POINT('',(9.840909675382,-3.125241085863,-4.));
#6901 = CARTESIAN_POINT('',(9.990048189344,-3.266562282483,-4.));
#6902 = CARTESIAN_POINT('',(10.135368667197,-3.416919829935,-4.));
#6903 = CARTESIAN_POINT('',(10.27679015207,-3.575872055634,-4.));
#6904 = CARTESIAN_POINT('',(10.414212436417,-3.743043337458,-4.));
#6905 = CARTESIAN_POINT('',(10.502337434641,-3.858813867796,-4.));
#6906 = CARTESIAN_POINT('',(10.545721625354,-3.917940198693,-4.));
#6907 = PCURVE('',#148,#6908);
#6908 = DEFINITIONAL_REPRESENTATION('',(#6909),#6923);
#6909 = B_SPLINE_CURVE_WITH_KNOTS('',3,(#6910,#6911,#6912,#6913,#6914,
    #6915,#6916,#6917,#6918,#6919,#6920,#6921,#6922),.UNSPECIFIED.,.F.,
  .F.,(4,1,1,1,1,1,1,1,1,1,4),(0.,0.186927563819,0.377660761138,
    0.572069250156,0.77014078192,0.971871396504,1.177259312061,
    1.386303573601,1.599003609573,1.815359050699,2.035369644546),
  .UNSPECIFIED.);
#6910 = CARTESIAN_POINT('',(9.031953391258,-2.593461026136));
#6911 = CARTESIAN_POINT('',(9.090815436579,-2.614624500488));
#6912 = CARTESIAN_POINT('',(9.205913211874,-2.665826379978));
#6913 = CARTESIAN_POINT('',(9.370583648038,-2.76267929418));
#6914 = CARTESIAN_POINT('',(9.531286071934,-2.872215073765));
#6915 = CARTESIAN_POINT('',(9.687986470718,-2.993557525121));
#6916 = CARTESIAN_POINT('',(9.840909675382,-3.125241085863));
#6917 = CARTESIAN_POINT('',(9.990048189344,-3.266562282483));
#6918 = CARTESIAN_POINT('',(10.135368667197,-3.416919829935));
#6919 = CARTESIAN_POINT('',(10.27679015207,-3.575872055634));
#6920 = CARTESIAN_POINT('',(10.414212436417,-3.743043337458));
#6921 = CARTESIAN_POINT('',(10.502337434641,-3.858813867796));
#6922 = CARTESIAN_POINT('',(10.545721625354,-3.917940198693));
#6923 = ( GEOMETRIC_REPRESENTATION_CONTEXT(2) 
PARAMETRIC_REPRESENTATION_CONTEXT() REPRESENTATION_CONTEXT('2D SPACE',''
  ) );
#6924 = PCURVE('',#3995,#6925);
#6925 = DEFINITIONAL_REPRESENTATION('',(#6926),#6930);
#6926 = LINE('',#6927,#6928);
#6927 = CARTESIAN_POINT('',(0.,0.));
#6928 = VECTOR('',#6929,1.);
#6929 = DIRECTION('',(1.,0.));
#6930 = ( GEOMETRIC_REPRESENTATION_CONTEXT(2) 
PARAMETRIC_REPRESENTATION_CONTEXT() REPRESENTATION_CONTEXT('2D SPACE',''
  ) );
#6931 = ORIENTED_EDGE('',*,*,#4099,.T.);
#6932 = ORIENTED_EDGE('',*,*,#133,.T.);
#6933 = FACE_BOUND('',#6934,.F.);
#6934 = EDGE_LOOP('',(#6935,#6966));
#6935 = ORIENTED_EDGE('',*,*,#6936,.F.);
#6936 = EDGE_CURVE('',#6937,#6939,#6941,.T.);
#6937 = VERTEX_POINT('',#6938);
#6938 = CARTESIAN_POINT('',(2.,1.581929201956,-4.));
#6939 = VERTEX_POINT('',#6940);
#6940 = CARTESIAN_POINT('',(2.,-1.581929201956,-4.));
#6941 = SURFACE_CURVE('',#6942,(#6947,#6954),.PCURVE_S1.);
#6942 = CIRCLE('',#6943,2.55);
#6943 = AXIS2_PLACEMENT_3D('',#6944,#6945,#6946);
#6944 = CARTESIAN_POINT('',(0.,0.,-4.));
#6945 = DIRECTION('',(0.,0.,1.));
#6946 = DIRECTION('',(1.,0.,-0.));
#6947 = PCURVE('',#148,#6948);
#6948 = DEFINITIONAL_REPRESENTATION('',(#6949),#6953);
#6949 = CIRCLE('',#6950,2.55);
#6950 = AXIS2_PLACEMENT_2D('',#6951,#6952);
#6951 = CARTESIAN_POINT('',(3.204846711808E-16,2.182880132062E-15));
#6952 = DIRECTION('',(1.,0.));
#6953 = ( GEOMETRIC_REPRESENTATION_CONTEXT(2) 
PARAMETRIC_REPRESENTATION_CONTEXT() REPRESENTATION_CONTEXT('2D SPACE',''
  ) );
#6954 = PCURVE('',#6955,#6960);
#6955 = CYLINDRICAL_SURFACE('',#6956,2.55);
#6956 = AXIS2_PLACEMENT_3D('',#6957,#6958,#6959);
#6957 = CARTESIAN_POINT('',(0.,0.,-15.));
#6958 = DIRECTION('',(0.,0.,1.));
#6959 = DIRECTION('',(1.,0.,-0.));
#6960 = DEFINITIONAL_REPRESENTATION('',(#6961),#6965);
#6961 = LINE('',#6962,#6963);
#6962 = CARTESIAN_POINT('',(0.,11.));
#6963 = VECTOR('',#6964,1.);
#6964 = DIRECTION('',(1.,0.));
#6965 = ( GEOMETRIC_REPRESENTATION_CONTEXT(2) 
PARAMETRIC_REPRESENTATION_CONTEXT() REPRESENTATION_CONTEXT('2D SPACE',''
  ) );
#6966 = ORIENTED_EDGE('',*,*,#6967,.F.);
#6967 = EDGE_CURVE('',#6939,#6937,#6968,.T.);
#6968 = SURFACE_CURVE('',#6969,(#6973,#6979),.PCURVE_S1.);
#6969 = LINE('',#6970,#6971);
#6970 = CARTESIAN_POINT('',(2.,-2.5,-4.));
#6971 = VECTOR('',#6972,1.);
#6972 = DIRECTION('',(-0.,1.,0.));
#6973 = PCURVE('',#148,#6974);
#6974 = DEFINITIONAL_REPRESENTATION('',(#6975),#6978);
#6975 = B_SPLINE_CURVE_WITH_KNOTS('',1,(#6976,#6977),.UNSPECIFIED.,.F.,
  .F.,(2,2),(0.918070798044,4.081929201956),.PIECEWISE_BEZIER_KNOTS.);
#6976 = CARTESIAN_POINT('',(2.,-1.581929201956));
#6977 = CARTESIAN_POINT('',(2.,1.581929201956));
#6978 = ( GEOMETRIC_REPRESENTATION_CONTEXT(2) 
PARAMETRIC_REPRESENTATION_CONTEXT() REPRESENTATION_CONTEXT('2D SPACE',''
  ) );
#6979 = PCURVE('',#6980,#6985);
#6980 = PLANE('',#6981);
#6981 = AXIS2_PLACEMENT_3D('',#6982,#6983,#6984);
#6982 = CARTESIAN_POINT('',(2.,-5.,-15.5));
#6983 = DIRECTION('',(1.,0.,-0.));
#6984 = DIRECTION('',(0.,0.,1.));
#6985 = DEFINITIONAL_REPRESENTATION('',(#6986),#6989);
#6986 = B_SPLINE_CURVE_WITH_KNOTS('',1,(#6987,#6988),.UNSPECIFIED.,.F.,
  .F.,(2,2),(0.918070798044,4.081929201956),.PIECEWISE_BEZIER_KNOTS.);
#6987 = CARTESIAN_POINT('',(11.5,-3.418070798044));
#6988 = CARTESIAN_POINT('',(11.5,-6.581929201956));
#6989 = ( GEOMETRIC_REPRESENTATION_CONTEXT(2) 
PARAMETRIC_REPRESENTATION_CONTEXT() REPRESENTATION_CONTEXT('2D SPACE',''
  ) );
#6990 = ADVANCED_FACE('',(#6991),#181,.F.);
#6991 = FACE_BOUND('',#6992,.F.);
#6992 = EDGE_LOOP('',(#6993,#6994,#6995,#7015));
#6993 = ORIENTED_EDGE('',*,*,#163,.T.);
#6994 = ORIENTED_EDGE('',*,*,#253,.T.);
#6995 = ORIENTED_EDGE('',*,*,#6996,.F.);
#6996 = EDGE_CURVE('',#4125,#254,#6997,.T.);
#6997 = SURFACE_CURVE('',#6998,(#7002,#7009),.PCURVE_S1.);
#6998 = LINE('',#6999,#7000);
#6999 = CARTESIAN_POINT('',(11.242307168263,-0.415968189182,-4.));
#7000 = VECTOR('',#7001,1.);
#7001 = DIRECTION('',(0.,0.,1.));
#7002 = PCURVE('',#181,#7003);
#7003 = DEFINITIONAL_REPRESENTATION('',(#7004),#7008);
#7004 = LINE('',#7005,#7006);
#7005 = CARTESIAN_POINT('',(2.035369644546,0.));
#7006 = VECTOR('',#7007,1.);
#7007 = DIRECTION('',(0.,-1.));
#7008 = ( GEOMETRIC_REPRESENTATION_CONTEXT(2) 
PARAMETRIC_REPRESENTATION_CONTEXT() REPRESENTATION_CONTEXT('2D SPACE',''
  ) );
#7009 = PCURVE('',#317,#7010);
#7010 = DEFINITIONAL_REPRESENTATION('',(#7011),#7014);
#7011 = B_SPLINE_CURVE_WITH_KNOTS('',1,(#7012,#7013),.UNSPECIFIED.,.F.,
  .F.,(2,2),(0.,8.),.PIECEWISE_BEZIER_KNOTS.);
#7012 = CARTESIAN_POINT('',(-6.28318530718,0.));
#7013 = CARTESIAN_POINT('',(-6.28318530718,-8.));
#7014 = ( GEOMETRIC_REPRESENTATION_CONTEXT(2) 
PARAMETRIC_REPRESENTATION_CONTEXT() REPRESENTATION_CONTEXT('2D SPACE',''
  ) );
#7015 = ORIENTED_EDGE('',*,*,#4124,.F.);
#7016 = ADVANCED_FACE('',(#7017),#3995,.T.);
#7017 = FACE_BOUND('',#7018,.T.);
#7018 = EDGE_LOOP('',(#7019,#7020,#7021,#7041));
#7019 = ORIENTED_EDGE('',*,*,#4074,.T.);
#7020 = ORIENTED_EDGE('',*,*,#3959,.T.);
#7021 = ORIENTED_EDGE('',*,*,#7022,.F.);
#7022 = EDGE_CURVE('',#6868,#3927,#7023,.T.);
#7023 = SURFACE_CURVE('',#7024,(#7028,#7035),.PCURVE_S1.);
#7024 = LINE('',#7025,#7026);
#7025 = CARTESIAN_POINT('',(10.545721625354,-3.917940198693,-4.));
#7026 = VECTOR('',#7027,1.);
#7027 = DIRECTION('',(0.,0.,1.));
#7028 = PCURVE('',#3995,#7029);
#7029 = DEFINITIONAL_REPRESENTATION('',(#7030),#7034);
#7030 = LINE('',#7031,#7032);
#7031 = CARTESIAN_POINT('',(2.035369644546,0.));
#7032 = VECTOR('',#7033,1.);
#7033 = DIRECTION('',(0.,-1.));
#7034 = ( GEOMETRIC_REPRESENTATION_CONTEXT(2) 
PARAMETRIC_REPRESENTATION_CONTEXT() REPRESENTATION_CONTEXT('2D SPACE',''
  ) );
#7035 = PCURVE('',#3947,#7036);
#7036 = DEFINITIONAL_REPRESENTATION('',(#7037),#7040);
#7037 = B_SPLINE_CURVE_WITH_KNOTS('',1,(#7038,#7039),.UNSPECIFIED.,.F.,
  .F.,(2,2),(0.,8.),.PIECEWISE_BEZIER_KNOTS.);
#7038 = CARTESIAN_POINT('',(-6.357152067917,0.));
#7039 = CARTESIAN_POINT('',(-6.357152067917,-8.));
#7040 = ( GEOMETRIC_REPRESENTATION_CONTEXT(2) 
PARAMETRIC_REPRESENTATION_CONTEXT() REPRESENTATION_CONTEXT('2D SPACE',''
  ) );
#7041 = ORIENTED_EDGE('',*,*,#6891,.F.);
#7042 = ADVANCED_FACE('',(#7043),#317,.T.);
#7043 = FACE_BOUND('',#7044,.F.);
#7044 = EDGE_LOOP('',(#7045,#7046,#7047,#7067));
#7045 = ORIENTED_EDGE('',*,*,#6996,.T.);
#7046 = ORIENTED_EDGE('',*,*,#296,.F.);
#7047 = ORIENTED_EDGE('',*,*,#7048,.F.);
#7048 = EDGE_CURVE('',#4168,#297,#7049,.T.);
#7049 = SURFACE_CURVE('',#7050,(#7054,#7060),.PCURVE_S1.);
#7050 = LINE('',#7051,#7052);
#7051 = CARTESIAN_POINT('',(11.242307168263,0.415968189182,-4.));
#7052 = VECTOR('',#7053,1.);
#7053 = DIRECTION('',(0.,0.,1.));
#7054 = PCURVE('',#317,#7055);
#7055 = DEFINITIONAL_REPRESENTATION('',(#7056),#7059);
#7056 = B_SPLINE_CURVE_WITH_KNOTS('',1,(#7057,#7058),.UNSPECIFIED.,.F.,
  .F.,(2,2),(0.,8.),.PIECEWISE_BEZIER_KNOTS.);
#7057 = CARTESIAN_POINT('',(-6.357152067917,0.));
#7058 = CARTESIAN_POINT('',(-6.357152067917,-8.));
#7059 = ( GEOMETRIC_REPRESENTATION_CONTEXT(2) 
PARAMETRIC_REPRESENTATION_CONTEXT() REPRESENTATION_CONTEXT('2D SPACE',''
  ) );
#7060 = PCURVE('',#365,#7061);
#7061 = DEFINITIONAL_REPRESENTATION('',(#7062),#7066);
#7062 = LINE('',#7063,#7064);
#7063 = CARTESIAN_POINT('',(2.035369644546,0.));
#7064 = VECTOR('',#7065,1.);
#7065 = DIRECTION('',(0.,-1.));
#7066 = ( GEOMETRIC_REPRESENTATION_CONTEXT(2) 
PARAMETRIC_REPRESENTATION_CONTEXT() REPRESENTATION_CONTEXT('2D SPACE',''
  ) );
#7067 = ORIENTED_EDGE('',*,*,#4167,.F.);
#7068 = ADVANCED_FACE('',(#7069),#3947,.T.);
#7069 = FACE_BOUND('',#7070,.F.);
#7070 = EDGE_LOOP('',(#7071,#7091,#7092,#7093));
#7071 = ORIENTED_EDGE('',*,*,#7072,.T.);
#7072 = EDGE_CURVE('',#6825,#3867,#7073,.T.);
#7073 = SURFACE_CURVE('',#7074,(#7078,#7084),.PCURVE_S1.);
#7074 = LINE('',#7075,#7076);
#7075 = CARTESIAN_POINT('',(10.227353356573,-4.686549191015,-4.));
#7076 = VECTOR('',#7077,1.);
#7077 = DIRECTION('',(0.,0.,1.));
#7078 = PCURVE('',#3947,#7079);
#7079 = DEFINITIONAL_REPRESENTATION('',(#7080),#7083);
#7080 = B_SPLINE_CURVE_WITH_KNOTS('',1,(#7081,#7082),.UNSPECIFIED.,.F.,
  .F.,(2,2),(0.,8.),.PIECEWISE_BEZIER_KNOTS.);
#7081 = CARTESIAN_POINT('',(-6.28318530718,0.));
#7082 = CARTESIAN_POINT('',(-6.28318530718,-8.));
#7083 = ( GEOMETRIC_REPRESENTATION_CONTEXT(2) 
PARAMETRIC_REPRESENTATION_CONTEXT() REPRESENTATION_CONTEXT('2D SPACE',''
  ) );
#7084 = PCURVE('',#3902,#7085);
#7085 = DEFINITIONAL_REPRESENTATION('',(#7086),#7090);
#7086 = LINE('',#7087,#7088);
#7087 = CARTESIAN_POINT('',(2.035369644546,0.));
#7088 = VECTOR('',#7089,1.);
#7089 = DIRECTION('',(0.,-1.));
#7090 = ( GEOMETRIC_REPRESENTATION_CONTEXT(2) 
PARAMETRIC_REPRESENTATION_CONTEXT() REPRESENTATION_CONTEXT('2D SPACE',''
  ) );
#7091 = ORIENTED_EDGE('',*,*,#3926,.F.);
#7092 = ORIENTED_EDGE('',*,*,#7022,.F.);
#7093 = ORIENTED_EDGE('',*,*,#6867,.F.);
#7094 = ADVANCED_FACE('',(#7095),#365,.T.);
#7095 = FACE_BOUND('',#7096,.T.);
#7096 = EDGE_LOOP('',(#7097,#7118,#7119,#7120));
#7097 = ORIENTED_EDGE('',*,*,#7098,.T.);
#7098 = EDGE_CURVE('',#4192,#330,#7099,.T.);
#7099 = SURFACE_CURVE('',#7100,(#7104,#7111),.PCURVE_S1.);
#7100 = LINE('',#7101,#7102);
#7101 = CARTESIAN_POINT('',(9.336911443966,1.060333364315,-4.));
#7102 = VECTOR('',#7103,1.);
#7103 = DIRECTION('',(0.,0.,1.));
#7104 = PCURVE('',#365,#7105);
#7105 = DEFINITIONAL_REPRESENTATION('',(#7106),#7110);
#7106 = LINE('',#7107,#7108);
#7107 = CARTESIAN_POINT('',(0.,0.));
#7108 = VECTOR('',#7109,1.);
#7109 = DIRECTION('',(0.,-1.));
#7110 = ( GEOMETRIC_REPRESENTATION_CONTEXT(2) 
PARAMETRIC_REPRESENTATION_CONTEXT() REPRESENTATION_CONTEXT('2D SPACE',''
  ) );
#7111 = PCURVE('',#405,#7112);
#7112 = DEFINITIONAL_REPRESENTATION('',(#7113),#7117);
#7113 = LINE('',#7114,#7115);
#7114 = CARTESIAN_POINT('',(0.,0.));
#7115 = VECTOR('',#7116,1.);
#7116 = DIRECTION('',(0.,-1.));
#7117 = ( GEOMETRIC_REPRESENTATION_CONTEXT(2) 
PARAMETRIC_REPRESENTATION_CONTEXT() REPRESENTATION_CONTEXT('2D SPACE',''
  ) );
#7118 = ORIENTED_EDGE('',*,*,#329,.T.);
#7119 = ORIENTED_EDGE('',*,*,#7048,.F.);
#7120 = ORIENTED_EDGE('',*,*,#4191,.F.);
#7121 = ADVANCED_FACE('',(#7122),#3902,.F.);
#7122 = FACE_BOUND('',#7123,.F.);
#7123 = EDGE_LOOP('',(#7124,#7145,#7146,#7147));
#7124 = ORIENTED_EDGE('',*,*,#7125,.T.);
#7125 = EDGE_CURVE('',#6802,#3839,#7126,.T.);
#7126 = SURFACE_CURVE('',#7127,(#7131,#7138),.PCURVE_S1.);
#7127 = LINE('',#7128,#7129);
#7128 = CARTESIAN_POINT('',(8.220409368643,-4.552701611996,-4.));
#7129 = VECTOR('',#7130,1.);
#7130 = DIRECTION('',(0.,0.,1.));
#7131 = PCURVE('',#3902,#7132);
#7132 = DEFINITIONAL_REPRESENTATION('',(#7133),#7137);
#7133 = LINE('',#7134,#7135);
#7134 = CARTESIAN_POINT('',(0.,0.));
#7135 = VECTOR('',#7136,1.);
#7136 = DIRECTION('',(0.,-1.));
#7137 = ( GEOMETRIC_REPRESENTATION_CONTEXT(2) 
PARAMETRIC_REPRESENTATION_CONTEXT() REPRESENTATION_CONTEXT('2D SPACE',''
  ) );
#7138 = PCURVE('',#3854,#7139);
#7139 = DEFINITIONAL_REPRESENTATION('',(#7140),#7144);
#7140 = LINE('',#7141,#7142);
#7141 = CARTESIAN_POINT('',(0.,0.));
#7142 = VECTOR('',#7143,1.);
#7143 = DIRECTION('',(0.,-1.));
#7144 = ( GEOMETRIC_REPRESENTATION_CONTEXT(2) 
PARAMETRIC_REPRESENTATION_CONTEXT() REPRESENTATION_CONTEXT('2D SPACE',''
  ) );
#7145 = ORIENTED_EDGE('',*,*,#3866,.T.);
#7146 = ORIENTED_EDGE('',*,*,#7072,.F.);
#7147 = ORIENTED_EDGE('',*,*,#6824,.F.);
#7148 = ADVANCED_FACE('',(#7149),#405,.F.);
#7149 = FACE_BOUND('',#7150,.F.);
#7150 = EDGE_LOOP('',(#7151,#7152,#7153,#7173));
#7151 = ORIENTED_EDGE('',*,*,#7098,.T.);
#7152 = ORIENTED_EDGE('',*,*,#389,.T.);
#7153 = ORIENTED_EDGE('',*,*,#7154,.F.);
#7154 = EDGE_CURVE('',#4235,#390,#7155,.T.);
#7155 = SURFACE_CURVE('',#7156,(#7160,#7167),.PCURVE_S1.);
#7156 = LINE('',#7157,#7158);
#7157 = CARTESIAN_POINT('',(8.383612743769,0.952073323075,-4.));
#7158 = VECTOR('',#7159,1.);
#7159 = DIRECTION('',(0.,0.,1.));
#7160 = PCURVE('',#405,#7161);
#7161 = DEFINITIONAL_REPRESENTATION('',(#7162),#7166);
#7162 = LINE('',#7163,#7164);
#7163 = CARTESIAN_POINT('',(0.959426207859,0.));
#7164 = VECTOR('',#7165,1.);
#7165 = DIRECTION('',(0.,-1.));
#7166 = ( GEOMETRIC_REPRESENTATION_CONTEXT(2) 
PARAMETRIC_REPRESENTATION_CONTEXT() REPRESENTATION_CONTEXT('2D SPACE',''
  ) );
#7167 = PCURVE('',#438,#7168);
#7168 = DEFINITIONAL_REPRESENTATION('',(#7169),#7172);
#7169 = B_SPLINE_CURVE_WITH_KNOTS('',1,(#7170,#7171),.UNSPECIFIED.,.F.,
  .F.,(2,2),(0.,8.),.PIECEWISE_BEZIER_KNOTS.);
#7170 = CARTESIAN_POINT('',(-6.28318530718,0.));
#7171 = CARTESIAN_POINT('',(-6.28318530718,-8.));
#7172 = ( GEOMETRIC_REPRESENTATION_CONTEXT(2) 
PARAMETRIC_REPRESENTATION_CONTEXT() REPRESENTATION_CONTEXT('2D SPACE',''
  ) );
#7173 = ORIENTED_EDGE('',*,*,#4234,.F.);
#7174 = ADVANCED_FACE('',(#7175),#3854,.T.);
#7175 = FACE_BOUND('',#7176,.T.);
#7176 = EDGE_LOOP('',(#7177,#7178,#7179,#7199));
#7177 = ORIENTED_EDGE('',*,*,#7125,.T.);
#7178 = ORIENTED_EDGE('',*,*,#3838,.T.);
#7179 = ORIENTED_EDGE('',*,*,#7180,.F.);
#7180 = EDGE_CURVE('',#6778,#3806,#7181,.T.);
#7181 = SURFACE_CURVE('',#7182,(#7186,#7193),.PCURVE_S1.);
#7182 = LINE('',#7183,#7184);
#7183 = CARTESIAN_POINT('',(7.381105535331,-4.087870757045,-4.));
#7184 = VECTOR('',#7185,1.);
#7185 = DIRECTION('',(0.,0.,1.));
#7186 = PCURVE('',#3854,#7187);
#7187 = DEFINITIONAL_REPRESENTATION('',(#7188),#7192);
#7188 = LINE('',#7189,#7190);
#7189 = CARTESIAN_POINT('',(0.959426207859,0.));
#7190 = VECTOR('',#7191,1.);
#7191 = DIRECTION('',(0.,-1.));
#7192 = ( GEOMETRIC_REPRESENTATION_CONTEXT(2) 
PARAMETRIC_REPRESENTATION_CONTEXT() REPRESENTATION_CONTEXT('2D SPACE',''
  ) );
#7193 = PCURVE('',#3826,#7194);
#7194 = DEFINITIONAL_REPRESENTATION('',(#7195),#7198);
#7195 = B_SPLINE_CURVE_WITH_KNOTS('',1,(#7196,#7197),.UNSPECIFIED.,.F.,
  .F.,(2,2),(0.,8.),.PIECEWISE_BEZIER_KNOTS.);
#7196 = CARTESIAN_POINT('',(-6.449726080294,0.));
#7197 = CARTESIAN_POINT('',(-6.449726080294,-8.));
#7198 = ( GEOMETRIC_REPRESENTATION_CONTEXT(2) 
PARAMETRIC_REPRESENTATION_CONTEXT() REPRESENTATION_CONTEXT('2D SPACE',''
  ) );
#7199 = ORIENTED_EDGE('',*,*,#6801,.F.);
#7200 = ADVANCED_FACE('',(#7201),#438,.T.);
#7201 = FACE_BOUND('',#7202,.F.);
#7202 = EDGE_LOOP('',(#7203,#7204,#7205,#7225));
#7203 = ORIENTED_EDGE('',*,*,#7154,.T.);
#7204 = ORIENTED_EDGE('',*,*,#417,.F.);
#7205 = ORIENTED_EDGE('',*,*,#7206,.F.);
#7206 = EDGE_CURVE('',#4258,#418,#7207,.T.);
#7207 = SURFACE_CURVE('',#7208,(#7212,#7218),.PCURVE_S1.);
#7208 = LINE('',#7209,#7210);
#7209 = CARTESIAN_POINT('',(8.109790909607,2.328668643766,-4.));
#7210 = VECTOR('',#7211,1.);
#7211 = DIRECTION('',(0.,0.,1.));
#7212 = PCURVE('',#438,#7213);
#7213 = DEFINITIONAL_REPRESENTATION('',(#7214),#7217);
#7214 = B_SPLINE_CURVE_WITH_KNOTS('',1,(#7215,#7216),.UNSPECIFIED.,.F.,
  .F.,(2,2),(0.,8.),.PIECEWISE_BEZIER_KNOTS.);
#7215 = CARTESIAN_POINT('',(-6.449726080294,0.));
#7216 = CARTESIAN_POINT('',(-6.449726080294,-8.));
#7217 = ( GEOMETRIC_REPRESENTATION_CONTEXT(2) 
PARAMETRIC_REPRESENTATION_CONTEXT() REPRESENTATION_CONTEXT('2D SPACE',''
  ) );
#7218 = PCURVE('',#466,#7219);
#7219 = DEFINITIONAL_REPRESENTATION('',(#7220),#7224);
#7220 = LINE('',#7221,#7222);
#7221 = CARTESIAN_POINT('',(0.959426207859,0.));
#7222 = VECTOR('',#7223,1.);
#7223 = DIRECTION('',(0.,-1.));
#7224 = ( GEOMETRIC_REPRESENTATION_CONTEXT(2) 
PARAMETRIC_REPRESENTATION_CONTEXT() REPRESENTATION_CONTEXT('2D SPACE',''
  ) );
#7225 = ORIENTED_EDGE('',*,*,#4257,.F.);
#7226 = ADVANCED_FACE('',(#7227),#3826,.T.);
#7227 = FACE_BOUND('',#7228,.F.);
#7228 = EDGE_LOOP('',(#7229,#7249,#7250,#7251));
#7229 = ORIENTED_EDGE('',*,*,#7230,.T.);
#7230 = EDGE_CURVE('',#6755,#3778,#7231,.T.);
#7231 = SURFACE_CURVE('',#7232,(#7236,#7242),.PCURVE_S1.);
#7232 = LINE('',#7233,#7234);
#7233 = CARTESIAN_POINT('',(6.601326924895,-5.254891919028,-4.));
#7234 = VECTOR('',#7235,1.);
#7235 = DIRECTION('',(0.,0.,1.));
#7236 = PCURVE('',#3826,#7237);
#7237 = DEFINITIONAL_REPRESENTATION('',(#7238),#7241);
#7238 = B_SPLINE_CURVE_WITH_KNOTS('',1,(#7239,#7240),.UNSPECIFIED.,.F.,
  .F.,(2,2),(0.,8.),.PIECEWISE_BEZIER_KNOTS.);
#7239 = CARTESIAN_POINT('',(-6.28318530718,0.));
#7240 = CARTESIAN_POINT('',(-6.28318530718,-8.));
#7241 = ( GEOMETRIC_REPRESENTATION_CONTEXT(2) 
PARAMETRIC_REPRESENTATION_CONTEXT() REPRESENTATION_CONTEXT('2D SPACE',''
  ) );
#7242 = PCURVE('',#3793,#7243);
#7243 = DEFINITIONAL_REPRESENTATION('',(#7244),#7248);
#7244 = LINE('',#7245,#7246);
#7245 = CARTESIAN_POINT('',(0.959426207859,0.));
#7246 = VECTOR('',#7247,1.);
#7247 = DIRECTION('',(0.,-1.));
#7248 = ( GEOMETRIC_REPRESENTATION_CONTEXT(2) 
PARAMETRIC_REPRESENTATION_CONTEXT() REPRESENTATION_CONTEXT('2D SPACE',''
  ) );
#7249 = ORIENTED_EDGE('',*,*,#3805,.F.);
#7250 = ORIENTED_EDGE('',*,*,#7180,.F.);
#7251 = ORIENTED_EDGE('',*,*,#6777,.F.);
#7252 = ADVANCED_FACE('',(#7253),#466,.T.);
#7253 = FACE_BOUND('',#7254,.T.);
#7254 = EDGE_LOOP('',(#7255,#7276,#7277,#7278));
#7255 = ORIENTED_EDGE('',*,*,#7256,.T.);
#7256 = EDGE_CURVE('',#4282,#451,#7257,.T.);
#7257 = SURFACE_CURVE('',#7258,(#7262,#7269),.PCURVE_S1.);
#7258 = LINE('',#7259,#7260);
#7259 = CARTESIAN_POINT('',(9.031953391258,2.593461026136,-4.));
#7260 = VECTOR('',#7261,1.);
#7261 = DIRECTION('',(0.,0.,1.));
#7262 = PCURVE('',#466,#7263);
#7263 = DEFINITIONAL_REPRESENTATION('',(#7264),#7268);
#7264 = LINE('',#7265,#7266);
#7265 = CARTESIAN_POINT('',(0.,0.));
#7266 = VECTOR('',#7267,1.);
#7267 = DIRECTION('',(0.,-1.));
#7268 = ( GEOMETRIC_REPRESENTATION_CONTEXT(2) 
PARAMETRIC_REPRESENTATION_CONTEXT() REPRESENTATION_CONTEXT('2D SPACE',''
  ) );
#7269 = PCURVE('',#514,#7270);
#7270 = DEFINITIONAL_REPRESENTATION('',(#7271),#7275);
#7271 = LINE('',#7272,#7273);
#7272 = CARTESIAN_POINT('',(0.,0.));
#7273 = VECTOR('',#7274,1.);
#7274 = DIRECTION('',(0.,-1.));
#7275 = ( GEOMETRIC_REPRESENTATION_CONTEXT(2) 
PARAMETRIC_REPRESENTATION_CONTEXT() REPRESENTATION_CONTEXT('2D SPACE',''
  ) );
#7276 = ORIENTED_EDGE('',*,*,#450,.T.);
#7277 = ORIENTED_EDGE('',*,*,#7206,.F.);
#7278 = ORIENTED_EDGE('',*,*,#4281,.F.);
#7279 = ADVANCED_FACE('',(#7280),#3793,.F.);
#7280 = FACE_BOUND('',#7281,.F.);
#7281 = EDGE_LOOP('',(#7282,#7303,#7304,#7305));
#7282 = ORIENTED_EDGE('',*,*,#7283,.T.);
#7283 = EDGE_CURVE('',#6712,#3718,#7284,.T.);
#7284 = SURFACE_CURVE('',#7285,(#7289,#7296),.PCURVE_S1.);
#7285 = LINE('',#7286,#7287);
#7286 = CARTESIAN_POINT('',(7.351962309593,-5.852424485141,-4.));
#7287 = VECTOR('',#7288,1.);
#7288 = DIRECTION('',(0.,0.,1.));
#7289 = PCURVE('',#3793,#7290);
#7290 = DEFINITIONAL_REPRESENTATION('',(#7291),#7295);
#7291 = LINE('',#7292,#7293);
#7292 = CARTESIAN_POINT('',(0.,0.));
#7293 = VECTOR('',#7294,1.);
#7294 = DIRECTION('',(0.,-1.));
#7295 = ( GEOMETRIC_REPRESENTATION_CONTEXT(2) 
PARAMETRIC_REPRESENTATION_CONTEXT() REPRESENTATION_CONTEXT('2D SPACE',''
  ) );
#7296 = PCURVE('',#3753,#7297);
#7297 = DEFINITIONAL_REPRESENTATION('',(#7298),#7302);
#7298 = LINE('',#7299,#7300);
#7299 = CARTESIAN_POINT('',(0.,0.));
#7300 = VECTOR('',#7301,1.);
#7301 = DIRECTION('',(0.,-1.));
#7302 = ( GEOMETRIC_REPRESENTATION_CONTEXT(2) 
PARAMETRIC_REPRESENTATION_CONTEXT() REPRESENTATION_CONTEXT('2D SPACE',''
  ) );
#7303 = ORIENTED_EDGE('',*,*,#3777,.T.);
#7304 = ORIENTED_EDGE('',*,*,#7230,.F.);
#7305 = ORIENTED_EDGE('',*,*,#6754,.F.);
#7306 = ADVANCED_FACE('',(#7307),#514,.F.);
#7307 = FACE_BOUND('',#7308,.F.);
#7308 = EDGE_LOOP('',(#7309,#7310,#7311,#7331));
#7309 = ORIENTED_EDGE('',*,*,#7256,.T.);
#7310 = ORIENTED_EDGE('',*,*,#478,.T.);
#7311 = ORIENTED_EDGE('',*,*,#7312,.F.);
#7312 = EDGE_CURVE('',#4305,#479,#7313,.T.);
#7313 = SURFACE_CURVE('',#7314,(#7318,#7325),.PCURVE_S1.);
#7314 = LINE('',#7315,#7316);
#7315 = CARTESIAN_POINT('',(10.545721625354,3.917940198693,-4.));
#7316 = VECTOR('',#7317,1.);
#7317 = DIRECTION('',(0.,0.,1.));
#7318 = PCURVE('',#514,#7319);
#7319 = DEFINITIONAL_REPRESENTATION('',(#7320),#7324);
#7320 = LINE('',#7321,#7322);
#7321 = CARTESIAN_POINT('',(2.035369644546,0.));
#7322 = VECTOR('',#7323,1.);
#7323 = DIRECTION('',(0.,-1.));
#7324 = ( GEOMETRIC_REPRESENTATION_CONTEXT(2) 
PARAMETRIC_REPRESENTATION_CONTEXT() REPRESENTATION_CONTEXT('2D SPACE',''
  ) );
#7325 = PCURVE('',#559,#7326);
#7326 = DEFINITIONAL_REPRESENTATION('',(#7327),#7330);
#7327 = B_SPLINE_CURVE_WITH_KNOTS('',1,(#7328,#7329),.UNSPECIFIED.,.F.,
  .F.,(2,2),(0.,8.),.PIECEWISE_BEZIER_KNOTS.);
#7328 = CARTESIAN_POINT('',(-6.28318530718,0.));
#7329 = CARTESIAN_POINT('',(-6.28318530718,-8.));
#7330 = ( GEOMETRIC_REPRESENTATION_CONTEXT(2) 
PARAMETRIC_REPRESENTATION_CONTEXT() REPRESENTATION_CONTEXT('2D SPACE',''
  ) );
#7331 = ORIENTED_EDGE('',*,*,#4304,.F.);
#7332 = ADVANCED_FACE('',(#7333),#3753,.T.);
#7333 = FACE_BOUND('',#7334,.T.);
#7334 = EDGE_LOOP('',(#7335,#7336,#7337,#7357));
#7335 = ORIENTED_EDGE('',*,*,#7283,.T.);
#7336 = ORIENTED_EDGE('',*,*,#3717,.T.);
#7337 = ORIENTED_EDGE('',*,*,#7338,.F.);
#7338 = EDGE_CURVE('',#6688,#3685,#7339,.T.);
#7339 = SURFACE_CURVE('',#7340,(#7344,#7351),.PCURVE_S1.);
#7340 = LINE('',#7341,#7342);
#7341 = CARTESIAN_POINT('',(8.24364556219,-7.655377707533,-4.));
#7342 = VECTOR('',#7343,1.);
#7343 = DIRECTION('',(0.,0.,1.));
#7344 = PCURVE('',#3753,#7345);
#7345 = DEFINITIONAL_REPRESENTATION('',(#7346),#7350);
#7346 = LINE('',#7347,#7348);
#7347 = CARTESIAN_POINT('',(2.035369644546,0.));
#7348 = VECTOR('',#7349,1.);
#7349 = DIRECTION('',(0.,-1.));
#7350 = ( GEOMETRIC_REPRESENTATION_CONTEXT(2) 
PARAMETRIC_REPRESENTATION_CONTEXT() REPRESENTATION_CONTEXT('2D SPACE',''
  ) );
#7351 = PCURVE('',#3705,#7352);
#7352 = DEFINITIONAL_REPRESENTATION('',(#7353),#7356);
#7353 = B_SPLINE_CURVE_WITH_KNOTS('',1,(#7354,#7355),.UNSPECIFIED.,.F.,
  .F.,(2,2),(0.,8.),.PIECEWISE_BEZIER_KNOTS.);
#7354 = CARTESIAN_POINT('',(-6.357152067917,0.));
#7355 = CARTESIAN_POINT('',(-6.357152067917,-8.));
#7356 = ( GEOMETRIC_REPRESENTATION_CONTEXT(2) 
PARAMETRIC_REPRESENTATION_CONTEXT() REPRESENTATION_CONTEXT('2D SPACE',''
  ) );
#7357 = ORIENTED_EDGE('',*,*,#6711,.F.);
#7358 = ADVANCED_FACE('',(#7359),#559,.T.);
#7359 = FACE_BOUND('',#7360,.F.);
#7360 = EDGE_LOOP('',(#7361,#7362,#7363,#7383));
#7361 = ORIENTED_EDGE('',*,*,#7312,.T.);
#7362 = ORIENTED_EDGE('',*,*,#538,.F.);
#7363 = ORIENTED_EDGE('',*,*,#7364,.F.);
#7364 = EDGE_CURVE('',#4348,#539,#7365,.T.);
#7365 = SURFACE_CURVE('',#7366,(#7370,#7376),.PCURVE_S1.);
#7366 = LINE('',#7367,#7368);
#7367 = CARTESIAN_POINT('',(10.227353356573,4.686549191015,-4.));
#7368 = VECTOR('',#7369,1.);
#7369 = DIRECTION('',(0.,0.,1.));
#7370 = PCURVE('',#559,#7371);
#7371 = DEFINITIONAL_REPRESENTATION('',(#7372),#7375);
#7372 = B_SPLINE_CURVE_WITH_KNOTS('',1,(#7373,#7374),.UNSPECIFIED.,.F.,
  .F.,(2,2),(0.,8.),.PIECEWISE_BEZIER_KNOTS.);
#7373 = CARTESIAN_POINT('',(-6.357152067917,0.));
#7374 = CARTESIAN_POINT('',(-6.357152067917,-8.));
#7375 = ( GEOMETRIC_REPRESENTATION_CONTEXT(2) 
PARAMETRIC_REPRESENTATION_CONTEXT() REPRESENTATION_CONTEXT('2D SPACE',''
  ) );
#7376 = PCURVE('',#607,#7377);
#7377 = DEFINITIONAL_REPRESENTATION('',(#7378),#7382);
#7378 = LINE('',#7379,#7380);
#7379 = CARTESIAN_POINT('',(2.035369644546,0.));
#7380 = VECTOR('',#7381,1.);
#7381 = DIRECTION('',(0.,-1.));
#7382 = ( GEOMETRIC_REPRESENTATION_CONTEXT(2) 
PARAMETRIC_REPRESENTATION_CONTEXT() REPRESENTATION_CONTEXT('2D SPACE',''
  ) );
#7383 = ORIENTED_EDGE('',*,*,#4347,.F.);
#7384 = ADVANCED_FACE('',(#7385),#3705,.T.);
#7385 = FACE_BOUND('',#7386,.F.);
#7386 = EDGE_LOOP('',(#7387,#7407,#7408,#7409));
#7387 = ORIENTED_EDGE('',*,*,#7388,.T.);
#7388 = EDGE_CURVE('',#6645,#3625,#7389,.T.);
#7389 = SURFACE_CURVE('',#7390,(#7394,#7400),.PCURVE_S1.);
#7390 = LINE('',#7391,#7392);
#7391 = CARTESIAN_POINT('',(7.655377707533,-8.24364556219,-4.));
#7392 = VECTOR('',#7393,1.);
#7393 = DIRECTION('',(0.,0.,1.));
#7394 = PCURVE('',#3705,#7395);
#7395 = DEFINITIONAL_REPRESENTATION('',(#7396),#7399);
#7396 = B_SPLINE_CURVE_WITH_KNOTS('',1,(#7397,#7398),.UNSPECIFIED.,.F.,
  .F.,(2,2),(0.,8.),.PIECEWISE_BEZIER_KNOTS.);
#7397 = CARTESIAN_POINT('',(-6.28318530718,0.));
#7398 = CARTESIAN_POINT('',(-6.28318530718,-8.));
#7399 = ( GEOMETRIC_REPRESENTATION_CONTEXT(2) 
PARAMETRIC_REPRESENTATION_CONTEXT() REPRESENTATION_CONTEXT('2D SPACE',''
  ) );
#7400 = PCURVE('',#3660,#7401);
#7401 = DEFINITIONAL_REPRESENTATION('',(#7402),#7406);
#7402 = LINE('',#7403,#7404);
#7403 = CARTESIAN_POINT('',(2.035369644546,0.));
#7404 = VECTOR('',#7405,1.);
#7405 = DIRECTION('',(0.,-1.));
#7406 = ( GEOMETRIC_REPRESENTATION_CONTEXT(2) 
PARAMETRIC_REPRESENTATION_CONTEXT() REPRESENTATION_CONTEXT('2D SPACE',''
  ) );
#7407 = ORIENTED_EDGE('',*,*,#3684,.F.);
#7408 = ORIENTED_EDGE('',*,*,#7338,.F.);
#7409 = ORIENTED_EDGE('',*,*,#6687,.F.);
#7410 = ADVANCED_FACE('',(#7411),#607,.T.);
#7411 = FACE_BOUND('',#7412,.T.);
#7412 = EDGE_LOOP('',(#7413,#7434,#7435,#7436));
#7413 = ORIENTED_EDGE('',*,*,#7414,.T.);
#7414 = EDGE_CURVE('',#4372,#572,#7415,.T.);
#7415 = SURFACE_CURVE('',#7416,(#7420,#7427),.PCURVE_S1.);
#7416 = LINE('',#7417,#7418);
#7417 = CARTESIAN_POINT('',(8.220409368643,4.552701611996,-4.));
#7418 = VECTOR('',#7419,1.);
#7419 = DIRECTION('',(0.,0.,1.));
#7420 = PCURVE('',#607,#7421);
#7421 = DEFINITIONAL_REPRESENTATION('',(#7422),#7426);
#7422 = LINE('',#7423,#7424);
#7423 = CARTESIAN_POINT('',(0.,0.));
#7424 = VECTOR('',#7425,1.);
#7425 = DIRECTION('',(0.,-1.));
#7426 = ( GEOMETRIC_REPRESENTATION_CONTEXT(2) 
PARAMETRIC_REPRESENTATION_CONTEXT() REPRESENTATION_CONTEXT('2D SPACE',''
  ) );
#7427 = PCURVE('',#647,#7428);
#7428 = DEFINITIONAL_REPRESENTATION('',(#7429),#7433);
#7429 = LINE('',#7430,#7431);
#7430 = CARTESIAN_POINT('',(0.,0.));
#7431 = VECTOR('',#7432,1.);
#7432 = DIRECTION('',(0.,-1.));
#7433 = ( GEOMETRIC_REPRESENTATION_CONTEXT(2) 
PARAMETRIC_REPRESENTATION_CONTEXT() REPRESENTATION_CONTEXT('2D SPACE',''
  ) );
#7434 = ORIENTED_EDGE('',*,*,#571,.T.);
#7435 = ORIENTED_EDGE('',*,*,#7364,.F.);
#7436 = ORIENTED_EDGE('',*,*,#4371,.F.);
#7437 = ADVANCED_FACE('',(#7438),#3660,.F.);
#7438 = FACE_BOUND('',#7439,.F.);
#7439 = EDGE_LOOP('',(#7440,#7461,#7462,#7463));
#7440 = ORIENTED_EDGE('',*,*,#7441,.T.);
#7441 = EDGE_CURVE('',#6622,#3597,#7442,.T.);
#7442 = SURFACE_CURVE('',#7443,(#7447,#7454),.PCURVE_S1.);
#7443 = LINE('',#7444,#7445);
#7444 = CARTESIAN_POINT('',(5.852424485141,-7.351962309593,-4.));
#7445 = VECTOR('',#7446,1.);
#7446 = DIRECTION('',(0.,0.,1.));
#7447 = PCURVE('',#3660,#7448);
#7448 = DEFINITIONAL_REPRESENTATION('',(#7449),#7453);
#7449 = LINE('',#7450,#7451);
#7450 = CARTESIAN_POINT('',(0.,0.));
#7451 = VECTOR('',#7452,1.);
#7452 = DIRECTION('',(0.,-1.));
#7453 = ( GEOMETRIC_REPRESENTATION_CONTEXT(2) 
PARAMETRIC_REPRESENTATION_CONTEXT() REPRESENTATION_CONTEXT('2D SPACE',''
  ) );
#7454 = PCURVE('',#3612,#7455);
#7455 = DEFINITIONAL_REPRESENTATION('',(#7456),#7460);
#7456 = LINE('',#7457,#7458);
#7457 = CARTESIAN_POINT('',(0.,0.));
#7458 = VECTOR('',#7459,1.);
#7459 = DIRECTION('',(0.,-1.));
#7460 = ( GEOMETRIC_REPRESENTATION_CONTEXT(2) 
PARAMETRIC_REPRESENTATION_CONTEXT() REPRESENTATION_CONTEXT('2D SPACE',''
  ) );
#7461 = ORIENTED_EDGE('',*,*,#3624,.T.);
#7462 = ORIENTED_EDGE('',*,*,#7388,.F.);
#7463 = ORIENTED_EDGE('',*,*,#6644,.F.);
#7464 = ADVANCED_FACE('',(#7465),#647,.F.);
#7465 = FACE_BOUND('',#7466,.F.);
#7466 = EDGE_LOOP('',(#7467,#7468,#7469,#7489));
#7467 = ORIENTED_EDGE('',*,*,#7414,.T.);
#7468 = ORIENTED_EDGE('',*,*,#631,.T.);
#7469 = ORIENTED_EDGE('',*,*,#7470,.F.);
#7470 = EDGE_CURVE('',#4415,#632,#7471,.T.);
#7471 = SURFACE_CURVE('',#7472,(#7476,#7483),.PCURVE_S1.);
#7472 = LINE('',#7473,#7474);
#7473 = CARTESIAN_POINT('',(7.381105535331,4.087870757045,-4.));
#7474 = VECTOR('',#7475,1.);
#7475 = DIRECTION('',(0.,0.,1.));
#7476 = PCURVE('',#647,#7477);
#7477 = DEFINITIONAL_REPRESENTATION('',(#7478),#7482);
#7478 = LINE('',#7479,#7480);
#7479 = CARTESIAN_POINT('',(0.959426207859,0.));
#7480 = VECTOR('',#7481,1.);
#7481 = DIRECTION('',(0.,-1.));
#7482 = ( GEOMETRIC_REPRESENTATION_CONTEXT(2) 
PARAMETRIC_REPRESENTATION_CONTEXT() REPRESENTATION_CONTEXT('2D SPACE',''
  ) );
#7483 = PCURVE('',#680,#7484);
#7484 = DEFINITIONAL_REPRESENTATION('',(#7485),#7488);
#7485 = B_SPLINE_CURVE_WITH_KNOTS('',1,(#7486,#7487),.UNSPECIFIED.,.F.,
  .F.,(2,2),(0.,8.),.PIECEWISE_BEZIER_KNOTS.);
#7486 = CARTESIAN_POINT('',(-6.28318530718,0.));
#7487 = CARTESIAN_POINT('',(-6.28318530718,-8.));
#7488 = ( GEOMETRIC_REPRESENTATION_CONTEXT(2) 
PARAMETRIC_REPRESENTATION_CONTEXT() REPRESENTATION_CONTEXT('2D SPACE',''
  ) );
#7489 = ORIENTED_EDGE('',*,*,#4414,.F.);
#7490 = ADVANCED_FACE('',(#7491),#3612,.T.);
#7491 = FACE_BOUND('',#7492,.T.);
#7492 = EDGE_LOOP('',(#7493,#7494,#7495,#7515));
#7493 = ORIENTED_EDGE('',*,*,#7441,.T.);
#7494 = ORIENTED_EDGE('',*,*,#3596,.T.);
#7495 = ORIENTED_EDGE('',*,*,#7496,.F.);
#7496 = EDGE_CURVE('',#6598,#3564,#7497,.T.);
#7497 = SURFACE_CURVE('',#7498,(#7502,#7509),.PCURVE_S1.);
#7498 = LINE('',#7499,#7500);
#7499 = CARTESIAN_POINT('',(5.254891919028,-6.601326924895,-4.));
#7500 = VECTOR('',#7501,1.);
#7501 = DIRECTION('',(0.,0.,1.));
#7502 = PCURVE('',#3612,#7503);
#7503 = DEFINITIONAL_REPRESENTATION('',(#7504),#7508);
#7504 = LINE('',#7505,#7506);
#7505 = CARTESIAN_POINT('',(0.959426207859,0.));
#7506 = VECTOR('',#7507,1.);
#7507 = DIRECTION('',(0.,-1.));
#7508 = ( GEOMETRIC_REPRESENTATION_CONTEXT(2) 
PARAMETRIC_REPRESENTATION_CONTEXT() REPRESENTATION_CONTEXT('2D SPACE',''
  ) );
#7509 = PCURVE('',#3584,#7510);
#7510 = DEFINITIONAL_REPRESENTATION('',(#7511),#7514);
#7511 = B_SPLINE_CURVE_WITH_KNOTS('',1,(#7512,#7513),.UNSPECIFIED.,.F.,
  .F.,(2,2),(0.,8.),.PIECEWISE_BEZIER_KNOTS.);
#7512 = CARTESIAN_POINT('',(-6.449726080294,0.));
#7513 = CARTESIAN_POINT('',(-6.449726080294,-8.));
#7514 = ( GEOMETRIC_REPRESENTATION_CONTEXT(2) 
PARAMETRIC_REPRESENTATION_CONTEXT() REPRESENTATION_CONTEXT('2D SPACE',''
  ) );
#7515 = ORIENTED_EDGE('',*,*,#6621,.F.);
#7516 = ADVANCED_FACE('',(#7517),#680,.T.);
#7517 = FACE_BOUND('',#7518,.F.);
#7518 = EDGE_LOOP('',(#7519,#7520,#7521,#7541));
#7519 = ORIENTED_EDGE('',*,*,#7470,.T.);
#7520 = ORIENTED_EDGE('',*,*,#659,.F.);
#7521 = ORIENTED_EDGE('',*,*,#7522,.F.);
#7522 = EDGE_CURVE('',#4438,#660,#7523,.T.);
#7523 = SURFACE_CURVE('',#7524,(#7528,#7534),.PCURVE_S1.);
#7524 = LINE('',#7525,#7526);
#7525 = CARTESIAN_POINT('',(6.601326924895,5.254891919028,-4.));
#7526 = VECTOR('',#7527,1.);
#7527 = DIRECTION('',(0.,0.,1.));
#7528 = PCURVE('',#680,#7529);
#7529 = DEFINITIONAL_REPRESENTATION('',(#7530),#7533);
#7530 = B_SPLINE_CURVE_WITH_KNOTS('',1,(#7531,#7532),.UNSPECIFIED.,.F.,
  .F.,(2,2),(0.,8.),.PIECEWISE_BEZIER_KNOTS.);
#7531 = CARTESIAN_POINT('',(-6.449726080294,0.));
#7532 = CARTESIAN_POINT('',(-6.449726080294,-8.));
#7533 = ( GEOMETRIC_REPRESENTATION_CONTEXT(2) 
PARAMETRIC_REPRESENTATION_CONTEXT() REPRESENTATION_CONTEXT('2D SPACE',''
  ) );
#7534 = PCURVE('',#708,#7535);
#7535 = DEFINITIONAL_REPRESENTATION('',(#7536),#7540);
#7536 = LINE('',#7537,#7538);
#7537 = CARTESIAN_POINT('',(0.959426207859,0.));
#7538 = VECTOR('',#7539,1.);
#7539 = DIRECTION('',(0.,-1.));
#7540 = ( GEOMETRIC_REPRESENTATION_CONTEXT(2) 
PARAMETRIC_REPRESENTATION_CONTEXT() REPRESENTATION_CONTEXT('2D SPACE',''
  ) );
#7541 = ORIENTED_EDGE('',*,*,#4437,.F.);
#7542 = ADVANCED_FACE('',(#7543),#3584,.T.);
#7543 = FACE_BOUND('',#7544,.F.);
#7544 = EDGE_LOOP('',(#7545,#7565,#7566,#7567));
#7545 = ORIENTED_EDGE('',*,*,#7546,.T.);
#7546 = EDGE_CURVE('',#6575,#3536,#7547,.T.);
#7547 = SURFACE_CURVE('',#7548,(#7552,#7558),.PCURVE_S1.);
#7548 = LINE('',#7549,#7550);
#7549 = CARTESIAN_POINT('',(4.087870757045,-7.381105535331,-4.));
#7550 = VECTOR('',#7551,1.);
#7551 = DIRECTION('',(0.,0.,1.));
#7552 = PCURVE('',#3584,#7553);
#7553 = DEFINITIONAL_REPRESENTATION('',(#7554),#7557);
#7554 = B_SPLINE_CURVE_WITH_KNOTS('',1,(#7555,#7556),.UNSPECIFIED.,.F.,
  .F.,(2,2),(0.,8.),.PIECEWISE_BEZIER_KNOTS.);
#7555 = CARTESIAN_POINT('',(-6.28318530718,0.));
#7556 = CARTESIAN_POINT('',(-6.28318530718,-8.));
#7557 = ( GEOMETRIC_REPRESENTATION_CONTEXT(2) 
PARAMETRIC_REPRESENTATION_CONTEXT() REPRESENTATION_CONTEXT('2D SPACE',''
  ) );
#7558 = PCURVE('',#3551,#7559);
#7559 = DEFINITIONAL_REPRESENTATION('',(#7560),#7564);
#7560 = LINE('',#7561,#7562);
#7561 = CARTESIAN_POINT('',(0.959426207859,0.));
#7562 = VECTOR('',#7563,1.);
#7563 = DIRECTION('',(0.,-1.));
#7564 = ( GEOMETRIC_REPRESENTATION_CONTEXT(2) 
PARAMETRIC_REPRESENTATION_CONTEXT() REPRESENTATION_CONTEXT('2D SPACE',''
  ) );
#7565 = ORIENTED_EDGE('',*,*,#3563,.F.);
#7566 = ORIENTED_EDGE('',*,*,#7496,.F.);
#7567 = ORIENTED_EDGE('',*,*,#6597,.F.);
#7568 = ADVANCED_FACE('',(#7569),#708,.T.);
#7569 = FACE_BOUND('',#7570,.T.);
#7570 = EDGE_LOOP('',(#7571,#7592,#7593,#7594));
#7571 = ORIENTED_EDGE('',*,*,#7572,.T.);
#7572 = EDGE_CURVE('',#4462,#693,#7573,.T.);
#7573 = SURFACE_CURVE('',#7574,(#7578,#7585),.PCURVE_S1.);
#7574 = LINE('',#7575,#7576);
#7575 = CARTESIAN_POINT('',(7.351962309593,5.852424485141,-4.));
#7576 = VECTOR('',#7577,1.);
#7577 = DIRECTION('',(0.,0.,1.));
#7578 = PCURVE('',#708,#7579);
#7579 = DEFINITIONAL_REPRESENTATION('',(#7580),#7584);
#7580 = LINE('',#7581,#7582);
#7581 = CARTESIAN_POINT('',(0.,0.));
#7582 = VECTOR('',#7583,1.);
#7583 = DIRECTION('',(0.,-1.));
#7584 = ( GEOMETRIC_REPRESENTATION_CONTEXT(2) 
PARAMETRIC_REPRESENTATION_CONTEXT() REPRESENTATION_CONTEXT('2D SPACE',''
  ) );
#7585 = PCURVE('',#756,#7586);
#7586 = DEFINITIONAL_REPRESENTATION('',(#7587),#7591);
#7587 = LINE('',#7588,#7589);
#7588 = CARTESIAN_POINT('',(0.,0.));
#7589 = VECTOR('',#7590,1.);
#7590 = DIRECTION('',(0.,-1.));
#7591 = ( GEOMETRIC_REPRESENTATION_CONTEXT(2) 
PARAMETRIC_REPRESENTATION_CONTEXT() REPRESENTATION_CONTEXT('2D SPACE',''
  ) );
#7592 = ORIENTED_EDGE('',*,*,#692,.T.);
#7593 = ORIENTED_EDGE('',*,*,#7522,.F.);
#7594 = ORIENTED_EDGE('',*,*,#4461,.F.);
#7595 = ADVANCED_FACE('',(#7596),#3551,.F.);
#7596 = FACE_BOUND('',#7597,.F.);
#7597 = EDGE_LOOP('',(#7598,#7619,#7620,#7621));
#7598 = ORIENTED_EDGE('',*,*,#7599,.T.);
#7599 = EDGE_CURVE('',#6532,#3476,#7600,.T.);
#7600 = SURFACE_CURVE('',#7601,(#7605,#7612),.PCURVE_S1.);
#7601 = LINE('',#7602,#7603);
#7602 = CARTESIAN_POINT('',(4.552701611996,-8.220409368643,-4.));
#7603 = VECTOR('',#7604,1.);
#7604 = DIRECTION('',(0.,0.,1.));
#7605 = PCURVE('',#3551,#7606);
#7606 = DEFINITIONAL_REPRESENTATION('',(#7607),#7611);
#7607 = LINE('',#7608,#7609);
#7608 = CARTESIAN_POINT('',(0.,0.));
#7609 = VECTOR('',#7610,1.);
#7610 = DIRECTION('',(0.,-1.));
#7611 = ( GEOMETRIC_REPRESENTATION_CONTEXT(2) 
PARAMETRIC_REPRESENTATION_CONTEXT() REPRESENTATION_CONTEXT('2D SPACE',''
  ) );
#7612 = PCURVE('',#3511,#7613);
#7613 = DEFINITIONAL_REPRESENTATION('',(#7614),#7618);
#7614 = LINE('',#7615,#7616);
#7615 = CARTESIAN_POINT('',(0.,0.));
#7616 = VECTOR('',#7617,1.);
#7617 = DIRECTION('',(0.,-1.));
#7618 = ( GEOMETRIC_REPRESENTATION_CONTEXT(2) 
PARAMETRIC_REPRESENTATION_CONTEXT() REPRESENTATION_CONTEXT('2D SPACE',''
  ) );
#7619 = ORIENTED_EDGE('',*,*,#3535,.T.);
#7620 = ORIENTED_EDGE('',*,*,#7546,.F.);
#7621 = ORIENTED_EDGE('',*,*,#6574,.F.);
#7622 = ADVANCED_FACE('',(#7623),#756,.F.);
#7623 = FACE_BOUND('',#7624,.F.);
#7624 = EDGE_LOOP('',(#7625,#7626,#7627,#7647));
#7625 = ORIENTED_EDGE('',*,*,#7572,.T.);
#7626 = ORIENTED_EDGE('',*,*,#720,.T.);
#7627 = ORIENTED_EDGE('',*,*,#7628,.F.);
#7628 = EDGE_CURVE('',#4485,#721,#7629,.T.);
#7629 = SURFACE_CURVE('',#7630,(#7634,#7641),.PCURVE_S1.);
#7630 = LINE('',#7631,#7632);
#7631 = CARTESIAN_POINT('',(8.24364556219,7.655377707533,-4.));
#7632 = VECTOR('',#7633,1.);
#7633 = DIRECTION('',(0.,0.,1.));
#7634 = PCURVE('',#756,#7635);
#7635 = DEFINITIONAL_REPRESENTATION('',(#7636),#7640);
#7636 = LINE('',#7637,#7638);
#7637 = CARTESIAN_POINT('',(2.035369644546,0.));
#7638 = VECTOR('',#7639,1.);
#7639 = DIRECTION('',(0.,-1.));
#7640 = ( GEOMETRIC_REPRESENTATION_CONTEXT(2) 
PARAMETRIC_REPRESENTATION_CONTEXT() REPRESENTATION_CONTEXT('2D SPACE',''
  ) );
#7641 = PCURVE('',#801,#7642);
#7642 = DEFINITIONAL_REPRESENTATION('',(#7643),#7646);
#7643 = B_SPLINE_CURVE_WITH_KNOTS('',1,(#7644,#7645),.UNSPECIFIED.,.F.,
  .F.,(2,2),(0.,8.),.PIECEWISE_BEZIER_KNOTS.);
#7644 = CARTESIAN_POINT('',(-6.28318530718,0.));
#7645 = CARTESIAN_POINT('',(-6.28318530718,-8.));
#7646 = ( GEOMETRIC_REPRESENTATION_CONTEXT(2) 
PARAMETRIC_REPRESENTATION_CONTEXT() REPRESENTATION_CONTEXT('2D SPACE',''
  ) );
#7647 = ORIENTED_EDGE('',*,*,#4484,.F.);
#7648 = ADVANCED_FACE('',(#7649),#3511,.T.);
#7649 = FACE_BOUND('',#7650,.T.);
#7650 = EDGE_LOOP('',(#7651,#7652,#7653,#7673));
#7651 = ORIENTED_EDGE('',*,*,#7599,.T.);
#7652 = ORIENTED_EDGE('',*,*,#3475,.T.);
#7653 = ORIENTED_EDGE('',*,*,#7654,.F.);
#7654 = EDGE_CURVE('',#6508,#3443,#7655,.T.);
#7655 = SURFACE_CURVE('',#7656,(#7660,#7667),.PCURVE_S1.);
#7656 = LINE('',#7657,#7658);
#7657 = CARTESIAN_POINT('',(4.686549191015,-10.22735335657,-4.));
#7658 = VECTOR('',#7659,1.);
#7659 = DIRECTION('',(0.,0.,1.));
#7660 = PCURVE('',#3511,#7661);
#7661 = DEFINITIONAL_REPRESENTATION('',(#7662),#7666);
#7662 = LINE('',#7663,#7664);
#7663 = CARTESIAN_POINT('',(2.035369644546,0.));
#7664 = VECTOR('',#7665,1.);
#7665 = DIRECTION('',(0.,-1.));
#7666 = ( GEOMETRIC_REPRESENTATION_CONTEXT(2) 
PARAMETRIC_REPRESENTATION_CONTEXT() REPRESENTATION_CONTEXT('2D SPACE',''
  ) );
#7667 = PCURVE('',#3463,#7668);
#7668 = DEFINITIONAL_REPRESENTATION('',(#7669),#7672);
#7669 = B_SPLINE_CURVE_WITH_KNOTS('',1,(#7670,#7671),.UNSPECIFIED.,.F.,
  .F.,(2,2),(0.,8.),.PIECEWISE_BEZIER_KNOTS.);
#7670 = CARTESIAN_POINT('',(-6.357152067917,0.));
#7671 = CARTESIAN_POINT('',(-6.357152067917,-8.));
#7672 = ( GEOMETRIC_REPRESENTATION_CONTEXT(2) 
PARAMETRIC_REPRESENTATION_CONTEXT() REPRESENTATION_CONTEXT('2D SPACE',''
  ) );
#7673 = ORIENTED_EDGE('',*,*,#6531,.F.);
#7674 = ADVANCED_FACE('',(#7675),#801,.T.);
#7675 = FACE_BOUND('',#7676,.F.);
#7676 = EDGE_LOOP('',(#7677,#7678,#7679,#7699));
#7677 = ORIENTED_EDGE('',*,*,#7628,.T.);
#7678 = ORIENTED_EDGE('',*,*,#780,.F.);
#7679 = ORIENTED_EDGE('',*,*,#7680,.F.);
#7680 = EDGE_CURVE('',#4528,#781,#7681,.T.);
#7681 = SURFACE_CURVE('',#7682,(#7686,#7692),.PCURVE_S1.);
#7682 = LINE('',#7683,#7684);
#7683 = CARTESIAN_POINT('',(7.655377707533,8.24364556219,-4.));
#7684 = VECTOR('',#7685,1.);
#7685 = DIRECTION('',(0.,0.,1.));
#7686 = PCURVE('',#801,#7687);
#7687 = DEFINITIONAL_REPRESENTATION('',(#7688),#7691);
#7688 = B_SPLINE_CURVE_WITH_KNOTS('',1,(#7689,#7690),.UNSPECIFIED.,.F.,
  .F.,(2,2),(0.,8.),.PIECEWISE_BEZIER_KNOTS.);
#7689 = CARTESIAN_POINT('',(-6.357152067917,0.));
#7690 = CARTESIAN_POINT('',(-6.357152067917,-8.));
#7691 = ( GEOMETRIC_REPRESENTATION_CONTEXT(2) 
PARAMETRIC_REPRESENTATION_CONTEXT() REPRESENTATION_CONTEXT('2D SPACE',''
  ) );
#7692 = PCURVE('',#849,#7693);
#7693 = DEFINITIONAL_REPRESENTATION('',(#7694),#7698);
#7694 = LINE('',#7695,#7696);
#7695 = CARTESIAN_POINT('',(2.035369644546,0.));
#7696 = VECTOR('',#7697,1.);
#7697 = DIRECTION('',(0.,-1.));
#7698 = ( GEOMETRIC_REPRESENTATION_CONTEXT(2) 
PARAMETRIC_REPRESENTATION_CONTEXT() REPRESENTATION_CONTEXT('2D SPACE',''
  ) );
#7699 = ORIENTED_EDGE('',*,*,#4527,.F.);
#7700 = ADVANCED_FACE('',(#7701),#3463,.T.);
#7701 = FACE_BOUND('',#7702,.F.);
#7702 = EDGE_LOOP('',(#7703,#7723,#7724,#7725));
#7703 = ORIENTED_EDGE('',*,*,#7704,.T.);
#7704 = EDGE_CURVE('',#6465,#3383,#7705,.T.);
#7705 = SURFACE_CURVE('',#7706,(#7710,#7716),.PCURVE_S1.);
#7706 = LINE('',#7707,#7708);
#7707 = CARTESIAN_POINT('',(3.917940198693,-10.54572162535,-4.));
#7708 = VECTOR('',#7709,1.);
#7709 = DIRECTION('',(0.,0.,1.));
#7710 = PCURVE('',#3463,#7711);
#7711 = DEFINITIONAL_REPRESENTATION('',(#7712),#7715);
#7712 = B_SPLINE_CURVE_WITH_KNOTS('',1,(#7713,#7714),.UNSPECIFIED.,.F.,
  .F.,(2,2),(0.,8.),.PIECEWISE_BEZIER_KNOTS.);
#7713 = CARTESIAN_POINT('',(-6.28318530718,0.));
#7714 = CARTESIAN_POINT('',(-6.28318530718,-8.));
#7715 = ( GEOMETRIC_REPRESENTATION_CONTEXT(2) 
PARAMETRIC_REPRESENTATION_CONTEXT() REPRESENTATION_CONTEXT('2D SPACE',''
  ) );
#7716 = PCURVE('',#3418,#7717);
#7717 = DEFINITIONAL_REPRESENTATION('',(#7718),#7722);
#7718 = LINE('',#7719,#7720);
#7719 = CARTESIAN_POINT('',(2.035369644546,0.));
#7720 = VECTOR('',#7721,1.);
#7721 = DIRECTION('',(0.,-1.));
#7722 = ( GEOMETRIC_REPRESENTATION_CONTEXT(2) 
PARAMETRIC_REPRESENTATION_CONTEXT() REPRESENTATION_CONTEXT('2D SPACE',''
  ) );
#7723 = ORIENTED_EDGE('',*,*,#3442,.F.);
#7724 = ORIENTED_EDGE('',*,*,#7654,.F.);
#7725 = ORIENTED_EDGE('',*,*,#6507,.F.);
#7726 = ADVANCED_FACE('',(#7727),#849,.T.);
#7727 = FACE_BOUND('',#7728,.T.);
#7728 = EDGE_LOOP('',(#7729,#7750,#7751,#7752));
#7729 = ORIENTED_EDGE('',*,*,#7730,.T.);
#7730 = EDGE_CURVE('',#4552,#814,#7731,.T.);
#7731 = SURFACE_CURVE('',#7732,(#7736,#7743),.PCURVE_S1.);
#7732 = LINE('',#7733,#7734);
#7733 = CARTESIAN_POINT('',(5.852424485141,7.351962309593,-4.));
#7734 = VECTOR('',#7735,1.);
#7735 = DIRECTION('',(0.,0.,1.));
#7736 = PCURVE('',#849,#7737);
#7737 = DEFINITIONAL_REPRESENTATION('',(#7738),#7742);
#7738 = LINE('',#7739,#7740);
#7739 = CARTESIAN_POINT('',(0.,0.));
#7740 = VECTOR('',#7741,1.);
#7741 = DIRECTION('',(0.,-1.));
#7742 = ( GEOMETRIC_REPRESENTATION_CONTEXT(2) 
PARAMETRIC_REPRESENTATION_CONTEXT() REPRESENTATION_CONTEXT('2D SPACE',''
  ) );
#7743 = PCURVE('',#889,#7744);
#7744 = DEFINITIONAL_REPRESENTATION('',(#7745),#7749);
#7745 = LINE('',#7746,#7747);
#7746 = CARTESIAN_POINT('',(0.,0.));
#7747 = VECTOR('',#7748,1.);
#7748 = DIRECTION('',(0.,-1.));
#7749 = ( GEOMETRIC_REPRESENTATION_CONTEXT(2) 
PARAMETRIC_REPRESENTATION_CONTEXT() REPRESENTATION_CONTEXT('2D SPACE',''
  ) );
#7750 = ORIENTED_EDGE('',*,*,#813,.T.);
#7751 = ORIENTED_EDGE('',*,*,#7680,.F.);
#7752 = ORIENTED_EDGE('',*,*,#4551,.F.);
#7753 = ADVANCED_FACE('',(#7754),#3418,.F.);
#7754 = FACE_BOUND('',#7755,.F.);
#7755 = EDGE_LOOP('',(#7756,#7777,#7778,#7779));
#7756 = ORIENTED_EDGE('',*,*,#7757,.T.);
#7757 = EDGE_CURVE('',#6442,#3355,#7758,.T.);
#7758 = SURFACE_CURVE('',#7759,(#7763,#7770),.PCURVE_S1.);
#7759 = LINE('',#7760,#7761);
#7760 = CARTESIAN_POINT('',(2.593461026136,-9.031953391258,-4.));
#7761 = VECTOR('',#7762,1.);
#7762 = DIRECTION('',(0.,0.,1.));
#7763 = PCURVE('',#3418,#7764);
#7764 = DEFINITIONAL_REPRESENTATION('',(#7765),#7769);
#7765 = LINE('',#7766,#7767);
#7766 = CARTESIAN_POINT('',(0.,0.));
#7767 = VECTOR('',#7768,1.);
#7768 = DIRECTION('',(0.,-1.));
#7769 = ( GEOMETRIC_REPRESENTATION_CONTEXT(2) 
PARAMETRIC_REPRESENTATION_CONTEXT() REPRESENTATION_CONTEXT('2D SPACE',''
  ) );
#7770 = PCURVE('',#3370,#7771);
#7771 = DEFINITIONAL_REPRESENTATION('',(#7772),#7776);
#7772 = LINE('',#7773,#7774);
#7773 = CARTESIAN_POINT('',(0.,0.));
#7774 = VECTOR('',#7775,1.);
#7775 = DIRECTION('',(0.,-1.));
#7776 = ( GEOMETRIC_REPRESENTATION_CONTEXT(2) 
PARAMETRIC_REPRESENTATION_CONTEXT() REPRESENTATION_CONTEXT('2D SPACE',''
  ) );
#7777 = ORIENTED_EDGE('',*,*,#3382,.T.);
#7778 = ORIENTED_EDGE('',*,*,#7704,.F.);
#7779 = ORIENTED_EDGE('',*,*,#6464,.F.);
#7780 = ADVANCED_FACE('',(#7781),#889,.F.);
#7781 = FACE_BOUND('',#7782,.F.);
#7782 = EDGE_LOOP('',(#7783,#7784,#7785,#7805));
#7783 = ORIENTED_EDGE('',*,*,#7730,.T.);
#7784 = ORIENTED_EDGE('',*,*,#873,.T.);
#7785 = ORIENTED_EDGE('',*,*,#7786,.F.);
#7786 = EDGE_CURVE('',#4595,#874,#7787,.T.);
#7787 = SURFACE_CURVE('',#7788,(#7792,#7799),.PCURVE_S1.);
#7788 = LINE('',#7789,#7790);
#7789 = CARTESIAN_POINT('',(5.254891919028,6.601326924895,-4.));
#7790 = VECTOR('',#7791,1.);
#7791 = DIRECTION('',(0.,0.,1.));
#7792 = PCURVE('',#889,#7793);
#7793 = DEFINITIONAL_REPRESENTATION('',(#7794),#7798);
#7794 = LINE('',#7795,#7796);
#7795 = CARTESIAN_POINT('',(0.959426207859,0.));
#7796 = VECTOR('',#7797,1.);
#7797 = DIRECTION('',(0.,-1.));
#7798 = ( GEOMETRIC_REPRESENTATION_CONTEXT(2) 
PARAMETRIC_REPRESENTATION_CONTEXT() REPRESENTATION_CONTEXT('2D SPACE',''
  ) );
#7799 = PCURVE('',#922,#7800);
#7800 = DEFINITIONAL_REPRESENTATION('',(#7801),#7804);
#7801 = B_SPLINE_CURVE_WITH_KNOTS('',1,(#7802,#7803),.UNSPECIFIED.,.F.,
  .F.,(2,2),(0.,8.),.PIECEWISE_BEZIER_KNOTS.);
#7802 = CARTESIAN_POINT('',(-6.28318530718,0.));
#7803 = CARTESIAN_POINT('',(-6.28318530718,-8.));
#7804 = ( GEOMETRIC_REPRESENTATION_CONTEXT(2) 
PARAMETRIC_REPRESENTATION_CONTEXT() REPRESENTATION_CONTEXT('2D SPACE',''
  ) );
#7805 = ORIENTED_EDGE('',*,*,#4594,.F.);
#7806 = ADVANCED_FACE('',(#7807),#3370,.T.);
#7807 = FACE_BOUND('',#7808,.T.);
#7808 = EDGE_LOOP('',(#7809,#7810,#7811,#7831));
#7809 = ORIENTED_EDGE('',*,*,#7757,.T.);
#7810 = ORIENTED_EDGE('',*,*,#3354,.T.);
#7811 = ORIENTED_EDGE('',*,*,#7812,.F.);
#7812 = EDGE_CURVE('',#6418,#3322,#7813,.T.);
#7813 = SURFACE_CURVE('',#7814,(#7818,#7825),.PCURVE_S1.);
#7814 = LINE('',#7815,#7816);
#7815 = CARTESIAN_POINT('',(2.328668643766,-8.109790909607,-4.));
#7816 = VECTOR('',#7817,1.);
#7817 = DIRECTION('',(0.,0.,1.));
#7818 = PCURVE('',#3370,#7819);
#7819 = DEFINITIONAL_REPRESENTATION('',(#7820),#7824);
#7820 = LINE('',#7821,#7822);
#7821 = CARTESIAN_POINT('',(0.959426207859,0.));
#7822 = VECTOR('',#7823,1.);
#7823 = DIRECTION('',(0.,-1.));
#7824 = ( GEOMETRIC_REPRESENTATION_CONTEXT(2) 
PARAMETRIC_REPRESENTATION_CONTEXT() REPRESENTATION_CONTEXT('2D SPACE',''
  ) );
#7825 = PCURVE('',#3342,#7826);
#7826 = DEFINITIONAL_REPRESENTATION('',(#7827),#7830);
#7827 = B_SPLINE_CURVE_WITH_KNOTS('',1,(#7828,#7829),.UNSPECIFIED.,.F.,
  .F.,(2,2),(0.,8.),.PIECEWISE_BEZIER_KNOTS.);
#7828 = CARTESIAN_POINT('',(-6.449726080294,0.));
#7829 = CARTESIAN_POINT('',(-6.449726080294,-8.));
#7830 = ( GEOMETRIC_REPRESENTATION_CONTEXT(2) 
PARAMETRIC_REPRESENTATION_CONTEXT() REPRESENTATION_CONTEXT('2D SPACE',''
  ) );
#7831 = ORIENTED_EDGE('',*,*,#6441,.F.);
#7832 = ADVANCED_FACE('',(#7833),#922,.T.);
#7833 = FACE_BOUND('',#7834,.F.);
#7834 = EDGE_LOOP('',(#7835,#7836,#7837,#7857));
#7835 = ORIENTED_EDGE('',*,*,#7786,.T.);
#7836 = ORIENTED_EDGE('',*,*,#901,.F.);
#7837 = ORIENTED_EDGE('',*,*,#7838,.F.);
#7838 = EDGE_CURVE('',#4618,#902,#7839,.T.);
#7839 = SURFACE_CURVE('',#7840,(#7844,#7850),.PCURVE_S1.);
#7840 = LINE('',#7841,#7842);
#7841 = CARTESIAN_POINT('',(4.087870757045,7.381105535331,-4.));
#7842 = VECTOR('',#7843,1.);
#7843 = DIRECTION('',(0.,0.,1.));
#7844 = PCURVE('',#922,#7845);
#7845 = DEFINITIONAL_REPRESENTATION('',(#7846),#7849);
#7846 = B_SPLINE_CURVE_WITH_KNOTS('',1,(#7847,#7848),.UNSPECIFIED.,.F.,
  .F.,(2,2),(0.,8.),.PIECEWISE_BEZIER_KNOTS.);
#7847 = CARTESIAN_POINT('',(-6.449726080294,0.));
#7848 = CARTESIAN_POINT('',(-6.449726080294,-8.));
#7849 = ( GEOMETRIC_REPRESENTATION_CONTEXT(2) 
PARAMETRIC_REPRESENTATION_CONTEXT() REPRESENTATION_CONTEXT('2D SPACE',''
  ) );
#7850 = PCURVE('',#950,#7851);
#7851 = DEFINITIONAL_REPRESENTATION('',(#7852),#7856);
#7852 = LINE('',#7853,#7854);
#7853 = CARTESIAN_POINT('',(0.959426207859,0.));
#7854 = VECTOR('',#7855,1.);
#7855 = DIRECTION('',(0.,-1.));
#7856 = ( GEOMETRIC_REPRESENTATION_CONTEXT(2) 
PARAMETRIC_REPRESENTATION_CONTEXT() REPRESENTATION_CONTEXT('2D SPACE',''
  ) );
#7857 = ORIENTED_EDGE('',*,*,#4617,.F.);
#7858 = ADVANCED_FACE('',(#7859),#3342,.T.);
#7859 = FACE_BOUND('',#7860,.F.);
#7860 = EDGE_LOOP('',(#7861,#7881,#7882,#7883));
#7861 = ORIENTED_EDGE('',*,*,#7862,.T.);
#7862 = EDGE_CURVE('',#6395,#3294,#7863,.T.);
#7863 = SURFACE_CURVE('',#7864,(#7868,#7874),.PCURVE_S1.);
#7864 = LINE('',#7865,#7866);
#7865 = CARTESIAN_POINT('',(0.952073323075,-8.383612743769,-4.));
#7866 = VECTOR('',#7867,1.);
#7867 = DIRECTION('',(0.,0.,1.));
#7868 = PCURVE('',#3342,#7869);
#7869 = DEFINITIONAL_REPRESENTATION('',(#7870),#7873);
#7870 = B_SPLINE_CURVE_WITH_KNOTS('',1,(#7871,#7872),.UNSPECIFIED.,.F.,
  .F.,(2,2),(0.,8.),.PIECEWISE_BEZIER_KNOTS.);
#7871 = CARTESIAN_POINT('',(-6.28318530718,0.));
#7872 = CARTESIAN_POINT('',(-6.28318530718,-8.));
#7873 = ( GEOMETRIC_REPRESENTATION_CONTEXT(2) 
PARAMETRIC_REPRESENTATION_CONTEXT() REPRESENTATION_CONTEXT('2D SPACE',''
  ) );
#7874 = PCURVE('',#3309,#7875);
#7875 = DEFINITIONAL_REPRESENTATION('',(#7876),#7880);
#7876 = LINE('',#7877,#7878);
#7877 = CARTESIAN_POINT('',(0.959426207859,0.));
#7878 = VECTOR('',#7879,1.);
#7879 = DIRECTION('',(0.,-1.));
#7880 = ( GEOMETRIC_REPRESENTATION_CONTEXT(2) 
PARAMETRIC_REPRESENTATION_CONTEXT() REPRESENTATION_CONTEXT('2D SPACE',''
  ) );
#7881 = ORIENTED_EDGE('',*,*,#3321,.F.);
#7882 = ORIENTED_EDGE('',*,*,#7812,.F.);
#7883 = ORIENTED_EDGE('',*,*,#6417,.F.);
#7884 = ADVANCED_FACE('',(#7885),#950,.T.);
#7885 = FACE_BOUND('',#7886,.T.);
#7886 = EDGE_LOOP('',(#7887,#7908,#7909,#7910));
#7887 = ORIENTED_EDGE('',*,*,#7888,.T.);
#7888 = EDGE_CURVE('',#4642,#935,#7889,.T.);
#7889 = SURFACE_CURVE('',#7890,(#7894,#7901),.PCURVE_S1.);
#7890 = LINE('',#7891,#7892);
#7891 = CARTESIAN_POINT('',(4.552701611996,8.220409368643,-4.));
#7892 = VECTOR('',#7893,1.);
#7893 = DIRECTION('',(0.,0.,1.));
#7894 = PCURVE('',#950,#7895);
#7895 = DEFINITIONAL_REPRESENTATION('',(#7896),#7900);
#7896 = LINE('',#7897,#7898);
#7897 = CARTESIAN_POINT('',(0.,0.));
#7898 = VECTOR('',#7899,1.);
#7899 = DIRECTION('',(0.,-1.));
#7900 = ( GEOMETRIC_REPRESENTATION_CONTEXT(2) 
PARAMETRIC_REPRESENTATION_CONTEXT() REPRESENTATION_CONTEXT('2D SPACE',''
  ) );
#7901 = PCURVE('',#998,#7902);
#7902 = DEFINITIONAL_REPRESENTATION('',(#7903),#7907);
#7903 = LINE('',#7904,#7905);
#7904 = CARTESIAN_POINT('',(0.,0.));
#7905 = VECTOR('',#7906,1.);
#7906 = DIRECTION('',(0.,-1.));
#7907 = ( GEOMETRIC_REPRESENTATION_CONTEXT(2) 
PARAMETRIC_REPRESENTATION_CONTEXT() REPRESENTATION_CONTEXT('2D SPACE',''
  ) );
#7908 = ORIENTED_EDGE('',*,*,#934,.T.);
#7909 = ORIENTED_EDGE('',*,*,#7838,.F.);
#7910 = ORIENTED_EDGE('',*,*,#4641,.F.);
#7911 = ADVANCED_FACE('',(#7912),#3309,.F.);
#7912 = FACE_BOUND('',#7913,.F.);
#7913 = EDGE_LOOP('',(#7914,#7935,#7936,#7937));
#7914 = ORIENTED_EDGE('',*,*,#7915,.T.);
#7915 = EDGE_CURVE('',#6352,#3234,#7916,.T.);
#7916 = SURFACE_CURVE('',#7917,(#7921,#7928),.PCURVE_S1.);
#7917 = LINE('',#7918,#7919);
#7918 = CARTESIAN_POINT('',(1.060333364315,-9.336911443966,-4.));
#7919 = VECTOR('',#7920,1.);
#7920 = DIRECTION('',(0.,0.,1.));
#7921 = PCURVE('',#3309,#7922);
#7922 = DEFINITIONAL_REPRESENTATION('',(#7923),#7927);
#7923 = LINE('',#7924,#7925);
#7924 = CARTESIAN_POINT('',(0.,0.));
#7925 = VECTOR('',#7926,1.);
#7926 = DIRECTION('',(0.,-1.));
#7927 = ( GEOMETRIC_REPRESENTATION_CONTEXT(2) 
PARAMETRIC_REPRESENTATION_CONTEXT() REPRESENTATION_CONTEXT('2D SPACE',''
  ) );
#7928 = PCURVE('',#3269,#7929);
#7929 = DEFINITIONAL_REPRESENTATION('',(#7930),#7934);
#7930 = LINE('',#7931,#7932);
#7931 = CARTESIAN_POINT('',(0.,0.));
#7932 = VECTOR('',#7933,1.);
#7933 = DIRECTION('',(0.,-1.));
#7934 = ( GEOMETRIC_REPRESENTATION_CONTEXT(2) 
PARAMETRIC_REPRESENTATION_CONTEXT() REPRESENTATION_CONTEXT('2D SPACE',''
  ) );
#7935 = ORIENTED_EDGE('',*,*,#3293,.T.);
#7936 = ORIENTED_EDGE('',*,*,#7862,.F.);
#7937 = ORIENTED_EDGE('',*,*,#6394,.F.);
#7938 = ADVANCED_FACE('',(#7939),#998,.F.);
#7939 = FACE_BOUND('',#7940,.F.);
#7940 = EDGE_LOOP('',(#7941,#7942,#7943,#7963));
#7941 = ORIENTED_EDGE('',*,*,#7888,.T.);
#7942 = ORIENTED_EDGE('',*,*,#962,.T.);
#7943 = ORIENTED_EDGE('',*,*,#7944,.F.);
#7944 = EDGE_CURVE('',#4665,#963,#7945,.T.);
#7945 = SURFACE_CURVE('',#7946,(#7950,#7957),.PCURVE_S1.);
#7946 = LINE('',#7947,#7948);
#7947 = CARTESIAN_POINT('',(4.686549191015,10.227353356573,-4.));
#7948 = VECTOR('',#7949,1.);
#7949 = DIRECTION('',(0.,0.,1.));
#7950 = PCURVE('',#998,#7951);
#7951 = DEFINITIONAL_REPRESENTATION('',(#7952),#7956);
#7952 = LINE('',#7953,#7954);
#7953 = CARTESIAN_POINT('',(2.035369644546,0.));
#7954 = VECTOR('',#7955,1.);
#7955 = DIRECTION('',(0.,-1.));
#7956 = ( GEOMETRIC_REPRESENTATION_CONTEXT(2) 
PARAMETRIC_REPRESENTATION_CONTEXT() REPRESENTATION_CONTEXT('2D SPACE',''
  ) );
#7957 = PCURVE('',#1043,#7958);
#7958 = DEFINITIONAL_REPRESENTATION('',(#7959),#7962);
#7959 = B_SPLINE_CURVE_WITH_KNOTS('',1,(#7960,#7961),.UNSPECIFIED.,.F.,
  .F.,(2,2),(0.,8.),.PIECEWISE_BEZIER_KNOTS.);
#7960 = CARTESIAN_POINT('',(-6.28318530718,0.));
#7961 = CARTESIAN_POINT('',(-6.28318530718,-8.));
#7962 = ( GEOMETRIC_REPRESENTATION_CONTEXT(2) 
PARAMETRIC_REPRESENTATION_CONTEXT() REPRESENTATION_CONTEXT('2D SPACE',''
  ) );
#7963 = ORIENTED_EDGE('',*,*,#4664,.F.);
#7964 = ADVANCED_FACE('',(#7965),#3269,.T.);
#7965 = FACE_BOUND('',#7966,.T.);
#7966 = EDGE_LOOP('',(#7967,#7968,#7969,#7989));
#7967 = ORIENTED_EDGE('',*,*,#7915,.T.);
#7968 = ORIENTED_EDGE('',*,*,#3233,.T.);
#7969 = ORIENTED_EDGE('',*,*,#7970,.F.);
#7970 = EDGE_CURVE('',#6328,#3201,#7971,.T.);
#7971 = SURFACE_CURVE('',#7972,(#7976,#7983),.PCURVE_S1.);
#7972 = LINE('',#7973,#7974);
#7973 = CARTESIAN_POINT('',(0.415968189182,-11.24230716826,-4.));
#7974 = VECTOR('',#7975,1.);
#7975 = DIRECTION('',(0.,0.,1.));
#7976 = PCURVE('',#3269,#7977);
#7977 = DEFINITIONAL_REPRESENTATION('',(#7978),#7982);
#7978 = LINE('',#7979,#7980);
#7979 = CARTESIAN_POINT('',(2.035369644546,0.));
#7980 = VECTOR('',#7981,1.);
#7981 = DIRECTION('',(0.,-1.));
#7982 = ( GEOMETRIC_REPRESENTATION_CONTEXT(2) 
PARAMETRIC_REPRESENTATION_CONTEXT() REPRESENTATION_CONTEXT('2D SPACE',''
  ) );
#7983 = PCURVE('',#3221,#7984);
#7984 = DEFINITIONAL_REPRESENTATION('',(#7985),#7988);
#7985 = B_SPLINE_CURVE_WITH_KNOTS('',1,(#7986,#7987),.UNSPECIFIED.,.F.,
  .F.,(2,2),(0.,8.),.PIECEWISE_BEZIER_KNOTS.);
#7986 = CARTESIAN_POINT('',(-6.357152067917,0.));
#7987 = CARTESIAN_POINT('',(-6.357152067917,-8.));
#7988 = ( GEOMETRIC_REPRESENTATION_CONTEXT(2) 
PARAMETRIC_REPRESENTATION_CONTEXT() REPRESENTATION_CONTEXT('2D SPACE',''
  ) );
#7989 = ORIENTED_EDGE('',*,*,#6351,.F.);
#7990 = ADVANCED_FACE('',(#7991),#1043,.T.);
#7991 = FACE_BOUND('',#7992,.F.);
#7992 = EDGE_LOOP('',(#7993,#7994,#7995,#8015));
#7993 = ORIENTED_EDGE('',*,*,#7944,.T.);
#7994 = ORIENTED_EDGE('',*,*,#1022,.F.);
#7995 = ORIENTED_EDGE('',*,*,#7996,.F.);
#7996 = EDGE_CURVE('',#4708,#1023,#7997,.T.);
#7997 = SURFACE_CURVE('',#7998,(#8002,#8008),.PCURVE_S1.);
#7998 = LINE('',#7999,#8000);
#7999 = CARTESIAN_POINT('',(3.917940198693,10.545721625354,-4.));
#8000 = VECTOR('',#8001,1.);
#8001 = DIRECTION('',(0.,0.,1.));
#8002 = PCURVE('',#1043,#8003);
#8003 = DEFINITIONAL_REPRESENTATION('',(#8004),#8007);
#8004 = B_SPLINE_CURVE_WITH_KNOTS('',1,(#8005,#8006),.UNSPECIFIED.,.F.,
  .F.,(2,2),(0.,8.),.PIECEWISE_BEZIER_KNOTS.);
#8005 = CARTESIAN_POINT('',(-6.357152067917,0.));
#8006 = CARTESIAN_POINT('',(-6.357152067917,-8.));
#8007 = ( GEOMETRIC_REPRESENTATION_CONTEXT(2) 
PARAMETRIC_REPRESENTATION_CONTEXT() REPRESENTATION_CONTEXT('2D SPACE',''
  ) );
#8008 = PCURVE('',#1091,#8009);
#8009 = DEFINITIONAL_REPRESENTATION('',(#8010),#8014);
#8010 = LINE('',#8011,#8012);
#8011 = CARTESIAN_POINT('',(2.035369644546,0.));
#8012 = VECTOR('',#8013,1.);
#8013 = DIRECTION('',(0.,-1.));
#8014 = ( GEOMETRIC_REPRESENTATION_CONTEXT(2) 
PARAMETRIC_REPRESENTATION_CONTEXT() REPRESENTATION_CONTEXT('2D SPACE',''
  ) );
#8015 = ORIENTED_EDGE('',*,*,#4707,.F.);
#8016 = ADVANCED_FACE('',(#8017),#3221,.T.);
#8017 = FACE_BOUND('',#8018,.F.);
#8018 = EDGE_LOOP('',(#8019,#8039,#8040,#8041));
#8019 = ORIENTED_EDGE('',*,*,#8020,.T.);
#8020 = EDGE_CURVE('',#6285,#3141,#8021,.T.);
#8021 = SURFACE_CURVE('',#8022,(#8026,#8032),.PCURVE_S1.);
#8022 = LINE('',#8023,#8024);
#8023 = CARTESIAN_POINT('',(-0.415968189182,-11.24230716826,-4.));
#8024 = VECTOR('',#8025,1.);
#8025 = DIRECTION('',(0.,0.,1.));
#8026 = PCURVE('',#3221,#8027);
#8027 = DEFINITIONAL_REPRESENTATION('',(#8028),#8031);
#8028 = B_SPLINE_CURVE_WITH_KNOTS('',1,(#8029,#8030),.UNSPECIFIED.,.F.,
  .F.,(2,2),(0.,8.),.PIECEWISE_BEZIER_KNOTS.);
#8029 = CARTESIAN_POINT('',(-6.28318530718,0.));
#8030 = CARTESIAN_POINT('',(-6.28318530718,-8.));
#8031 = ( GEOMETRIC_REPRESENTATION_CONTEXT(2) 
PARAMETRIC_REPRESENTATION_CONTEXT() REPRESENTATION_CONTEXT('2D SPACE',''
  ) );
#8032 = PCURVE('',#3176,#8033);
#8033 = DEFINITIONAL_REPRESENTATION('',(#8034),#8038);
#8034 = LINE('',#8035,#8036);
#8035 = CARTESIAN_POINT('',(2.035369644546,0.));
#8036 = VECTOR('',#8037,1.);
#8037 = DIRECTION('',(0.,-1.));
#8038 = ( GEOMETRIC_REPRESENTATION_CONTEXT(2) 
PARAMETRIC_REPRESENTATION_CONTEXT() REPRESENTATION_CONTEXT('2D SPACE',''
  ) );
#8039 = ORIENTED_EDGE('',*,*,#3200,.F.);
#8040 = ORIENTED_EDGE('',*,*,#7970,.F.);
#8041 = ORIENTED_EDGE('',*,*,#6327,.F.);
#8042 = ADVANCED_FACE('',(#8043),#1091,.T.);
#8043 = FACE_BOUND('',#8044,.T.);
#8044 = EDGE_LOOP('',(#8045,#8066,#8067,#8068));
#8045 = ORIENTED_EDGE('',*,*,#8046,.T.);
#8046 = EDGE_CURVE('',#4732,#1056,#8047,.T.);
#8047 = SURFACE_CURVE('',#8048,(#8052,#8059),.PCURVE_S1.);
#8048 = LINE('',#8049,#8050);
#8049 = CARTESIAN_POINT('',(2.593461026136,9.031953391258,-4.));
#8050 = VECTOR('',#8051,1.);
#8051 = DIRECTION('',(0.,0.,1.));
#8052 = PCURVE('',#1091,#8053);
#8053 = DEFINITIONAL_REPRESENTATION('',(#8054),#8058);
#8054 = LINE('',#8055,#8056);
#8055 = CARTESIAN_POINT('',(0.,0.));
#8056 = VECTOR('',#8057,1.);
#8057 = DIRECTION('',(0.,-1.));
#8058 = ( GEOMETRIC_REPRESENTATION_CONTEXT(2) 
PARAMETRIC_REPRESENTATION_CONTEXT() REPRESENTATION_CONTEXT('2D SPACE',''
  ) );
#8059 = PCURVE('',#1131,#8060);
#8060 = DEFINITIONAL_REPRESENTATION('',(#8061),#8065);
#8061 = LINE('',#8062,#8063);
#8062 = CARTESIAN_POINT('',(0.,0.));
#8063 = VECTOR('',#8064,1.);
#8064 = DIRECTION('',(0.,-1.));
#8065 = ( GEOMETRIC_REPRESENTATION_CONTEXT(2) 
PARAMETRIC_REPRESENTATION_CONTEXT() REPRESENTATION_CONTEXT('2D SPACE',''
  ) );
#8066 = ORIENTED_EDGE('',*,*,#1055,.T.);
#8067 = ORIENTED_EDGE('',*,*,#7996,.F.);
#8068 = ORIENTED_EDGE('',*,*,#4731,.F.);
#8069 = ADVANCED_FACE('',(#8070),#3176,.F.);
#8070 = FACE_BOUND('',#8071,.F.);
#8071 = EDGE_LOOP('',(#8072,#8093,#8094,#8095));
#8072 = ORIENTED_EDGE('',*,*,#8073,.T.);
#8073 = EDGE_CURVE('',#6262,#3113,#8074,.T.);
#8074 = SURFACE_CURVE('',#8075,(#8079,#8086),.PCURVE_S1.);
#8075 = LINE('',#8076,#8077);
#8076 = CARTESIAN_POINT('',(-1.060333364315,-9.336911443966,-4.));
#8077 = VECTOR('',#8078,1.);
#8078 = DIRECTION('',(0.,0.,1.));
#8079 = PCURVE('',#3176,#8080);
#8080 = DEFINITIONAL_REPRESENTATION('',(#8081),#8085);
#8081 = LINE('',#8082,#8083);
#8082 = CARTESIAN_POINT('',(0.,0.));
#8083 = VECTOR('',#8084,1.);
#8084 = DIRECTION('',(0.,-1.));
#8085 = ( GEOMETRIC_REPRESENTATION_CONTEXT(2) 
PARAMETRIC_REPRESENTATION_CONTEXT() REPRESENTATION_CONTEXT('2D SPACE',''
  ) );
#8086 = PCURVE('',#3128,#8087);
#8087 = DEFINITIONAL_REPRESENTATION('',(#8088),#8092);
#8088 = LINE('',#8089,#8090);
#8089 = CARTESIAN_POINT('',(0.,0.));
#8090 = VECTOR('',#8091,1.);
#8091 = DIRECTION('',(0.,-1.));
#8092 = ( GEOMETRIC_REPRESENTATION_CONTEXT(2) 
PARAMETRIC_REPRESENTATION_CONTEXT() REPRESENTATION_CONTEXT('2D SPACE',''
  ) );
#8093 = ORIENTED_EDGE('',*,*,#3140,.T.);
#8094 = ORIENTED_EDGE('',*,*,#8020,.F.);
#8095 = ORIENTED_EDGE('',*,*,#6284,.F.);
#8096 = ADVANCED_FACE('',(#8097),#1131,.F.);
#8097 = FACE_BOUND('',#8098,.F.);
#8098 = EDGE_LOOP('',(#8099,#8100,#8101,#8121));
#8099 = ORIENTED_EDGE('',*,*,#8046,.T.);
#8100 = ORIENTED_EDGE('',*,*,#1115,.T.);
#8101 = ORIENTED_EDGE('',*,*,#8102,.F.);
#8102 = EDGE_CURVE('',#4775,#1116,#8103,.T.);
#8103 = SURFACE_CURVE('',#8104,(#8108,#8115),.PCURVE_S1.);
#8104 = LINE('',#8105,#8106);
#8105 = CARTESIAN_POINT('',(2.328668643766,8.109790909607,-4.));
#8106 = VECTOR('',#8107,1.);
#8107 = DIRECTION('',(0.,0.,1.));
#8108 = PCURVE('',#1131,#8109);
#8109 = DEFINITIONAL_REPRESENTATION('',(#8110),#8114);
#8110 = LINE('',#8111,#8112);
#8111 = CARTESIAN_POINT('',(0.959426207859,0.));
#8112 = VECTOR('',#8113,1.);
#8113 = DIRECTION('',(0.,-1.));
#8114 = ( GEOMETRIC_REPRESENTATION_CONTEXT(2) 
PARAMETRIC_REPRESENTATION_CONTEXT() REPRESENTATION_CONTEXT('2D SPACE',''
  ) );
#8115 = PCURVE('',#1164,#8116);
#8116 = DEFINITIONAL_REPRESENTATION('',(#8117),#8120);
#8117 = B_SPLINE_CURVE_WITH_KNOTS('',1,(#8118,#8119),.UNSPECIFIED.,.F.,
  .F.,(2,2),(0.,8.),.PIECEWISE_BEZIER_KNOTS.);
#8118 = CARTESIAN_POINT('',(-6.28318530718,0.));
#8119 = CARTESIAN_POINT('',(-6.28318530718,-8.));
#8120 = ( GEOMETRIC_REPRESENTATION_CONTEXT(2) 
PARAMETRIC_REPRESENTATION_CONTEXT() REPRESENTATION_CONTEXT('2D SPACE',''
  ) );
#8121 = ORIENTED_EDGE('',*,*,#4774,.F.);
#8122 = ADVANCED_FACE('',(#8123),#3128,.T.);
#8123 = FACE_BOUND('',#8124,.T.);
#8124 = EDGE_LOOP('',(#8125,#8126,#8127,#8147));
#8125 = ORIENTED_EDGE('',*,*,#8073,.T.);
#8126 = ORIENTED_EDGE('',*,*,#3112,.T.);
#8127 = ORIENTED_EDGE('',*,*,#8128,.F.);
#8128 = EDGE_CURVE('',#6238,#3080,#8129,.T.);
#8129 = SURFACE_CURVE('',#8130,(#8134,#8141),.PCURVE_S1.);
#8130 = LINE('',#8131,#8132);
#8131 = CARTESIAN_POINT('',(-0.952073323075,-8.383612743769,-4.));
#8132 = VECTOR('',#8133,1.);
#8133 = DIRECTION('',(0.,0.,1.));
#8134 = PCURVE('',#3128,#8135);
#8135 = DEFINITIONAL_REPRESENTATION('',(#8136),#8140);
#8136 = LINE('',#8137,#8138);
#8137 = CARTESIAN_POINT('',(0.959426207859,0.));
#8138 = VECTOR('',#8139,1.);
#8139 = DIRECTION('',(0.,-1.));
#8140 = ( GEOMETRIC_REPRESENTATION_CONTEXT(2) 
PARAMETRIC_REPRESENTATION_CONTEXT() REPRESENTATION_CONTEXT('2D SPACE',''
  ) );
#8141 = PCURVE('',#3100,#8142);
#8142 = DEFINITIONAL_REPRESENTATION('',(#8143),#8146);
#8143 = B_SPLINE_CURVE_WITH_KNOTS('',1,(#8144,#8145),.UNSPECIFIED.,.F.,
  .F.,(2,2),(0.,8.),.PIECEWISE_BEZIER_KNOTS.);
#8144 = CARTESIAN_POINT('',(-6.449726080294,0.));
#8145 = CARTESIAN_POINT('',(-6.449726080294,-8.));
#8146 = ( GEOMETRIC_REPRESENTATION_CONTEXT(2) 
PARAMETRIC_REPRESENTATION_CONTEXT() REPRESENTATION_CONTEXT('2D SPACE',''
  ) );
#8147 = ORIENTED_EDGE('',*,*,#6261,.F.);
#8148 = ADVANCED_FACE('',(#8149),#1164,.T.);
#8149 = FACE_BOUND('',#8150,.F.);
#8150 = EDGE_LOOP('',(#8151,#8152,#8153,#8173));
#8151 = ORIENTED_EDGE('',*,*,#8102,.T.);
#8152 = ORIENTED_EDGE('',*,*,#1143,.F.);
#8153 = ORIENTED_EDGE('',*,*,#8154,.F.);
#8154 = EDGE_CURVE('',#4798,#1144,#8155,.T.);
#8155 = SURFACE_CURVE('',#8156,(#8160,#8166),.PCURVE_S1.);
#8156 = LINE('',#8157,#8158);
#8157 = CARTESIAN_POINT('',(0.952073323075,8.383612743769,-4.));
#8158 = VECTOR('',#8159,1.);
#8159 = DIRECTION('',(0.,0.,1.));
#8160 = PCURVE('',#1164,#8161);
#8161 = DEFINITIONAL_REPRESENTATION('',(#8162),#8165);
#8162 = B_SPLINE_CURVE_WITH_KNOTS('',1,(#8163,#8164),.UNSPECIFIED.,.F.,
  .F.,(2,2),(0.,8.),.PIECEWISE_BEZIER_KNOTS.);
#8163 = CARTESIAN_POINT('',(-6.449726080294,0.));
#8164 = CARTESIAN_POINT('',(-6.449726080294,-8.));
#8165 = ( GEOMETRIC_REPRESENTATION_CONTEXT(2) 
PARAMETRIC_REPRESENTATION_CONTEXT() REPRESENTATION_CONTEXT('2D SPACE',''
  ) );
#8166 = PCURVE('',#1192,#8167);
#8167 = DEFINITIONAL_REPRESENTATION('',(#8168),#8172);
#8168 = LINE('',#8169,#8170);
#8169 = CARTESIAN_POINT('',(0.959426207859,0.));
#8170 = VECTOR('',#8171,1.);
#8171 = DIRECTION('',(0.,-1.));
#8172 = ( GEOMETRIC_REPRESENTATION_CONTEXT(2) 
PARAMETRIC_REPRESENTATION_CONTEXT() REPRESENTATION_CONTEXT('2D SPACE',''
  ) );
#8173 = ORIENTED_EDGE('',*,*,#4797,.F.);
#8174 = ADVANCED_FACE('',(#8175),#3100,.T.);
#8175 = FACE_BOUND('',#8176,.F.);
#8176 = EDGE_LOOP('',(#8177,#8197,#8198,#8199));
#8177 = ORIENTED_EDGE('',*,*,#8178,.T.);
#8178 = EDGE_CURVE('',#6215,#3052,#8179,.T.);
#8179 = SURFACE_CURVE('',#8180,(#8184,#8190),.PCURVE_S1.);
#8180 = LINE('',#8181,#8182);
#8181 = CARTESIAN_POINT('',(-2.328668643766,-8.109790909607,-4.));
#8182 = VECTOR('',#8183,1.);
#8183 = DIRECTION('',(0.,0.,1.));
#8184 = PCURVE('',#3100,#8185);
#8185 = DEFINITIONAL_REPRESENTATION('',(#8186),#8189);
#8186 = B_SPLINE_CURVE_WITH_KNOTS('',1,(#8187,#8188),.UNSPECIFIED.,.F.,
  .F.,(2,2),(0.,8.),.PIECEWISE_BEZIER_KNOTS.);
#8187 = CARTESIAN_POINT('',(-6.28318530718,0.));
#8188 = CARTESIAN_POINT('',(-6.28318530718,-8.));
#8189 = ( GEOMETRIC_REPRESENTATION_CONTEXT(2) 
PARAMETRIC_REPRESENTATION_CONTEXT() REPRESENTATION_CONTEXT('2D SPACE',''
  ) );
#8190 = PCURVE('',#3067,#8191);
#8191 = DEFINITIONAL_REPRESENTATION('',(#8192),#8196);
#8192 = LINE('',#8193,#8194);
#8193 = CARTESIAN_POINT('',(0.959426207859,0.));
#8194 = VECTOR('',#8195,1.);
#8195 = DIRECTION('',(0.,-1.));
#8196 = ( GEOMETRIC_REPRESENTATION_CONTEXT(2) 
PARAMETRIC_REPRESENTATION_CONTEXT() REPRESENTATION_CONTEXT('2D SPACE',''
  ) );
#8197 = ORIENTED_EDGE('',*,*,#3079,.F.);
#8198 = ORIENTED_EDGE('',*,*,#8128,.F.);
#8199 = ORIENTED_EDGE('',*,*,#6237,.F.);
#8200 = ADVANCED_FACE('',(#8201),#1192,.T.);
#8201 = FACE_BOUND('',#8202,.T.);
#8202 = EDGE_LOOP('',(#8203,#8224,#8225,#8226));
#8203 = ORIENTED_EDGE('',*,*,#8204,.T.);
#8204 = EDGE_CURVE('',#4822,#1177,#8205,.T.);
#8205 = SURFACE_CURVE('',#8206,(#8210,#8217),.PCURVE_S1.);
#8206 = LINE('',#8207,#8208);
#8207 = CARTESIAN_POINT('',(1.060333364315,9.336911443966,-4.));
#8208 = VECTOR('',#8209,1.);
#8209 = DIRECTION('',(0.,0.,1.));
#8210 = PCURVE('',#1192,#8211);
#8211 = DEFINITIONAL_REPRESENTATION('',(#8212),#8216);
#8212 = LINE('',#8213,#8214);
#8213 = CARTESIAN_POINT('',(0.,0.));
#8214 = VECTOR('',#8215,1.);
#8215 = DIRECTION('',(0.,-1.));
#8216 = ( GEOMETRIC_REPRESENTATION_CONTEXT(2) 
PARAMETRIC_REPRESENTATION_CONTEXT() REPRESENTATION_CONTEXT('2D SPACE',''
  ) );
#8217 = PCURVE('',#1240,#8218);
#8218 = DEFINITIONAL_REPRESENTATION('',(#8219),#8223);
#8219 = LINE('',#8220,#8221);
#8220 = CARTESIAN_POINT('',(0.,0.));
#8221 = VECTOR('',#8222,1.);
#8222 = DIRECTION('',(0.,-1.));
#8223 = ( GEOMETRIC_REPRESENTATION_CONTEXT(2) 
PARAMETRIC_REPRESENTATION_CONTEXT() REPRESENTATION_CONTEXT('2D SPACE',''
  ) );
#8224 = ORIENTED_EDGE('',*,*,#1176,.T.);
#8225 = ORIENTED_EDGE('',*,*,#8154,.F.);
#8226 = ORIENTED_EDGE('',*,*,#4821,.F.);
#8227 = ADVANCED_FACE('',(#8228),#3067,.F.);
#8228 = FACE_BOUND('',#8229,.F.);
#8229 = EDGE_LOOP('',(#8230,#8251,#8252,#8253));
#8230 = ORIENTED_EDGE('',*,*,#8231,.T.);
#8231 = EDGE_CURVE('',#6172,#2992,#8232,.T.);
#8232 = SURFACE_CURVE('',#8233,(#8237,#8244),.PCURVE_S1.);
#8233 = LINE('',#8234,#8235);
#8234 = CARTESIAN_POINT('',(-2.593461026136,-9.031953391258,-4.));
#8235 = VECTOR('',#8236,1.);
#8236 = DIRECTION('',(0.,0.,1.));
#8237 = PCURVE('',#3067,#8238);
#8238 = DEFINITIONAL_REPRESENTATION('',(#8239),#8243);
#8239 = LINE('',#8240,#8241);
#8240 = CARTESIAN_POINT('',(0.,0.));
#8241 = VECTOR('',#8242,1.);
#8242 = DIRECTION('',(0.,-1.));
#8243 = ( GEOMETRIC_REPRESENTATION_CONTEXT(2) 
PARAMETRIC_REPRESENTATION_CONTEXT() REPRESENTATION_CONTEXT('2D SPACE',''
  ) );
#8244 = PCURVE('',#3027,#8245);
#8245 = DEFINITIONAL_REPRESENTATION('',(#8246),#8250);
#8246 = LINE('',#8247,#8248);
#8247 = CARTESIAN_POINT('',(0.,0.));
#8248 = VECTOR('',#8249,1.);
#8249 = DIRECTION('',(0.,-1.));
#8250 = ( GEOMETRIC_REPRESENTATION_CONTEXT(2) 
PARAMETRIC_REPRESENTATION_CONTEXT() REPRESENTATION_CONTEXT('2D SPACE',''
  ) );
#8251 = ORIENTED_EDGE('',*,*,#3051,.T.);
#8252 = ORIENTED_EDGE('',*,*,#8178,.F.);
#8253 = ORIENTED_EDGE('',*,*,#6214,.F.);
#8254 = ADVANCED_FACE('',(#8255),#1240,.F.);
#8255 = FACE_BOUND('',#8256,.F.);
#8256 = EDGE_LOOP('',(#8257,#8258,#8259,#8279));
#8257 = ORIENTED_EDGE('',*,*,#8204,.T.);
#8258 = ORIENTED_EDGE('',*,*,#1204,.T.);
#8259 = ORIENTED_EDGE('',*,*,#8260,.F.);
#8260 = EDGE_CURVE('',#4845,#1205,#8261,.T.);
#8261 = SURFACE_CURVE('',#8262,(#8266,#8273),.PCURVE_S1.);
#8262 = LINE('',#8263,#8264);
#8263 = CARTESIAN_POINT('',(0.415968189182,11.242307168263,-4.));
#8264 = VECTOR('',#8265,1.);
#8265 = DIRECTION('',(0.,0.,1.));
#8266 = PCURVE('',#1240,#8267);
#8267 = DEFINITIONAL_REPRESENTATION('',(#8268),#8272);
#8268 = LINE('',#8269,#8270);
#8269 = CARTESIAN_POINT('',(2.035369644546,0.));
#8270 = VECTOR('',#8271,1.);
#8271 = DIRECTION('',(0.,-1.));
#8272 = ( GEOMETRIC_REPRESENTATION_CONTEXT(2) 
PARAMETRIC_REPRESENTATION_CONTEXT() REPRESENTATION_CONTEXT('2D SPACE',''
  ) );
#8273 = PCURVE('',#1285,#8274);
#8274 = DEFINITIONAL_REPRESENTATION('',(#8275),#8278);
#8275 = B_SPLINE_CURVE_WITH_KNOTS('',1,(#8276,#8277),.UNSPECIFIED.,.F.,
  .F.,(2,2),(0.,8.),.PIECEWISE_BEZIER_KNOTS.);
#8276 = CARTESIAN_POINT('',(-6.28318530718,0.));
#8277 = CARTESIAN_POINT('',(-6.28318530718,-8.));
#8278 = ( GEOMETRIC_REPRESENTATION_CONTEXT(2) 
PARAMETRIC_REPRESENTATION_CONTEXT() REPRESENTATION_CONTEXT('2D SPACE',''
  ) );
#8279 = ORIENTED_EDGE('',*,*,#4844,.F.);
#8280 = ADVANCED_FACE('',(#8281),#3027,.T.);
#8281 = FACE_BOUND('',#8282,.T.);
#8282 = EDGE_LOOP('',(#8283,#8284,#8285,#8305));
#8283 = ORIENTED_EDGE('',*,*,#8231,.T.);
#8284 = ORIENTED_EDGE('',*,*,#2991,.T.);
#8285 = ORIENTED_EDGE('',*,*,#8286,.F.);
#8286 = EDGE_CURVE('',#6148,#2959,#8287,.T.);
#8287 = SURFACE_CURVE('',#8288,(#8292,#8299),.PCURVE_S1.);
#8288 = LINE('',#8289,#8290);
#8289 = CARTESIAN_POINT('',(-3.917940198693,-10.54572162535,-4.));
#8290 = VECTOR('',#8291,1.);
#8291 = DIRECTION('',(0.,0.,1.));
#8292 = PCURVE('',#3027,#8293);
#8293 = DEFINITIONAL_REPRESENTATION('',(#8294),#8298);
#8294 = LINE('',#8295,#8296);
#8295 = CARTESIAN_POINT('',(2.035369644546,0.));
#8296 = VECTOR('',#8297,1.);
#8297 = DIRECTION('',(0.,-1.));
#8298 = ( GEOMETRIC_REPRESENTATION_CONTEXT(2) 
PARAMETRIC_REPRESENTATION_CONTEXT() REPRESENTATION_CONTEXT('2D SPACE',''
  ) );
#8299 = PCURVE('',#2979,#8300);
#8300 = DEFINITIONAL_REPRESENTATION('',(#8301),#8304);
#8301 = B_SPLINE_CURVE_WITH_KNOTS('',1,(#8302,#8303),.UNSPECIFIED.,.F.,
  .F.,(2,2),(0.,8.),.PIECEWISE_BEZIER_KNOTS.);
#8302 = CARTESIAN_POINT('',(-6.357152067917,0.));
#8303 = CARTESIAN_POINT('',(-6.357152067917,-8.));
#8304 = ( GEOMETRIC_REPRESENTATION_CONTEXT(2) 
PARAMETRIC_REPRESENTATION_CONTEXT() REPRESENTATION_CONTEXT('2D SPACE',''
  ) );
#8305 = ORIENTED_EDGE('',*,*,#6171,.F.);
#8306 = ADVANCED_FACE('',(#8307),#1285,.T.);
#8307 = FACE_BOUND('',#8308,.F.);
#8308 = EDGE_LOOP('',(#8309,#8310,#8311,#8331));
#8309 = ORIENTED_EDGE('',*,*,#8260,.T.);
#8310 = ORIENTED_EDGE('',*,*,#1264,.F.);
#8311 = ORIENTED_EDGE('',*,*,#8312,.F.);
#8312 = EDGE_CURVE('',#4888,#1265,#8313,.T.);
#8313 = SURFACE_CURVE('',#8314,(#8318,#8324),.PCURVE_S1.);
#8314 = LINE('',#8315,#8316);
#8315 = CARTESIAN_POINT('',(-0.415968189182,11.242307168263,-4.));
#8316 = VECTOR('',#8317,1.);
#8317 = DIRECTION('',(0.,0.,1.));
#8318 = PCURVE('',#1285,#8319);
#8319 = DEFINITIONAL_REPRESENTATION('',(#8320),#8323);
#8320 = B_SPLINE_CURVE_WITH_KNOTS('',1,(#8321,#8322),.UNSPECIFIED.,.F.,
  .F.,(2,2),(0.,8.),.PIECEWISE_BEZIER_KNOTS.);
#8321 = CARTESIAN_POINT('',(-6.357152067917,0.));
#8322 = CARTESIAN_POINT('',(-6.357152067917,-8.));
#8323 = ( GEOMETRIC_REPRESENTATION_CONTEXT(2) 
PARAMETRIC_REPRESENTATION_CONTEXT() REPRESENTATION_CONTEXT('2D SPACE',''
  ) );
#8324 = PCURVE('',#1333,#8325);
#8325 = DEFINITIONAL_REPRESENTATION('',(#8326),#8330);
#8326 = LINE('',#8327,#8328);
#8327 = CARTESIAN_POINT('',(2.035369644546,0.));
#8328 = VECTOR('',#8329,1.);
#8329 = DIRECTION('',(0.,-1.));
#8330 = ( GEOMETRIC_REPRESENTATION_CONTEXT(2) 
PARAMETRIC_REPRESENTATION_CONTEXT() REPRESENTATION_CONTEXT('2D SPACE',''
  ) );
#8331 = ORIENTED_EDGE('',*,*,#4887,.F.);
#8332 = ADVANCED_FACE('',(#8333),#2979,.T.);
#8333 = FACE_BOUND('',#8334,.F.);
#8334 = EDGE_LOOP('',(#8335,#8355,#8356,#8357));
#8335 = ORIENTED_EDGE('',*,*,#8336,.T.);
#8336 = EDGE_CURVE('',#6105,#2899,#8337,.T.);
#8337 = SURFACE_CURVE('',#8338,(#8342,#8348),.PCURVE_S1.);
#8338 = LINE('',#8339,#8340);
#8339 = CARTESIAN_POINT('',(-4.686549191015,-10.22735335657,-4.));
#8340 = VECTOR('',#8341,1.);
#8341 = DIRECTION('',(0.,0.,1.));
#8342 = PCURVE('',#2979,#8343);
#8343 = DEFINITIONAL_REPRESENTATION('',(#8344),#8347);
#8344 = B_SPLINE_CURVE_WITH_KNOTS('',1,(#8345,#8346),.UNSPECIFIED.,.F.,
  .F.,(2,2),(0.,8.),.PIECEWISE_BEZIER_KNOTS.);
#8345 = CARTESIAN_POINT('',(-6.28318530718,0.));
#8346 = CARTESIAN_POINT('',(-6.28318530718,-8.));
#8347 = ( GEOMETRIC_REPRESENTATION_CONTEXT(2) 
PARAMETRIC_REPRESENTATION_CONTEXT() REPRESENTATION_CONTEXT('2D SPACE',''
  ) );
#8348 = PCURVE('',#2934,#8349);
#8349 = DEFINITIONAL_REPRESENTATION('',(#8350),#8354);
#8350 = LINE('',#8351,#8352);
#8351 = CARTESIAN_POINT('',(2.035369644546,0.));
#8352 = VECTOR('',#8353,1.);
#8353 = DIRECTION('',(0.,-1.));
#8354 = ( GEOMETRIC_REPRESENTATION_CONTEXT(2) 
PARAMETRIC_REPRESENTATION_CONTEXT() REPRESENTATION_CONTEXT('2D SPACE',''
  ) );
#8355 = ORIENTED_EDGE('',*,*,#2958,.F.);
#8356 = ORIENTED_EDGE('',*,*,#8286,.F.);
#8357 = ORIENTED_EDGE('',*,*,#6147,.F.);
#8358 = ADVANCED_FACE('',(#8359),#1333,.T.);
#8359 = FACE_BOUND('',#8360,.T.);
#8360 = EDGE_LOOP('',(#8361,#8382,#8383,#8384));
#8361 = ORIENTED_EDGE('',*,*,#8362,.T.);
#8362 = EDGE_CURVE('',#4912,#1298,#8363,.T.);
#8363 = SURFACE_CURVE('',#8364,(#8368,#8375),.PCURVE_S1.);
#8364 = LINE('',#8365,#8366);
#8365 = CARTESIAN_POINT('',(-1.060333364315,9.336911443966,-4.));
#8366 = VECTOR('',#8367,1.);
#8367 = DIRECTION('',(0.,0.,1.));
#8368 = PCURVE('',#1333,#8369);
#8369 = DEFINITIONAL_REPRESENTATION('',(#8370),#8374);
#8370 = LINE('',#8371,#8372);
#8371 = CARTESIAN_POINT('',(0.,0.));
#8372 = VECTOR('',#8373,1.);
#8373 = DIRECTION('',(0.,-1.));
#8374 = ( GEOMETRIC_REPRESENTATION_CONTEXT(2) 
PARAMETRIC_REPRESENTATION_CONTEXT() REPRESENTATION_CONTEXT('2D SPACE',''
  ) );
#8375 = PCURVE('',#1373,#8376);
#8376 = DEFINITIONAL_REPRESENTATION('',(#8377),#8381);
#8377 = LINE('',#8378,#8379);
#8378 = CARTESIAN_POINT('',(0.,0.));
#8379 = VECTOR('',#8380,1.);
#8380 = DIRECTION('',(0.,-1.));
#8381 = ( GEOMETRIC_REPRESENTATION_CONTEXT(2) 
PARAMETRIC_REPRESENTATION_CONTEXT() REPRESENTATION_CONTEXT('2D SPACE',''
  ) );
#8382 = ORIENTED_EDGE('',*,*,#1297,.T.);
#8383 = ORIENTED_EDGE('',*,*,#8312,.F.);
#8384 = ORIENTED_EDGE('',*,*,#4911,.F.);
#8385 = ADVANCED_FACE('',(#8386),#2934,.F.);
#8386 = FACE_BOUND('',#8387,.F.);
#8387 = EDGE_LOOP('',(#8388,#8409,#8410,#8411));
#8388 = ORIENTED_EDGE('',*,*,#8389,.T.);
#8389 = EDGE_CURVE('',#6082,#2871,#8390,.T.);
#8390 = SURFACE_CURVE('',#8391,(#8395,#8402),.PCURVE_S1.);
#8391 = LINE('',#8392,#8393);
#8392 = CARTESIAN_POINT('',(-4.552701611996,-8.220409368643,-4.));
#8393 = VECTOR('',#8394,1.);
#8394 = DIRECTION('',(0.,0.,1.));
#8395 = PCURVE('',#2934,#8396);
#8396 = DEFINITIONAL_REPRESENTATION('',(#8397),#8401);
#8397 = LINE('',#8398,#8399);
#8398 = CARTESIAN_POINT('',(0.,0.));
#8399 = VECTOR('',#8400,1.);
#8400 = DIRECTION('',(0.,-1.));
#8401 = ( GEOMETRIC_REPRESENTATION_CONTEXT(2) 
PARAMETRIC_REPRESENTATION_CONTEXT() REPRESENTATION_CONTEXT('2D SPACE',''
  ) );
#8402 = PCURVE('',#2886,#8403);
#8403 = DEFINITIONAL_REPRESENTATION('',(#8404),#8408);
#8404 = LINE('',#8405,#8406);
#8405 = CARTESIAN_POINT('',(0.,0.));
#8406 = VECTOR('',#8407,1.);
#8407 = DIRECTION('',(0.,-1.));
#8408 = ( GEOMETRIC_REPRESENTATION_CONTEXT(2) 
PARAMETRIC_REPRESENTATION_CONTEXT() REPRESENTATION_CONTEXT('2D SPACE',''
  ) );
#8409 = ORIENTED_EDGE('',*,*,#2898,.T.);
#8410 = ORIENTED_EDGE('',*,*,#8336,.F.);
#8411 = ORIENTED_EDGE('',*,*,#6104,.F.);
#8412 = ADVANCED_FACE('',(#8413),#1373,.F.);
#8413 = FACE_BOUND('',#8414,.F.);
#8414 = EDGE_LOOP('',(#8415,#8416,#8417,#8437));
#8415 = ORIENTED_EDGE('',*,*,#8362,.T.);
#8416 = ORIENTED_EDGE('',*,*,#1357,.T.);
#8417 = ORIENTED_EDGE('',*,*,#8418,.F.);
#8418 = EDGE_CURVE('',#4955,#1358,#8419,.T.);
#8419 = SURFACE_CURVE('',#8420,(#8424,#8431),.PCURVE_S1.);
#8420 = LINE('',#8421,#8422);
#8421 = CARTESIAN_POINT('',(-0.952073323075,8.383612743769,-4.));
#8422 = VECTOR('',#8423,1.);
#8423 = DIRECTION('',(0.,0.,1.));
#8424 = PCURVE('',#1373,#8425);
#8425 = DEFINITIONAL_REPRESENTATION('',(#8426),#8430);
#8426 = LINE('',#8427,#8428);
#8427 = CARTESIAN_POINT('',(0.959426207859,0.));
#8428 = VECTOR('',#8429,1.);
#8429 = DIRECTION('',(0.,-1.));
#8430 = ( GEOMETRIC_REPRESENTATION_CONTEXT(2) 
PARAMETRIC_REPRESENTATION_CONTEXT() REPRESENTATION_CONTEXT('2D SPACE',''
  ) );
#8431 = PCURVE('',#1406,#8432);
#8432 = DEFINITIONAL_REPRESENTATION('',(#8433),#8436);
#8433 = B_SPLINE_CURVE_WITH_KNOTS('',1,(#8434,#8435),.UNSPECIFIED.,.F.,
  .F.,(2,2),(0.,8.),.PIECEWISE_BEZIER_KNOTS.);
#8434 = CARTESIAN_POINT('',(-6.28318530718,0.));
#8435 = CARTESIAN_POINT('',(-6.28318530718,-8.));
#8436 = ( GEOMETRIC_REPRESENTATION_CONTEXT(2) 
PARAMETRIC_REPRESENTATION_CONTEXT() REPRESENTATION_CONTEXT('2D SPACE',''
  ) );
#8437 = ORIENTED_EDGE('',*,*,#4954,.F.);
#8438 = ADVANCED_FACE('',(#8439),#2886,.T.);
#8439 = FACE_BOUND('',#8440,.T.);
#8440 = EDGE_LOOP('',(#8441,#8442,#8443,#8463));
#8441 = ORIENTED_EDGE('',*,*,#8389,.T.);
#8442 = ORIENTED_EDGE('',*,*,#2870,.T.);
#8443 = ORIENTED_EDGE('',*,*,#8444,.F.);
#8444 = EDGE_CURVE('',#6058,#2838,#8445,.T.);
#8445 = SURFACE_CURVE('',#8446,(#8450,#8457),.PCURVE_S1.);
#8446 = LINE('',#8447,#8448);
#8447 = CARTESIAN_POINT('',(-4.087870757045,-7.381105535331,-4.));
#8448 = VECTOR('',#8449,1.);
#8449 = DIRECTION('',(0.,0.,1.));
#8450 = PCURVE('',#2886,#8451);
#8451 = DEFINITIONAL_REPRESENTATION('',(#8452),#8456);
#8452 = LINE('',#8453,#8454);
#8453 = CARTESIAN_POINT('',(0.959426207859,0.));
#8454 = VECTOR('',#8455,1.);
#8455 = DIRECTION('',(0.,-1.));
#8456 = ( GEOMETRIC_REPRESENTATION_CONTEXT(2) 
PARAMETRIC_REPRESENTATION_CONTEXT() REPRESENTATION_CONTEXT('2D SPACE',''
  ) );
#8457 = PCURVE('',#2858,#8458);
#8458 = DEFINITIONAL_REPRESENTATION('',(#8459),#8462);
#8459 = B_SPLINE_CURVE_WITH_KNOTS('',1,(#8460,#8461),.UNSPECIFIED.,.F.,
  .F.,(2,2),(0.,8.),.PIECEWISE_BEZIER_KNOTS.);
#8460 = CARTESIAN_POINT('',(-6.449726080294,0.));
#8461 = CARTESIAN_POINT('',(-6.449726080294,-8.));
#8462 = ( GEOMETRIC_REPRESENTATION_CONTEXT(2) 
PARAMETRIC_REPRESENTATION_CONTEXT() REPRESENTATION_CONTEXT('2D SPACE',''
  ) );
#8463 = ORIENTED_EDGE('',*,*,#6081,.F.);
#8464 = ADVANCED_FACE('',(#8465),#1406,.T.);
#8465 = FACE_BOUND('',#8466,.F.);
#8466 = EDGE_LOOP('',(#8467,#8468,#8469,#8489));
#8467 = ORIENTED_EDGE('',*,*,#8418,.T.);
#8468 = ORIENTED_EDGE('',*,*,#1385,.F.);
#8469 = ORIENTED_EDGE('',*,*,#8470,.F.);
#8470 = EDGE_CURVE('',#4978,#1386,#8471,.T.);
#8471 = SURFACE_CURVE('',#8472,(#8476,#8482),.PCURVE_S1.);
#8472 = LINE('',#8473,#8474);
#8473 = CARTESIAN_POINT('',(-2.328668643766,8.109790909607,-4.));
#8474 = VECTOR('',#8475,1.);
#8475 = DIRECTION('',(0.,0.,1.));
#8476 = PCURVE('',#1406,#8477);
#8477 = DEFINITIONAL_REPRESENTATION('',(#8478),#8481);
#8478 = B_SPLINE_CURVE_WITH_KNOTS('',1,(#8479,#8480),.UNSPECIFIED.,.F.,
  .F.,(2,2),(0.,8.),.PIECEWISE_BEZIER_KNOTS.);
#8479 = CARTESIAN_POINT('',(-6.449726080294,0.));
#8480 = CARTESIAN_POINT('',(-6.449726080294,-8.));
#8481 = ( GEOMETRIC_REPRESENTATION_CONTEXT(2) 
PARAMETRIC_REPRESENTATION_CONTEXT() REPRESENTATION_CONTEXT('2D SPACE',''
  ) );
#8482 = PCURVE('',#1434,#8483);
#8483 = DEFINITIONAL_REPRESENTATION('',(#8484),#8488);
#8484 = LINE('',#8485,#8486);
#8485 = CARTESIAN_POINT('',(0.959426207859,0.));
#8486 = VECTOR('',#8487,1.);
#8487 = DIRECTION('',(0.,-1.));
#8488 = ( GEOMETRIC_REPRESENTATION_CONTEXT(2) 
PARAMETRIC_REPRESENTATION_CONTEXT() REPRESENTATION_CONTEXT('2D SPACE',''
  ) );
#8489 = ORIENTED_EDGE('',*,*,#4977,.F.);
#8490 = ADVANCED_FACE('',(#8491),#2858,.T.);
#8491 = FACE_BOUND('',#8492,.F.);
#8492 = EDGE_LOOP('',(#8493,#8513,#8514,#8515));
#8493 = ORIENTED_EDGE('',*,*,#8494,.T.);
#8494 = EDGE_CURVE('',#6035,#2810,#8495,.T.);
#8495 = SURFACE_CURVE('',#8496,(#8500,#8506),.PCURVE_S1.);
#8496 = LINE('',#8497,#8498);
#8497 = CARTESIAN_POINT('',(-5.254891919028,-6.601326924895,-4.));
#8498 = VECTOR('',#8499,1.);
#8499 = DIRECTION('',(0.,0.,1.));
#8500 = PCURVE('',#2858,#8501);
#8501 = DEFINITIONAL_REPRESENTATION('',(#8502),#8505);
#8502 = B_SPLINE_CURVE_WITH_KNOTS('',1,(#8503,#8504),.UNSPECIFIED.,.F.,
  .F.,(2,2),(0.,8.),.PIECEWISE_BEZIER_KNOTS.);
#8503 = CARTESIAN_POINT('',(-6.28318530718,0.));
#8504 = CARTESIAN_POINT('',(-6.28318530718,-8.));
#8505 = ( GEOMETRIC_REPRESENTATION_CONTEXT(2) 
PARAMETRIC_REPRESENTATION_CONTEXT() REPRESENTATION_CONTEXT('2D SPACE',''
  ) );
#8506 = PCURVE('',#2825,#8507);
#8507 = DEFINITIONAL_REPRESENTATION('',(#8508),#8512);
#8508 = LINE('',#8509,#8510);
#8509 = CARTESIAN_POINT('',(0.959426207859,0.));
#8510 = VECTOR('',#8511,1.);
#8511 = DIRECTION('',(0.,-1.));
#8512 = ( GEOMETRIC_REPRESENTATION_CONTEXT(2) 
PARAMETRIC_REPRESENTATION_CONTEXT() REPRESENTATION_CONTEXT('2D SPACE',''
  ) );
#8513 = ORIENTED_EDGE('',*,*,#2837,.F.);
#8514 = ORIENTED_EDGE('',*,*,#8444,.F.);
#8515 = ORIENTED_EDGE('',*,*,#6057,.F.);
#8516 = ADVANCED_FACE('',(#8517),#1434,.T.);
#8517 = FACE_BOUND('',#8518,.T.);
#8518 = EDGE_LOOP('',(#8519,#8540,#8541,#8542));
#8519 = ORIENTED_EDGE('',*,*,#8520,.T.);
#8520 = EDGE_CURVE('',#5002,#1419,#8521,.T.);
#8521 = SURFACE_CURVE('',#8522,(#8526,#8533),.PCURVE_S1.);
#8522 = LINE('',#8523,#8524);
#8523 = CARTESIAN_POINT('',(-2.593461026136,9.031953391258,-4.));
#8524 = VECTOR('',#8525,1.);
#8525 = DIRECTION('',(0.,0.,1.));
#8526 = PCURVE('',#1434,#8527);
#8527 = DEFINITIONAL_REPRESENTATION('',(#8528),#8532);
#8528 = LINE('',#8529,#8530);
#8529 = CARTESIAN_POINT('',(0.,0.));
#8530 = VECTOR('',#8531,1.);
#8531 = DIRECTION('',(0.,-1.));
#8532 = ( GEOMETRIC_REPRESENTATION_CONTEXT(2) 
PARAMETRIC_REPRESENTATION_CONTEXT() REPRESENTATION_CONTEXT('2D SPACE',''
  ) );
#8533 = PCURVE('',#1482,#8534);
#8534 = DEFINITIONAL_REPRESENTATION('',(#8535),#8539);
#8535 = LINE('',#8536,#8537);
#8536 = CARTESIAN_POINT('',(0.,0.));
#8537 = VECTOR('',#8538,1.);
#8538 = DIRECTION('',(0.,-1.));
#8539 = ( GEOMETRIC_REPRESENTATION_CONTEXT(2) 
PARAMETRIC_REPRESENTATION_CONTEXT() REPRESENTATION_CONTEXT('2D SPACE',''
  ) );
#8540 = ORIENTED_EDGE('',*,*,#1418,.T.);
#8541 = ORIENTED_EDGE('',*,*,#8470,.F.);
#8542 = ORIENTED_EDGE('',*,*,#5001,.F.);
#8543 = ADVANCED_FACE('',(#8544),#2825,.F.);
#8544 = FACE_BOUND('',#8545,.F.);
#8545 = EDGE_LOOP('',(#8546,#8567,#8568,#8569));
#8546 = ORIENTED_EDGE('',*,*,#8547,.T.);
#8547 = EDGE_CURVE('',#5992,#2750,#8548,.T.);
#8548 = SURFACE_CURVE('',#8549,(#8553,#8560),.PCURVE_S1.);
#8549 = LINE('',#8550,#8551);
#8550 = CARTESIAN_POINT('',(-5.852424485141,-7.351962309593,-4.));
#8551 = VECTOR('',#8552,1.);
#8552 = DIRECTION('',(0.,0.,1.));
#8553 = PCURVE('',#2825,#8554);
#8554 = DEFINITIONAL_REPRESENTATION('',(#8555),#8559);
#8555 = LINE('',#8556,#8557);
#8556 = CARTESIAN_POINT('',(0.,0.));
#8557 = VECTOR('',#8558,1.);
#8558 = DIRECTION('',(0.,-1.));
#8559 = ( GEOMETRIC_REPRESENTATION_CONTEXT(2) 
PARAMETRIC_REPRESENTATION_CONTEXT() REPRESENTATION_CONTEXT('2D SPACE',''
  ) );
#8560 = PCURVE('',#2785,#8561);
#8561 = DEFINITIONAL_REPRESENTATION('',(#8562),#8566);
#8562 = LINE('',#8563,#8564);
#8563 = CARTESIAN_POINT('',(0.,0.));
#8564 = VECTOR('',#8565,1.);
#8565 = DIRECTION('',(0.,-1.));
#8566 = ( GEOMETRIC_REPRESENTATION_CONTEXT(2) 
PARAMETRIC_REPRESENTATION_CONTEXT() REPRESENTATION_CONTEXT('2D SPACE',''
  ) );
#8567 = ORIENTED_EDGE('',*,*,#2809,.T.);
#8568 = ORIENTED_EDGE('',*,*,#8494,.F.);
#8569 = ORIENTED_EDGE('',*,*,#6034,.F.);
#8570 = ADVANCED_FACE('',(#8571),#1482,.F.);
#8571 = FACE_BOUND('',#8572,.F.);
#8572 = EDGE_LOOP('',(#8573,#8574,#8575,#8595));
#8573 = ORIENTED_EDGE('',*,*,#8520,.T.);
#8574 = ORIENTED_EDGE('',*,*,#1446,.T.);
#8575 = ORIENTED_EDGE('',*,*,#8576,.F.);
#8576 = EDGE_CURVE('',#5025,#1447,#8577,.T.);
#8577 = SURFACE_CURVE('',#8578,(#8582,#8589),.PCURVE_S1.);
#8578 = LINE('',#8579,#8580);
#8579 = CARTESIAN_POINT('',(-3.917940198693,10.545721625354,-4.));
#8580 = VECTOR('',#8581,1.);
#8581 = DIRECTION('',(0.,0.,1.));
#8582 = PCURVE('',#1482,#8583);
#8583 = DEFINITIONAL_REPRESENTATION('',(#8584),#8588);
#8584 = LINE('',#8585,#8586);
#8585 = CARTESIAN_POINT('',(2.035369644546,0.));
#8586 = VECTOR('',#8587,1.);
#8587 = DIRECTION('',(0.,-1.));
#8588 = ( GEOMETRIC_REPRESENTATION_CONTEXT(2) 
PARAMETRIC_REPRESENTATION_CONTEXT() REPRESENTATION_CONTEXT('2D SPACE',''
  ) );
#8589 = PCURVE('',#1527,#8590);
#8590 = DEFINITIONAL_REPRESENTATION('',(#8591),#8594);
#8591 = B_SPLINE_CURVE_WITH_KNOTS('',1,(#8592,#8593),.UNSPECIFIED.,.F.,
  .F.,(2,2),(0.,8.),.PIECEWISE_BEZIER_KNOTS.);
#8592 = CARTESIAN_POINT('',(-6.28318530718,0.));
#8593 = CARTESIAN_POINT('',(-6.28318530718,-8.));
#8594 = ( GEOMETRIC_REPRESENTATION_CONTEXT(2) 
PARAMETRIC_REPRESENTATION_CONTEXT() REPRESENTATION_CONTEXT('2D SPACE',''
  ) );
#8595 = ORIENTED_EDGE('',*,*,#5024,.F.);
#8596 = ADVANCED_FACE('',(#8597),#2785,.T.);
#8597 = FACE_BOUND('',#8598,.T.);
#8598 = EDGE_LOOP('',(#8599,#8600,#8601,#8621));
#8599 = ORIENTED_EDGE('',*,*,#8547,.T.);
#8600 = ORIENTED_EDGE('',*,*,#2749,.T.);
#8601 = ORIENTED_EDGE('',*,*,#8602,.F.);
#8602 = EDGE_CURVE('',#5968,#2717,#8603,.T.);
#8603 = SURFACE_CURVE('',#8604,(#8608,#8615),.PCURVE_S1.);
#8604 = LINE('',#8605,#8606);
#8605 = CARTESIAN_POINT('',(-7.655377707533,-8.24364556219,-4.));
#8606 = VECTOR('',#8607,1.);
#8607 = DIRECTION('',(0.,0.,1.));
#8608 = PCURVE('',#2785,#8609);
#8609 = DEFINITIONAL_REPRESENTATION('',(#8610),#8614);
#8610 = LINE('',#8611,#8612);
#8611 = CARTESIAN_POINT('',(2.035369644546,0.));
#8612 = VECTOR('',#8613,1.);
#8613 = DIRECTION('',(0.,-1.));
#8614 = ( GEOMETRIC_REPRESENTATION_CONTEXT(2) 
PARAMETRIC_REPRESENTATION_CONTEXT() REPRESENTATION_CONTEXT('2D SPACE',''
  ) );
#8615 = PCURVE('',#2737,#8616);
#8616 = DEFINITIONAL_REPRESENTATION('',(#8617),#8620);
#8617 = B_SPLINE_CURVE_WITH_KNOTS('',1,(#8618,#8619),.UNSPECIFIED.,.F.,
  .F.,(2,2),(0.,8.),.PIECEWISE_BEZIER_KNOTS.);
#8618 = CARTESIAN_POINT('',(-6.357152067917,0.));
#8619 = CARTESIAN_POINT('',(-6.357152067917,-8.));
#8620 = ( GEOMETRIC_REPRESENTATION_CONTEXT(2) 
PARAMETRIC_REPRESENTATION_CONTEXT() REPRESENTATION_CONTEXT('2D SPACE',''
  ) );
#8621 = ORIENTED_EDGE('',*,*,#5991,.F.);
#8622 = ADVANCED_FACE('',(#8623),#1527,.T.);
#8623 = FACE_BOUND('',#8624,.F.);
#8624 = EDGE_LOOP('',(#8625,#8626,#8627,#8647));
#8625 = ORIENTED_EDGE('',*,*,#8576,.T.);
#8626 = ORIENTED_EDGE('',*,*,#1506,.F.);
#8627 = ORIENTED_EDGE('',*,*,#8628,.F.);
#8628 = EDGE_CURVE('',#5068,#1507,#8629,.T.);
#8629 = SURFACE_CURVE('',#8630,(#8634,#8640),.PCURVE_S1.);
#8630 = LINE('',#8631,#8632);
#8631 = CARTESIAN_POINT('',(-4.686549191015,10.227353356573,-4.));
#8632 = VECTOR('',#8633,1.);
#8633 = DIRECTION('',(0.,0.,1.));
#8634 = PCURVE('',#1527,#8635);
#8635 = DEFINITIONAL_REPRESENTATION('',(#8636),#8639);
#8636 = B_SPLINE_CURVE_WITH_KNOTS('',1,(#8637,#8638),.UNSPECIFIED.,.F.,
  .F.,(2,2),(0.,8.),.PIECEWISE_BEZIER_KNOTS.);
#8637 = CARTESIAN_POINT('',(-6.357152067917,0.));
#8638 = CARTESIAN_POINT('',(-6.357152067917,-8.));
#8639 = ( GEOMETRIC_REPRESENTATION_CONTEXT(2) 
PARAMETRIC_REPRESENTATION_CONTEXT() REPRESENTATION_CONTEXT('2D SPACE',''
  ) );
#8640 = PCURVE('',#1575,#8641);
#8641 = DEFINITIONAL_REPRESENTATION('',(#8642),#8646);
#8642 = LINE('',#8643,#8644);
#8643 = CARTESIAN_POINT('',(2.035369644546,0.));
#8644 = VECTOR('',#8645,1.);
#8645 = DIRECTION('',(0.,-1.));
#8646 = ( GEOMETRIC_REPRESENTATION_CONTEXT(2) 
PARAMETRIC_REPRESENTATION_CONTEXT() REPRESENTATION_CONTEXT('2D SPACE',''
  ) );
#8647 = ORIENTED_EDGE('',*,*,#5067,.F.);
#8648 = ADVANCED_FACE('',(#8649),#2737,.T.);
#8649 = FACE_BOUND('',#8650,.F.);
#8650 = EDGE_LOOP('',(#8651,#8671,#8672,#8673));
#8651 = ORIENTED_EDGE('',*,*,#8652,.T.);
#8652 = EDGE_CURVE('',#5925,#2657,#8653,.T.);
#8653 = SURFACE_CURVE('',#8654,(#8658,#8664),.PCURVE_S1.);
#8654 = LINE('',#8655,#8656);
#8655 = CARTESIAN_POINT('',(-8.24364556219,-7.655377707533,-4.));
#8656 = VECTOR('',#8657,1.);
#8657 = DIRECTION('',(0.,0.,1.));
#8658 = PCURVE('',#2737,#8659);
#8659 = DEFINITIONAL_REPRESENTATION('',(#8660),#8663);
#8660 = B_SPLINE_CURVE_WITH_KNOTS('',1,(#8661,#8662),.UNSPECIFIED.,.F.,
  .F.,(2,2),(0.,8.),.PIECEWISE_BEZIER_KNOTS.);
#8661 = CARTESIAN_POINT('',(-6.28318530718,0.));
#8662 = CARTESIAN_POINT('',(-6.28318530718,-8.));
#8663 = ( GEOMETRIC_REPRESENTATION_CONTEXT(2) 
PARAMETRIC_REPRESENTATION_CONTEXT() REPRESENTATION_CONTEXT('2D SPACE',''
  ) );
#8664 = PCURVE('',#2692,#8665);
#8665 = DEFINITIONAL_REPRESENTATION('',(#8666),#8670);
#8666 = LINE('',#8667,#8668);
#8667 = CARTESIAN_POINT('',(2.035369644546,0.));
#8668 = VECTOR('',#8669,1.);
#8669 = DIRECTION('',(0.,-1.));
#8670 = ( GEOMETRIC_REPRESENTATION_CONTEXT(2) 
PARAMETRIC_REPRESENTATION_CONTEXT() REPRESENTATION_CONTEXT('2D SPACE',''
  ) );
#8671 = ORIENTED_EDGE('',*,*,#2716,.F.);
#8672 = ORIENTED_EDGE('',*,*,#8602,.F.);
#8673 = ORIENTED_EDGE('',*,*,#5967,.F.);
#8674 = ADVANCED_FACE('',(#8675),#1575,.T.);
#8675 = FACE_BOUND('',#8676,.T.);
#8676 = EDGE_LOOP('',(#8677,#8698,#8699,#8700));
#8677 = ORIENTED_EDGE('',*,*,#8678,.T.);
#8678 = EDGE_CURVE('',#5092,#1540,#8679,.T.);
#8679 = SURFACE_CURVE('',#8680,(#8684,#8691),.PCURVE_S1.);
#8680 = LINE('',#8681,#8682);
#8681 = CARTESIAN_POINT('',(-4.552701611996,8.220409368643,-4.));
#8682 = VECTOR('',#8683,1.);
#8683 = DIRECTION('',(0.,0.,1.));
#8684 = PCURVE('',#1575,#8685);
#8685 = DEFINITIONAL_REPRESENTATION('',(#8686),#8690);
#8686 = LINE('',#8687,#8688);
#8687 = CARTESIAN_POINT('',(0.,0.));
#8688 = VECTOR('',#8689,1.);
#8689 = DIRECTION('',(0.,-1.));
#8690 = ( GEOMETRIC_REPRESENTATION_CONTEXT(2) 
PARAMETRIC_REPRESENTATION_CONTEXT() REPRESENTATION_CONTEXT('2D SPACE',''
  ) );
#8691 = PCURVE('',#1615,#8692);
#8692 = DEFINITIONAL_REPRESENTATION('',(#8693),#8697);
#8693 = LINE('',#8694,#8695);
#8694 = CARTESIAN_POINT('',(0.,0.));
#8695 = VECTOR('',#8696,1.);
#8696 = DIRECTION('',(0.,-1.));
#8697 = ( GEOMETRIC_REPRESENTATION_CONTEXT(2) 
PARAMETRIC_REPRESENTATION_CONTEXT() REPRESENTATION_CONTEXT('2D SPACE',''
  ) );
#8698 = ORIENTED_EDGE('',*,*,#1539,.T.);
#8699 = ORIENTED_EDGE('',*,*,#8628,.F.);
#8700 = ORIENTED_EDGE('',*,*,#5091,.F.);
#8701 = ADVANCED_FACE('',(#8702),#2692,.F.);
#8702 = FACE_BOUND('',#8703,.F.);
#8703 = EDGE_LOOP('',(#8704,#8725,#8726,#8727));
#8704 = ORIENTED_EDGE('',*,*,#8705,.T.);
#8705 = EDGE_CURVE('',#5902,#2629,#8706,.T.);
#8706 = SURFACE_CURVE('',#8707,(#8711,#8718),.PCURVE_S1.);
#8707 = LINE('',#8708,#8709);
#8708 = CARTESIAN_POINT('',(-7.351962309593,-5.852424485141,-4.));
#8709 = VECTOR('',#8710,1.);
#8710 = DIRECTION('',(0.,0.,1.));
#8711 = PCURVE('',#2692,#8712);
#8712 = DEFINITIONAL_REPRESENTATION('',(#8713),#8717);
#8713 = LINE('',#8714,#8715);
#8714 = CARTESIAN_POINT('',(0.,0.));
#8715 = VECTOR('',#8716,1.);
#8716 = DIRECTION('',(0.,-1.));
#8717 = ( GEOMETRIC_REPRESENTATION_CONTEXT(2) 
PARAMETRIC_REPRESENTATION_CONTEXT() REPRESENTATION_CONTEXT('2D SPACE',''
  ) );
#8718 = PCURVE('',#2644,#8719);
#8719 = DEFINITIONAL_REPRESENTATION('',(#8720),#8724);
#8720 = LINE('',#8721,#8722);
#8721 = CARTESIAN_POINT('',(0.,0.));
#8722 = VECTOR('',#8723,1.);
#8723 = DIRECTION('',(0.,-1.));
#8724 = ( GEOMETRIC_REPRESENTATION_CONTEXT(2) 
PARAMETRIC_REPRESENTATION_CONTEXT() REPRESENTATION_CONTEXT('2D SPACE',''
  ) );
#8725 = ORIENTED_EDGE('',*,*,#2656,.T.);
#8726 = ORIENTED_EDGE('',*,*,#8652,.F.);
#8727 = ORIENTED_EDGE('',*,*,#5924,.F.);
#8728 = ADVANCED_FACE('',(#8729),#1615,.F.);
#8729 = FACE_BOUND('',#8730,.F.);
#8730 = EDGE_LOOP('',(#8731,#8732,#8733,#8753));
#8731 = ORIENTED_EDGE('',*,*,#8678,.T.);
#8732 = ORIENTED_EDGE('',*,*,#1599,.T.);
#8733 = ORIENTED_EDGE('',*,*,#8734,.F.);
#8734 = EDGE_CURVE('',#5135,#1600,#8735,.T.);
#8735 = SURFACE_CURVE('',#8736,(#8740,#8747),.PCURVE_S1.);
#8736 = LINE('',#8737,#8738);
#8737 = CARTESIAN_POINT('',(-4.087870757045,7.381105535331,-4.));
#8738 = VECTOR('',#8739,1.);
#8739 = DIRECTION('',(0.,0.,1.));
#8740 = PCURVE('',#1615,#8741);
#8741 = DEFINITIONAL_REPRESENTATION('',(#8742),#8746);
#8742 = LINE('',#8743,#8744);
#8743 = CARTESIAN_POINT('',(0.959426207859,0.));
#8744 = VECTOR('',#8745,1.);
#8745 = DIRECTION('',(0.,-1.));
#8746 = ( GEOMETRIC_REPRESENTATION_CONTEXT(2) 
PARAMETRIC_REPRESENTATION_CONTEXT() REPRESENTATION_CONTEXT('2D SPACE',''
  ) );
#8747 = PCURVE('',#1648,#8748);
#8748 = DEFINITIONAL_REPRESENTATION('',(#8749),#8752);
#8749 = B_SPLINE_CURVE_WITH_KNOTS('',1,(#8750,#8751),.UNSPECIFIED.,.F.,
  .F.,(2,2),(0.,8.),.PIECEWISE_BEZIER_KNOTS.);
#8750 = CARTESIAN_POINT('',(-6.28318530718,0.));
#8751 = CARTESIAN_POINT('',(-6.28318530718,-8.));
#8752 = ( GEOMETRIC_REPRESENTATION_CONTEXT(2) 
PARAMETRIC_REPRESENTATION_CONTEXT() REPRESENTATION_CONTEXT('2D SPACE',''
  ) );
#8753 = ORIENTED_EDGE('',*,*,#5134,.F.);
#8754 = ADVANCED_FACE('',(#8755),#2644,.T.);
#8755 = FACE_BOUND('',#8756,.T.);
#8756 = EDGE_LOOP('',(#8757,#8758,#8759,#8779));
#8757 = ORIENTED_EDGE('',*,*,#8705,.T.);
#8758 = ORIENTED_EDGE('',*,*,#2628,.T.);
#8759 = ORIENTED_EDGE('',*,*,#8760,.F.);
#8760 = EDGE_CURVE('',#5878,#2596,#8761,.T.);
#8761 = SURFACE_CURVE('',#8762,(#8766,#8773),.PCURVE_S1.);
#8762 = LINE('',#8763,#8764);
#8763 = CARTESIAN_POINT('',(-6.601326924895,-5.254891919028,-4.));
#8764 = VECTOR('',#8765,1.);
#8765 = DIRECTION('',(0.,0.,1.));
#8766 = PCURVE('',#2644,#8767);
#8767 = DEFINITIONAL_REPRESENTATION('',(#8768),#8772);
#8768 = LINE('',#8769,#8770);
#8769 = CARTESIAN_POINT('',(0.959426207859,0.));
#8770 = VECTOR('',#8771,1.);
#8771 = DIRECTION('',(0.,-1.));
#8772 = ( GEOMETRIC_REPRESENTATION_CONTEXT(2) 
PARAMETRIC_REPRESENTATION_CONTEXT() REPRESENTATION_CONTEXT('2D SPACE',''
  ) );
#8773 = PCURVE('',#2616,#8774);
#8774 = DEFINITIONAL_REPRESENTATION('',(#8775),#8778);
#8775 = B_SPLINE_CURVE_WITH_KNOTS('',1,(#8776,#8777),.UNSPECIFIED.,.F.,
  .F.,(2,2),(0.,8.),.PIECEWISE_BEZIER_KNOTS.);
#8776 = CARTESIAN_POINT('',(-6.449726080294,0.));
#8777 = CARTESIAN_POINT('',(-6.449726080294,-8.));
#8778 = ( GEOMETRIC_REPRESENTATION_CONTEXT(2) 
PARAMETRIC_REPRESENTATION_CONTEXT() REPRESENTATION_CONTEXT('2D SPACE',''
  ) );
#8779 = ORIENTED_EDGE('',*,*,#5901,.F.);
#8780 = ADVANCED_FACE('',(#8781),#1648,.T.);
#8781 = FACE_BOUND('',#8782,.F.);
#8782 = EDGE_LOOP('',(#8783,#8784,#8785,#8805));
#8783 = ORIENTED_EDGE('',*,*,#8734,.T.);
#8784 = ORIENTED_EDGE('',*,*,#1627,.F.);
#8785 = ORIENTED_EDGE('',*,*,#8786,.F.);
#8786 = EDGE_CURVE('',#5158,#1628,#8787,.T.);
#8787 = SURFACE_CURVE('',#8788,(#8792,#8798),.PCURVE_S1.);
#8788 = LINE('',#8789,#8790);
#8789 = CARTESIAN_POINT('',(-5.254891919028,6.601326924895,-4.));
#8790 = VECTOR('',#8791,1.);
#8791 = DIRECTION('',(0.,0.,1.));
#8792 = PCURVE('',#1648,#8793);
#8793 = DEFINITIONAL_REPRESENTATION('',(#8794),#8797);
#8794 = B_SPLINE_CURVE_WITH_KNOTS('',1,(#8795,#8796),.UNSPECIFIED.,.F.,
  .F.,(2,2),(0.,8.),.PIECEWISE_BEZIER_KNOTS.);
#8795 = CARTESIAN_POINT('',(-6.449726080294,0.));
#8796 = CARTESIAN_POINT('',(-6.449726080294,-8.));
#8797 = ( GEOMETRIC_REPRESENTATION_CONTEXT(2) 
PARAMETRIC_REPRESENTATION_CONTEXT() REPRESENTATION_CONTEXT('2D SPACE',''
  ) );
#8798 = PCURVE('',#1676,#8799);
#8799 = DEFINITIONAL_REPRESENTATION('',(#8800),#8804);
#8800 = LINE('',#8801,#8802);
#8801 = CARTESIAN_POINT('',(0.959426207859,0.));
#8802 = VECTOR('',#8803,1.);
#8803 = DIRECTION('',(0.,-1.));
#8804 = ( GEOMETRIC_REPRESENTATION_CONTEXT(2) 
PARAMETRIC_REPRESENTATION_CONTEXT() REPRESENTATION_CONTEXT('2D SPACE',''
  ) );
#8805 = ORIENTED_EDGE('',*,*,#5157,.F.);
#8806 = ADVANCED_FACE('',(#8807),#2616,.T.);
#8807 = FACE_BOUND('',#8808,.F.);
#8808 = EDGE_LOOP('',(#8809,#8829,#8830,#8831));
#8809 = ORIENTED_EDGE('',*,*,#8810,.T.);
#8810 = EDGE_CURVE('',#5855,#2568,#8811,.T.);
#8811 = SURFACE_CURVE('',#8812,(#8816,#8822),.PCURVE_S1.);
#8812 = LINE('',#8813,#8814);
#8813 = CARTESIAN_POINT('',(-7.381105535331,-4.087870757045,-4.));
#8814 = VECTOR('',#8815,1.);
#8815 = DIRECTION('',(0.,0.,1.));
#8816 = PCURVE('',#2616,#8817);
#8817 = DEFINITIONAL_REPRESENTATION('',(#8818),#8821);
#8818 = B_SPLINE_CURVE_WITH_KNOTS('',1,(#8819,#8820),.UNSPECIFIED.,.F.,
  .F.,(2,2),(0.,8.),.PIECEWISE_BEZIER_KNOTS.);
#8819 = CARTESIAN_POINT('',(-6.28318530718,0.));
#8820 = CARTESIAN_POINT('',(-6.28318530718,-8.));
#8821 = ( GEOMETRIC_REPRESENTATION_CONTEXT(2) 
PARAMETRIC_REPRESENTATION_CONTEXT() REPRESENTATION_CONTEXT('2D SPACE',''
  ) );
#8822 = PCURVE('',#2583,#8823);
#8823 = DEFINITIONAL_REPRESENTATION('',(#8824),#8828);
#8824 = LINE('',#8825,#8826);
#8825 = CARTESIAN_POINT('',(0.959426207859,0.));
#8826 = VECTOR('',#8827,1.);
#8827 = DIRECTION('',(0.,-1.));
#8828 = ( GEOMETRIC_REPRESENTATION_CONTEXT(2) 
PARAMETRIC_REPRESENTATION_CONTEXT() REPRESENTATION_CONTEXT('2D SPACE',''
  ) );
#8829 = ORIENTED_EDGE('',*,*,#2595,.F.);
#8830 = ORIENTED_EDGE('',*,*,#8760,.F.);
#8831 = ORIENTED_EDGE('',*,*,#5877,.F.);
#8832 = ADVANCED_FACE('',(#8833),#1676,.T.);
#8833 = FACE_BOUND('',#8834,.T.);
#8834 = EDGE_LOOP('',(#8835,#8856,#8857,#8858));
#8835 = ORIENTED_EDGE('',*,*,#8836,.T.);
#8836 = EDGE_CURVE('',#5182,#1661,#8837,.T.);
#8837 = SURFACE_CURVE('',#8838,(#8842,#8849),.PCURVE_S1.);
#8838 = LINE('',#8839,#8840);
#8839 = CARTESIAN_POINT('',(-5.852424485141,7.351962309593,-4.));
#8840 = VECTOR('',#8841,1.);
#8841 = DIRECTION('',(0.,0.,1.));
#8842 = PCURVE('',#1676,#8843);
#8843 = DEFINITIONAL_REPRESENTATION('',(#8844),#8848);
#8844 = LINE('',#8845,#8846);
#8845 = CARTESIAN_POINT('',(0.,0.));
#8846 = VECTOR('',#8847,1.);
#8847 = DIRECTION('',(0.,-1.));
#8848 = ( GEOMETRIC_REPRESENTATION_CONTEXT(2) 
PARAMETRIC_REPRESENTATION_CONTEXT() REPRESENTATION_CONTEXT('2D SPACE',''
  ) );
#8849 = PCURVE('',#1724,#8850);
#8850 = DEFINITIONAL_REPRESENTATION('',(#8851),#8855);
#8851 = LINE('',#8852,#8853);
#8852 = CARTESIAN_POINT('',(0.,0.));
#8853 = VECTOR('',#8854,1.);
#8854 = DIRECTION('',(0.,-1.));
#8855 = ( GEOMETRIC_REPRESENTATION_CONTEXT(2) 
PARAMETRIC_REPRESENTATION_CONTEXT() REPRESENTATION_CONTEXT('2D SPACE',''
  ) );
#8856 = ORIENTED_EDGE('',*,*,#1660,.T.);
#8857 = ORIENTED_EDGE('',*,*,#8786,.F.);
#8858 = ORIENTED_EDGE('',*,*,#5181,.F.);
#8859 = ADVANCED_FACE('',(#8860),#2583,.F.);
#8860 = FACE_BOUND('',#8861,.F.);
#8861 = EDGE_LOOP('',(#8862,#8883,#8884,#8885));
#8862 = ORIENTED_EDGE('',*,*,#8863,.T.);
#8863 = EDGE_CURVE('',#5812,#2508,#8864,.T.);
#8864 = SURFACE_CURVE('',#8865,(#8869,#8876),.PCURVE_S1.);
#8865 = LINE('',#8866,#8867);
#8866 = CARTESIAN_POINT('',(-8.220409368643,-4.552701611996,-4.));
#8867 = VECTOR('',#8868,1.);
#8868 = DIRECTION('',(0.,0.,1.));
#8869 = PCURVE('',#2583,#8870);
#8870 = DEFINITIONAL_REPRESENTATION('',(#8871),#8875);
#8871 = LINE('',#8872,#8873);
#8872 = CARTESIAN_POINT('',(0.,0.));
#8873 = VECTOR('',#8874,1.);
#8874 = DIRECTION('',(0.,-1.));
#8875 = ( GEOMETRIC_REPRESENTATION_CONTEXT(2) 
PARAMETRIC_REPRESENTATION_CONTEXT() REPRESENTATION_CONTEXT('2D SPACE',''
  ) );
#8876 = PCURVE('',#2543,#8877);
#8877 = DEFINITIONAL_REPRESENTATION('',(#8878),#8882);
#8878 = LINE('',#8879,#8880);
#8879 = CARTESIAN_POINT('',(0.,0.));
#8880 = VECTOR('',#8881,1.);
#8881 = DIRECTION('',(0.,-1.));
#8882 = ( GEOMETRIC_REPRESENTATION_CONTEXT(2) 
PARAMETRIC_REPRESENTATION_CONTEXT() REPRESENTATION_CONTEXT('2D SPACE',''
  ) );
#8883 = ORIENTED_EDGE('',*,*,#2567,.T.);
#8884 = ORIENTED_EDGE('',*,*,#8810,.F.);
#8885 = ORIENTED_EDGE('',*,*,#5854,.F.);
#8886 = ADVANCED_FACE('',(#8887),#1724,.F.);
#8887 = FACE_BOUND('',#8888,.F.);
#8888 = EDGE_LOOP('',(#8889,#8890,#8891,#8911));
#8889 = ORIENTED_EDGE('',*,*,#8836,.T.);
#8890 = ORIENTED_EDGE('',*,*,#1688,.T.);
#8891 = ORIENTED_EDGE('',*,*,#8892,.F.);
#8892 = EDGE_CURVE('',#5205,#1689,#8893,.T.);
#8893 = SURFACE_CURVE('',#8894,(#8898,#8905),.PCURVE_S1.);
#8894 = LINE('',#8895,#8896);
#8895 = CARTESIAN_POINT('',(-7.655377707533,8.24364556219,-4.));
#8896 = VECTOR('',#8897,1.);
#8897 = DIRECTION('',(0.,0.,1.));
#8898 = PCURVE('',#1724,#8899);
#8899 = DEFINITIONAL_REPRESENTATION('',(#8900),#8904);
#8900 = LINE('',#8901,#8902);
#8901 = CARTESIAN_POINT('',(2.035369644546,0.));
#8902 = VECTOR('',#8903,1.);
#8903 = DIRECTION('',(0.,-1.));
#8904 = ( GEOMETRIC_REPRESENTATION_CONTEXT(2) 
PARAMETRIC_REPRESENTATION_CONTEXT() REPRESENTATION_CONTEXT('2D SPACE',''
  ) );
#8905 = PCURVE('',#1769,#8906);
#8906 = DEFINITIONAL_REPRESENTATION('',(#8907),#8910);
#8907 = B_SPLINE_CURVE_WITH_KNOTS('',1,(#8908,#8909),.UNSPECIFIED.,.F.,
  .F.,(2,2),(0.,8.),.PIECEWISE_BEZIER_KNOTS.);
#8908 = CARTESIAN_POINT('',(-6.28318530718,0.));
#8909 = CARTESIAN_POINT('',(-6.28318530718,-8.));
#8910 = ( GEOMETRIC_REPRESENTATION_CONTEXT(2) 
PARAMETRIC_REPRESENTATION_CONTEXT() REPRESENTATION_CONTEXT('2D SPACE',''
  ) );
#8911 = ORIENTED_EDGE('',*,*,#5204,.F.);
#8912 = ADVANCED_FACE('',(#8913),#2543,.T.);
#8913 = FACE_BOUND('',#8914,.T.);
#8914 = EDGE_LOOP('',(#8915,#8916,#8917,#8937));
#8915 = ORIENTED_EDGE('',*,*,#8863,.T.);
#8916 = ORIENTED_EDGE('',*,*,#2507,.T.);
#8917 = ORIENTED_EDGE('',*,*,#8918,.F.);
#8918 = EDGE_CURVE('',#5788,#2475,#8919,.T.);
#8919 = SURFACE_CURVE('',#8920,(#8924,#8931),.PCURVE_S1.);
#8920 = LINE('',#8921,#8922);
#8921 = CARTESIAN_POINT('',(-10.22735335657,-4.686549191015,-4.));
#8922 = VECTOR('',#8923,1.);
#8923 = DIRECTION('',(0.,0.,1.));
#8924 = PCURVE('',#2543,#8925);
#8925 = DEFINITIONAL_REPRESENTATION('',(#8926),#8930);
#8926 = LINE('',#8927,#8928);
#8927 = CARTESIAN_POINT('',(2.035369644546,0.));
#8928 = VECTOR('',#8929,1.);
#8929 = DIRECTION('',(0.,-1.));
#8930 = ( GEOMETRIC_REPRESENTATION_CONTEXT(2) 
PARAMETRIC_REPRESENTATION_CONTEXT() REPRESENTATION_CONTEXT('2D SPACE',''
  ) );
#8931 = PCURVE('',#2495,#8932);
#8932 = DEFINITIONAL_REPRESENTATION('',(#8933),#8936);
#8933 = B_SPLINE_CURVE_WITH_KNOTS('',1,(#8934,#8935),.UNSPECIFIED.,.F.,
  .F.,(2,2),(0.,8.),.PIECEWISE_BEZIER_KNOTS.);
#8934 = CARTESIAN_POINT('',(-6.357152067917,0.));
#8935 = CARTESIAN_POINT('',(-6.357152067917,-8.));
#8936 = ( GEOMETRIC_REPRESENTATION_CONTEXT(2) 
PARAMETRIC_REPRESENTATION_CONTEXT() REPRESENTATION_CONTEXT('2D SPACE',''
  ) );
#8937 = ORIENTED_EDGE('',*,*,#5811,.F.);
#8938 = ADVANCED_FACE('',(#8939),#1769,.T.);
#8939 = FACE_BOUND('',#8940,.F.);
#8940 = EDGE_LOOP('',(#8941,#8942,#8943,#8963));
#8941 = ORIENTED_EDGE('',*,*,#8892,.T.);
#8942 = ORIENTED_EDGE('',*,*,#1748,.F.);
#8943 = ORIENTED_EDGE('',*,*,#8944,.F.);
#8944 = EDGE_CURVE('',#5248,#1749,#8945,.T.);
#8945 = SURFACE_CURVE('',#8946,(#8950,#8956),.PCURVE_S1.);
#8946 = LINE('',#8947,#8948);
#8947 = CARTESIAN_POINT('',(-8.24364556219,7.655377707533,-4.));
#8948 = VECTOR('',#8949,1.);
#8949 = DIRECTION('',(0.,0.,1.));
#8950 = PCURVE('',#1769,#8951);
#8951 = DEFINITIONAL_REPRESENTATION('',(#8952),#8955);
#8952 = B_SPLINE_CURVE_WITH_KNOTS('',1,(#8953,#8954),.UNSPECIFIED.,.F.,
  .F.,(2,2),(0.,8.),.PIECEWISE_BEZIER_KNOTS.);
#8953 = CARTESIAN_POINT('',(-6.357152067917,0.));
#8954 = CARTESIAN_POINT('',(-6.357152067917,-8.));
#8955 = ( GEOMETRIC_REPRESENTATION_CONTEXT(2) 
PARAMETRIC_REPRESENTATION_CONTEXT() REPRESENTATION_CONTEXT('2D SPACE',''
  ) );
#8956 = PCURVE('',#1817,#8957);
#8957 = DEFINITIONAL_REPRESENTATION('',(#8958),#8962);
#8958 = LINE('',#8959,#8960);
#8959 = CARTESIAN_POINT('',(2.035369644546,0.));
#8960 = VECTOR('',#8961,1.);
#8961 = DIRECTION('',(0.,-1.));
#8962 = ( GEOMETRIC_REPRESENTATION_CONTEXT(2) 
PARAMETRIC_REPRESENTATION_CONTEXT() REPRESENTATION_CONTEXT('2D SPACE',''
  ) );
#8963 = ORIENTED_EDGE('',*,*,#5247,.F.);
#8964 = ADVANCED_FACE('',(#8965),#2495,.T.);
#8965 = FACE_BOUND('',#8966,.F.);
#8966 = EDGE_LOOP('',(#8967,#8987,#8988,#8989));
#8967 = ORIENTED_EDGE('',*,*,#8968,.T.);
#8968 = EDGE_CURVE('',#5745,#2415,#8969,.T.);
#8969 = SURFACE_CURVE('',#8970,(#8974,#8980),.PCURVE_S1.);
#8970 = LINE('',#8971,#8972);
#8971 = CARTESIAN_POINT('',(-10.54572162535,-3.917940198693,-4.));
#8972 = VECTOR('',#8973,1.);
#8973 = DIRECTION('',(0.,0.,1.));
#8974 = PCURVE('',#2495,#8975);
#8975 = DEFINITIONAL_REPRESENTATION('',(#8976),#8979);
#8976 = B_SPLINE_CURVE_WITH_KNOTS('',1,(#8977,#8978),.UNSPECIFIED.,.F.,
  .F.,(2,2),(0.,8.),.PIECEWISE_BEZIER_KNOTS.);
#8977 = CARTESIAN_POINT('',(-6.28318530718,0.));
#8978 = CARTESIAN_POINT('',(-6.28318530718,-8.));
#8979 = ( GEOMETRIC_REPRESENTATION_CONTEXT(2) 
PARAMETRIC_REPRESENTATION_CONTEXT() REPRESENTATION_CONTEXT('2D SPACE',''
  ) );
#8980 = PCURVE('',#2450,#8981);
#8981 = DEFINITIONAL_REPRESENTATION('',(#8982),#8986);
#8982 = LINE('',#8983,#8984);
#8983 = CARTESIAN_POINT('',(2.035369644546,0.));
#8984 = VECTOR('',#8985,1.);
#8985 = DIRECTION('',(0.,-1.));
#8986 = ( GEOMETRIC_REPRESENTATION_CONTEXT(2) 
PARAMETRIC_REPRESENTATION_CONTEXT() REPRESENTATION_CONTEXT('2D SPACE',''
  ) );
#8987 = ORIENTED_EDGE('',*,*,#2474,.F.);
#8988 = ORIENTED_EDGE('',*,*,#8918,.F.);
#8989 = ORIENTED_EDGE('',*,*,#5787,.F.);
#8990 = ADVANCED_FACE('',(#8991),#1817,.T.);
#8991 = FACE_BOUND('',#8992,.T.);
#8992 = EDGE_LOOP('',(#8993,#9014,#9015,#9016));
#8993 = ORIENTED_EDGE('',*,*,#8994,.T.);
#8994 = EDGE_CURVE('',#5272,#1782,#8995,.T.);
#8995 = SURFACE_CURVE('',#8996,(#9000,#9007),.PCURVE_S1.);
#8996 = LINE('',#8997,#8998);
#8997 = CARTESIAN_POINT('',(-7.351962309593,5.852424485141,-4.));
#8998 = VECTOR('',#8999,1.);
#8999 = DIRECTION('',(0.,0.,1.));
#9000 = PCURVE('',#1817,#9001);
#9001 = DEFINITIONAL_REPRESENTATION('',(#9002),#9006);
#9002 = LINE('',#9003,#9004);
#9003 = CARTESIAN_POINT('',(0.,0.));
#9004 = VECTOR('',#9005,1.);
#9005 = DIRECTION('',(0.,-1.));
#9006 = ( GEOMETRIC_REPRESENTATION_CONTEXT(2) 
PARAMETRIC_REPRESENTATION_CONTEXT() REPRESENTATION_CONTEXT('2D SPACE',''
  ) );
#9007 = PCURVE('',#1857,#9008);
#9008 = DEFINITIONAL_REPRESENTATION('',(#9009),#9013);
#9009 = LINE('',#9010,#9011);
#9010 = CARTESIAN_POINT('',(0.,0.));
#9011 = VECTOR('',#9012,1.);
#9012 = DIRECTION('',(0.,-1.));
#9013 = ( GEOMETRIC_REPRESENTATION_CONTEXT(2) 
PARAMETRIC_REPRESENTATION_CONTEXT() REPRESENTATION_CONTEXT('2D SPACE',''
  ) );
#9014 = ORIENTED_EDGE('',*,*,#1781,.T.);
#9015 = ORIENTED_EDGE('',*,*,#8944,.F.);
#9016 = ORIENTED_EDGE('',*,*,#5271,.F.);
#9017 = ADVANCED_FACE('',(#9018),#2450,.F.);
#9018 = FACE_BOUND('',#9019,.F.);
#9019 = EDGE_LOOP('',(#9020,#9041,#9042,#9043));
#9020 = ORIENTED_EDGE('',*,*,#9021,.T.);
#9021 = EDGE_CURVE('',#5722,#2387,#9022,.T.);
#9022 = SURFACE_CURVE('',#9023,(#9027,#9034),.PCURVE_S1.);
#9023 = LINE('',#9024,#9025);
#9024 = CARTESIAN_POINT('',(-9.031953391258,-2.593461026136,-4.));
#9025 = VECTOR('',#9026,1.);
#9026 = DIRECTION('',(0.,0.,1.));
#9027 = PCURVE('',#2450,#9028);
#9028 = DEFINITIONAL_REPRESENTATION('',(#9029),#9033);
#9029 = LINE('',#9030,#9031);
#9030 = CARTESIAN_POINT('',(0.,0.));
#9031 = VECTOR('',#9032,1.);
#9032 = DIRECTION('',(0.,-1.));
#9033 = ( GEOMETRIC_REPRESENTATION_CONTEXT(2) 
PARAMETRIC_REPRESENTATION_CONTEXT() REPRESENTATION_CONTEXT('2D SPACE',''
  ) );
#9034 = PCURVE('',#2402,#9035);
#9035 = DEFINITIONAL_REPRESENTATION('',(#9036),#9040);
#9036 = LINE('',#9037,#9038);
#9037 = CARTESIAN_POINT('',(0.,0.));
#9038 = VECTOR('',#9039,1.);
#9039 = DIRECTION('',(0.,-1.));
#9040 = ( GEOMETRIC_REPRESENTATION_CONTEXT(2) 
PARAMETRIC_REPRESENTATION_CONTEXT() REPRESENTATION_CONTEXT('2D SPACE',''
  ) );
#9041 = ORIENTED_EDGE('',*,*,#2414,.T.);
#9042 = ORIENTED_EDGE('',*,*,#8968,.F.);
#9043 = ORIENTED_EDGE('',*,*,#5744,.F.);
#9044 = ADVANCED_FACE('',(#9045),#1857,.F.);
#9045 = FACE_BOUND('',#9046,.F.);
#9046 = EDGE_LOOP('',(#9047,#9048,#9049,#9069));
#9047 = ORIENTED_EDGE('',*,*,#8994,.T.);
#9048 = ORIENTED_EDGE('',*,*,#1841,.T.);
#9049 = ORIENTED_EDGE('',*,*,#9050,.F.);
#9050 = EDGE_CURVE('',#5315,#1842,#9051,.T.);
#9051 = SURFACE_CURVE('',#9052,(#9056,#9063),.PCURVE_S1.);
#9052 = LINE('',#9053,#9054);
#9053 = CARTESIAN_POINT('',(-6.601326924895,5.254891919028,-4.));
#9054 = VECTOR('',#9055,1.);
#9055 = DIRECTION('',(0.,0.,1.));
#9056 = PCURVE('',#1857,#9057);
#9057 = DEFINITIONAL_REPRESENTATION('',(#9058),#9062);
#9058 = LINE('',#9059,#9060);
#9059 = CARTESIAN_POINT('',(0.959426207859,0.));
#9060 = VECTOR('',#9061,1.);
#9061 = DIRECTION('',(0.,-1.));
#9062 = ( GEOMETRIC_REPRESENTATION_CONTEXT(2) 
PARAMETRIC_REPRESENTATION_CONTEXT() REPRESENTATION_CONTEXT('2D SPACE',''
  ) );
#9063 = PCURVE('',#1890,#9064);
#9064 = DEFINITIONAL_REPRESENTATION('',(#9065),#9068);
#9065 = B_SPLINE_CURVE_WITH_KNOTS('',1,(#9066,#9067),.UNSPECIFIED.,.F.,
  .F.,(2,2),(0.,8.),.PIECEWISE_BEZIER_KNOTS.);
#9066 = CARTESIAN_POINT('',(-6.28318530718,0.));
#9067 = CARTESIAN_POINT('',(-6.28318530718,-8.));
#9068 = ( GEOMETRIC_REPRESENTATION_CONTEXT(2) 
PARAMETRIC_REPRESENTATION_CONTEXT() REPRESENTATION_CONTEXT('2D SPACE',''
  ) );
#9069 = ORIENTED_EDGE('',*,*,#5314,.F.);
#9070 = ADVANCED_FACE('',(#9071),#2402,.T.);
#9071 = FACE_BOUND('',#9072,.T.);
#9072 = EDGE_LOOP('',(#9073,#9074,#9075,#9095));
#9073 = ORIENTED_EDGE('',*,*,#9021,.T.);
#9074 = ORIENTED_EDGE('',*,*,#2386,.T.);
#9075 = ORIENTED_EDGE('',*,*,#9076,.F.);
#9076 = EDGE_CURVE('',#5698,#2354,#9077,.T.);
#9077 = SURFACE_CURVE('',#9078,(#9082,#9089),.PCURVE_S1.);
#9078 = LINE('',#9079,#9080);
#9079 = CARTESIAN_POINT('',(-8.109790909607,-2.328668643766,-4.));
#9080 = VECTOR('',#9081,1.);
#9081 = DIRECTION('',(0.,0.,1.));
#9082 = PCURVE('',#2402,#9083);
#9083 = DEFINITIONAL_REPRESENTATION('',(#9084),#9088);
#9084 = LINE('',#9085,#9086);
#9085 = CARTESIAN_POINT('',(0.959426207859,0.));
#9086 = VECTOR('',#9087,1.);
#9087 = DIRECTION('',(0.,-1.));
#9088 = ( GEOMETRIC_REPRESENTATION_CONTEXT(2) 
PARAMETRIC_REPRESENTATION_CONTEXT() REPRESENTATION_CONTEXT('2D SPACE',''
  ) );
#9089 = PCURVE('',#2374,#9090);
#9090 = DEFINITIONAL_REPRESENTATION('',(#9091),#9094);
#9091 = B_SPLINE_CURVE_WITH_KNOTS('',1,(#9092,#9093),.UNSPECIFIED.,.F.,
  .F.,(2,2),(0.,8.),.PIECEWISE_BEZIER_KNOTS.);
#9092 = CARTESIAN_POINT('',(-6.449726080294,0.));
#9093 = CARTESIAN_POINT('',(-6.449726080294,-8.));
#9094 = ( GEOMETRIC_REPRESENTATION_CONTEXT(2) 
PARAMETRIC_REPRESENTATION_CONTEXT() REPRESENTATION_CONTEXT('2D SPACE',''
  ) );
#9095 = ORIENTED_EDGE('',*,*,#5721,.F.);
#9096 = ADVANCED_FACE('',(#9097),#1890,.T.);
#9097 = FACE_BOUND('',#9098,.F.);
#9098 = EDGE_LOOP('',(#9099,#9100,#9101,#9121));
#9099 = ORIENTED_EDGE('',*,*,#9050,.T.);
#9100 = ORIENTED_EDGE('',*,*,#1869,.F.);
#9101 = ORIENTED_EDGE('',*,*,#9102,.F.);
#9102 = EDGE_CURVE('',#5338,#1870,#9103,.T.);
#9103 = SURFACE_CURVE('',#9104,(#9108,#9114),.PCURVE_S1.);
#9104 = LINE('',#9105,#9106);
#9105 = CARTESIAN_POINT('',(-7.381105535331,4.087870757045,-4.));
#9106 = VECTOR('',#9107,1.);
#9107 = DIRECTION('',(0.,0.,1.));
#9108 = PCURVE('',#1890,#9109);
#9109 = DEFINITIONAL_REPRESENTATION('',(#9110),#9113);
#9110 = B_SPLINE_CURVE_WITH_KNOTS('',1,(#9111,#9112),.UNSPECIFIED.,.F.,
  .F.,(2,2),(0.,8.),.PIECEWISE_BEZIER_KNOTS.);
#9111 = CARTESIAN_POINT('',(-6.449726080294,0.));
#9112 = CARTESIAN_POINT('',(-6.449726080294,-8.));
#9113 = ( GEOMETRIC_REPRESENTATION_CONTEXT(2) 
PARAMETRIC_REPRESENTATION_CONTEXT() REPRESENTATION_CONTEXT('2D SPACE',''
  ) );
#9114 = PCURVE('',#1918,#9115);
#9115 = DEFINITIONAL_REPRESENTATION('',(#9116),#9120);
#9116 = LINE('',#9117,#9118);
#9117 = CARTESIAN_POINT('',(0.959426207859,0.));
#9118 = VECTOR('',#9119,1.);
#9119 = DIRECTION('',(0.,-1.));
#9120 = ( GEOMETRIC_REPRESENTATION_CONTEXT(2) 
PARAMETRIC_REPRESENTATION_CONTEXT() REPRESENTATION_CONTEXT('2D SPACE',''
  ) );
#9121 = ORIENTED_EDGE('',*,*,#5337,.F.);
#9122 = ADVANCED_FACE('',(#9123),#2374,.T.);
#9123 = FACE_BOUND('',#9124,.F.);
#9124 = EDGE_LOOP('',(#9125,#9145,#9146,#9147));
#9125 = ORIENTED_EDGE('',*,*,#9126,.T.);
#9126 = EDGE_CURVE('',#5675,#2326,#9127,.T.);
#9127 = SURFACE_CURVE('',#9128,(#9132,#9138),.PCURVE_S1.);
#9128 = LINE('',#9129,#9130);
#9129 = CARTESIAN_POINT('',(-8.383612743769,-0.952073323075,-4.));
#9130 = VECTOR('',#9131,1.);
#9131 = DIRECTION('',(0.,0.,1.));
#9132 = PCURVE('',#2374,#9133);
#9133 = DEFINITIONAL_REPRESENTATION('',(#9134),#9137);
#9134 = B_SPLINE_CURVE_WITH_KNOTS('',1,(#9135,#9136),.UNSPECIFIED.,.F.,
  .F.,(2,2),(0.,8.),.PIECEWISE_BEZIER_KNOTS.);
#9135 = CARTESIAN_POINT('',(-6.28318530718,0.));
#9136 = CARTESIAN_POINT('',(-6.28318530718,-8.));
#9137 = ( GEOMETRIC_REPRESENTATION_CONTEXT(2) 
PARAMETRIC_REPRESENTATION_CONTEXT() REPRESENTATION_CONTEXT('2D SPACE',''
  ) );
#9138 = PCURVE('',#2341,#9139);
#9139 = DEFINITIONAL_REPRESENTATION('',(#9140),#9144);
#9140 = LINE('',#9141,#9142);
#9141 = CARTESIAN_POINT('',(0.959426207859,0.));
#9142 = VECTOR('',#9143,1.);
#9143 = DIRECTION('',(0.,-1.));
#9144 = ( GEOMETRIC_REPRESENTATION_CONTEXT(2) 
PARAMETRIC_REPRESENTATION_CONTEXT() REPRESENTATION_CONTEXT('2D SPACE',''
  ) );
#9145 = ORIENTED_EDGE('',*,*,#2353,.F.);
#9146 = ORIENTED_EDGE('',*,*,#9076,.F.);
#9147 = ORIENTED_EDGE('',*,*,#5697,.F.);
#9148 = ADVANCED_FACE('',(#9149),#1918,.T.);
#9149 = FACE_BOUND('',#9150,.T.);
#9150 = EDGE_LOOP('',(#9151,#9172,#9173,#9174));
#9151 = ORIENTED_EDGE('',*,*,#9152,.T.);
#9152 = EDGE_CURVE('',#5362,#1903,#9153,.T.);
#9153 = SURFACE_CURVE('',#9154,(#9158,#9165),.PCURVE_S1.);
#9154 = LINE('',#9155,#9156);
#9155 = CARTESIAN_POINT('',(-8.220409368643,4.552701611996,-4.));
#9156 = VECTOR('',#9157,1.);
#9157 = DIRECTION('',(0.,0.,1.));
#9158 = PCURVE('',#1918,#9159);
#9159 = DEFINITIONAL_REPRESENTATION('',(#9160),#9164);
#9160 = LINE('',#9161,#9162);
#9161 = CARTESIAN_POINT('',(0.,0.));
#9162 = VECTOR('',#9163,1.);
#9163 = DIRECTION('',(0.,-1.));
#9164 = ( GEOMETRIC_REPRESENTATION_CONTEXT(2) 
PARAMETRIC_REPRESENTATION_CONTEXT() REPRESENTATION_CONTEXT('2D SPACE',''
  ) );
#9165 = PCURVE('',#1966,#9166);
#9166 = DEFINITIONAL_REPRESENTATION('',(#9167),#9171);
#9167 = LINE('',#9168,#9169);
#9168 = CARTESIAN_POINT('',(0.,0.));
#9169 = VECTOR('',#9170,1.);
#9170 = DIRECTION('',(0.,-1.));
#9171 = ( GEOMETRIC_REPRESENTATION_CONTEXT(2) 
PARAMETRIC_REPRESENTATION_CONTEXT() REPRESENTATION_CONTEXT('2D SPACE',''
  ) );
#9172 = ORIENTED_EDGE('',*,*,#1902,.T.);
#9173 = ORIENTED_EDGE('',*,*,#9102,.F.);
#9174 = ORIENTED_EDGE('',*,*,#5361,.F.);
#9175 = ADVANCED_FACE('',(#9176),#2341,.F.);
#9176 = FACE_BOUND('',#9177,.F.);
#9177 = EDGE_LOOP('',(#9178,#9199,#9200,#9201));
#9178 = ORIENTED_EDGE('',*,*,#9179,.T.);
#9179 = EDGE_CURVE('',#5632,#2266,#9180,.T.);
#9180 = SURFACE_CURVE('',#9181,(#9185,#9192),.PCURVE_S1.);
#9181 = LINE('',#9182,#9183);
#9182 = CARTESIAN_POINT('',(-9.336911443966,-1.060333364315,-4.));
#9183 = VECTOR('',#9184,1.);
#9184 = DIRECTION('',(0.,0.,1.));
#9185 = PCURVE('',#2341,#9186);
#9186 = DEFINITIONAL_REPRESENTATION('',(#9187),#9191);
#9187 = LINE('',#9188,#9189);
#9188 = CARTESIAN_POINT('',(0.,0.));
#9189 = VECTOR('',#9190,1.);
#9190 = DIRECTION('',(0.,-1.));
#9191 = ( GEOMETRIC_REPRESENTATION_CONTEXT(2) 
PARAMETRIC_REPRESENTATION_CONTEXT() REPRESENTATION_CONTEXT('2D SPACE',''
  ) );
#9192 = PCURVE('',#2301,#9193);
#9193 = DEFINITIONAL_REPRESENTATION('',(#9194),#9198);
#9194 = LINE('',#9195,#9196);
#9195 = CARTESIAN_POINT('',(0.,0.));
#9196 = VECTOR('',#9197,1.);
#9197 = DIRECTION('',(0.,-1.));
#9198 = ( GEOMETRIC_REPRESENTATION_CONTEXT(2) 
PARAMETRIC_REPRESENTATION_CONTEXT() REPRESENTATION_CONTEXT('2D SPACE',''
  ) );
#9199 = ORIENTED_EDGE('',*,*,#2325,.T.);
#9200 = ORIENTED_EDGE('',*,*,#9126,.F.);
#9201 = ORIENTED_EDGE('',*,*,#5674,.F.);
#9202 = ADVANCED_FACE('',(#9203),#1966,.F.);
#9203 = FACE_BOUND('',#9204,.F.);
#9204 = EDGE_LOOP('',(#9205,#9206,#9207,#9227));
#9205 = ORIENTED_EDGE('',*,*,#9152,.T.);
#9206 = ORIENTED_EDGE('',*,*,#1930,.T.);
#9207 = ORIENTED_EDGE('',*,*,#9208,.F.);
#9208 = EDGE_CURVE('',#5385,#1931,#9209,.T.);
#9209 = SURFACE_CURVE('',#9210,(#9214,#9221),.PCURVE_S1.);
#9210 = LINE('',#9211,#9212);
#9211 = CARTESIAN_POINT('',(-10.22735335657,4.686549191015,-4.));
#9212 = VECTOR('',#9213,1.);
#9213 = DIRECTION('',(0.,0.,1.));
#9214 = PCURVE('',#1966,#9215);
#9215 = DEFINITIONAL_REPRESENTATION('',(#9216),#9220);
#9216 = LINE('',#9217,#9218);
#9217 = CARTESIAN_POINT('',(2.035369644546,0.));
#9218 = VECTOR('',#9219,1.);
#9219 = DIRECTION('',(0.,-1.));
#9220 = ( GEOMETRIC_REPRESENTATION_CONTEXT(2) 
PARAMETRIC_REPRESENTATION_CONTEXT() REPRESENTATION_CONTEXT('2D SPACE',''
  ) );
#9221 = PCURVE('',#2011,#9222);
#9222 = DEFINITIONAL_REPRESENTATION('',(#9223),#9226);
#9223 = B_SPLINE_CURVE_WITH_KNOTS('',1,(#9224,#9225),.UNSPECIFIED.,.F.,
  .F.,(2,2),(0.,8.),.PIECEWISE_BEZIER_KNOTS.);
#9224 = CARTESIAN_POINT('',(-6.28318530718,0.));
#9225 = CARTESIAN_POINT('',(-6.28318530718,-8.));
#9226 = ( GEOMETRIC_REPRESENTATION_CONTEXT(2) 
PARAMETRIC_REPRESENTATION_CONTEXT() REPRESENTATION_CONTEXT('2D SPACE',''
  ) );
#9227 = ORIENTED_EDGE('',*,*,#5384,.F.);
#9228 = ADVANCED_FACE('',(#9229),#2301,.T.);
#9229 = FACE_BOUND('',#9230,.T.);
#9230 = EDGE_LOOP('',(#9231,#9232,#9233,#9253));
#9231 = ORIENTED_EDGE('',*,*,#9179,.T.);
#9232 = ORIENTED_EDGE('',*,*,#2265,.T.);
#9233 = ORIENTED_EDGE('',*,*,#9234,.F.);
#9234 = EDGE_CURVE('',#5608,#2233,#9235,.T.);
#9235 = SURFACE_CURVE('',#9236,(#9240,#9247),.PCURVE_S1.);
#9236 = LINE('',#9237,#9238);
#9237 = CARTESIAN_POINT('',(-11.24230716826,-0.415968189182,-4.));
#9238 = VECTOR('',#9239,1.);
#9239 = DIRECTION('',(0.,0.,1.));
#9240 = PCURVE('',#2301,#9241);
#9241 = DEFINITIONAL_REPRESENTATION('',(#9242),#9246);
#9242 = LINE('',#9243,#9244);
#9243 = CARTESIAN_POINT('',(2.035369644546,0.));
#9244 = VECTOR('',#9245,1.);
#9245 = DIRECTION('',(0.,-1.));
#9246 = ( GEOMETRIC_REPRESENTATION_CONTEXT(2) 
PARAMETRIC_REPRESENTATION_CONTEXT() REPRESENTATION_CONTEXT('2D SPACE',''
  ) );
#9247 = PCURVE('',#2253,#9248);
#9248 = DEFINITIONAL_REPRESENTATION('',(#9249),#9252);
#9249 = B_SPLINE_CURVE_WITH_KNOTS('',1,(#9250,#9251),.UNSPECIFIED.,.F.,
  .F.,(2,2),(0.,8.),.PIECEWISE_BEZIER_KNOTS.);
#9250 = CARTESIAN_POINT('',(-6.357152067917,0.));
#9251 = CARTESIAN_POINT('',(-6.357152067917,-8.));
#9252 = ( GEOMETRIC_REPRESENTATION_CONTEXT(2) 
PARAMETRIC_REPRESENTATION_CONTEXT() REPRESENTATION_CONTEXT('2D SPACE',''
  ) );
#9253 = ORIENTED_EDGE('',*,*,#5631,.F.);
#9254 = ADVANCED_FACE('',(#9255),#2011,.T.);
#9255 = FACE_BOUND('',#9256,.F.);
#9256 = EDGE_LOOP('',(#9257,#9258,#9259,#9279));
#9257 = ORIENTED_EDGE('',*,*,#9208,.T.);
#9258 = ORIENTED_EDGE('',*,*,#1990,.F.);
#9259 = ORIENTED_EDGE('',*,*,#9260,.F.);
#9260 = EDGE_CURVE('',#5428,#1991,#9261,.T.);
#9261 = SURFACE_CURVE('',#9262,(#9266,#9272),.PCURVE_S1.);
#9262 = LINE('',#9263,#9264);
#9263 = CARTESIAN_POINT('',(-10.54572162535,3.917940198693,-4.));
#9264 = VECTOR('',#9265,1.);
#9265 = DIRECTION('',(0.,0.,1.));
#9266 = PCURVE('',#2011,#9267);
#9267 = DEFINITIONAL_REPRESENTATION('',(#9268),#9271);
#9268 = B_SPLINE_CURVE_WITH_KNOTS('',1,(#9269,#9270),.UNSPECIFIED.,.F.,
  .F.,(2,2),(0.,8.),.PIECEWISE_BEZIER_KNOTS.);
#9269 = CARTESIAN_POINT('',(-6.357152067917,0.));
#9270 = CARTESIAN_POINT('',(-6.357152067917,-8.));
#9271 = ( GEOMETRIC_REPRESENTATION_CONTEXT(2) 
PARAMETRIC_REPRESENTATION_CONTEXT() REPRESENTATION_CONTEXT('2D SPACE',''
  ) );
#9272 = PCURVE('',#2059,#9273);
#9273 = DEFINITIONAL_REPRESENTATION('',(#9274),#9278);
#9274 = LINE('',#9275,#9276);
#9275 = CARTESIAN_POINT('',(2.035369644546,0.));
#9276 = VECTOR('',#9277,1.);
#9277 = DIRECTION('',(0.,-1.));
#9278 = ( GEOMETRIC_REPRESENTATION_CONTEXT(2) 
PARAMETRIC_REPRESENTATION_CONTEXT() REPRESENTATION_CONTEXT('2D SPACE',''
  ) );
#9279 = ORIENTED_EDGE('',*,*,#5427,.F.);
#9280 = ADVANCED_FACE('',(#9281),#2253,.T.);
#9281 = FACE_BOUND('',#9282,.F.);
#9282 = EDGE_LOOP('',(#9283,#9303,#9304,#9305));
#9283 = ORIENTED_EDGE('',*,*,#9284,.T.);
#9284 = EDGE_CURVE('',#5565,#2173,#9285,.T.);
#9285 = SURFACE_CURVE('',#9286,(#9290,#9296),.PCURVE_S1.);
#9286 = LINE('',#9287,#9288);
#9287 = CARTESIAN_POINT('',(-11.24230716826,0.415968189182,-4.));
#9288 = VECTOR('',#9289,1.);
#9289 = DIRECTION('',(0.,0.,1.));
#9290 = PCURVE('',#2253,#9291);
#9291 = DEFINITIONAL_REPRESENTATION('',(#9292),#9295);
#9292 = B_SPLINE_CURVE_WITH_KNOTS('',1,(#9293,#9294),.UNSPECIFIED.,.F.,
  .F.,(2,2),(0.,8.),.PIECEWISE_BEZIER_KNOTS.);
#9293 = CARTESIAN_POINT('',(-6.28318530718,0.));
#9294 = CARTESIAN_POINT('',(-6.28318530718,-8.));
#9295 = ( GEOMETRIC_REPRESENTATION_CONTEXT(2) 
PARAMETRIC_REPRESENTATION_CONTEXT() REPRESENTATION_CONTEXT('2D SPACE',''
  ) );
#9296 = PCURVE('',#2208,#9297);
#9297 = DEFINITIONAL_REPRESENTATION('',(#9298),#9302);
#9298 = LINE('',#9299,#9300);
#9299 = CARTESIAN_POINT('',(2.035369644546,0.));
#9300 = VECTOR('',#9301,1.);
#9301 = DIRECTION('',(0.,-1.));
#9302 = ( GEOMETRIC_REPRESENTATION_CONTEXT(2) 
PARAMETRIC_REPRESENTATION_CONTEXT() REPRESENTATION_CONTEXT('2D SPACE',''
  ) );
#9303 = ORIENTED_EDGE('',*,*,#2232,.F.);
#9304 = ORIENTED_EDGE('',*,*,#9234,.F.);
#9305 = ORIENTED_EDGE('',*,*,#5607,.F.);
#9306 = ADVANCED_FACE('',(#9307),#2059,.T.);
#9307 = FACE_BOUND('',#9308,.T.);
#9308 = EDGE_LOOP('',(#9309,#9330,#9331,#9332));
#9309 = ORIENTED_EDGE('',*,*,#9310,.T.);
#9310 = EDGE_CURVE('',#5452,#2024,#9311,.T.);
#9311 = SURFACE_CURVE('',#9312,(#9316,#9323),.PCURVE_S1.);
#9312 = LINE('',#9313,#9314);
#9313 = CARTESIAN_POINT('',(-9.031953391258,2.593461026136,-4.));
#9314 = VECTOR('',#9315,1.);
#9315 = DIRECTION('',(0.,0.,1.));
#9316 = PCURVE('',#2059,#9317);
#9317 = DEFINITIONAL_REPRESENTATION('',(#9318),#9322);
#9318 = LINE('',#9319,#9320);
#9319 = CARTESIAN_POINT('',(0.,0.));
#9320 = VECTOR('',#9321,1.);
#9321 = DIRECTION('',(0.,-1.));
#9322 = ( GEOMETRIC_REPRESENTATION_CONTEXT(2) 
PARAMETRIC_REPRESENTATION_CONTEXT() REPRESENTATION_CONTEXT('2D SPACE',''
  ) );
#9323 = PCURVE('',#2099,#9324);
#9324 = DEFINITIONAL_REPRESENTATION('',(#9325),#9329);
#9325 = LINE('',#9326,#9327);
#9326 = CARTESIAN_POINT('',(0.,0.));
#9327 = VECTOR('',#9328,1.);
#9328 = DIRECTION('',(0.,-1.));
#9329 = ( GEOMETRIC_REPRESENTATION_CONTEXT(2) 
PARAMETRIC_REPRESENTATION_CONTEXT() REPRESENTATION_CONTEXT('2D SPACE',''
  ) );
#9330 = ORIENTED_EDGE('',*,*,#2023,.T.);
#9331 = ORIENTED_EDGE('',*,*,#9260,.F.);
#9332 = ORIENTED_EDGE('',*,*,#5451,.F.);
#9333 = ADVANCED_FACE('',(#9334),#2208,.F.);
#9334 = FACE_BOUND('',#9335,.F.);
#9335 = EDGE_LOOP('',(#9336,#9357,#9358,#9359));
#9336 = ORIENTED_EDGE('',*,*,#9337,.T.);
#9337 = EDGE_CURVE('',#5542,#2145,#9338,.T.);
#9338 = SURFACE_CURVE('',#9339,(#9343,#9350),.PCURVE_S1.);
#9339 = LINE('',#9340,#9341);
#9340 = CARTESIAN_POINT('',(-9.336911443966,1.060333364315,-4.));
#9341 = VECTOR('',#9342,1.);
#9342 = DIRECTION('',(0.,0.,1.));
#9343 = PCURVE('',#2208,#9344);
#9344 = DEFINITIONAL_REPRESENTATION('',(#9345),#9349);
#9345 = LINE('',#9346,#9347);
#9346 = CARTESIAN_POINT('',(0.,0.));
#9347 = VECTOR('',#9348,1.);
#9348 = DIRECTION('',(0.,-1.));
#9349 = ( GEOMETRIC_REPRESENTATION_CONTEXT(2) 
PARAMETRIC_REPRESENTATION_CONTEXT() REPRESENTATION_CONTEXT('2D SPACE',''
  ) );
#9350 = PCURVE('',#2160,#9351);
#9351 = DEFINITIONAL_REPRESENTATION('',(#9352),#9356);
#9352 = LINE('',#9353,#9354);
#9353 = CARTESIAN_POINT('',(0.,0.));
#9354 = VECTOR('',#9355,1.);
#9355 = DIRECTION('',(0.,-1.));
#9356 = ( GEOMETRIC_REPRESENTATION_CONTEXT(2) 
PARAMETRIC_REPRESENTATION_CONTEXT() REPRESENTATION_CONTEXT('2D SPACE',''
  ) );
#9357 = ORIENTED_EDGE('',*,*,#2172,.T.);
#9358 = ORIENTED_EDGE('',*,*,#9284,.F.);
#9359 = ORIENTED_EDGE('',*,*,#5564,.F.);
#9360 = ADVANCED_FACE('',(#9361),#2099,.F.);
#9361 = FACE_BOUND('',#9362,.F.);
#9362 = EDGE_LOOP('',(#9363,#9364,#9365,#9385));
#9363 = ORIENTED_EDGE('',*,*,#9310,.T.);
#9364 = ORIENTED_EDGE('',*,*,#2083,.T.);
#9365 = ORIENTED_EDGE('',*,*,#9366,.F.);
#9366 = EDGE_CURVE('',#5495,#2084,#9367,.T.);
#9367 = SURFACE_CURVE('',#9368,(#9372,#9379),.PCURVE_S1.);
#9368 = LINE('',#9369,#9370);
#9369 = CARTESIAN_POINT('',(-8.109790909607,2.328668643766,-4.));
#9370 = VECTOR('',#9371,1.);
#9371 = DIRECTION('',(0.,0.,1.));
#9372 = PCURVE('',#2099,#9373);
#9373 = DEFINITIONAL_REPRESENTATION('',(#9374),#9378);
#9374 = LINE('',#9375,#9376);
#9375 = CARTESIAN_POINT('',(0.959426207859,0.));
#9376 = VECTOR('',#9377,1.);
#9377 = DIRECTION('',(0.,-1.));
#9378 = ( GEOMETRIC_REPRESENTATION_CONTEXT(2) 
PARAMETRIC_REPRESENTATION_CONTEXT() REPRESENTATION_CONTEXT('2D SPACE',''
  ) );
#9379 = PCURVE('',#2132,#9380);
#9380 = DEFINITIONAL_REPRESENTATION('',(#9381),#9384);
#9381 = B_SPLINE_CURVE_WITH_KNOTS('',1,(#9382,#9383),.UNSPECIFIED.,.F.,
  .F.,(2,2),(0.,8.),.PIECEWISE_BEZIER_KNOTS.);
#9382 = CARTESIAN_POINT('',(-6.28318530718,0.));
#9383 = CARTESIAN_POINT('',(-6.28318530718,-8.));
#9384 = ( GEOMETRIC_REPRESENTATION_CONTEXT(2) 
PARAMETRIC_REPRESENTATION_CONTEXT() REPRESENTATION_CONTEXT('2D SPACE',''
  ) );
#9385 = ORIENTED_EDGE('',*,*,#5494,.F.);
#9386 = ADVANCED_FACE('',(#9387),#2160,.T.);
#9387 = FACE_BOUND('',#9388,.T.);
#9388 = EDGE_LOOP('',(#9389,#9390,#9391,#9411));
#9389 = ORIENTED_EDGE('',*,*,#9337,.T.);
#9390 = ORIENTED_EDGE('',*,*,#2144,.T.);
#9391 = ORIENTED_EDGE('',*,*,#9392,.F.);
#9392 = EDGE_CURVE('',#5518,#2112,#9393,.T.);
#9393 = SURFACE_CURVE('',#9394,(#9398,#9405),.PCURVE_S1.);
#9394 = LINE('',#9395,#9396);
#9395 = CARTESIAN_POINT('',(-8.383612743769,0.952073323075,-4.));
#9396 = VECTOR('',#9397,1.);
#9397 = DIRECTION('',(0.,0.,1.));
#9398 = PCURVE('',#2160,#9399);
#9399 = DEFINITIONAL_REPRESENTATION('',(#9400),#9404);
#9400 = LINE('',#9401,#9402);
#9401 = CARTESIAN_POINT('',(0.959426207859,0.));
#9402 = VECTOR('',#9403,1.);
#9403 = DIRECTION('',(0.,-1.));
#9404 = ( GEOMETRIC_REPRESENTATION_CONTEXT(2) 
PARAMETRIC_REPRESENTATION_CONTEXT() REPRESENTATION_CONTEXT('2D SPACE',''
  ) );
#9405 = PCURVE('',#2132,#9406);
#9406 = DEFINITIONAL_REPRESENTATION('',(#9407),#9410);
#9407 = B_SPLINE_CURVE_WITH_KNOTS('',1,(#9408,#9409),.UNSPECIFIED.,.F.,
  .F.,(2,2),(0.,8.),.PIECEWISE_BEZIER_KNOTS.);
#9408 = CARTESIAN_POINT('',(-6.449726080294,0.));
#9409 = CARTESIAN_POINT('',(-6.449726080294,-8.));
#9410 = ( GEOMETRIC_REPRESENTATION_CONTEXT(2) 
PARAMETRIC_REPRESENTATION_CONTEXT() REPRESENTATION_CONTEXT('2D SPACE',''
  ) );
#9411 = ORIENTED_EDGE('',*,*,#5541,.F.);
#9412 = ADVANCED_FACE('',(#9413),#2132,.T.);
#9413 = FACE_BOUND('',#9414,.F.);
#9414 = EDGE_LOOP('',(#9415,#9416,#9417,#9418));
#9415 = ORIENTED_EDGE('',*,*,#9366,.T.);
#9416 = ORIENTED_EDGE('',*,*,#2111,.F.);
#9417 = ORIENTED_EDGE('',*,*,#9392,.F.);
#9418 = ORIENTED_EDGE('',*,*,#5517,.F.);
#9419 = ADVANCED_FACE('',(#9420),#4059,.T.);
#9420 = FACE_BOUND('',#9421,.T.);
#9421 = EDGE_LOOP('',(#9422,#9451,#9472,#9473));
#9422 = ORIENTED_EDGE('',*,*,#9423,.F.);
#9423 = EDGE_CURVE('',#9424,#9424,#9426,.T.);
#9424 = VERTEX_POINT('',#9425);
#9425 = CARTESIAN_POINT('',(4.,-9.797174393179E-16,6.));
#9426 = SURFACE_CURVE('',#9427,(#9432,#9439),.PCURVE_S1.);
#9427 = CIRCLE('',#9428,4.);
#9428 = AXIS2_PLACEMENT_3D('',#9429,#9430,#9431);
#9429 = CARTESIAN_POINT('',(0.,0.,6.));
#9430 = DIRECTION('',(0.,0.,1.));
#9431 = DIRECTION('',(1.,0.,-0.));
#9432 = PCURVE('',#4059,#9433);
#9433 = DEFINITIONAL_REPRESENTATION('',(#9434),#9438);
#9434 = LINE('',#9435,#9436);
#9435 = CARTESIAN_POINT('',(0.,2.));
#9436 = VECTOR('',#9437,1.);
#9437 = DIRECTION('',(1.,0.));
#9438 = ( GEOMETRIC_REPRESENTATION_CONTEXT(2) 
PARAMETRIC_REPRESENTATION_CONTEXT() REPRESENTATION_CONTEXT('2D SPACE',''
  ) );
#9439 = PCURVE('',#9440,#9445);
#9440 = PLANE('',#9441);
#9441 = AXIS2_PLACEMENT_3D('',#9442,#9443,#9444);
#9442 = CARTESIAN_POINT('',(0.,0.,6.));
#9443 = DIRECTION('',(0.,0.,1.));
#9444 = DIRECTION('',(1.,0.,-0.));
#9445 = DEFINITIONAL_REPRESENTATION('',(#9446),#9450);
#9446 = CIRCLE('',#9447,4.);
#9447 = AXIS2_PLACEMENT_2D('',#9448,#9449);
#9448 = CARTESIAN_POINT('',(0.,0.));
#9449 = DIRECTION('',(1.,0.));
#9450 = ( GEOMETRIC_REPRESENTATION_CONTEXT(2) 
PARAMETRIC_REPRESENTATION_CONTEXT() REPRESENTATION_CONTEXT('2D SPACE',''
  ) );
#9451 = ORIENTED_EDGE('',*,*,#9452,.F.);
#9452 = EDGE_CURVE('',#4043,#9424,#9453,.T.);
#9453 = SEAM_CURVE('',#9454,(#9458,#9465),.PCURVE_S1.);
#9454 = LINE('',#9455,#9456);
#9455 = CARTESIAN_POINT('',(4.,-9.797174393179E-16,4.));
#9456 = VECTOR('',#9457,1.);
#9457 = DIRECTION('',(0.,0.,1.));
#9458 = PCURVE('',#4059,#9459);
#9459 = DEFINITIONAL_REPRESENTATION('',(#9460),#9464);
#9460 = LINE('',#9461,#9462);
#9461 = CARTESIAN_POINT('',(6.28318530718,-0.));
#9462 = VECTOR('',#9463,1.);
#9463 = DIRECTION('',(0.,1.));
#9464 = ( GEOMETRIC_REPRESENTATION_CONTEXT(2) 
PARAMETRIC_REPRESENTATION_CONTEXT() REPRESENTATION_CONTEXT('2D SPACE',''
  ) );
#9465 = PCURVE('',#4059,#9466);
#9466 = DEFINITIONAL_REPRESENTATION('',(#9467),#9471);
#9467 = LINE('',#9468,#9469);
#9468 = CARTESIAN_POINT('',(0.,-0.));
#9469 = VECTOR('',#9470,1.);
#9470 = DIRECTION('',(0.,1.));
#9471 = ( GEOMETRIC_REPRESENTATION_CONTEXT(2) 
PARAMETRIC_REPRESENTATION_CONTEXT() REPRESENTATION_CONTEXT('2D SPACE',''
  ) );
#9472 = ORIENTED_EDGE('',*,*,#4042,.T.);
#9473 = ORIENTED_EDGE('',*,*,#9452,.T.);
#9474 = ADVANCED_FACE('',(#9475),#6955,.F.);
#9475 = FACE_BOUND('',#9476,.F.);
#9476 = EDGE_LOOP('',(#9477,#9503,#9522,#9523));
#9477 = ORIENTED_EDGE('',*,*,#9478,.F.);
#9478 = EDGE_CURVE('',#9479,#9481,#9483,.T.);
#9479 = VERTEX_POINT('',#9480);
#9480 = CARTESIAN_POINT('',(2.,1.581929201956,6.));
#9481 = VERTEX_POINT('',#9482);
#9482 = CARTESIAN_POINT('',(2.,-1.581929201956,6.));
#9483 = SURFACE_CURVE('',#9484,(#9489,#9496),.PCURVE_S1.);
#9484 = CIRCLE('',#9485,2.55);
#9485 = AXIS2_PLACEMENT_3D('',#9486,#9487,#9488);
#9486 = CARTESIAN_POINT('',(0.,0.,6.));
#9487 = DIRECTION('',(0.,0.,1.));
#9488 = DIRECTION('',(1.,0.,-0.));
#9489 = PCURVE('',#6955,#9490);
#9490 = DEFINITIONAL_REPRESENTATION('',(#9491),#9495);
#9491 = LINE('',#9492,#9493);
#9492 = CARTESIAN_POINT('',(0.,21.));
#9493 = VECTOR('',#9494,1.);
#9494 = DIRECTION('',(1.,0.));
#9495 = ( GEOMETRIC_REPRESENTATION_CONTEXT(2) 
PARAMETRIC_REPRESENTATION_CONTEXT() REPRESENTATION_CONTEXT('2D SPACE',''
  ) );
#9496 = PCURVE('',#9440,#9497);
#9497 = DEFINITIONAL_REPRESENTATION('',(#9498),#9502);
#9498 = CIRCLE('',#9499,2.55);
#9499 = AXIS2_PLACEMENT_2D('',#9500,#9501);
#9500 = CARTESIAN_POINT('',(0.,0.));
#9501 = DIRECTION('',(1.,0.));
#9502 = ( GEOMETRIC_REPRESENTATION_CONTEXT(2) 
PARAMETRIC_REPRESENTATION_CONTEXT() REPRESENTATION_CONTEXT('2D SPACE',''
  ) );
#9503 = ORIENTED_EDGE('',*,*,#9504,.F.);
#9504 = EDGE_CURVE('',#6937,#9479,#9505,.T.);
#9505 = SURFACE_CURVE('',#9506,(#9510,#9516),.PCURVE_S1.);
#9506 = LINE('',#9507,#9508);
#9507 = CARTESIAN_POINT('',(2.,1.581929201956,-15.));
#9508 = VECTOR('',#9509,1.);
#9509 = DIRECTION('',(0.,0.,1.));
#9510 = PCURVE('',#6955,#9511);
#9511 = DEFINITIONAL_REPRESENTATION('',(#9512),#9515);
#9512 = B_SPLINE_CURVE_WITH_KNOTS('',1,(#9513,#9514),.UNSPECIFIED.,.F.,
  .F.,(2,2),(-5.999999999062E-07,30.0000006),.PIECEWISE_BEZIER_KNOTS.);
#9513 = CARTESIAN_POINT('',(0.669207218862,-5.999999999062E-07));
#9514 = CARTESIAN_POINT('',(0.669207218862,30.0000006));
#9515 = ( GEOMETRIC_REPRESENTATION_CONTEXT(2) 
PARAMETRIC_REPRESENTATION_CONTEXT() REPRESENTATION_CONTEXT('2D SPACE',''
  ) );
#9516 = PCURVE('',#6980,#9517);
#9517 = DEFINITIONAL_REPRESENTATION('',(#9518),#9521);
#9518 = B_SPLINE_CURVE_WITH_KNOTS('',1,(#9519,#9520),.UNSPECIFIED.,.F.,
  .F.,(2,2),(-5.999999999062E-07,30.0000006),.PIECEWISE_BEZIER_KNOTS.);
#9519 = CARTESIAN_POINT('',(0.4999994,-6.581929201956));
#9520 = CARTESIAN_POINT('',(30.5000006,-6.581929201956));
#9521 = ( GEOMETRIC_REPRESENTATION_CONTEXT(2) 
PARAMETRIC_REPRESENTATION_CONTEXT() REPRESENTATION_CONTEXT('2D SPACE',''
  ) );
#9522 = ORIENTED_EDGE('',*,*,#6936,.T.);
#9523 = ORIENTED_EDGE('',*,*,#9524,.T.);
#9524 = EDGE_CURVE('',#6939,#9481,#9525,.T.);
#9525 = SURFACE_CURVE('',#9526,(#9530,#9536),.PCURVE_S1.);
#9526 = LINE('',#9527,#9528);
#9527 = CARTESIAN_POINT('',(2.,-1.581929201956,-15.));
#9528 = VECTOR('',#9529,1.);
#9529 = DIRECTION('',(0.,0.,1.));
#9530 = PCURVE('',#6955,#9531);
#9531 = DEFINITIONAL_REPRESENTATION('',(#9532),#9535);
#9532 = B_SPLINE_CURVE_WITH_KNOTS('',1,(#9533,#9534),.UNSPECIFIED.,.F.,
  .F.,(2,2),(-5.999999999062E-07,30.0000006),.PIECEWISE_BEZIER_KNOTS.);
#9533 = CARTESIAN_POINT('',(5.613978088318,-5.999999999062E-07));
#9534 = CARTESIAN_POINT('',(5.613978088318,30.0000006));
#9535 = ( GEOMETRIC_REPRESENTATION_CONTEXT(2) 
PARAMETRIC_REPRESENTATION_CONTEXT() REPRESENTATION_CONTEXT('2D SPACE',''
  ) );
#9536 = PCURVE('',#6980,#9537);
#9537 = DEFINITIONAL_REPRESENTATION('',(#9538),#9541);
#9538 = B_SPLINE_CURVE_WITH_KNOTS('',1,(#9539,#9540),.UNSPECIFIED.,.F.,
  .F.,(2,2),(-5.999999999062E-07,30.0000006),.PIECEWISE_BEZIER_KNOTS.);
#9539 = CARTESIAN_POINT('',(0.4999994,-3.418070798044));
#9540 = CARTESIAN_POINT('',(30.5000006,-3.418070798044));
#9541 = ( GEOMETRIC_REPRESENTATION_CONTEXT(2) 
PARAMETRIC_REPRESENTATION_CONTEXT() REPRESENTATION_CONTEXT('2D SPACE',''
  ) );
#9542 = ADVANCED_FACE('',(#9543),#6980,.F.);
#9543 = FACE_BOUND('',#9544,.F.);
#9544 = EDGE_LOOP('',(#9545,#9546,#9547,#9548));
#9545 = ORIENTED_EDGE('',*,*,#9524,.F.);
#9546 = ORIENTED_EDGE('',*,*,#6967,.T.);
#9547 = ORIENTED_EDGE('',*,*,#9504,.T.);
#9548 = ORIENTED_EDGE('',*,*,#9549,.F.);
#9549 = EDGE_CURVE('',#9481,#9479,#9550,.T.);
#9550 = SURFACE_CURVE('',#9551,(#9555,#9561),.PCURVE_S1.);
#9551 = LINE('',#9552,#9553);
#9552 = CARTESIAN_POINT('',(2.,-2.5,6.));
#9553 = VECTOR('',#9554,1.);
#9554 = DIRECTION('',(-0.,1.,0.));
#9555 = PCURVE('',#6980,#9556);
#9556 = DEFINITIONAL_REPRESENTATION('',(#9557),#9560);
#9557 = B_SPLINE_CURVE_WITH_KNOTS('',1,(#9558,#9559),.UNSPECIFIED.,.F.,
  .F.,(2,2),(0.918070798044,4.081929201956),.PIECEWISE_BEZIER_KNOTS.);
#9558 = CARTESIAN_POINT('',(21.5,-3.418070798044));
#9559 = CARTESIAN_POINT('',(21.5,-6.581929201956));
#9560 = ( GEOMETRIC_REPRESENTATION_CONTEXT(2) 
PARAMETRIC_REPRESENTATION_CONTEXT() REPRESENTATION_CONTEXT('2D SPACE',''
  ) );
#9561 = PCURVE('',#9440,#9562);
#9562 = DEFINITIONAL_REPRESENTATION('',(#9563),#9566);
#9563 = B_SPLINE_CURVE_WITH_KNOTS('',1,(#9564,#9565),.UNSPECIFIED.,.F.,
  .F.,(2,2),(0.918070798044,4.081929201956),.PIECEWISE_BEZIER_KNOTS.);
#9564 = CARTESIAN_POINT('',(2.,-1.581929201956));
#9565 = CARTESIAN_POINT('',(2.,1.581929201956));
#9566 = ( GEOMETRIC_REPRESENTATION_CONTEXT(2) 
PARAMETRIC_REPRESENTATION_CONTEXT() REPRESENTATION_CONTEXT('2D SPACE',''
  ) );
#9567 = ADVANCED_FACE('',(#9568,#9571),#9440,.T.);
#9568 = FACE_BOUND('',#9569,.T.);
#9569 = EDGE_LOOP('',(#9570));
#9570 = ORIENTED_EDGE('',*,*,#9423,.T.);
#9571 = FACE_BOUND('',#9572,.T.);
#9572 = EDGE_LOOP('',(#9573,#9574));
#9573 = ORIENTED_EDGE('',*,*,#9478,.F.);
#9574 = ORIENTED_EDGE('',*,*,#9549,.F.);
#9575 = ( GEOMETRIC_REPRESENTATION_CONTEXT(3) 
GLOBAL_UNCERTAINTY_ASSIGNED_CONTEXT((#9579)) 
GLOBAL_UNIT_ASSIGNED_CONTEXT((#9576,#9577,#9578)) REPRESENTATION_CONTEXT
('Context #1','3D Context with UNIT and UNCERTAINTY') );
#9576 = ( LENGTH_UNIT() NAMED_UNIT(*) SI_UNIT(.MILLI.,.METRE.) );
#9577 = ( NAMED_UNIT(*) PLANE_ANGLE_UNIT() SI_UNIT($,.RADIAN.) );
#9578 = ( NAMED_UNIT(*) SI_UNIT($,.STERADIAN.) SOLID_ANGLE_UNIT() );
#9579 = UNCERTAINTY_MEASURE_WITH_UNIT(LENGTH_MEASURE(1.E-07),#9576,
  'distance_accuracy_value','confusion accuracy');
#9580 = CONTEXT_DEPENDENT_SHAPE_REPRESENTATION(#9581,#9583);
#9581 = ( REPRESENTATION_RELATIONSHIP('','',#32,#10) 
REPRESENTATION_RELATIONSHIP_WITH_TRANSFORMATION(#9582) 
SHAPE_REPRESENTATION_RELATIONSHIP() );
#9582 = ITEM_DEFINED_TRANSFORMATION('','',#11,#15);
#9583 = PRODUCT_DEFINITION_SHAPE('Placement','Placement of an item',
  #9584);
#9584 = NEXT_ASSEMBLY_USAGE_OCCURRENCE('1','=>[0:1:1:2]','',#5,#27,$);
#9585 = PRODUCT_RELATED_PRODUCT_CATEGORY('part',$,(#29));
ENDSEC;
END-ISO-10303-21;
